[Licensing::Module] Trying to connect to existing licensing client channel...
Built from '6000.3/staging' branch; Version is '6000.3.8f1 (1c7db571dde0) revision 1867189'; Using compiler version '194234433'; Build Type 'Release'
[Licensing::IpcConnector] Successfully connected to: "LicenseClient-easyk" at "2026-04-13T23:37:14.9193177Z"
OS: 'Windows 11  (10.0.26200) CoreSingleLanguage' Language: 'pt' Physical Memory: 16107 MB
BatchMode: 1, IsHumanControllingUs: 0, StartBugReporterOnCrash: 0, Is64bit: 1
System  architecture: x64
Process architecture: x64
Date: 2026-04-13T23:37:14Z

COMMAND LINE ARGUMENTS:
C:\Program Files\Unity\Hub\Editor\6000.3.8f1\Editor\Unity.exe
-adb2
-batchMode
-noUpm
-name
AssetImportWorker1
-projectPath
C:/Projetos/Unity/RPG Turn FF
-logFile
Logs/AssetImportWorker1.log
-srvPort
53968
-licensingIpc
LicenseClient-easyk
-job-worker-count
5
-background-job-worker-count
8
-gc-helper-count
1
-name
AssetImport
Successfully changed project path to: C:/Projetos/Unity/RPG Turn FF
C:/Projetos/Unity/RPG Turn FF
[UnityMemory] Configuration Parameters - Can be set up in boot.config
    "memorysetup-temp-allocator-size-nav-mesh-worker=65536"
    "memorysetup-temp-allocator-size-audio-worker=65536"
    "memorysetup-temp-allocator-size-gfx=262144"
    "memorysetup-allocator-temp-initial-block-size-main=262144"
    "memorysetup-allocator-temp-initial-block-size-worker=262144"
    "memorysetup-temp-allocator-size-background-worker=32768"
    "memorysetup-temp-allocator-size-job-worker=262144"
    "memorysetup-temp-allocator-size-preload-manager=33554432"
    "memorysetup-temp-allocator-size-gi-baking-worker=262144"
    "memorysetup-temp-allocator-size-gi-baking-worker=262144"
    "memorysetup-temp-allocator-size-gi-baking-worker=262144"
    "memorysetup-temp-allocator-size-gi-baking-worker=262144"
    "memorysetup-temp-allocator-size-gi-baking-worker=262144"
    "memorysetup-bucket-allocator-granularity=16"
    "memorysetup-bucket-allocator-bucket-count=8"
    "memorysetup-bucket-allocator-block-size=33554432"
    "memorysetup-bucket-allocator-block-count=8"
    "memorysetup-main-allocator-block-size=16777216"
    "memorysetup-thread-allocator-block-size=16777216"
    "memorysetup-gfx-main-allocator-block-size=16777216"
    "memorysetup-gfx-thread-allocator-block-size=16777216"
    "memorysetup-cache-allocator-block-size=4194304"
    "memorysetup-typetree-allocator-block-size=2097152"
    "memorysetup-profiler-bucket-allocator-granularity=16"
    "memorysetup-profiler-bucket-allocator-bucket-count=8"
    "memorysetup-profiler-bucket-allocator-block-size=33554432"
    "memorysetup-profiler-bucket-allocator-block-count=8"
    "memorysetup-profiler-allocator-block-size=16777216"
    "memorysetup-profiler-editor-allocator-block-size=1048576"
    "memorysetup-temp-allocator-size-main=16777216"
    "memorysetup-job-temp-allocator-block-size=2097152"
    "memorysetup-job-temp-allocator-block-size-background=1048576"
    "memorysetup-job-temp-allocator-reduction-small-platforms=262144"
    "memorysetup-temp-allocator-size-cloud-worker=32768"
Player connection [67388]  Target information:

Player connection [67388]  * "[IP] 192.168.15.4 [Port] 0 [Flags] 2 [Guid] 820610184 [EditorId] 820610184 [Version] 1048832 [Id] WindowsEditor(7,Note-Gamer-02) [Debug] 1 [PackageName] WindowsEditor [ProjectName] Editor" 

Player connection [67388] Host joined multi-casting on [225.0.0.222:54997]...
Player connection [67388] Host joined alternative multi-casting on [225.0.0.222:34997]...
JobSystem: Creating JobQueue using job-worker-count value 5
Input System module state changed to: Initialized.
[Physics::Module] Initialized fallback backend.
[Physics::Module] Id: 0xdecafbad
Library Redirect Path: Library/
[Physics::Module] Selected backend.
[Physics::Module] Name: PhysX
[Physics::Module] Id: 0xf2b8ea05
[Physics::Module] SDK Version: 4.1.2
[Physics::Module] Integration Version: 1.0.0
[Physics::Module] Threading Mode: Multi-Threaded
Refreshing native plugins compatible for Editor in 4.18 ms, found 4 plugins.
Preloading 0 native plugins for Editor in 0.00 ms.
Initialize engine version: 6000.3.8f1 (1c7db571dde0)
[Subsystems] Discovering subsystems at path C:/Program Files/Unity/Hub/Editor/6000.3.8f1/Editor/Data/Resources/UnitySubsystems
[Subsystems] Discovering subsystems at path C:/Projetos/Unity/RPG Turn FF/Assets
GfxDevice: creating device client; kGfxThreadingModeNonThreaded
Direct3D:
    Version:  Direct3D 11.0 [level 11.1]
    Renderer: NVIDIA GeForce RTX 3050 6GB Laptop GPU (ID=0x25ac)
    Vendor:   NVIDIA
    VRAM:     6001 MB
    Driver:   32.0.15.9144
Initialize mono
Mono path[0] = 'C:/Program Files/Unity/Hub/Editor/6000.3.8f1/Editor/Data/Managed'
Mono path[1] = 'C:/Program Files/Unity/Hub/Editor/6000.3.8f1/Editor/Data/MonoBleedingEdge/lib/mono/unityjit-win32'
Mono config path = 'C:/Program Files/Unity/Hub/Editor/6000.3.8f1/Editor/Data/MonoBleedingEdge/etc'
Using monoOptions --debugger-agent=transport=dt_socket,embedding=1,server=y,suspend=n,address=127.0.0.1:56396
Begin MonoManager ReloadAssembly
[Licensing::Client] Error: HandshakeResponse reported an error:
	ResponseCode: 505
	ResponseStatus: Unsupported protocol version '1.17.4'.
[Licensing::Module] Error: Failed to handshake to channel: "LicenseClient-easyk"
[Licensing::IpcConnector] LicenseClient-easyk channel disconnected successfully.
[Licensing::IpcConnector] Successfully connected to: "LicenseClient-easyk-6000.3.8" at "2026-04-13T23:37:17.0051509Z"
Registering precompiled unity dll's ...
Register platform support module: C:/Program Files/Unity/Hub/Editor/6000.3.8f1/Editor/Data/PlaybackEngines/WebGLSupport/UnityEditor.WebGL.Extensions.dll
Register platform support module: C:/Program Files/Unity/Hub/Editor/6000.3.8f1/Editor/Data/PlaybackEngines/WindowsStandaloneSupport/UnityEditor.WindowsStandalone.Extensions.dll
[Licensing::Module] Licensing is not yet initialized.
[Licensing::Client] Handshaking with LicensingClient:
  Version:                 1.17.4+4293ba1
  Session Id:              b472170e37834f8b8b2ce1de891a2405
  Correlation Id:          3a6ace3cf0f90d1e4a086f32d58f4847
  External correlation Id: 8554231016036056068
  Machine Id:              kMNEUnsgNiZixl04/RVOgNQ84ns=
[Licensing::Module] Successfully connected to LicensingClient on channel: "LicenseClient-easyk-6000.3.8" (connect: 0.00s, validation: 0.00s, handshake: 2.85s)
[Licensing::IpcConnector] Successfully connected to: "LicenseClient-easyk-6000.3.8-notifications" at "2026-04-13T23:37:19.8620977Z"
[Licensing::Module] Licensing Background thread has ended after 4.95s
[Licensing::Module] Licensing is initialized (took 2.82s).
[Licensing::Client] Successfully resolved entitlement details
[Licensing::Module] License group:
  Id: 4673389566446-UnityPersXXXX
  Product: Unity Personal
  Type: Assigned
  Expiration: Unlimited
Register platform support module: C:/Program Files/Unity/Hub/Editor/6000.3.8f1/Editor/Data/PlaybackEngines/AndroidPlayer/UnityEditor.Android.Extensions.dll
Registered in 2.832481 seconds.
- Loaded All Assemblies, in  3.543 seconds
Native extension for Android target not found
Android Extension - Scanning For ADB Devices 731 ms
Native extension for WindowsStandalone target not found
Native extension for WebGL target not found
ScheduleIndexationOnStartup MainProcess:False IndexOnStartup:True
Mono: successfully reloaded assembly
- Finished resetting the current domain, in  1.645 seconds
Domain Reload Profiling: 5177ms
	BeginReloadAssembly (155ms)
		ExecutionOrderSort (0ms)
		DisableScriptedObjects (0ms)
		BackupInstance (0ms)
		ReleaseScriptingObjects (0ms)
		CreateAndSetChildDomain (1ms)
	RebuildCommonClasses (54ms)
	RebuildNativeTypeToScriptingClass (15ms)
	initialDomainReloadingComplete (2917ms)
	LoadAllAssembliesAndSetupDomain (389ms)
		LoadAssemblies (152ms)
		RebuildTransferFunctionScriptingTraits (0ms)
		AnalyzeDomain (376ms)
			TypeCache.Refresh (373ms)
				TypeCache.ScanAssembly (347ms)
			BuildScriptInfoCaches (0ms)
			ResolveRequiredComponents (1ms)
	FinalizeReload (1646ms)
		ReleaseScriptCaches (0ms)
		RebuildScriptCaches (0ms)
		SetupLoadedEditorAssemblies (1581ms)
			LogAssemblyErrors (0ms)
			InitializePlatformSupportModulesInManaged (886ms)
			SetLoadedEditorAssemblies (11ms)
			BeforeProcessingInitializeOnLoad (240ms)
			ProcessInitializeOnLoadAttributes (313ms)
			ProcessInitializeOnLoadMethodAttributes (131ms)
			AfterProcessingInitializeOnLoad (0ms)
			EditorAssembliesLoaded (0ms)
		ExecutionOrderSort2 (0ms)
		AwakeInstancesAfterBackupRestoration (0ms)
========================================================================
Worker process is ready to serve import requests
Import Worker Mode flag is 0x00
Begin MonoManager ReloadAssembly
[Licensing::Client] Successfully resolved entitlement details
- Loaded All Assemblies, in  1.426 seconds
Refreshing native plugins compatible for Editor in 3.24 ms, found 4 plugins.
Native extension for Android target not found
Native extension for WindowsStandalone target not found
Native extension for WebGL target not found
Package Manager log level set to [2]
[Package Manager] Failed to launch server process. Reason: Unity was launched with the -noUpm command-line argument
[Package Manager] Unable to send message (not connected to server process).
[Package Manager] Cannot connect to Unity Package Manager local server
ScheduleIndexationOnStartup MainProcess:False IndexOnStartup:True
Mono: successfully reloaded assembly
- Finished resetting the current domain, in  1.436 seconds
Domain Reload Profiling: 2848ms
	BeginReloadAssembly (317ms)
		ExecutionOrderSort (0ms)
		DisableScriptedObjects (9ms)
		BackupInstance (0ms)
		ReleaseScriptingObjects (0ms)
		CreateAndSetChildDomain (54ms)
	RebuildCommonClasses (64ms)
	RebuildNativeTypeToScriptingClass (21ms)
	initialDomainReloadingComplete (80ms)
	LoadAllAssembliesAndSetupDomain (930ms)
		LoadAssemblies (669ms)
		RebuildTransferFunctionScriptingTraits (0ms)
		AnalyzeDomain (436ms)
			TypeCache.Refresh (325ms)
				TypeCache.ScanAssembly (301ms)
			BuildScriptInfoCaches (96ms)
			ResolveRequiredComponents (9ms)
	FinalizeReload (1436ms)
		ReleaseScriptCaches (0ms)
		RebuildScriptCaches (0ms)
		SetupLoadedEditorAssemblies (1224ms)
			LogAssemblyErrors (0ms)
			InitializePlatformSupportModulesInManaged (25ms)
			SetLoadedEditorAssemblies (8ms)
			BeforeProcessingInitializeOnLoad (382ms)
			ProcessInitializeOnLoadAttributes (634ms)
			ProcessInitializeOnLoadMethodAttributes (160ms)
			AfterProcessingInitializeOnLoad (15ms)
			EditorAssembliesLoaded (0ms)
		ExecutionOrderSort2 (0ms)
		AwakeInstancesAfterBackupRestoration (20ms)
Launched and connected shader compiler UnityShaderCompiler.exe after 0.02 seconds
Refreshing native plugins compatible for Editor in 4.17 ms, found 4 plugins.
Preloading 0 native plugins for Editor in 0.00 ms.
Unloading 0 Unused Serialized files (Serialized files now loaded: 0)
Unloading 5172 unused Assets / (0.5 MB). Loaded Objects now: 5762.
Memory consumption went from 109.1 MB to 108.6 MB.
Total: 20.812600 ms (FindLiveObjects: 0.864400 ms CreateObjectMapping: 0.855500 ms MarkObjects: 16.361400 ms  DeleteObjects: 2.729200 ms)

========================================================================
Received Import Request.
  Time since last request: 766181.789426 seconds.
  path: Assets/GamerExtremo/res/YR.png
  artifactKey: Guid(d9f46a55d2e71cd49b580f9f2779dda7) Importer(2089858483,b0f066a214c2f5e87bad3c948f4d605d)
Start importing Assets/GamerExtremo/res/YR.png using Guid(d9f46a55d2e71cd49b580f9f2779dda7) Importer(2089858483,b0f066a214c2f5e87bad3c948f4d605d) (ScriptedImporter) -> (artifact id: 'd8ed4cfefe9201466ddb542e4bb370dc') in 0.2874539 seconds
Number of updated asset objects reloaded before import = 0Number of asset objects unloaded after import = 3

========================================================================
Received Import Request.
  Time since last request: 0.000046 seconds.
  path: Assets/GamerExtremo/RIP/Electric Puzzles_1.5/res/9a.png
  artifactKey: Guid(8d001a5713b63aa439cb7dff01059237) Importer(2089858483,b0f066a214c2f5e87bad3c948f4d605d)
Start importing Assets/GamerExtremo/RIP/Electric Puzzles_1.5/res/9a.png using Guid(8d001a5713b63aa439cb7dff01059237) Importer(2089858483,b0f066a214c2f5e87bad3c948f4d605d) (ScriptedImporter) -> (artifact id: 'b979c3958021c90990e0cee281ffb7f0') in 0.0247563 seconds
Number of updated asset objects reloaded before import = 0Number of asset objects unloaded after import = 3

========================================================================
Received Import Request.
  Time since last request: 0.000025 seconds.
  path: Assets/GamerExtremo/res/wb.png
  artifactKey: Guid(2777399c0eebd9c4f861825609454766) Importer(2089858483,b0f066a214c2f5e87bad3c948f4d605d)
Start importing Assets/GamerExtremo/res/wb.png using Guid(2777399c0eebd9c4f861825609454766) Importer(2089858483,b0f066a214c2f5e87bad3c948f4d605d) (ScriptedImporter) -> (artifact id: 'bb13ad71cdd29daf0bbe82f4594a2403') in 0.0214511 seconds
Number of updated asset objects reloaded before import = 0Number of asset objects unloaded after import = 3

========================================================================
Received Import Request.
  Time since last request: 0.000033 seconds.
  path: Assets/GamerExtremo/RIP/Electric Puzzles_1.5/res/49.png
  artifactKey: Guid(c6bc7add8713fed4dbbe8c8812508e5f) Importer(2089858483,b0f066a214c2f5e87bad3c948f4d605d)
Start importing Assets/GamerExtremo/RIP/Electric Puzzles_1.5/res/49.png using Guid(c6bc7add8713fed4dbbe8c8812508e5f) Importer(2089858483,b0f066a214c2f5e87bad3c948f4d605d) (ScriptedImporter) -> (artifact id: 'eeacdfc3f043a4105a7bef617bdc0be9') in 0.0266821 seconds
Number of updated asset objects reloaded before import = 0Number of asset objects unloaded after import = 3

========================================================================
Received Import Request.
  Time since last request: 0.000029 seconds.
  path: Assets/GamerExtremo/res/kj.xml
  artifactKey: Guid(640bca28783cd4c499bacf49f683b19f) Importer(2089858483,b0f066a214c2f5e87bad3c948f4d605d)
Start importing Assets/GamerExtremo/res/kj.xml using Guid(640bca28783cd4c499bacf49f683b19f) Importer(2089858483,b0f066a214c2f5e87bad3c948f4d605d) (ScriptedImporter) -> (artifact id: '618158816ee97ba3d577b37fedd01d85') in 0.0113249 seconds
Number of updated asset objects reloaded before import = 0Number of asset objects unloaded after import = 1

========================================================================
Received Import Request.
  Time since last request: 0.000195 seconds.
  path: Assets/GamerExtremo/RIP/Electric Puzzles_1.5/✅ New Folder/CIRCLE/CIRCLE GRAY EMPTY/Zt.png
  artifactKey: Guid(9b04a229166016144a5c6dda656c583b) Importer(2089858483,b0f066a214c2f5e87bad3c948f4d605d)
Start importing Assets/GamerExtremo/RIP/Electric Puzzles_1.5/✅ New Folder/CIRCLE/CIRCLE GRAY EMPTY/Zt.png using Guid(9b04a229166016144a5c6dda656c583b) Importer(2089858483,b0f066a214c2f5e87bad3c948f4d605d) (ScriptedImporter) -> (artifact id: '02c0bfebfb9161d6e4f569c6e0ed0189') in 0.0207827 seconds
Number of updated asset objects reloaded before import = 0Number of asset objects unloaded after import = 3

========================================================================
Received Import Request.
  Time since last request: 0.000032 seconds.
  path: Assets/GamerExtremo/RIP/Electric Puzzles_1.5/res/Xi.png
  artifactKey: Guid(c6cdde0490a33c840bd01b3da617d5ea) Importer(2089858483,b0f066a214c2f5e87bad3c948f4d605d)
Start importing Assets/GamerExtremo/RIP/Electric Puzzles_1.5/res/Xi.png using Guid(c6cdde0490a33c840bd01b3da617d5ea) Importer(2089858483,b0f066a214c2f5e87bad3c948f4d605d) (ScriptedImporter) -> (artifact id: '7a0904ca7dc6a67942b8974021796a31') in 0.0228398 seconds
Number of updated asset objects reloaded before import = 0Number of asset objects unloaded after import = 3

========================================================================
Received Import Request.
  Time since last request: 0.000025 seconds.
  path: Assets/GamerExtremo/RIP/Electric Puzzles_1.5/✅ New Folder/CIRCLE/CIRCLE WHITE EMPTY/m0.png
  artifactKey: Guid(5b056c409ab7fce49a3ac853a6cb3f07) Importer(2089858483,b0f066a214c2f5e87bad3c948f4d605d)
Start importing Assets/GamerExtremo/RIP/Electric Puzzles_1.5/✅ New Folder/CIRCLE/CIRCLE WHITE EMPTY/m0.png using Guid(5b056c409ab7fce49a3ac853a6cb3f07) Importer(2089858483,b0f066a214c2f5e87bad3c948f4d605d) (ScriptedImporter) -> (artifact id: '9df56a6f098b3606244d7eec79173ae1') in 0.0197896 seconds
Number of updated asset objects reloaded before import = 0Number of asset objects unloaded after import = 3

========================================================================
Received Import Request.
  Time since last request: 0.000027 seconds.
  path: Assets/GamerExtremo/RIP/Electric Puzzles_1.5/res/0w.xml
  artifactKey: Guid(0b18b47eab53db84981181d437922ed7) Importer(2089858483,b0f066a214c2f5e87bad3c948f4d605d)
Start importing Assets/GamerExtremo/RIP/Electric Puzzles_1.5/res/0w.xml using Guid(0b18b47eab53db84981181d437922ed7) Importer(2089858483,b0f066a214c2f5e87bad3c948f4d605d) (ScriptedImporter) -> (artifact id: '39eb4d2f198f336ee7f7f781bec65592') in 0.0090956 seconds
Number of updated asset objects reloaded before import = 0Number of asset objects unloaded after import = 1

========================================================================
Received Import Request.
  Time since last request: 0.000033 seconds.
  path: Assets/GamerExtremo/res/9m.xml
  artifactKey: Guid(997da2945e7dd53458b2c8d052f2b7b6) Importer(2089858483,b0f066a214c2f5e87bad3c948f4d605d)
Start importing Assets/GamerExtremo/res/9m.xml using Guid(997da2945e7dd53458b2c8d052f2b7b6) Importer(2089858483,b0f066a214c2f5e87bad3c948f4d605d) (ScriptedImporter) -> (artifact id: '12d37cff7bc0751b4f4cb6742554ccb1') in 0.0094209 seconds
Number of updated asset objects reloaded before import = 0Number of asset objects unloaded after import = 1

========================================================================
Received Import Request.
  Time since last request: 0.000096 seconds.
  path: Assets/GamerExtremo/RIP/Electric Puzzles_1.5/Pictures/Exemplos
  artifactKey: Guid(ac94e294e6f5e574192eea2eb46aa4bd) Importer(2089858483,b0f066a214c2f5e87bad3c948f4d605d)
Start importing Assets/GamerExtremo/RIP/Electric Puzzles_1.5/Pictures/Exemplos using Guid(ac94e294e6f5e574192eea2eb46aa4bd) Importer(2089858483,b0f066a214c2f5e87bad3c948f4d605d) (ScriptedImporter) -> (artifact id: '09e680442c7aaceefc1ca6cd7d480608') in 0.006423 seconds
Number of updated asset objects reloaded before import = 0Number of asset objects unloaded after import = 1

========================================================================
Received Import Request.
  Time since last request: 0.000691 seconds.
  path: Assets/GamerExtremo/res/OX1.png
  artifactKey: Guid(1f46e3f39bb540045a46ae4e80c6116b) Importer(2089858483,b0f066a214c2f5e87bad3c948f4d605d)
Start importing Assets/GamerExtremo/res/OX1.png using Guid(1f46e3f39bb540045a46ae4e80c6116b) Importer(2089858483,b0f066a214c2f5e87bad3c948f4d605d) (ScriptedImporter) -> (artifact id: '216b6bf0efcfd805d4612a396e1c7a66') in 0.0214872 seconds
Number of updated asset objects reloaded before import = 0Number of asset objects unloaded after import = 3

========================================================================
Received Import Request.
  Time since last request: 0.000031 seconds.
  path: Assets/GamerExtremo/RIP/Electric Puzzles_1.5/✅ New Folder/CIRCLE/CIRCLE GRAY EMPTY/TY1.png
  artifactKey: Guid(4e8672d5a7257af48a3e34db0cadfd3a) Importer(2089858483,b0f066a214c2f5e87bad3c948f4d605d)
Start importing Assets/GamerExtremo/RIP/Electric Puzzles_1.5/✅ New Folder/CIRCLE/CIRCLE GRAY EMPTY/TY1.png using Guid(4e8672d5a7257af48a3e34db0cadfd3a) Importer(2089858483,b0f066a214c2f5e87bad3c948f4d605d) (ScriptedImporter) -> (artifact id: 'd98a2e8a86c89cda44c52716d4fc865e') in 0.0224554 seconds
Number of updated asset objects reloaded before import = 0Number of asset objects unloaded after import = 3

========================================================================
Received Import Request.
  Time since last request: 0.000043 seconds.
  path: Assets/GamerExtremo/RIP/Electric Puzzles_1.5/✅ New Folder/GOTA
  artifactKey: Guid(fea831c5870621e4f98d06d9a6c52d52) Importer(2089858483,b0f066a214c2f5e87bad3c948f4d605d)
Start importing Assets/GamerExtremo/RIP/Electric Puzzles_1.5/✅ New Folder/GOTA using Guid(fea831c5870621e4f98d06d9a6c52d52) Importer(2089858483,b0f066a214c2f5e87bad3c948f4d605d) (ScriptedImporter) -> (artifact id: '7693c75084e4c64d0091226bf40f5b19') in 0.0067042 seconds
Number of updated asset objects reloaded before import = 0Number of asset objects unloaded after import = 1

========================================================================
Received Import Request.
  Time since last request: 0.000035 seconds.
  path: Assets/GamerExtremo/RIP/Electric Puzzles_1.5/res/In.xml
  artifactKey: Guid(836add2c3831ffa4192115f7800ea975) Importer(2089858483,b0f066a214c2f5e87bad3c948f4d605d)
Start importing Assets/GamerExtremo/RIP/Electric Puzzles_1.5/res/In.xml using Guid(836add2c3831ffa4192115f7800ea975) Importer(2089858483,b0f066a214c2f5e87bad3c948f4d605d) (ScriptedImporter) -> (artifact id: 'c06e4468bef2d456b19497064241cf42') in 0.009487 seconds
Number of updated asset objects reloaded before import = 0Number of asset objects unloaded after import = 1

========================================================================
Received Import Request.
  Time since last request: 0.000027 seconds.
  path: Assets/GamerExtremo/RIP/Electric Puzzles_1.5/res/xR.9.png
  artifactKey: Guid(d9b60eaeadb10764180620009d98ab0d) Importer(2089858483,b0f066a214c2f5e87bad3c948f4d605d)
Start importing Assets/GamerExtremo/RIP/Electric Puzzles_1.5/res/xR.9.png using Guid(d9b60eaeadb10764180620009d98ab0d) Importer(2089858483,b0f066a214c2f5e87bad3c948f4d605d) (ScriptedImporter) -> (artifact id: 'fc358412d1c33327fe76d081c7f51a94') in 0.0218641 seconds
Number of updated asset objects reloaded before import = 0Number of asset objects unloaded after import = 3

========================================================================
Received Import Request.
  Time since last request: 0.000030 seconds.
  path: Assets/GamerExtremo/res/eT.9.png
  artifactKey: Guid(5fbedbdc1af683b46bbda842d994f14d) Importer(2089858483,b0f066a214c2f5e87bad3c948f4d605d)
Start importing Assets/GamerExtremo/res/eT.9.png using Guid(5fbedbdc1af683b46bbda842d994f14d) Importer(2089858483,b0f066a214c2f5e87bad3c948f4d605d) (ScriptedImporter) -> (artifact id: 'bfa1d2539761396c6febbcb8d5e9a786') in 0.0253545 seconds
Number of updated asset objects reloaded before import = 0Number of asset objects unloaded after import = 3

========================================================================
Received Import Request.
  Time since last request: 0.000022 seconds.
  path: Assets/GamerExtremo/res/pO.png
  artifactKey: Guid(626dd653ea1eadb4993ae8cc77d90735) Importer(2089858483,b0f066a214c2f5e87bad3c948f4d605d)
Start importing Assets/GamerExtremo/res/pO.png using Guid(626dd653ea1eadb4993ae8cc77d90735) Importer(2089858483,b0f066a214c2f5e87bad3c948f4d605d) (ScriptedImporter) -> (artifact id: '464cc0043fcd31e785200f5c84fe0bb1') in 0.0197988 seconds
Number of updated asset objects reloaded before import = 0Number of asset objects unloaded after import = 3

========================================================================
Received Import Request.
  Time since last request: 0.000022 seconds.
  path: Assets/GamerExtremo/RIP/Electric Puzzles_1.5/✅ New Folder/CHAVE DE BOCA/M1.png
  artifactKey: Guid(de287b36f3401c04abe2caaf6c1d104c) Importer(2089858483,b0f066a214c2f5e87bad3c948f4d605d)
Start importing Assets/GamerExtremo/RIP/Electric Puzzles_1.5/✅ New Folder/CHAVE DE BOCA/M1.png using Guid(de287b36f3401c04abe2caaf6c1d104c) Importer(2089858483,b0f066a214c2f5e87bad3c948f4d605d) (ScriptedImporter) -> (artifact id: '072ce45521d511dc9bb8aacab1ec57a6') in 0.022874 seconds
Number of updated asset objects reloaded before import = 0Number of asset objects unloaded after import = 3

========================================================================
Received Import Request.
  Time since last request: 0.000028 seconds.
  path: Assets/GamerExtremo/res/cV.xml
  artifactKey: Guid(d00c8d3520ee305458669e10935ef7b0) Importer(2089858483,b0f066a214c2f5e87bad3c948f4d605d)
Start importing Assets/GamerExtremo/res/cV.xml using Guid(d00c8d3520ee305458669e10935ef7b0) Importer(2089858483,b0f066a214c2f5e87bad3c948f4d605d) (ScriptedImporter) -> (artifact id: '9c81c376e48a449e7ae2a683caf16b3d') in 0.0090395 seconds
Number of updated asset objects reloaded before import = 0Number of asset objects unloaded after import = 1

========================================================================
Received Import Request.
  Time since last request: 0.000026 seconds.
  path: Assets/GamerExtremo/res/vk.png
  artifactKey: Guid(2a74925bd782988458f40facfb007853) Importer(2089858483,b0f066a214c2f5e87bad3c948f4d605d)
Start importing Assets/GamerExtremo/res/vk.png using Guid(2a74925bd782988458f40facfb007853) Importer(2089858483,b0f066a214c2f5e87bad3c948f4d605d) (ScriptedImporter) -> (artifact id: '770297e63ce3e2a484864dc13c5bdac9') in 0.0230797 seconds
Number of updated asset objects reloaded before import = 0Number of asset objects unloaded after import = 3

========================================================================
Received Import Request.
  Time since last request: 0.000395 seconds.
  path: Assets/GamerExtremo/RIP/Electric Puzzles_1.5/✅ New Folder/EARTH
  artifactKey: Guid(ccf47dc7c56b6ac42b5fba81a28de9b6) Importer(2089858483,b0f066a214c2f5e87bad3c948f4d605d)
Start importing Assets/GamerExtremo/RIP/Electric Puzzles_1.5/✅ New Folder/EARTH using Guid(ccf47dc7c56b6ac42b5fba81a28de9b6) Importer(2089858483,b0f066a214c2f5e87bad3c948f4d605d) (ScriptedImporter) -> (artifact id: '151f61d33e34c051fc80e80585e1372f') in 0.0085828 seconds
Number of updated asset objects reloaded before import = 0Number of asset objects unloaded after import = 1

========================================================================
Received Import Request.
  Time since last request: 0.000025 seconds.
  path: Assets/GamerExtremo/res/uu.9.png
  artifactKey: Guid(bf60a6787babacc459cd781b3fc53a4f) Importer(2089858483,b0f066a214c2f5e87bad3c948f4d605d)
Start importing Assets/GamerExtremo/res/uu.9.png using Guid(bf60a6787babacc459cd781b3fc53a4f) Importer(2089858483,b0f066a214c2f5e87bad3c948f4d605d) (ScriptedImporter) -> (artifact id: '9ec2c0f5ece5dd8a88141afe1dd8d28c') in 0.0189254 seconds
Number of updated asset objects reloaded before import = 0Number of asset objects unloaded after import = 3

========================================================================
Received Import Request.
  Time since last request: 0.000026 seconds.
  path: Assets/GamerExtremo/res/mB.png
  artifactKey: Guid(98c78ec6d87fb0441898beac9e490289) Importer(2089858483,b0f066a214c2f5e87bad3c948f4d605d)
Start importing Assets/GamerExtremo/res/mB.png using Guid(98c78ec6d87fb0441898beac9e490289) Importer(2089858483,b0f066a214c2f5e87bad3c948f4d605d) (ScriptedImporter) -> (artifact id: '0649fd6e66eb2a9cef8b54a4f62b46c3') in 0.0236921 seconds
Number of updated asset objects reloaded before import = 0Number of asset objects unloaded after import = 3

========================================================================
Received Import Request.
  Time since last request: 0.000058 seconds.
  path: Assets/GamerExtremo/RIP/Electric Puzzles_1.5/res/EL.png
  artifactKey: Guid(673ac711a9b19254d95663e08fef0362) Importer(2089858483,b0f066a214c2f5e87bad3c948f4d605d)
Start importing Assets/GamerExtremo/RIP/Electric Puzzles_1.5/res/EL.png using Guid(673ac711a9b19254d95663e08fef0362) Importer(2089858483,b0f066a214c2f5e87bad3c948f4d605d) (ScriptedImporter) -> (artifact id: '5e4c8c958105bc0cbca98d84a9bb32ce') in 0.0234833 seconds
Number of updated asset objects reloaded before import = 0Number of asset objects unloaded after import = 3

========================================================================
Received Import Request.
  Time since last request: 0.000042 seconds.
  path: Assets/GamerExtremo/RIP/Electric Puzzles_1.5/FIOS/branco/xR.9.png
  artifactKey: Guid(a3e40e0ac39794d418a0b8075b4f449c) Importer(2089858483,b0f066a214c2f5e87bad3c948f4d605d)
Start importing Assets/GamerExtremo/RIP/Electric Puzzles_1.5/FIOS/branco/xR.9.png using Guid(a3e40e0ac39794d418a0b8075b4f449c) Importer(2089858483,b0f066a214c2f5e87bad3c948f4d605d) (ScriptedImporter) -> (artifact id: '43bcea300c5e6ffc7e95f7a1cd40a838') in 0.0217745 seconds
Number of updated asset objects reloaded before import = 0Number of asset objects unloaded after import = 3

========================================================================
Received Import Request.
  Time since last request: 0.000120 seconds.
  path: Assets/GamerExtremo/RIP/Electric Puzzles_1.5/✅ New Folder/CIRCLE/CIRCLE GREEN CENTER EMPTY/0P.png
  artifactKey: Guid(42413aa22582ca2439aa3c2b4cd77a1d) Importer(2089858483,b0f066a214c2f5e87bad3c948f4d605d)
Start importing Assets/GamerExtremo/RIP/Electric Puzzles_1.5/✅ New Folder/CIRCLE/CIRCLE GREEN CENTER EMPTY/0P.png using Guid(42413aa22582ca2439aa3c2b4cd77a1d) Importer(2089858483,b0f066a214c2f5e87bad3c948f4d605d) (ScriptedImporter) -> (artifact id: 'e36b9feb80f7208904f7f73d09dd031d') in 0.0224632 seconds
Number of updated asset objects reloaded before import = 0Number of asset objects unloaded after import = 3

========================================================================
Received Import Request.
  Time since last request: 0.000028 seconds.
  path: Assets/GamerExtremo/RIP/Electric Puzzles_1.5/res/AD.png
  artifactKey: Guid(70ab4b411baaf764db37fb4a554b4456) Importer(2089858483,b0f066a214c2f5e87bad3c948f4d605d)
Start importing Assets/GamerExtremo/RIP/Electric Puzzles_1.5/res/AD.png using Guid(70ab4b411baaf764db37fb4a554b4456) Importer(2089858483,b0f066a214c2f5e87bad3c948f4d605d) (ScriptedImporter) -> (artifact id: '270b61b133646cfd24f830488ed05457') in 0.0229671 seconds
Number of updated asset objects reloaded before import = 0Number of asset objects unloaded after import = 3

========================================================================
Received Import Request.
  Time since last request: 0.000027 seconds.
  path: Assets/GamerExtremo/RIP/Electric Puzzles_1.5/res/p7.xml
  artifactKey: Guid(92d0d1c44218621438a29fa37d24009f) Importer(2089858483,b0f066a214c2f5e87bad3c948f4d605d)
Start importing Assets/GamerExtremo/RIP/Electric Puzzles_1.5/res/p7.xml using Guid(92d0d1c44218621438a29fa37d24009f) Importer(2089858483,b0f066a214c2f5e87bad3c948f4d605d) (ScriptedImporter) -> (artifact id: '8d3ea602e8eb53fc1c639ad22aa0b1bc') in 0.0077281 seconds
Number of updated asset objects reloaded before import = 0Number of asset objects unloaded after import = 1

========================================================================
Received Import Request.
  Time since last request: 0.000324 seconds.
  path: Assets/GamerExtremo/RIP/Electric Puzzles_1.5/res/4k.png
  artifactKey: Guid(5cd965bd595ec774688ace1529d783dc) Importer(2089858483,b0f066a214c2f5e87bad3c948f4d605d)
Start importing Assets/GamerExtremo/RIP/Electric Puzzles_1.5/res/4k.png using Guid(5cd965bd595ec774688ace1529d783dc) Importer(2089858483,b0f066a214c2f5e87bad3c948f4d605d) (ScriptedImporter) -> (artifact id: 'a144ac15a3b9e0d458a18744c31de90e') in 0.0273639 seconds
Number of updated asset objects reloaded before import = 0Number of asset objects unloaded after import = 3

========================================================================
Received Import Request.
  Time since last request: 0.000031 seconds.
  path: Assets/GamerExtremo/RIP/Electric Puzzles_1.5/✅ New Folder/XML/Sb.xml
  artifactKey: Guid(6fa8ea96f5acd89419440a7d50fe9ab7) Importer(2089858483,b0f066a214c2f5e87bad3c948f4d605d)
Start importing Assets/GamerExtremo/RIP/Electric Puzzles_1.5/✅ New Folder/XML/Sb.xml using Guid(6fa8ea96f5acd89419440a7d50fe9ab7) Importer(2089858483,b0f066a214c2f5e87bad3c948f4d605d) (ScriptedImporter) -> (artifact id: '87e800a50551c25f3f6402d94e167a9c') in 0.0108793 seconds
Number of updated asset objects reloaded before import = 0Number of asset objects unloaded after import = 1

========================================================================
Received Import Request.
  Time since last request: 0.000090 seconds.
  path: Assets/GamerExtremo/RIP/Electric Puzzles_1.5/✅ New Folder/XML/Zg.xml
  artifactKey: Guid(b702380c2ca86864c98e3c9cb5161ee5) Importer(2089858483,b0f066a214c2f5e87bad3c948f4d605d)
Start importing Assets/GamerExtremo/RIP/Electric Puzzles_1.5/✅ New Folder/XML/Zg.xml using Guid(b702380c2ca86864c98e3c9cb5161ee5) Importer(2089858483,b0f066a214c2f5e87bad3c948f4d605d) (ScriptedImporter) -> (artifact id: '50abd75619a9cc20bbe852e33130f1c3') in 0.0098192 seconds
Number of updated asset objects reloaded before import = 0Number of asset objects unloaded after import = 1

========================================================================
Received Import Request.
  Time since last request: 0.000116 seconds.
  path: Assets/GamerExtremo/res/qF.xml
  artifactKey: Guid(63c186294ca4be44fa81a5dc3e5d3ba9) Importer(2089858483,b0f066a214c2f5e87bad3c948f4d605d)
Start importing Assets/GamerExtremo/res/qF.xml using Guid(63c186294ca4be44fa81a5dc3e5d3ba9) Importer(2089858483,b0f066a214c2f5e87bad3c948f4d605d) (ScriptedImporter) -> (artifact id: 'd4a7c4264a296f983c0be105d2d8ea6e') in 0.0114507 seconds
Number of updated asset objects reloaded before import = 0Number of asset objects unloaded after import = 1

========================================================================
Received Import Request.
  Time since last request: 0.000460 seconds.
  path: Assets/GamerExtremo/RIP/Electric Puzzles_1.5/✅ New Folder/CIRCLE/CIRCCLE BLACK EMPTY
  artifactKey: Guid(847d1a537a349db44833ebd0a4fa454d) Importer(2089858483,b0f066a214c2f5e87bad3c948f4d605d)
Start importing Assets/GamerExtremo/RIP/Electric Puzzles_1.5/✅ New Folder/CIRCLE/CIRCCLE BLACK EMPTY using Guid(847d1a537a349db44833ebd0a4fa454d) Importer(2089858483,b0f066a214c2f5e87bad3c948f4d605d) (ScriptedImporter) -> (artifact id: '73738af6576fb1944caf1174011349cc') in 0.0077012 seconds
Number of updated asset objects reloaded before import = 0Number of asset objects unloaded after import = 1

========================================================================
Received Import Request.
  Time since last request: 0.000194 seconds.
  path: Assets/GamerExtremo/RIP/Electric Puzzles_1.5/✅ New Folder/SETA DOWN
  artifactKey: Guid(cb2456378e4ee7144b9fa115c59030db) Importer(2089858483,b0f066a214c2f5e87bad3c948f4d605d)
Start importing Assets/GamerExtremo/RIP/Electric Puzzles_1.5/✅ New Folder/SETA DOWN using Guid(cb2456378e4ee7144b9fa115c59030db) Importer(2089858483,b0f066a214c2f5e87bad3c948f4d605d) (ScriptedImporter) -> (artifact id: 'eb85872583c9ea64b8c7e13fb2a6613d') in 0.007104 seconds
Number of updated asset objects reloaded before import = 0Number of asset objects unloaded after import = 1

========================================================================
Received Import Request.
  Time since last request: 0.000027 seconds.
  path: Assets/GamerExtremo/RIP/Electric Puzzles_1.5/✅ New Folder/XML/Eg.xml
  artifactKey: Guid(390f4946f78e5904e8f03601557c7be4) Importer(2089858483,b0f066a214c2f5e87bad3c948f4d605d)
Start importing Assets/GamerExtremo/RIP/Electric Puzzles_1.5/✅ New Folder/XML/Eg.xml using Guid(390f4946f78e5904e8f03601557c7be4) Importer(2089858483,b0f066a214c2f5e87bad3c948f4d605d) (ScriptedImporter) -> (artifact id: 'f09e7b8f5c72592c6096b8aee071fa1f') in 0.0109427 seconds
Number of updated asset objects reloaded before import = 0Number of asset objects unloaded after import = 1

========================================================================
Received Import Request.
  Time since last request: 0.000129 seconds.
  path: Assets/GamerExtremo/RIP/Electric Puzzles_1.5/res/EA.9.png
  artifactKey: Guid(221487248341b0d45af78e2d6cd68a03) Importer(2089858483,b0f066a214c2f5e87bad3c948f4d605d)
Start importing Assets/GamerExtremo/RIP/Electric Puzzles_1.5/res/EA.9.png using Guid(221487248341b0d45af78e2d6cd68a03) Importer(2089858483,b0f066a214c2f5e87bad3c948f4d605d) (ScriptedImporter) -> (artifact id: '5ffb96fe3dd04e70efaeb807a492cedf') in 0.0201686 seconds
Number of updated asset objects reloaded before import = 0Number of asset objects unloaded after import = 3

========================================================================
Received Import Request.
  Time since last request: 0.000032 seconds.
  path: Assets/GamerExtremo/res/NF.xml
  artifactKey: Guid(5476efe66e201044098a10191c949c7b) Importer(2089858483,b0f066a214c2f5e87bad3c948f4d605d)
Start importing Assets/GamerExtremo/res/NF.xml using Guid(5476efe66e201044098a10191c949c7b) Importer(2089858483,b0f066a214c2f5e87bad3c948f4d605d) (ScriptedImporter) -> (artifact id: 'c150b741f1282b32133999ee9f3536f3') in 0.0110823 seconds
Number of updated asset objects reloaded before import = 0Number of asset objects unloaded after import = 1

========================================================================
Received Import Request.
  Time since last request: 0.000041 seconds.
  path: Assets/GamerExtremo/RIP/Electric Puzzles_1.5/✅ New Folder/GOTA/1/5U.png
  artifactKey: Guid(9b2572bae7202584ea09970fe4edfcc5) Importer(2089858483,b0f066a214c2f5e87bad3c948f4d605d)
Start importing Assets/GamerExtremo/RIP/Electric Puzzles_1.5/✅ New Folder/GOTA/1/5U.png using Guid(9b2572bae7202584ea09970fe4edfcc5) Importer(2089858483,b0f066a214c2f5e87bad3c948f4d605d) (ScriptedImporter) -> (artifact id: 'e85be450ea957d66c1277ff6259fb400') in 0.0197542 seconds
Number of updated asset objects reloaded before import = 0Number of asset objects unloaded after import = 3

========================================================================
Received Import Request.
  Time since last request: 0.000039 seconds.
  path: Assets/GamerExtremo/RIP/Electric Puzzles_1.5/res/mA.png
  artifactKey: Guid(3be08731539243741b30c180157d8f79) Importer(2089858483,b0f066a214c2f5e87bad3c948f4d605d)
Start importing Assets/GamerExtremo/RIP/Electric Puzzles_1.5/res/mA.png using Guid(3be08731539243741b30c180157d8f79) Importer(2089858483,b0f066a214c2f5e87bad3c948f4d605d) (ScriptedImporter) -> (artifact id: 'd5bc8c9b33e091633920f787a61d892b') in 0.0258913 seconds
Number of updated asset objects reloaded before import = 0Number of asset objects unloaded after import = 3

========================================================================
Received Import Request.
  Time since last request: 0.000196 seconds.
  path: Assets/GamerExtremo/RIP/Electric Puzzles_1.5/Pictures/gateslevel1.png
  artifactKey: Guid(d4f5cc135c1ffaa40acdc5eefb114bf5) Importer(2089858483,b0f066a214c2f5e87bad3c948f4d605d)
Start importing Assets/GamerExtremo/RIP/Electric Puzzles_1.5/Pictures/gateslevel1.png using Guid(d4f5cc135c1ffaa40acdc5eefb114bf5) Importer(2089858483,b0f066a214c2f5e87bad3c948f4d605d) (ScriptedImporter) -> (artifact id: '8216616dc8209e3f4b4f0e8bbb5b7a31') in 0.0247793 seconds
Number of updated asset objects reloaded before import = 0Number of asset objects unloaded after import = 3

========================================================================
Received Import Request.
  Time since last request: 0.000030 seconds.
  path: Assets/GamerExtremo/RIP/Electric Puzzles_1.5/✅ New Folder/PAUSE
  artifactKey: Guid(066e440a1b681a047857a3baaa3467aa) Importer(2089858483,b0f066a214c2f5e87bad3c948f4d605d)
Start importing Assets/GamerExtremo/RIP/Electric Puzzles_1.5/✅ New Folder/PAUSE using Guid(066e440a1b681a047857a3baaa3467aa) Importer(2089858483,b0f066a214c2f5e87bad3c948f4d605d) (ScriptedImporter) -> (artifact id: '5c5bb867e3be2858fe9d3aa88c0c7e98') in 0.0087393 seconds
Number of updated asset objects reloaded before import = 0Number of asset objects unloaded after import = 1

========================================================================
Received Import Request.
  Time since last request: 0.000102 seconds.
  path: Assets/GamerExtremo/RIP/Electric Puzzles_1.5/SQUARE/black/sA.9.png
  artifactKey: Guid(b454c91797461944b9bccf9b297bfdc1) Importer(2089858483,b0f066a214c2f5e87bad3c948f4d605d)
Start importing Assets/GamerExtremo/RIP/Electric Puzzles_1.5/SQUARE/black/sA.9.png using Guid(b454c91797461944b9bccf9b297bfdc1) Importer(2089858483,b0f066a214c2f5e87bad3c948f4d605d) (ScriptedImporter) -> (artifact id: 'd093eb6eb47b6564baa08a70d41b34fc') in 0.0197533 seconds
Number of updated asset objects reloaded before import = 0Number of asset objects unloaded after import = 3

========================================================================
Received Import Request.
  Time since last request: 0.000033 seconds.
  path: Assets/GamerExtremo/RIP/Electric Puzzles_1.5/res/-9.png
  artifactKey: Guid(e1da3ad693b6976459b06e3e0197b92d) Importer(2089858483,b0f066a214c2f5e87bad3c948f4d605d)
Start importing Assets/GamerExtremo/RIP/Electric Puzzles_1.5/res/-9.png using Guid(e1da3ad693b6976459b06e3e0197b92d) Importer(2089858483,b0f066a214c2f5e87bad3c948f4d605d) (ScriptedImporter) -> (artifact id: '227a466c09eca38fe19172737ec16a45') in 0.0218003 seconds
Number of updated asset objects reloaded before import = 0Number of asset objects unloaded after import = 3

========================================================================
Received Import Request.
  Time since last request: 0.000024 seconds.
  path: Assets/GamerExtremo/RIP/Electric Puzzles_1.5/✅ New Folder/XML/Mp.xml
  artifactKey: Guid(58ab8c66dd7c6f14593ee08a9e1ee3a0) Importer(2089858483,b0f066a214c2f5e87bad3c948f4d605d)
Start importing Assets/GamerExtremo/RIP/Electric Puzzles_1.5/✅ New Folder/XML/Mp.xml using Guid(58ab8c66dd7c6f14593ee08a9e1ee3a0) Importer(2089858483,b0f066a214c2f5e87bad3c948f4d605d) (ScriptedImporter) -> (artifact id: '20ea3985f906a4875e9555f9b9e81673') in 0.0106589 seconds
Number of updated asset objects reloaded before import = 0Number of asset objects unloaded after import = 1

========================================================================
Received Import Request.
  Time since last request: 0.000045 seconds.
  path: Assets/GamerExtremo/Resources/Sounds/Retro UI Sounds/Select/ui_select_4.wav
  artifactKey: Guid(3c08c0ccc890cb048be25839fb33b8cf) Importer(2089858483,b0f066a214c2f5e87bad3c948f4d605d)
Start importing Assets/GamerExtremo/Resources/Sounds/Retro UI Sounds/Select/ui_select_4.wav using Guid(3c08c0ccc890cb048be25839fb33b8cf) Importer(2089858483,b0f066a214c2f5e87bad3c948f4d605d) (ScriptedImporter) -> (artifact id: '0c6885c12f9a557d6b1f3fdc237b202d') in 0.0586502 seconds
Number of updated asset objects reloaded before import = 0Number of asset objects unloaded after import = 1

========================================================================
Received Import Request.
  Time since last request: 0.001121 seconds.
  path: Assets/GamerExtremo/RIP/Electric Puzzles_1.5/res/ho.png
  artifactKey: Guid(ec66f1076b862784282327437bd922e8) Importer(2089858483,b0f066a214c2f5e87bad3c948f4d605d)
Start importing Assets/GamerExtremo/RIP/Electric Puzzles_1.5/res/ho.png using Guid(ec66f1076b862784282327437bd922e8) Importer(2089858483,b0f066a214c2f5e87bad3c948f4d605d) (ScriptedImporter) -> (artifact id: '9f5a36e2d7f9ffe749cf5a3ea314ffa6') in 0.0194471 seconds
Number of updated asset objects reloaded before import = 0Number of asset objects unloaded after import = 3

========================================================================
Received Import Request.
  Time since last request: 0.000031 seconds.
  path: Assets/GamerExtremo/res/BJ1.xml
  artifactKey: Guid(eb07446ec3acc6944a8466b16db14199) Importer(2089858483,b0f066a214c2f5e87bad3c948f4d605d)
Start importing Assets/GamerExtremo/res/BJ1.xml using Guid(eb07446ec3acc6944a8466b16db14199) Importer(2089858483,b0f066a214c2f5e87bad3c948f4d605d) (ScriptedImporter) -> (artifact id: 'aa33a7fd012f1dd85be1342b4added56') in 0.0078189 seconds
Number of updated asset objects reloaded before import = 0Number of asset objects unloaded after import = 1

========================================================================
Received Import Request.
  Time since last request: 0.000038 seconds.
  path: Assets/GamerExtremo/RIP/Electric Puzzles_1.5/res/m8.png
  artifactKey: Guid(a63916f1e1d5d1e438e770033bfa124b) Importer(2089858483,b0f066a214c2f5e87bad3c948f4d605d)
Start importing Assets/GamerExtremo/RIP/Electric Puzzles_1.5/res/m8.png using Guid(a63916f1e1d5d1e438e770033bfa124b) Importer(2089858483,b0f066a214c2f5e87bad3c948f4d605d) (ScriptedImporter) -> (artifact id: 'f58be56908bfa5a88cb150a2e8b023f9') in 0.0273348 seconds
Number of updated asset objects reloaded before import = 0Number of asset objects unloaded after import = 3

========================================================================
Received Import Request.
  Time since last request: 0.000029 seconds.
  path: Assets/GamerExtremo/RIP/Electric Puzzles_1.5/res/o1.png
  artifactKey: Guid(efd904d365e2bf74ea65157dc2fd8b64) Importer(2089858483,b0f066a214c2f5e87bad3c948f4d605d)
Start importing Assets/GamerExtremo/RIP/Electric Puzzles_1.5/res/o1.png using Guid(efd904d365e2bf74ea65157dc2fd8b64) Importer(2089858483,b0f066a214c2f5e87bad3c948f4d605d) (ScriptedImporter) -> (artifact id: '2298e6fc4fb6030e2cecbfba9cb99090') in 0.0240762 seconds
Number of updated asset objects reloaded before import = 0Number of asset objects unloaded after import = 3

========================================================================
Received Import Request.
  Time since last request: 0.000029 seconds.
  path: Assets/GamerExtremo/res/t8.xml
  artifactKey: Guid(e5bf4638d93e6434fb83d6ac2cb80296) Importer(2089858483,b0f066a214c2f5e87bad3c948f4d605d)
Start importing Assets/GamerExtremo/res/t8.xml using Guid(e5bf4638d93e6434fb83d6ac2cb80296) Importer(2089858483,b0f066a214c2f5e87bad3c948f4d605d) (ScriptedImporter) -> (artifact id: 'ed732e22106768bdc0c7e3577c8b9f1a') in 0.0102586 seconds
Number of updated asset objects reloaded before import = 0Number of asset objects unloaded after import = 1

========================================================================
Received Import Request.
  Time since last request: 0.000025 seconds.
  path: Assets/GamerExtremo/res/pY.png
  artifactKey: Guid(202d0676616527644973c0703500bcf2) Importer(2089858483,b0f066a214c2f5e87bad3c948f4d605d)
Start importing Assets/GamerExtremo/res/pY.png using Guid(202d0676616527644973c0703500bcf2) Importer(2089858483,b0f066a214c2f5e87bad3c948f4d605d) (ScriptedImporter) -> (artifact id: '2b1b6821a8686ed9a043eae924a655fa') in 0.0278382 seconds
Number of updated asset objects reloaded before import = 0Number of asset objects unloaded after import = 3

========================================================================
Received Import Request.
  Time since last request: 0.000024 seconds.
  path: Assets/GamerExtremo/RIP/Electric Puzzles_1.5/✅ New Folder/XML/aK.xml
  artifactKey: Guid(fbf8ed95651bc3a4d9dc09b8c56bb855) Importer(2089858483,b0f066a214c2f5e87bad3c948f4d605d)
Start importing Assets/GamerExtremo/RIP/Electric Puzzles_1.5/✅ New Folder/XML/aK.xml using Guid(fbf8ed95651bc3a4d9dc09b8c56bb855) Importer(2089858483,b0f066a214c2f5e87bad3c948f4d605d) (ScriptedImporter) -> (artifact id: '8dfe1314b2aa643f64155479d6232b27') in 0.0101797 seconds
Number of updated asset objects reloaded before import = 0Number of asset objects unloaded after import = 1

========================================================================
Received Import Request.
  Time since last request: 0.000022 seconds.
  path: Assets/GamerExtremo/RIP/Electric Puzzles_1.5/SQUARE/Square Branco/New Folder/w2.9.png
  artifactKey: Guid(0234732c85a81d241ac8605ac9b47a70) Importer(2089858483,b0f066a214c2f5e87bad3c948f4d605d)
Start importing Assets/GamerExtremo/RIP/Electric Puzzles_1.5/SQUARE/Square Branco/New Folder/w2.9.png using Guid(0234732c85a81d241ac8605ac9b47a70) Importer(2089858483,b0f066a214c2f5e87bad3c948f4d605d) (ScriptedImporter) -> (artifact id: '693ff0d7eb7152392370ebe5ca377cc9') in 0.040315 seconds
Number of updated asset objects reloaded before import = 0Number of asset objects unloaded after import = 3

========================================================================
Received Import Request.
  Time since last request: 0.000026 seconds.
  path: Assets/GamerExtremo/Pictures/block 1.png
  artifactKey: Guid(42fdfe166dd6e974cb3fcbad5087415e) Importer(2089858483,b0f066a214c2f5e87bad3c948f4d605d)
Start importing Assets/GamerExtremo/Pictures/block 1.png using Guid(42fdfe166dd6e974cb3fcbad5087415e) Importer(2089858483,b0f066a214c2f5e87bad3c948f4d605d) (ScriptedImporter) -> (artifact id: 'c62e67d803fbfff9f8b26d929c0863e1') in 0.0333709 seconds
Number of updated asset objects reloaded before import = 0Number of asset objects unloaded after import = 3

========================================================================
Received Import Request.
  Time since last request: 0.000031 seconds.
  path: Assets/GamerExtremo/res/33.9.png
  artifactKey: Guid(720e7610fa838fb43b600ee7f8d5b55d) Importer(2089858483,b0f066a214c2f5e87bad3c948f4d605d)
Start importing Assets/GamerExtremo/res/33.9.png using Guid(720e7610fa838fb43b600ee7f8d5b55d) Importer(2089858483,b0f066a214c2f5e87bad3c948f4d605d) (ScriptedImporter) -> (artifact id: '6d162629747fe80000dfabb9a9f7abb8') in 0.0231758 seconds
Number of updated asset objects reloaded before import = 0Number of asset objects unloaded after import = 3

========================================================================
Received Import Request.
  Time since last request: 0.000035 seconds.
  path: Assets/GamerExtremo/RIP/Electric Puzzles_1.5/Pictures/ground.png
  artifactKey: Guid(2d9aa98848cd6ea448f44e5e3dce292d) Importer(2089858483,b0f066a214c2f5e87bad3c948f4d605d)
Start importing Assets/GamerExtremo/RIP/Electric Puzzles_1.5/Pictures/ground.png using Guid(2d9aa98848cd6ea448f44e5e3dce292d) Importer(2089858483,b0f066a214c2f5e87bad3c948f4d605d) (ScriptedImporter) -> (artifact id: '43857a72b601cba2c1fb527659ceccce') in 0.0213701 seconds
Number of updated asset objects reloaded before import = 0Number of asset objects unloaded after import = 3

========================================================================
Received Import Request.
  Time since last request: 0.000039 seconds.
  path: Assets/GamerExtremo/RIP/Electric Puzzles_1.5/res/c6.xml
  artifactKey: Guid(92b30109fe013f743a0156261fd25674) Importer(2089858483,b0f066a214c2f5e87bad3c948f4d605d)
Start importing Assets/GamerExtremo/RIP/Electric Puzzles_1.5/res/c6.xml using Guid(92b30109fe013f743a0156261fd25674) Importer(2089858483,b0f066a214c2f5e87bad3c948f4d605d) (ScriptedImporter) -> (artifact id: 'decb02c69519ddce2aac3856fd1d303f') in 0.0104125 seconds
Number of updated asset objects reloaded before import = 0Number of asset objects unloaded after import = 1

========================================================================
Received Import Request.
  Time since last request: 0.000028 seconds.
  path: Assets/GamerExtremo/RIP/Electric Puzzles_1.5/res/4_.xml
  artifactKey: Guid(9e028775703ab384081ac49a2cd24c5e) Importer(2089858483,b0f066a214c2f5e87bad3c948f4d605d)
Start importing Assets/GamerExtremo/RIP/Electric Puzzles_1.5/res/4_.xml using Guid(9e028775703ab384081ac49a2cd24c5e) Importer(2089858483,b0f066a214c2f5e87bad3c948f4d605d) (ScriptedImporter) -> (artifact id: '470fbf1e84f89c72ad0344b00bb734ac') in 0.0118543 seconds
Number of updated asset objects reloaded before import = 0Number of asset objects unloaded after import = 1

========================================================================
Received Import Request.
  Time since last request: 0.000087 seconds.
  path: Assets/GamerExtremo/RIP/Electric Puzzles_1.5/SQUARE/black/z-.9.png
  artifactKey: Guid(8a539c2ac09276f408dd090acf2d2470) Importer(2089858483,b0f066a214c2f5e87bad3c948f4d605d)
Start importing Assets/GamerExtremo/RIP/Electric Puzzles_1.5/SQUARE/black/z-.9.png using Guid(8a539c2ac09276f408dd090acf2d2470) Importer(2089858483,b0f066a214c2f5e87bad3c948f4d605d) (ScriptedImporter) -> (artifact id: '1e69729d867db689ab7fe04ee6debbeb') in 0.0268422 seconds
Number of updated asset objects reloaded before import = 0Number of asset objects unloaded after import = 3

========================================================================
Received Import Request.
  Time since last request: 0.000400 seconds.
  path: Assets/GamerExtremo/RIP/Electric Puzzles_1.5/res/Jl.xml
  artifactKey: Guid(4f10a50bd46713b4c8b1eb8693e1e4a6) Importer(2089858483,b0f066a214c2f5e87bad3c948f4d605d)
Start importing Assets/GamerExtremo/RIP/Electric Puzzles_1.5/res/Jl.xml using Guid(4f10a50bd46713b4c8b1eb8693e1e4a6) Importer(2089858483,b0f066a214c2f5e87bad3c948f4d605d) (ScriptedImporter) -> (artifact id: '1b5e1776a90948bb8153c5d23f1511ef') in 0.0103367 seconds
Number of updated asset objects reloaded before import = 0Number of asset objects unloaded after import = 1

========================================================================
Received Import Request.
  Time since last request: 0.000032 seconds.
  path: Assets/GamerExtremo/RIP/Electric Puzzles_1.5/✅ New Folder/EYES/W/V2.png
  artifactKey: Guid(308a4adc6ae2c17449396dcdab4c675f) Importer(2089858483,b0f066a214c2f5e87bad3c948f4d605d)
Start importing Assets/GamerExtremo/RIP/Electric Puzzles_1.5/✅ New Folder/EYES/W/V2.png using Guid(308a4adc6ae2c17449396dcdab4c675f) Importer(2089858483,b0f066a214c2f5e87bad3c948f4d605d) (ScriptedImporter) -> (artifact id: 'c7dc19416520ba5167122082c4ab9071') in 0.0247525 seconds
Number of updated asset objects reloaded before import = 0Number of asset objects unloaded after import = 3

========================================================================
Received Import Request.
  Time since last request: 0.000025 seconds.
  path: Assets/GamerExtremo/RIP/Electric Puzzles_1.5/FIOS/esquema/cN.png
  artifactKey: Guid(05a1e7f2e8ba98b44b5fa432b2d97eb3) Importer(2089858483,b0f066a214c2f5e87bad3c948f4d605d)
Start importing Assets/GamerExtremo/RIP/Electric Puzzles_1.5/FIOS/esquema/cN.png using Guid(05a1e7f2e8ba98b44b5fa432b2d97eb3) Importer(2089858483,b0f066a214c2f5e87bad3c948f4d605d) (ScriptedImporter) -> (artifact id: '0b21b423d5d21c287bc08e5ecafae0b9') in 0.0241271 seconds
Number of updated asset objects reloaded before import = 0Number of asset objects unloaded after import = 3

========================================================================
Received Import Request.
  Time since last request: 0.000027 seconds.
  path: Assets/GamerExtremo/RIP/Electric Puzzles_1.5/res/U0.xml
  artifactKey: Guid(439744bfe79c9b74da7ba68e202f96a0) Importer(2089858483,b0f066a214c2f5e87bad3c948f4d605d)
Start importing Assets/GamerExtremo/RIP/Electric Puzzles_1.5/res/U0.xml using Guid(439744bfe79c9b74da7ba68e202f96a0) Importer(2089858483,b0f066a214c2f5e87bad3c948f4d605d) (ScriptedImporter) -> (artifact id: '2e7f233572ef369c682d680f5623a6fc') in 0.0088785 seconds
Number of updated asset objects reloaded before import = 0Number of asset objects unloaded after import = 1

========================================================================
Received Import Request.
  Time since last request: 0.000166 seconds.
  path: Assets/GamerExtremo/RIP/Electric Puzzles_1.5/Pictures/wire_el_block 1.png
  artifactKey: Guid(55ffae017f114ea42903f7633bdb958e) Importer(2089858483,b0f066a214c2f5e87bad3c948f4d605d)
Start importing Assets/GamerExtremo/RIP/Electric Puzzles_1.5/Pictures/wire_el_block 1.png using Guid(55ffae017f114ea42903f7633bdb958e) Importer(2089858483,b0f066a214c2f5e87bad3c948f4d605d) (ScriptedImporter) -> (artifact id: 'fca443f86105063b0fe476c9c2850d79') in 0.0286121 seconds
Number of updated asset objects reloaded before import = 0Number of asset objects unloaded after import = 3

========================================================================
Received Import Request.
  Time since last request: 0.000445 seconds.
  path: Assets/GamerExtremo/Resources/Sounds/audio/Zero_G_Repairs_01.ogg
  artifactKey: Guid(6a0f59fb9e7c12245b8f12e46f19a919) Importer(2089858483,b0f066a214c2f5e87bad3c948f4d605d)
Start importing Assets/GamerExtremo/Resources/Sounds/audio/Zero_G_Repairs_01.ogg using Guid(6a0f59fb9e7c12245b8f12e46f19a919) Importer(2089858483,b0f066a214c2f5e87bad3c948f4d605d) (ScriptedImporter) -> (artifact id: 'f9960cfb7c8c04c065e58873cc8e24eb') in 0.158102 seconds
Number of updated asset objects reloaded before import = 0Number of asset objects unloaded after import = 1

========================================================================
Received Import Request.
  Time since last request: 0.000133 seconds.
  path: Assets/GamerExtremo/RIP/Electric Puzzles_1.5/✅ New Folder/DIAGONAL LEFT/Wh.png
  artifactKey: Guid(5b45f158984ff104e8c7170cfda17497) Importer(2089858483,b0f066a214c2f5e87bad3c948f4d605d)
Start importing Assets/GamerExtremo/RIP/Electric Puzzles_1.5/✅ New Folder/DIAGONAL LEFT/Wh.png using Guid(5b45f158984ff104e8c7170cfda17497) Importer(2089858483,b0f066a214c2f5e87bad3c948f4d605d) (ScriptedImporter) -> (artifact id: 'cfd4af776caf8f31f3e7e96d63789c42') in 0.0228589 seconds
Number of updated asset objects reloaded before import = 0Number of asset objects unloaded after import = 3

========================================================================
Received Import Request.
  Time since last request: 0.000040 seconds.
  path: Assets/GamerExtremo/res/CK.9.png
  artifactKey: Guid(323af727b2bef9e42ba19e763c591a70) Importer(2089858483,b0f066a214c2f5e87bad3c948f4d605d)
Start importing Assets/GamerExtremo/res/CK.9.png using Guid(323af727b2bef9e42ba19e763c591a70) Importer(2089858483,b0f066a214c2f5e87bad3c948f4d605d) (ScriptedImporter) -> (artifact id: '51deb9d2c6f425ca4bbca0d37d718316') in 0.0276634 seconds
Number of updated asset objects reloaded before import = 0Number of asset objects unloaded after import = 3

========================================================================
Received Import Request.
  Time since last request: 0.000366 seconds.
  path: Assets/GamerExtremo/RIP/Electric Puzzles_1.5/✅ New Folder/CIRCLE/CIRCLE WHITE/YG.9.png
  artifactKey: Guid(563c0198dc10929488c7d3c219d7f2fc) Importer(2089858483,b0f066a214c2f5e87bad3c948f4d605d)
Start importing Assets/GamerExtremo/RIP/Electric Puzzles_1.5/✅ New Folder/CIRCLE/CIRCLE WHITE/YG.9.png using Guid(563c0198dc10929488c7d3c219d7f2fc) Importer(2089858483,b0f066a214c2f5e87bad3c948f4d605d) (ScriptedImporter) -> (artifact id: '22e5a0ecb6356dbfc7ea480464f703a5') in 0.0268697 seconds
Number of updated asset objects reloaded before import = 0Number of asset objects unloaded after import = 3

========================================================================
Received Import Request.
  Time since last request: 0.000026 seconds.
  path: Assets/GamerExtremo/RIP/Electric Puzzles_1.5/res/j_.png
  artifactKey: Guid(d5fbe70c6b70af3488c5481d9f10c52d) Importer(2089858483,b0f066a214c2f5e87bad3c948f4d605d)
Start importing Assets/GamerExtremo/RIP/Electric Puzzles_1.5/res/j_.png using Guid(d5fbe70c6b70af3488c5481d9f10c52d) Importer(2089858483,b0f066a214c2f5e87bad3c948f4d605d) (ScriptedImporter) -> (artifact id: '020de2e7176232b151ae3a862743b7e2') in 0.0286082 seconds
Number of updated asset objects reloaded before import = 0Number of asset objects unloaded after import = 3

========================================================================
Received Import Request.
  Time since last request: 0.000028 seconds.
  path: Assets/GamerExtremo/RIP/Electric Puzzles_1.5/✅ New Folder/XML/U0.xml
  artifactKey: Guid(1b464733ff9056d4498399cb88e3d9b9) Importer(2089858483,b0f066a214c2f5e87bad3c948f4d605d)
Start importing Assets/GamerExtremo/RIP/Electric Puzzles_1.5/✅ New Folder/XML/U0.xml using Guid(1b464733ff9056d4498399cb88e3d9b9) Importer(2089858483,b0f066a214c2f5e87bad3c948f4d605d) (ScriptedImporter) -> (artifact id: 'e9cfbc9978ace4dfd696f874a787b5b2') in 0.0117546 seconds
Number of updated asset objects reloaded before import = 0Number of asset objects unloaded after import = 1

========================================================================
Received Import Request.
  Time since last request: 0.000235 seconds.
  path: Assets/GamerExtremo/RIP/Electric Puzzles_1.5/✅ New Folder/CIRCLE/CIRCLE  1  IN CENTER
  artifactKey: Guid(95c81eac9b69e4d46acea996f4510f5d) Importer(2089858483,b0f066a214c2f5e87bad3c948f4d605d)
Start importing Assets/GamerExtremo/RIP/Electric Puzzles_1.5/✅ New Folder/CIRCLE/CIRCLE  1  IN CENTER using Guid(95c81eac9b69e4d46acea996f4510f5d) Importer(2089858483,b0f066a214c2f5e87bad3c948f4d605d) (ScriptedImporter) -> (artifact id: '7287087fe557cd26631ff26d5fedc51a') in 0.0097672 seconds
Number of updated asset objects reloaded before import = 0Number of asset objects unloaded after import = 1

========================================================================
Received Import Request.
  Time since last request: 0.000123 seconds.
  path: Assets/GamerExtremo/RIP/Electric Puzzles_1.5/res/6U.png
  artifactKey: Guid(893038413336a7c49a14d81dc224b1ea) Importer(2089858483,b0f066a214c2f5e87bad3c948f4d605d)
Start importing Assets/GamerExtremo/RIP/Electric Puzzles_1.5/res/6U.png using Guid(893038413336a7c49a14d81dc224b1ea) Importer(2089858483,b0f066a214c2f5e87bad3c948f4d605d) (ScriptedImporter) -> (artifact id: 'bfa0eb969737b01218ba99201bc5189e') in 0.0258628 seconds
Number of updated asset objects reloaded before import = 0Number of asset objects unloaded after import = 3

========================================================================
Received Import Request.
  Time since last request: 0.000030 seconds.
  path: Assets/GamerExtremo/res/BQ.9.png
  artifactKey: Guid(95676bcae704a0d468e2a5d2ff2474ab) Importer(2089858483,b0f066a214c2f5e87bad3c948f4d605d)
Start importing Assets/GamerExtremo/res/BQ.9.png using Guid(95676bcae704a0d468e2a5d2ff2474ab) Importer(2089858483,b0f066a214c2f5e87bad3c948f4d605d) (ScriptedImporter) -> (artifact id: 'f5731fc757b29b59a86cb90f2df11edc') in 0.0192179 seconds
Number of updated asset objects reloaded before import = 0Number of asset objects unloaded after import = 3

========================================================================
Received Import Request.
  Time since last request: 0.000026 seconds.
  path: Assets/GamerExtremo/RIP/Electric Puzzles_1.5/res/GR.xml
  artifactKey: Guid(5e78bd8397fe7d54fb3ef4998eb630ca) Importer(2089858483,b0f066a214c2f5e87bad3c948f4d605d)
Start importing Assets/GamerExtremo/RIP/Electric Puzzles_1.5/res/GR.xml using Guid(5e78bd8397fe7d54fb3ef4998eb630ca) Importer(2089858483,b0f066a214c2f5e87bad3c948f4d605d) (ScriptedImporter) -> (artifact id: '8fd45fcffa7384c7251578a7bf8c2326') in 0.0092601 seconds
Number of updated asset objects reloaded before import = 0Number of asset objects unloaded after import = 1

========================================================================
Received Import Request.
  Time since last request: 0.000024 seconds.
  path: Assets/GamerExtremo/Pictures/wire_straight_block.png
  artifactKey: Guid(9d789f4c6d1a03440af25127d134d3f5) Importer(2089858483,b0f066a214c2f5e87bad3c948f4d605d)
Start importing Assets/GamerExtremo/Pictures/wire_straight_block.png using Guid(9d789f4c6d1a03440af25127d134d3f5) Importer(2089858483,b0f066a214c2f5e87bad3c948f4d605d) (ScriptedImporter) -> (artifact id: '6ed0bfd7b88855329c0960d72e21d9c7') in 0.0215813 seconds
Number of updated asset objects reloaded before import = 0Number of asset objects unloaded after import = 3

========================================================================
Received Import Request.
  Time since last request: 0.000030 seconds.
  path: Assets/GamerExtremo/RIP/Electric Puzzles_1.5/✅ New Folder/CIRCLE/CIRCLE BLACK/Dw.png
  artifactKey: Guid(5b53f5a4028bded4b8331560725588f8) Importer(2089858483,b0f066a214c2f5e87bad3c948f4d605d)
Start importing Assets/GamerExtremo/RIP/Electric Puzzles_1.5/✅ New Folder/CIRCLE/CIRCLE BLACK/Dw.png using Guid(5b53f5a4028bded4b8331560725588f8) Importer(2089858483,b0f066a214c2f5e87bad3c948f4d605d) (ScriptedImporter) -> (artifact id: '01f8c368f06297c6cedd5ce35fd7f772') in 0.0220361 seconds
Number of updated asset objects reloaded before import = 0Number of asset objects unloaded after import = 3

========================================================================
Received Import Request.
  Time since last request: 0.000049 seconds.
  path: Assets/GamerExtremo/RIP/Electric Puzzles_1.5/✅ New Folder/XML/Tn.xml
  artifactKey: Guid(14c3f639528e36d4092154c0eb55902f) Importer(2089858483,b0f066a214c2f5e87bad3c948f4d605d)
Start importing Assets/GamerExtremo/RIP/Electric Puzzles_1.5/✅ New Folder/XML/Tn.xml using Guid(14c3f639528e36d4092154c0eb55902f) Importer(2089858483,b0f066a214c2f5e87bad3c948f4d605d) (ScriptedImporter) -> (artifact id: 'bac29d87686980bf350573b4856188df') in 0.0093048 seconds
Number of updated asset objects reloaded before import = 0Number of asset objects unloaded after import = 1

========================================================================
Received Import Request.
  Time since last request: 0.000105 seconds.
  path: Assets/GamerExtremo/Resources/Player/run (6).png
  artifactKey: Guid(812f8c40dc08cec4bab09d5dfda42abb) Importer(2089858483,b0f066a214c2f5e87bad3c948f4d605d)
Start importing Assets/GamerExtremo/Resources/Player/run (6).png using Guid(812f8c40dc08cec4bab09d5dfda42abb) Importer(2089858483,b0f066a214c2f5e87bad3c948f4d605d) (ScriptedImporter) -> (artifact id: '3aaa21210377447e1231ea2a102c7794') in 0.0179214 seconds
Number of updated asset objects reloaded before import = 0Number of asset objects unloaded after import = 3

========================================================================
Received Import Request.
  Time since last request: 0.000030 seconds.
  path: Assets/GamerExtremo/RIP/Electric Puzzles_1.5/✅ New Folder/SETA GREEN/4L.png
  artifactKey: Guid(3730df221fb0e66419df0e0a6305819e) Importer(2089858483,b0f066a214c2f5e87bad3c948f4d605d)
Start importing Assets/GamerExtremo/RIP/Electric Puzzles_1.5/✅ New Folder/SETA GREEN/4L.png using Guid(3730df221fb0e66419df0e0a6305819e) Importer(2089858483,b0f066a214c2f5e87bad3c948f4d605d) (ScriptedImporter) -> (artifact id: 'e51b641d23ec721edded13fea40ee04a') in 0.0199687 seconds
Number of updated asset objects reloaded before import = 0Number of asset objects unloaded after import = 3

========================================================================
Received Import Request.
  Time since last request: 0.000025 seconds.
  path: Assets/GamerExtremo/RIP/Electric Puzzles_1.5/res/Qd.9.png
  artifactKey: Guid(c0cc3daee36b9594e8f5f68421dc8803) Importer(2089858483,b0f066a214c2f5e87bad3c948f4d605d)
Start importing Assets/GamerExtremo/RIP/Electric Puzzles_1.5/res/Qd.9.png using Guid(c0cc3daee36b9594e8f5f68421dc8803) Importer(2089858483,b0f066a214c2f5e87bad3c948f4d605d) (ScriptedImporter) -> (artifact id: 'c46927434255507f56ffcce95481f418') in 0.0168015 seconds
Number of updated asset objects reloaded before import = 0Number of asset objects unloaded after import = 3

========================================================================
Received Import Request.
  Time since last request: 0.000029 seconds.
  path: Assets/GamerExtremo/RIP/Electric Puzzles_1.5/SQUARE/6 montain/Gw.png
  artifactKey: Guid(ea328c4f1d999e747821b3b7231bf8f6) Importer(2089858483,b0f066a214c2f5e87bad3c948f4d605d)
Start importing Assets/GamerExtremo/RIP/Electric Puzzles_1.5/SQUARE/6 montain/Gw.png using Guid(ea328c4f1d999e747821b3b7231bf8f6) Importer(2089858483,b0f066a214c2f5e87bad3c948f4d605d) (ScriptedImporter) -> (artifact id: 'd5bfaa2940498b422948aa7a8d3beaa1') in 0.0169531 seconds
Number of updated asset objects reloaded before import = 0Number of asset objects unloaded after import = 3

========================================================================
Received Import Request.
  Time since last request: 0.000025 seconds.
  path: Assets/GamerExtremo/RIP/Electric Puzzles_1.5/res/2P.png
  artifactKey: Guid(dc302a93df99caf45b1cef45cbfd8f78) Importer(2089858483,b0f066a214c2f5e87bad3c948f4d605d)
Start importing Assets/GamerExtremo/RIP/Electric Puzzles_1.5/res/2P.png using Guid(dc302a93df99caf45b1cef45cbfd8f78) Importer(2089858483,b0f066a214c2f5e87bad3c948f4d605d) (ScriptedImporter) -> (artifact id: '7d593462e4fcea26a9ae54abedf0edf2') in 0.0167693 seconds
Number of updated asset objects reloaded before import = 0Number of asset objects unloaded after import = 3

========================================================================
Received Import Request.
  Time since last request: 0.000026 seconds.
  path: Assets/GamerExtremo/RIP/Electric Puzzles_1.5/res/Ak.png
  artifactKey: Guid(d85d3828d58b70c49a1b02b0cfbe8e46) Importer(2089858483,b0f066a214c2f5e87bad3c948f4d605d)
Start importing Assets/GamerExtremo/RIP/Electric Puzzles_1.5/res/Ak.png using Guid(d85d3828d58b70c49a1b02b0cfbe8e46) Importer(2089858483,b0f066a214c2f5e87bad3c948f4d605d) (ScriptedImporter) -> (artifact id: 'd7e9d158ec28864a6cc12b76c38424b1') in 0.0174716 seconds
Number of updated asset objects reloaded before import = 0Number of asset objects unloaded after import = 3

========================================================================
Received Import Request.
  Time since last request: 0.000037 seconds.
  path: Assets/GamerExtremo/RIP
  artifactKey: Guid(07535332d02a917419654140947f562a) Importer(2089858483,b0f066a214c2f5e87bad3c948f4d605d)
Start importing Assets/GamerExtremo/RIP using Guid(07535332d02a917419654140947f562a) Importer(2089858483,b0f066a214c2f5e87bad3c948f4d605d) (ScriptedImporter) -> (artifact id: '7c7a91dfbf6a6dc67a26629c57afd204') in 0.0074153 seconds
Number of updated asset objects reloaded before import = 0Number of asset objects unloaded after import = 1

========================================================================
Received Import Request.
  Time since last request: 0.000088 seconds.
  path: Assets/GamerExtremo/res/py.9.png
  artifactKey: Guid(aba06c6c6f047f64e96709d6499914c5) Importer(2089858483,b0f066a214c2f5e87bad3c948f4d605d)
Start importing Assets/GamerExtremo/res/py.9.png using Guid(aba06c6c6f047f64e96709d6499914c5) Importer(2089858483,b0f066a214c2f5e87bad3c948f4d605d) (ScriptedImporter) -> (artifact id: '985e216f28dd242bcacd9c4618d37c42') in 0.0171619 seconds
Number of updated asset objects reloaded before import = 0Number of asset objects unloaded after import = 3

========================================================================
Received Import Request.
  Time since last request: 0.000031 seconds.
  path: Assets/GamerExtremo/RIP/Electric Puzzles_1.5/Pictures/wire_straight.png
  artifactKey: Guid(ed38d27204d1ea149a9bb1e100a4f5a1) Importer(2089858483,b0f066a214c2f5e87bad3c948f4d605d)
Start importing Assets/GamerExtremo/RIP/Electric Puzzles_1.5/Pictures/wire_straight.png using Guid(ed38d27204d1ea149a9bb1e100a4f5a1) Importer(2089858483,b0f066a214c2f5e87bad3c948f4d605d) (ScriptedImporter) -> (artifact id: 'bf18a202bb3339c6e600264cc8de896d') in 0.0214497 seconds
Number of updated asset objects reloaded before import = 0Number of asset objects unloaded after import = 3

========================================================================
Received Import Request.
  Time since last request: 0.000028 seconds.
  path: Assets/GamerExtremo/RIP/Electric Puzzles_1.5/SQUARE/Square Branco/New Folder/5J.9.png
  artifactKey: Guid(ba6a6e844a0e61d4f873305effb19a40) Importer(2089858483,b0f066a214c2f5e87bad3c948f4d605d)
Start importing Assets/GamerExtremo/RIP/Electric Puzzles_1.5/SQUARE/Square Branco/New Folder/5J.9.png using Guid(ba6a6e844a0e61d4f873305effb19a40) Importer(2089858483,b0f066a214c2f5e87bad3c948f4d605d) (ScriptedImporter) -> (artifact id: '4111577046911ec483d9475ce0126fc9') in 0.022058 seconds
Number of updated asset objects reloaded before import = 0Number of asset objects unloaded after import = 3

========================================================================
Received Import Request.
  Time since last request: 0.000025 seconds.
  path: Assets/GamerExtremo/RIP/Electric Puzzles_1.5/✅ New Folder/TOMADAS/Bv.png
  artifactKey: Guid(75431344879976e45af7aed6551868e3) Importer(2089858483,b0f066a214c2f5e87bad3c948f4d605d)
Start importing Assets/GamerExtremo/RIP/Electric Puzzles_1.5/✅ New Folder/TOMADAS/Bv.png using Guid(75431344879976e45af7aed6551868e3) Importer(2089858483,b0f066a214c2f5e87bad3c948f4d605d) (ScriptedImporter) -> (artifact id: '64037b29c2119c2d5419dc7479f78098') in 0.0174204 seconds
Number of updated asset objects reloaded before import = 0Number of asset objects unloaded after import = 3

========================================================================
Received Import Request.
  Time since last request: 0.000070 seconds.
  path: Assets/GamerExtremo/res/DZ.png
  artifactKey: Guid(0e6124b2e3e3ad247b5fdc3c38cf75bc) Importer(2089858483,b0f066a214c2f5e87bad3c948f4d605d)
Start importing Assets/GamerExtremo/res/DZ.png using Guid(0e6124b2e3e3ad247b5fdc3c38cf75bc) Importer(2089858483,b0f066a214c2f5e87bad3c948f4d605d) (ScriptedImporter) -> (artifact id: 'f54af7cc8141da7335ff4e52c1dbbd8a') in 0.0162923 seconds
Number of updated asset objects reloaded before import = 0Number of asset objects unloaded after import = 3

========================================================================
Received Import Request.
  Time since last request: 0.000035 seconds.
  path: Assets/GamerExtremo/RIP/Electric Puzzles_1.5/Pictures/Grids
  artifactKey: Guid(5541eb561533e2b4b83049276fe8772c) Importer(2089858483,b0f066a214c2f5e87bad3c948f4d605d)
Start importing Assets/GamerExtremo/RIP/Electric Puzzles_1.5/Pictures/Grids using Guid(5541eb561533e2b4b83049276fe8772c) Importer(2089858483,b0f066a214c2f5e87bad3c948f4d605d) (ScriptedImporter) -> (artifact id: 'c021e6f4f86cbbc2fb2a57fb11d79dd3') in 0.0059954 seconds
Number of updated asset objects reloaded before import = 0Number of asset objects unloaded after import = 1

========================================================================
Received Import Request.
  Time since last request: 0.905796 seconds.
  path: Assets/GamerExtremo/RIP/Electric Puzzles_1.5/res/yY.9.png
  artifactKey: Guid(27f94e6da2fe73042851b78fbe97f959) Importer(2089858483,b0f066a214c2f5e87bad3c948f4d605d)
Start importing Assets/GamerExtremo/RIP/Electric Puzzles_1.5/res/yY.9.png using Guid(27f94e6da2fe73042851b78fbe97f959) Importer(2089858483,b0f066a214c2f5e87bad3c948f4d605d) (ScriptedImporter) -> (artifact id: '8d2659560c5412e72fa7a876a3d1d2e6') in 0.0314748 seconds
Number of updated asset objects reloaded before import = 0Number of asset objects unloaded after import = 3

========================================================================
Received Import Request.
  Time since last request: 0.000022 seconds.
  path: Assets/GamerExtremo/RIP/Electric Puzzles_1.5/res/E4.png
  artifactKey: Guid(3b8c351e1a722c0479aaa70b071f5980) Importer(2089858483,b0f066a214c2f5e87bad3c948f4d605d)
Start importing Assets/GamerExtremo/RIP/Electric Puzzles_1.5/res/E4.png using Guid(3b8c351e1a722c0479aaa70b071f5980) Importer(2089858483,b0f066a214c2f5e87bad3c948f4d605d) (ScriptedImporter) -> (artifact id: '99e89b8d73d484fa0e018d0ef86faea6') in 0.0158882 seconds
Number of updated asset objects reloaded before import = 0Number of asset objects unloaded after import = 3

========================================================================
Received Import Request.
  Time since last request: 0.000027 seconds.
  path: Assets/GamerExtremo/RIP/Electric Puzzles_1.5/✅ New Folder/EYES/E/nu.png
  artifactKey: Guid(a5c19fb1a76290c44a150e69f74024b0) Importer(2089858483,b0f066a214c2f5e87bad3c948f4d605d)
Start importing Assets/GamerExtremo/RIP/Electric Puzzles_1.5/✅ New Folder/EYES/E/nu.png using Guid(a5c19fb1a76290c44a150e69f74024b0) Importer(2089858483,b0f066a214c2f5e87bad3c948f4d605d) (ScriptedImporter) -> (artifact id: 'e756f2195ee4bea34874dfb29a2a2669') in 0.0226151 seconds
Number of updated asset objects reloaded before import = 0Number of asset objects unloaded after import = 3

========================================================================
Received Import Request.
  Time since last request: 0.000029 seconds.
  path: Assets/GamerExtremo/RIP/Electric Puzzles_1.5/✅ New Folder/XML/vJ.xml
  artifactKey: Guid(d3771f8832b144742b20ccf74de40fb3) Importer(2089858483,b0f066a214c2f5e87bad3c948f4d605d)
Start importing Assets/GamerExtremo/RIP/Electric Puzzles_1.5/✅ New Folder/XML/vJ.xml using Guid(d3771f8832b144742b20ccf74de40fb3) Importer(2089858483,b0f066a214c2f5e87bad3c948f4d605d) (ScriptedImporter) -> (artifact id: '0f30ddabe8814997a94e054d81a9a067') in 0.0076011 seconds
Number of updated asset objects reloaded before import = 0Number of asset objects unloaded after import = 1

========================================================================
Received Import Request.
  Time since last request: 0.000200 seconds.
  path: Assets/GamerExtremo/Pictures/resistor3.png
  artifactKey: Guid(c76c4fa2b0c13ee40ace612a750aceaf) Importer(2089858483,b0f066a214c2f5e87bad3c948f4d605d)
Start importing Assets/GamerExtremo/Pictures/resistor3.png using Guid(c76c4fa2b0c13ee40ace612a750aceaf) Importer(2089858483,b0f066a214c2f5e87bad3c948f4d605d) (ScriptedImporter) -> (artifact id: '75cc79690612949379dee6074c27aec4') in 0.0210667 seconds
Number of updated asset objects reloaded before import = 0Number of asset objects unloaded after import = 3

========================================================================
Received Import Request.
  Time since last request: 0.000034 seconds.
  path: Assets/GamerExtremo/RIP/Electric Puzzles_1.5/✅ New Folder/XML/cL.xml
  artifactKey: Guid(5485722f7bf098249b4e7f03745c1d30) Importer(2089858483,b0f066a214c2f5e87bad3c948f4d605d)
Start importing Assets/GamerExtremo/RIP/Electric Puzzles_1.5/✅ New Folder/XML/cL.xml using Guid(5485722f7bf098249b4e7f03745c1d30) Importer(2089858483,b0f066a214c2f5e87bad3c948f4d605d) (ScriptedImporter) -> (artifact id: '6c3c2eceb22410d4a9b877dbd9741b20') in 0.0082882 seconds
Number of updated asset objects reloaded before import = 0Number of asset objects unloaded after import = 1

========================================================================
Received Import Request.
  Time since last request: 0.000136 seconds.
  path: Assets/GamerExtremo/RIP/Electric Puzzles_1.5/✅ New Folder/XML/RD.xml
  artifactKey: Guid(7b62779d62c818845ba2ce1a7c9ba109) Importer(2089858483,b0f066a214c2f5e87bad3c948f4d605d)
Start importing Assets/GamerExtremo/RIP/Electric Puzzles_1.5/✅ New Folder/XML/RD.xml using Guid(7b62779d62c818845ba2ce1a7c9ba109) Importer(2089858483,b0f066a214c2f5e87bad3c948f4d605d) (ScriptedImporter) -> (artifact id: 'ae3604c32cbf58b153bbae97afec01a4') in 0.008684 seconds
Number of updated asset objects reloaded before import = 0Number of asset objects unloaded after import = 1

========================================================================
Received Import Request.
  Time since last request: 0.000055 seconds.
  path: Assets/GamerExtremo/RIP/Electric Puzzles_1.5/✅ New Folder/UPDATE
  artifactKey: Guid(72ad171aa54cb0748963ff81b1cb5e7d) Importer(2089858483,b0f066a214c2f5e87bad3c948f4d605d)
Start importing Assets/GamerExtremo/RIP/Electric Puzzles_1.5/✅ New Folder/UPDATE using Guid(72ad171aa54cb0748963ff81b1cb5e7d) Importer(2089858483,b0f066a214c2f5e87bad3c948f4d605d) (ScriptedImporter) -> (artifact id: 'd44cade7692baf8b92d0adb7cf04f839') in 0.006233 seconds
Number of updated asset objects reloaded before import = 0Number of asset objects unloaded after import = 1

========================================================================
Received Import Request.
  Time since last request: 0.000134 seconds.
  path: Assets/GamerExtremo/res/AN.png
  artifactKey: Guid(0f3fe527a3e18f44593ecfdf977560ed) Importer(2089858483,b0f066a214c2f5e87bad3c948f4d605d)
Start importing Assets/GamerExtremo/res/AN.png using Guid(0f3fe527a3e18f44593ecfdf977560ed) Importer(2089858483,b0f066a214c2f5e87bad3c948f4d605d) (ScriptedImporter) -> (artifact id: '5242e09eb8ed06a08723a9af8202ef75') in 0.0221522 seconds
Number of updated asset objects reloaded before import = 0Number of asset objects unloaded after import = 3

========================================================================
Received Import Request.
  Time since last request: 0.000024 seconds.
  path: Assets/GamerExtremo/res/Ot.png
  artifactKey: Guid(f5097384b53af6c4986b6aae0b88da66) Importer(2089858483,b0f066a214c2f5e87bad3c948f4d605d)
Start importing Assets/GamerExtremo/res/Ot.png using Guid(f5097384b53af6c4986b6aae0b88da66) Importer(2089858483,b0f066a214c2f5e87bad3c948f4d605d) (ScriptedImporter) -> (artifact id: '228ffc5e886fc90ad0c7859a2a58d779') in 0.0210606 seconds
Number of updated asset objects reloaded before import = 0Number of asset objects unloaded after import = 3

========================================================================
Received Import Request.
  Time since last request: 0.000029 seconds.
  path: Assets/GamerExtremo/res/xR.9.png
  artifactKey: Guid(340238ed32bb20942a65a8fa6baf7b78) Importer(2089858483,b0f066a214c2f5e87bad3c948f4d605d)
Start importing Assets/GamerExtremo/res/xR.9.png using Guid(340238ed32bb20942a65a8fa6baf7b78) Importer(2089858483,b0f066a214c2f5e87bad3c948f4d605d) (ScriptedImporter) -> (artifact id: '35675401e86e03540e7d5eba5eb1ebdb') in 0.0173301 seconds
Number of updated asset objects reloaded before import = 0Number of asset objects unloaded after import = 3

========================================================================
Received Import Request.
  Time since last request: 0.000026 seconds.
  path: Assets/GamerExtremo/Pictures/bulb_large.png
  artifactKey: Guid(378005e769164634b9242bd9955b9ce2) Importer(2089858483,b0f066a214c2f5e87bad3c948f4d605d)
Start importing Assets/GamerExtremo/Pictures/bulb_large.png using Guid(378005e769164634b9242bd9955b9ce2) Importer(2089858483,b0f066a214c2f5e87bad3c948f4d605d) (ScriptedImporter) -> (artifact id: 'e631a2e5c9c4815faa66e1f1958e2eca') in 0.0217579 seconds
Number of updated asset objects reloaded before import = 0Number of asset objects unloaded after import = 3

========================================================================
Received Import Request.
  Time since last request: 0.000058 seconds.
  path: Assets/GamerExtremo/res/lN.xml
  artifactKey: Guid(657612195eddf2245bcf9749e5045f34) Importer(2089858483,b0f066a214c2f5e87bad3c948f4d605d)
Start importing Assets/GamerExtremo/res/lN.xml using Guid(657612195eddf2245bcf9749e5045f34) Importer(2089858483,b0f066a214c2f5e87bad3c948f4d605d) (ScriptedImporter) -> (artifact id: 'd44e329acb239b9fbdc8c4bbffa33115') in 0.0103095 seconds
Number of updated asset objects reloaded before import = 0Number of asset objects unloaded after import = 1

========================================================================
Received Import Request.
  Time since last request: 0.000026 seconds.
  path: Assets/GamerExtremo/RIP/Electric Puzzles_1.5/res/vZ.xml
  artifactKey: Guid(94f36a6244314ca4bab91ada65cbab2a) Importer(2089858483,b0f066a214c2f5e87bad3c948f4d605d)
Start importing Assets/GamerExtremo/RIP/Electric Puzzles_1.5/res/vZ.xml using Guid(94f36a6244314ca4bab91ada65cbab2a) Importer(2089858483,b0f066a214c2f5e87bad3c948f4d605d) (ScriptedImporter) -> (artifact id: 'f601498cfdb9dfe3a1fed3d6515e7528') in 0.0104527 seconds
Number of updated asset objects reloaded before import = 0Number of asset objects unloaded after import = 1

========================================================================
Received Import Request.
  Time since last request: 0.000104 seconds.
  path: Assets/GamerExtremo/RIP/Electric Puzzles_1.5/✅ New Folder/PHONE/2/W5.png
  artifactKey: Guid(7f1886aa9863c144380a15559839db08) Importer(2089858483,b0f066a214c2f5e87bad3c948f4d605d)
Start importing Assets/GamerExtremo/RIP/Electric Puzzles_1.5/✅ New Folder/PHONE/2/W5.png using Guid(7f1886aa9863c144380a15559839db08) Importer(2089858483,b0f066a214c2f5e87bad3c948f4d605d) (ScriptedImporter) -> (artifact id: '9ae959a0964252471e0304e70cd57475') in 0.0218967 seconds
Number of updated asset objects reloaded before import = 0Number of asset objects unloaded after import = 3

========================================================================
Received Import Request.
  Time since last request: 0.000061 seconds.
  path: Assets/GamerExtremo/RIP/Electric Puzzles_1.5/✅ New Folder/PAUSE/1F.png
  artifactKey: Guid(0c43f2271377cd546bc7cc4b84efe45c) Importer(2089858483,b0f066a214c2f5e87bad3c948f4d605d)
Start importing Assets/GamerExtremo/RIP/Electric Puzzles_1.5/✅ New Folder/PAUSE/1F.png using Guid(0c43f2271377cd546bc7cc4b84efe45c) Importer(2089858483,b0f066a214c2f5e87bad3c948f4d605d) (ScriptedImporter) -> (artifact id: '2fc8c683718596285d628b17cf8d114e') in 0.0213727 seconds
Number of updated asset objects reloaded before import = 0Number of asset objects unloaded after import = 3

========================================================================
Received Import Request.
  Time since last request: 0.000028 seconds.
  path: Assets/GamerExtremo/res/Zt.png
  artifactKey: Guid(680405c2111f31b4e97d11d2b853612e) Importer(2089858483,b0f066a214c2f5e87bad3c948f4d605d)
Start importing Assets/GamerExtremo/res/Zt.png using Guid(680405c2111f31b4e97d11d2b853612e) Importer(2089858483,b0f066a214c2f5e87bad3c948f4d605d) (ScriptedImporter) -> (artifact id: 'fb4f95a8b7007fb741fbdb42d6df60c0') in 0.0213523 seconds
Number of updated asset objects reloaded before import = 0Number of asset objects unloaded after import = 3

========================================================================
Received Import Request.
  Time since last request: 0.000023 seconds.
  path: Assets/GamerExtremo/res/nP.xml
  artifactKey: Guid(13cc252f615b7b543aa38292611a7d4d) Importer(2089858483,b0f066a214c2f5e87bad3c948f4d605d)
Start importing Assets/GamerExtremo/res/nP.xml using Guid(13cc252f615b7b543aa38292611a7d4d) Importer(2089858483,b0f066a214c2f5e87bad3c948f4d605d) (ScriptedImporter) -> (artifact id: '2bdaa95dc55447ea0aa20d3972bfe50a') in 0.0084655 seconds
Number of updated asset objects reloaded before import = 0Number of asset objects unloaded after import = 1

========================================================================
Received Import Request.
  Time since last request: 0.000095 seconds.
  path: Assets/GamerExtremo/res/UT.png
  artifactKey: Guid(1cc47a83b6c47124785d5ae1a54db457) Importer(2089858483,b0f066a214c2f5e87bad3c948f4d605d)
Start importing Assets/GamerExtremo/res/UT.png using Guid(1cc47a83b6c47124785d5ae1a54db457) Importer(2089858483,b0f066a214c2f5e87bad3c948f4d605d) (ScriptedImporter) -> (artifact id: 'd2373e1ef57eee1b1962f5395171f338') in 0.0182372 seconds
Number of updated asset objects reloaded before import = 0Number of asset objects unloaded after import = 3

========================================================================
Received Import Request.
  Time since last request: 0.000026 seconds.
  path: Assets/GamerExtremo/RIP/Electric Puzzles_1.5/res/IF.png
  artifactKey: Guid(4edfa5d57a17b6b47a3f4d18be8e9e87) Importer(2089858483,b0f066a214c2f5e87bad3c948f4d605d)
Start importing Assets/GamerExtremo/RIP/Electric Puzzles_1.5/res/IF.png using Guid(4edfa5d57a17b6b47a3f4d18be8e9e87) Importer(2089858483,b0f066a214c2f5e87bad3c948f4d605d) (ScriptedImporter) -> (artifact id: '932cfa049ed2606b93b8d53c2d9235fa') in 0.0240252 seconds
Number of updated asset objects reloaded before import = 0Number of asset objects unloaded after import = 3

========================================================================
Received Import Request.
  Time since last request: 0.000024 seconds.
  path: Assets/GamerExtremo/RIP/Electric Puzzles_1.5/FIOS/retangulo horizontal/Pasta/rj.9.png
  artifactKey: Guid(5241f4d0fa84b2e41bccf388e22f7a23) Importer(2089858483,b0f066a214c2f5e87bad3c948f4d605d)
Start importing Assets/GamerExtremo/RIP/Electric Puzzles_1.5/FIOS/retangulo horizontal/Pasta/rj.9.png using Guid(5241f4d0fa84b2e41bccf388e22f7a23) Importer(2089858483,b0f066a214c2f5e87bad3c948f4d605d) (ScriptedImporter) -> (artifact id: '5e863848667a57f2c442043c3d0ba4d1') in 0.0243812 seconds
Number of updated asset objects reloaded before import = 0Number of asset objects unloaded after import = 3

========================================================================
Received Import Request.
  Time since last request: 0.000031 seconds.
  path: Assets/GamerExtremo/res/Oc.png
  artifactKey: Guid(1c5e7f23c3316be4fba60b6b7331ef6c) Importer(2089858483,b0f066a214c2f5e87bad3c948f4d605d)
Start importing Assets/GamerExtremo/res/Oc.png using Guid(1c5e7f23c3316be4fba60b6b7331ef6c) Importer(2089858483,b0f066a214c2f5e87bad3c948f4d605d) (ScriptedImporter) -> (artifact id: '1223fc9509e6952167f83f0ca74ccc22') in 0.018245 seconds
Number of updated asset objects reloaded before import = 0Number of asset objects unloaded after import = 3

========================================================================
Received Import Request.
  Time since last request: 0.000027 seconds.
  path: Assets/GamerExtremo/Resources/Player/jump (1).png
  artifactKey: Guid(0a3e637ee9a5a2d46ad8cfdc6b638882) Importer(2089858483,b0f066a214c2f5e87bad3c948f4d605d)
Start importing Assets/GamerExtremo/Resources/Player/jump (1).png using Guid(0a3e637ee9a5a2d46ad8cfdc6b638882) Importer(2089858483,b0f066a214c2f5e87bad3c948f4d605d) (ScriptedImporter) -> (artifact id: '4112a2aaae2f749ba1f04772b9c0e0f8') in 0.0221418 seconds
Number of updated asset objects reloaded before import = 0Number of asset objects unloaded after import = 3

========================================================================
Received Import Request.
  Time since last request: 0.000033 seconds.
  path: Assets/GamerExtremo/Resources/Bat/bat_walk (1).png
  artifactKey: Guid(5140af829a81d314a9fa3a264a5b987d) Importer(2089858483,b0f066a214c2f5e87bad3c948f4d605d)
Start importing Assets/GamerExtremo/Resources/Bat/bat_walk (1).png using Guid(5140af829a81d314a9fa3a264a5b987d) Importer(2089858483,b0f066a214c2f5e87bad3c948f4d605d) (ScriptedImporter) -> (artifact id: '903848b71ce6f347e006385b336a19be') in 0.025047 seconds
Number of updated asset objects reloaded before import = 0Number of asset objects unloaded after import = 3

========================================================================
Received Import Request.
  Time since last request: 0.000044 seconds.
  path: Assets/GamerExtremo/res/B-.png
  artifactKey: Guid(cee7c1a2ad36ed04fa3eba0d7e7b3c90) Importer(2089858483,b0f066a214c2f5e87bad3c948f4d605d)
Start importing Assets/GamerExtremo/res/B-.png using Guid(cee7c1a2ad36ed04fa3eba0d7e7b3c90) Importer(2089858483,b0f066a214c2f5e87bad3c948f4d605d) (ScriptedImporter) -> (artifact id: '252ad136b9c31649d642d66b00db07ce') in 0.0186516 seconds
Number of updated asset objects reloaded before import = 0Number of asset objects unloaded after import = 3

========================================================================
Received Import Request.
  Time since last request: 0.000059 seconds.
  path: Assets/GamerExtremo/RIP/Electric Puzzles_1.5/✅ New Folder/SOM/Vt.mp3
  artifactKey: Guid(60c44bacc959e0f419842d9e1ce3b9f8) Importer(2089858483,b0f066a214c2f5e87bad3c948f4d605d)
Start importing Assets/GamerExtremo/RIP/Electric Puzzles_1.5/✅ New Folder/SOM/Vt.mp3 using Guid(60c44bacc959e0f419842d9e1ce3b9f8) Importer(2089858483,b0f066a214c2f5e87bad3c948f4d605d) (ScriptedImporter) -> (artifact id: 'e7ac33247fdbf9cf474ef226e361c0ce') in 0.0463217 seconds
Number of updated asset objects reloaded before import = 0Number of asset objects unloaded after import = 1

========================================================================
Received Import Request.
  Time since last request: 0.000091 seconds.
  path: Assets/GamerExtremo/res/K_.9.png
  artifactKey: Guid(2439e4937d1284345baa8cc66b01daf1) Importer(2089858483,b0f066a214c2f5e87bad3c948f4d605d)
Start importing Assets/GamerExtremo/res/K_.9.png using Guid(2439e4937d1284345baa8cc66b01daf1) Importer(2089858483,b0f066a214c2f5e87bad3c948f4d605d) (ScriptedImporter) -> (artifact id: 'fc45e782f3fa054141d4460dc09a2fde') in 0.0144366 seconds
Number of updated asset objects reloaded before import = 0Number of asset objects unloaded after import = 3

========================================================================
Received Import Request.
  Time since last request: 0.000023 seconds.
  path: Assets/GamerExtremo/RIP/Electric Puzzles_1.5/SQUARE/Vertical/ev.9.png
  artifactKey: Guid(50819c4dff8e11c46a3c45a968037984) Importer(2089858483,b0f066a214c2f5e87bad3c948f4d605d)
Start importing Assets/GamerExtremo/RIP/Electric Puzzles_1.5/SQUARE/Vertical/ev.9.png using Guid(50819c4dff8e11c46a3c45a968037984) Importer(2089858483,b0f066a214c2f5e87bad3c948f4d605d) (ScriptedImporter) -> (artifact id: 'f35d1ae18ec492b3e84b267d931c0f77') in 0.0143121 seconds
Number of updated asset objects reloaded before import = 0Number of asset objects unloaded after import = 3

========================================================================
Received Import Request.
  Time since last request: 0.000019 seconds.
  path: Assets/GamerExtremo/res/3u.9.png
  artifactKey: Guid(a3d543404df39874cbc85440a07a5496) Importer(2089858483,b0f066a214c2f5e87bad3c948f4d605d)
Start importing Assets/GamerExtremo/res/3u.9.png using Guid(a3d543404df39874cbc85440a07a5496) Importer(2089858483,b0f066a214c2f5e87bad3c948f4d605d) (ScriptedImporter) -> (artifact id: 'cbb8373e86298a5157c56e414bf6cb22') in 0.0173937 seconds
Number of updated asset objects reloaded before import = 0Number of asset objects unloaded after import = 3

========================================================================
Received Import Request.
  Time since last request: 0.000023 seconds.
  path: Assets/GamerExtremo/res/o-.png
  artifactKey: Guid(dee5fb0d68f782a49bff0da5892506d7) Importer(2089858483,b0f066a214c2f5e87bad3c948f4d605d)
Start importing Assets/GamerExtremo/res/o-.png using Guid(dee5fb0d68f782a49bff0da5892506d7) Importer(2089858483,b0f066a214c2f5e87bad3c948f4d605d) (ScriptedImporter) -> (artifact id: '9f26b16dc2dac81f3a03bcbedc8a7b1e') in 0.0150517 seconds
Number of updated asset objects reloaded before import = 0Number of asset objects unloaded after import = 3

========================================================================
Received Import Request.
  Time since last request: 0.000022 seconds.
  path: Assets/GamerExtremo/Pictures/not_gate.png
  artifactKey: Guid(14bb49f25d95b06489518e05e4cc2ece) Importer(2089858483,b0f066a214c2f5e87bad3c948f4d605d)
Start importing Assets/GamerExtremo/Pictures/not_gate.png using Guid(14bb49f25d95b06489518e05e4cc2ece) Importer(2089858483,b0f066a214c2f5e87bad3c948f4d605d) (ScriptedImporter) -> (artifact id: 'f9c32db9e62aed4cc403cc0ed8f64062') in 0.0151156 seconds
Number of updated asset objects reloaded before import = 0Number of asset objects unloaded after import = 3

========================================================================
Received Import Request.
  Time since last request: 0.000024 seconds.
  path: Assets/GamerExtremo/res/OG.png
  artifactKey: Guid(d3627c67ef89b2742b15d005950fda66) Importer(2089858483,b0f066a214c2f5e87bad3c948f4d605d)
Start importing Assets/GamerExtremo/res/OG.png using Guid(d3627c67ef89b2742b15d005950fda66) Importer(2089858483,b0f066a214c2f5e87bad3c948f4d605d) (ScriptedImporter) -> (artifact id: 'cba250f17be73b3fc1932155547f5f60') in 0.0153469 seconds
Number of updated asset objects reloaded before import = 0Number of asset objects unloaded after import = 3

========================================================================
Received Import Request.
  Time since last request: 0.000025 seconds.
  path: Assets/GamerExtremo/RIP/Electric Puzzles_1.5/✅ New Folder/XML/ci.xml
  artifactKey: Guid(962705b864b74fb43a7763a4a69d1058) Importer(2089858483,b0f066a214c2f5e87bad3c948f4d605d)
Start importing Assets/GamerExtremo/RIP/Electric Puzzles_1.5/✅ New Folder/XML/ci.xml using Guid(962705b864b74fb43a7763a4a69d1058) Importer(2089858483,b0f066a214c2f5e87bad3c948f4d605d) (ScriptedImporter) -> (artifact id: '6efd74b7466835f712ccc323fead301b') in 0.0072255 seconds
Number of updated asset objects reloaded before import = 0Number of asset objects unloaded after import = 1

========================================================================
Received Import Request.
  Time since last request: 0.000022 seconds.
  path: Assets/GamerExtremo/RIP/Electric Puzzles_1.5/FIOS/retangulo horizontal/hP.9.png
  artifactKey: Guid(bbe5ce47282ae004995b535d4711487c) Importer(2089858483,b0f066a214c2f5e87bad3c948f4d605d)
Start importing Assets/GamerExtremo/RIP/Electric Puzzles_1.5/FIOS/retangulo horizontal/hP.9.png using Guid(bbe5ce47282ae004995b535d4711487c) Importer(2089858483,b0f066a214c2f5e87bad3c948f4d605d) (ScriptedImporter) -> (artifact id: 'b08c3ca802f5450f3346882ab6fd8395') in 0.0191517 seconds
Number of updated asset objects reloaded before import = 0Number of asset objects unloaded after import = 3

========================================================================
Received Import Request.
  Time since last request: 0.000021 seconds.
  path: Assets/GamerExtremo/RIP/Electric Puzzles_1.5/SQUARE/Square no Center
  artifactKey: Guid(0b0e1e1798649b9489602834cd321ba0) Importer(2089858483,b0f066a214c2f5e87bad3c948f4d605d)
Start importing Assets/GamerExtremo/RIP/Electric Puzzles_1.5/SQUARE/Square no Center using Guid(0b0e1e1798649b9489602834cd321ba0) Importer(2089858483,b0f066a214c2f5e87bad3c948f4d605d) (ScriptedImporter) -> (artifact id: 'f10595347fe5eedb972859bf3e3b21db') in 0.0055393 seconds
Number of updated asset objects reloaded before import = 0Number of asset objects unloaded after import = 1

========================================================================
Received Import Request.
  Time since last request: 0.000096 seconds.
  path: Assets/GamerExtremo/res/Xx.xml
  artifactKey: Guid(8072a1f9e4ab4a1429de646af2f93f34) Importer(2089858483,b0f066a214c2f5e87bad3c948f4d605d)
Start importing Assets/GamerExtremo/res/Xx.xml using Guid(8072a1f9e4ab4a1429de646af2f93f34) Importer(2089858483,b0f066a214c2f5e87bad3c948f4d605d) (ScriptedImporter) -> (artifact id: '2d4445ae5c9f6d815d6be38f90819c7a') in 0.0067002 seconds
Number of updated asset objects reloaded before import = 0Number of asset objects unloaded after import = 1

========================================================================
Received Import Request.
  Time since last request: 0.000434 seconds.
  path: Assets/GamerExtremo/RIP/Electric Puzzles_1.5/res/3A.xml
  artifactKey: Guid(638f5fc3dec2ee149b0056aa2e6bb338) Importer(2089858483,b0f066a214c2f5e87bad3c948f4d605d)
Start importing Assets/GamerExtremo/RIP/Electric Puzzles_1.5/res/3A.xml using Guid(638f5fc3dec2ee149b0056aa2e6bb338) Importer(2089858483,b0f066a214c2f5e87bad3c948f4d605d) (ScriptedImporter) -> (artifact id: '424eb4afe1a57c8acf8f6f970d6e90a2') in 0.0065503 seconds
Number of updated asset objects reloaded before import = 0Number of asset objects unloaded after import = 1

========================================================================
Received Import Request.
  Time since last request: 0.000122 seconds.
  path: Assets/GamerExtremo/res/xu.png
  artifactKey: Guid(19e5d40c8e0f7ad43bc7be0a1a7d7ded) Importer(2089858483,b0f066a214c2f5e87bad3c948f4d605d)
Start importing Assets/GamerExtremo/res/xu.png using Guid(19e5d40c8e0f7ad43bc7be0a1a7d7ded) Importer(2089858483,b0f066a214c2f5e87bad3c948f4d605d) (ScriptedImporter) -> (artifact id: 'e3b1c41a6470750c7e89d85c6e1ff43d') in 0.0172188 seconds
Number of updated asset objects reloaded before import = 0Number of asset objects unloaded after import = 3

========================================================================
Received Import Request.
  Time since last request: 0.000024 seconds.
  path: Assets/GamerExtremo/Resources/Player/crouch_defend (2).png
  artifactKey: Guid(d58f607f1228bd54e8c17d658e41ce34) Importer(2089858483,b0f066a214c2f5e87bad3c948f4d605d)
Start importing Assets/GamerExtremo/Resources/Player/crouch_defend (2).png using Guid(d58f607f1228bd54e8c17d658e41ce34) Importer(2089858483,b0f066a214c2f5e87bad3c948f4d605d) (ScriptedImporter) -> (artifact id: '284e4e36d436b2d2b0a9bbf77510433f') in 0.0150055 seconds
Number of updated asset objects reloaded before import = 0Number of asset objects unloaded after import = 3

========================================================================
Received Import Request.
  Time since last request: 0.000022 seconds.
  path: Assets/GamerExtremo/RIP/Electric Puzzles_1.5/Pictures/wire_el_block.png
  artifactKey: Guid(b0aa9ca7c47f5984d9a07e7313acbcfe) Importer(2089858483,b0f066a214c2f5e87bad3c948f4d605d)
Start importing Assets/GamerExtremo/RIP/Electric Puzzles_1.5/Pictures/wire_el_block.png using Guid(b0aa9ca7c47f5984d9a07e7313acbcfe) Importer(2089858483,b0f066a214c2f5e87bad3c948f4d605d) (ScriptedImporter) -> (artifact id: '5277ae4f17c9e45fce05a07f67e59854') in 0.0170973 seconds
Number of updated asset objects reloaded before import = 0Number of asset objects unloaded after import = 3

========================================================================
Received Import Request.
  Time since last request: 0.000027 seconds.
  path: Assets/GamerExtremo/res/8c.png
  artifactKey: Guid(6a42690d0cebb7f4283cb46e3e1aacbf) Importer(2089858483,b0f066a214c2f5e87bad3c948f4d605d)
Start importing Assets/GamerExtremo/res/8c.png using Guid(6a42690d0cebb7f4283cb46e3e1aacbf) Importer(2089858483,b0f066a214c2f5e87bad3c948f4d605d) (ScriptedImporter) -> (artifact id: '118a4e7858452fbcd9935b346fb8e919') in 0.0170312 seconds
Number of updated asset objects reloaded before import = 0Number of asset objects unloaded after import = 3

========================================================================
Received Import Request.
  Time since last request: 0.000033 seconds.
  path: Assets/GamerExtremo/res/8h.9.png
  artifactKey: Guid(35b2fcaad9699d349af8eb3d8795b3a7) Importer(2089858483,b0f066a214c2f5e87bad3c948f4d605d)
Start importing Assets/GamerExtremo/res/8h.9.png using Guid(35b2fcaad9699d349af8eb3d8795b3a7) Importer(2089858483,b0f066a214c2f5e87bad3c948f4d605d) (ScriptedImporter) -> (artifact id: '0ce98c39b11620ab1ea3cd037c813b8b') in 0.0150647 seconds
Number of updated asset objects reloaded before import = 0Number of asset objects unloaded after import = 3

========================================================================
Received Import Request.
  Time since last request: 0.000022 seconds.
  path: Assets/GamerExtremo/res/29.xml
  artifactKey: Guid(000f1e477286f7d45853960c0c208eb3) Importer(2089858483,b0f066a214c2f5e87bad3c948f4d605d)
Start importing Assets/GamerExtremo/res/29.xml using Guid(000f1e477286f7d45853960c0c208eb3) Importer(2089858483,b0f066a214c2f5e87bad3c948f4d605d) (ScriptedImporter) -> (artifact id: '42aa1b95825158c0c302242d5ab6c6cc') in 0.0078954 seconds
Number of updated asset objects reloaded before import = 0Number of asset objects unloaded after import = 1

========================================================================
Received Import Request.
  Time since last request: 0.000145 seconds.
  path: Assets/GamerExtremo/RIP/Electric Puzzles_1.5/res/Yi.png
  artifactKey: Guid(89473bc1131ef2a43ad109808e6b6b76) Importer(2089858483,b0f066a214c2f5e87bad3c948f4d605d)
Start importing Assets/GamerExtremo/RIP/Electric Puzzles_1.5/res/Yi.png using Guid(89473bc1131ef2a43ad109808e6b6b76) Importer(2089858483,b0f066a214c2f5e87bad3c948f4d605d) (ScriptedImporter) -> (artifact id: '2661bc31fe2d47822afc1969a6000a1c') in 0.0158562 seconds
Number of updated asset objects reloaded before import = 0Number of asset objects unloaded after import = 3

========================================================================
Received Import Request.
  Time since last request: 0.000023 seconds.
  path: Assets/GamerExtremo/RIP/Electric Puzzles_1.5/FIOS/resistor
  artifactKey: Guid(766256dd0e7afce4ea769a29b28c835e) Importer(2089858483,b0f066a214c2f5e87bad3c948f4d605d)
Start importing Assets/GamerExtremo/RIP/Electric Puzzles_1.5/FIOS/resistor using Guid(766256dd0e7afce4ea769a29b28c835e) Importer(2089858483,b0f066a214c2f5e87bad3c948f4d605d) (ScriptedImporter) -> (artifact id: 'a253042257d912b3afbc2976f6fec476') in 0.0054049 seconds
Number of updated asset objects reloaded before import = 0Number of asset objects unloaded after import = 1

========================================================================
Received Import Request.
  Time since last request: 0.000103 seconds.
  path: Assets/GamerExtremo/RIP/Electric Puzzles_1.5/SQUARE/4 Square verde/2K.9.png
  artifactKey: Guid(710787989d5a7004085189e15ae8496f) Importer(2089858483,b0f066a214c2f5e87bad3c948f4d605d)
Start importing Assets/GamerExtremo/RIP/Electric Puzzles_1.5/SQUARE/4 Square verde/2K.9.png using Guid(710787989d5a7004085189e15ae8496f) Importer(2089858483,b0f066a214c2f5e87bad3c948f4d605d) (ScriptedImporter) -> (artifact id: 'b45f89c3bdec3e61ec724fca172abded') in 0.013546 seconds
Number of updated asset objects reloaded before import = 0Number of asset objects unloaded after import = 3

========================================================================
Received Import Request.
  Time since last request: 0.000026 seconds.
  path: Assets/GamerExtremo/RIP/Electric Puzzles_1.5/res/7R.png
  artifactKey: Guid(fd06d69031ec87349948b9c97de68d24) Importer(2089858483,b0f066a214c2f5e87bad3c948f4d605d)
Start importing Assets/GamerExtremo/RIP/Electric Puzzles_1.5/res/7R.png using Guid(fd06d69031ec87349948b9c97de68d24) Importer(2089858483,b0f066a214c2f5e87bad3c948f4d605d) (ScriptedImporter) -> (artifact id: 'ea68b7f24493b1776b0bccb59d465e6b') in 0.0148888 seconds
Number of updated asset objects reloaded before import = 0Number of asset objects unloaded after import = 3

========================================================================
Received Import Request.
  Time since last request: 0.000021 seconds.
  path: Assets/GamerExtremo/RIP/Electric Puzzles_1.5/res/wb.png
  artifactKey: Guid(406788e8b8e91674484d327d2aaae0e3) Importer(2089858483,b0f066a214c2f5e87bad3c948f4d605d)
Start importing Assets/GamerExtremo/RIP/Electric Puzzles_1.5/res/wb.png using Guid(406788e8b8e91674484d327d2aaae0e3) Importer(2089858483,b0f066a214c2f5e87bad3c948f4d605d) (ScriptedImporter) -> (artifact id: 'be558e211c7ba29955acdd0723b456ba') in 0.0182435 seconds
Number of updated asset objects reloaded before import = 0Number of asset objects unloaded after import = 3

========================================================================
Received Import Request.
  Time since last request: 0.000028 seconds.
  path: Assets/GamerExtremo/RIP/Electric Puzzles_1.5/✅ New Folder/XML/lN.xml
  artifactKey: Guid(30825bed08910364195b57cdc69a76e1) Importer(2089858483,b0f066a214c2f5e87bad3c948f4d605d)
Start importing Assets/GamerExtremo/RIP/Electric Puzzles_1.5/✅ New Folder/XML/lN.xml using Guid(30825bed08910364195b57cdc69a76e1) Importer(2089858483,b0f066a214c2f5e87bad3c948f4d605d) (ScriptedImporter) -> (artifact id: 'c27df0c755057473b05be1694a56def5') in 0.0082788 seconds
Number of updated asset objects reloaded before import = 0Number of asset objects unloaded after import = 1

========================================================================
Received Import Request.
  Time since last request: 0.951333 seconds.
  path: Assets/GamerExtremo/RIP/Electric Puzzles_1.5/✅ New Folder/CHAVE DE BOCA/eQ.png
  artifactKey: Guid(001e28c8cd86ec64eb1d05d1d0ff2461) Importer(2089858483,b0f066a214c2f5e87bad3c948f4d605d)
Start importing Assets/GamerExtremo/RIP/Electric Puzzles_1.5/✅ New Folder/CHAVE DE BOCA/eQ.png using Guid(001e28c8cd86ec64eb1d05d1d0ff2461) Importer(2089858483,b0f066a214c2f5e87bad3c948f4d605d) (ScriptedImporter) -> (artifact id: '80cc7ad7273251eadbae89453e987fd4') in 0.0362186 seconds
Number of updated asset objects reloaded before import = 0Number of asset objects unloaded after import = 3

========================================================================
Received Import Request.
  Time since last request: 0.000024 seconds.
  path: Assets/GamerExtremo/res/M1.png
  artifactKey: Guid(bbea2022a539a944ca8395dd5bd12d33) Importer(2089858483,b0f066a214c2f5e87bad3c948f4d605d)
Start importing Assets/GamerExtremo/res/M1.png using Guid(bbea2022a539a944ca8395dd5bd12d33) Importer(2089858483,b0f066a214c2f5e87bad3c948f4d605d) (ScriptedImporter) -> (artifact id: 'f656a4d4dcac90b1321b410cf469a798') in 0.0207193 seconds
Number of updated asset objects reloaded before import = 0Number of asset objects unloaded after import = 3

========================================================================
Received Import Request.
  Time since last request: 0.000032 seconds.
  path: Assets/GamerExtremo/Resources/Enemy1/skeleton_1_defend (2).png
  artifactKey: Guid(fee266e212f970344acc4cf967104205) Importer(2089858483,b0f066a214c2f5e87bad3c948f4d605d)
Start importing Assets/GamerExtremo/Resources/Enemy1/skeleton_1_defend (2).png using Guid(fee266e212f970344acc4cf967104205) Importer(2089858483,b0f066a214c2f5e87bad3c948f4d605d) (ScriptedImporter) -> (artifact id: '0f777d6e702cbb684f5ebed14ade2fe2') in 0.0225619 seconds
Number of updated asset objects reloaded before import = 0Number of asset objects unloaded after import = 3

========================================================================
Received Import Request.
  Time since last request: 0.000033 seconds.
  path: Assets/GamerExtremo/RIP/Electric Puzzles_1.5/res/Tn.xml
  artifactKey: Guid(1d3af5e093d0c94468e1bd084df848c2) Importer(2089858483,b0f066a214c2f5e87bad3c948f4d605d)
Start importing Assets/GamerExtremo/RIP/Electric Puzzles_1.5/res/Tn.xml using Guid(1d3af5e093d0c94468e1bd084df848c2) Importer(2089858483,b0f066a214c2f5e87bad3c948f4d605d) (ScriptedImporter) -> (artifact id: 'cf585766f28820d090f790f6e5e6f695') in 0.0117814 seconds
Number of updated asset objects reloaded before import = 0Number of asset objects unloaded after import = 1

========================================================================
Received Import Request.
  Time since last request: 0.000209 seconds.
  path: Assets/GamerExtremo/res/jJ.png
  artifactKey: Guid(bf6274d93ecd7374ba42d09c6e843217) Importer(2089858483,b0f066a214c2f5e87bad3c948f4d605d)
Start importing Assets/GamerExtremo/res/jJ.png using Guid(bf6274d93ecd7374ba42d09c6e843217) Importer(2089858483,b0f066a214c2f5e87bad3c948f4d605d) (ScriptedImporter) -> (artifact id: '8616f6f45dc7242aa99145ea4246e965') in 0.0246108 seconds
Number of updated asset objects reloaded before import = 0Number of asset objects unloaded after import = 3

========================================================================
Received Import Request.
  Time since last request: 0.000022 seconds.
  path: Assets/GamerExtremo/RIP/Electric Puzzles_1.5/res/9P.xml
  artifactKey: Guid(77e79fab69678d544899ecd0c486a224) Importer(2089858483,b0f066a214c2f5e87bad3c948f4d605d)
Start importing Assets/GamerExtremo/RIP/Electric Puzzles_1.5/res/9P.xml using Guid(77e79fab69678d544899ecd0c486a224) Importer(2089858483,b0f066a214c2f5e87bad3c948f4d605d) (ScriptedImporter) -> (artifact id: '8ec46c364c08ee536436d8f5c8915a7c') in 0.0079172 seconds
Number of updated asset objects reloaded before import = 0Number of asset objects unloaded after import = 1

========================================================================
Received Import Request.
  Time since last request: 0.000210 seconds.
  path: Assets/GamerExtremo/RIP/Electric Puzzles_1.5/✅ New Folder/XML/9m.xml
  artifactKey: Guid(6d62918408787584690a508043348cd8) Importer(2089858483,b0f066a214c2f5e87bad3c948f4d605d)
Start importing Assets/GamerExtremo/RIP/Electric Puzzles_1.5/✅ New Folder/XML/9m.xml using Guid(6d62918408787584690a508043348cd8) Importer(2089858483,b0f066a214c2f5e87bad3c948f4d605d) (ScriptedImporter) -> (artifact id: 'ce86d367a2a36875afdd703bdddfa29b') in 0.0122809 seconds
Number of updated asset objects reloaded before import = 0Number of asset objects unloaded after import = 1

========================================================================
Received Import Request.
  Time since last request: 0.000042 seconds.
  path: Assets/GamerExtremo/RIP/Electric Puzzles_1.5/res/rW.xml
  artifactKey: Guid(60c86f12d5fc5674cbff7711681ba890) Importer(2089858483,b0f066a214c2f5e87bad3c948f4d605d)
Start importing Assets/GamerExtremo/RIP/Electric Puzzles_1.5/res/rW.xml using Guid(60c86f12d5fc5674cbff7711681ba890) Importer(2089858483,b0f066a214c2f5e87bad3c948f4d605d) (ScriptedImporter) -> (artifact id: '212e03296d7db716e121feba93cf154f') in 0.0088668 seconds
Number of updated asset objects reloaded before import = 0Number of asset objects unloaded after import = 1

========================================================================
Received Import Request.
  Time since last request: 0.000030 seconds.
  path: Assets/GamerExtremo/RIP/Electric Puzzles_1.5/✅ New Folder/UPDATE/ANTI TIME/n2.png
  artifactKey: Guid(82350b5ac6b5fcf4ea579816172abe09) Importer(2089858483,b0f066a214c2f5e87bad3c948f4d605d)
Start importing Assets/GamerExtremo/RIP/Electric Puzzles_1.5/✅ New Folder/UPDATE/ANTI TIME/n2.png using Guid(82350b5ac6b5fcf4ea579816172abe09) Importer(2089858483,b0f066a214c2f5e87bad3c948f4d605d) (ScriptedImporter) -> (artifact id: 'cd35fd1b1bc5a4558dea205bd37593e9') in 0.0174449 seconds
Number of updated asset objects reloaded before import = 0Number of asset objects unloaded after import = 3

========================================================================
Received Import Request.
  Time since last request: 0.000038 seconds.
  path: Assets/GamerExtremo/RIP/Electric Puzzles_1.5/✅ New Folder/CADEADO CLOSE/JF.png
  artifactKey: Guid(85df6739bf21bd848b07d67b11f1a92e) Importer(2089858483,b0f066a214c2f5e87bad3c948f4d605d)
Start importing Assets/GamerExtremo/RIP/Electric Puzzles_1.5/✅ New Folder/CADEADO CLOSE/JF.png using Guid(85df6739bf21bd848b07d67b11f1a92e) Importer(2089858483,b0f066a214c2f5e87bad3c948f4d605d) (ScriptedImporter) -> (artifact id: '05e6ad1942d9e23196e555ff327d3d0b') in 0.0178396 seconds
Number of updated asset objects reloaded before import = 0Number of asset objects unloaded after import = 3

========================================================================
Received Import Request.
  Time since last request: 0.000025 seconds.
  path: Assets/GamerExtremo/RIP/Electric Puzzles_1.5/✅ New Folder/XML/bb.xml
  artifactKey: Guid(f49db926166ebd44e874002f95e57dc1) Importer(2089858483,b0f066a214c2f5e87bad3c948f4d605d)
Start importing Assets/GamerExtremo/RIP/Electric Puzzles_1.5/✅ New Folder/XML/bb.xml using Guid(f49db926166ebd44e874002f95e57dc1) Importer(2089858483,b0f066a214c2f5e87bad3c948f4d605d) (ScriptedImporter) -> (artifact id: '96f9c6477270c358a7c2f4c7a63f3dc6') in 0.0069092 seconds
Number of updated asset objects reloaded before import = 0Number of asset objects unloaded after import = 1

========================================================================
Received Import Request.
  Time since last request: 0.000061 seconds.
  path: Assets/GamerExtremo/RIP/Electric Puzzles_1.5/res/7Q.png
  artifactKey: Guid(056529fa9ac8da84c9976d6c66b6867f) Importer(2089858483,b0f066a214c2f5e87bad3c948f4d605d)
Start importing Assets/GamerExtremo/RIP/Electric Puzzles_1.5/res/7Q.png using Guid(056529fa9ac8da84c9976d6c66b6867f) Importer(2089858483,b0f066a214c2f5e87bad3c948f4d605d) (ScriptedImporter) -> (artifact id: 'd84d7c7ec8e3e93731fe30e977451755') in 0.0177315 seconds
Number of updated asset objects reloaded before import = 0Number of asset objects unloaded after import = 3

========================================================================
Received Import Request.
  Time since last request: 0.000023 seconds.
  path: Assets/GamerExtremo/RIP/Electric Puzzles_1.5/res/rv.xml
  artifactKey: Guid(dde6c212843e2be46b282ccf7e8da3e3) Importer(2089858483,b0f066a214c2f5e87bad3c948f4d605d)
Start importing Assets/GamerExtremo/RIP/Electric Puzzles_1.5/res/rv.xml using Guid(dde6c212843e2be46b282ccf7e8da3e3) Importer(2089858483,b0f066a214c2f5e87bad3c948f4d605d) (ScriptedImporter) -> (artifact id: '2cc413ccf81468aa2642f00ddba758a1') in 0.0084102 seconds
Number of updated asset objects reloaded before import = 0Number of asset objects unloaded after import = 1

========================================================================
Received Import Request.
  Time since last request: 0.000099 seconds.
  path: Assets/GamerExtremo/RIP/Electric Puzzles_1.5/✅ New Folder/XML/9V.xml
  artifactKey: Guid(d525ce99d47ee2c46997e77d2672eee0) Importer(2089858483,b0f066a214c2f5e87bad3c948f4d605d)
Start importing Assets/GamerExtremo/RIP/Electric Puzzles_1.5/✅ New Folder/XML/9V.xml using Guid(d525ce99d47ee2c46997e77d2672eee0) Importer(2089858483,b0f066a214c2f5e87bad3c948f4d605d) (ScriptedImporter) -> (artifact id: '8420ab59a15580c7cb6e689b52d6d276') in 0.0063713 seconds
Number of updated asset objects reloaded before import = 0Number of asset objects unloaded after import = 1

========================================================================
Received Import Request.
  Time since last request: 0.000050 seconds.
  path: Assets/GamerExtremo/RIP/Electric Puzzles_1.5/res/UR.png
  artifactKey: Guid(c4ac0a3fbcb644f4c86261f905e94959) Importer(2089858483,b0f066a214c2f5e87bad3c948f4d605d)
Start importing Assets/GamerExtremo/RIP/Electric Puzzles_1.5/res/UR.png using Guid(c4ac0a3fbcb644f4c86261f905e94959) Importer(2089858483,b0f066a214c2f5e87bad3c948f4d605d) (ScriptedImporter) -> (artifact id: '181ba0a1bafcd279335dd7f3914b2202') in 0.0173496 seconds
Number of updated asset objects reloaded before import = 0Number of asset objects unloaded after import = 3

========================================================================
Received Import Request.
  Time since last request: 0.000020 seconds.
  path: Assets/GamerExtremo/RIP/Electric Puzzles_1.5/✅ New Folder/CAM/td.png
  artifactKey: Guid(9bf40c8dbb0daf446bc1a8d78921f569) Importer(2089858483,b0f066a214c2f5e87bad3c948f4d605d)
Start importing Assets/GamerExtremo/RIP/Electric Puzzles_1.5/✅ New Folder/CAM/td.png using Guid(9bf40c8dbb0daf446bc1a8d78921f569) Importer(2089858483,b0f066a214c2f5e87bad3c948f4d605d) (ScriptedImporter) -> (artifact id: 'ffe71c908a06c1c333b643b9db6c139f') in 0.0145344 seconds
Number of updated asset objects reloaded before import = 0Number of asset objects unloaded after import = 3

========================================================================
Received Import Request.
  Time since last request: 0.000024 seconds.
  path: Assets/GamerExtremo/RIP/Electric Puzzles_1.5/✅ New Folder/CAR/IG.png
  artifactKey: Guid(6153f6b4eae7a4247bafce64d935c284) Importer(2089858483,b0f066a214c2f5e87bad3c948f4d605d)
Start importing Assets/GamerExtremo/RIP/Electric Puzzles_1.5/✅ New Folder/CAR/IG.png using Guid(6153f6b4eae7a4247bafce64d935c284) Importer(2089858483,b0f066a214c2f5e87bad3c948f4d605d) (ScriptedImporter) -> (artifact id: '7dad5a4ea3ac9a9e5f2a136584d004ed') in 0.015475 seconds
Number of updated asset objects reloaded before import = 0Number of asset objects unloaded after import = 3

========================================================================
Received Import Request.
  Time since last request: 0.000020 seconds.
  path: Assets/GamerExtremo/RIP/Electric Puzzles_1.5/FIOS/black/Yw.9.png
  artifactKey: Guid(69fdc7f28e46eba42a7c9d5fb2716104) Importer(2089858483,b0f066a214c2f5e87bad3c948f4d605d)
Start importing Assets/GamerExtremo/RIP/Electric Puzzles_1.5/FIOS/black/Yw.9.png using Guid(69fdc7f28e46eba42a7c9d5fb2716104) Importer(2089858483,b0f066a214c2f5e87bad3c948f4d605d) (ScriptedImporter) -> (artifact id: '1f0d4b4d0ed72a865b85c7a2b06c8181') in 0.0146418 seconds
Number of updated asset objects reloaded before import = 0Number of asset objects unloaded after import = 3

========================================================================
Received Import Request.
  Time since last request: 0.000022 seconds.
  path: Assets/GamerExtremo/res/yV.png
  artifactKey: Guid(a63d632833e38c642a872ec0fed0f866) Importer(2089858483,b0f066a214c2f5e87bad3c948f4d605d)
Start importing Assets/GamerExtremo/res/yV.png using Guid(a63d632833e38c642a872ec0fed0f866) Importer(2089858483,b0f066a214c2f5e87bad3c948f4d605d) (ScriptedImporter) -> (artifact id: 'dea30af31736eb6d7b820a5775bc8f22') in 0.0217207 seconds
Number of updated asset objects reloaded before import = 0Number of asset objects unloaded after import = 3

========================================================================
Received Import Request.
  Time since last request: 0.000026 seconds.
  path: Assets/GamerExtremo/RIP/Electric Puzzles_1.5/✅ New Folder/XML/zq.xml
  artifactKey: Guid(af7e7d141e8be484f99f14242743fe7d) Importer(2089858483,b0f066a214c2f5e87bad3c948f4d605d)
Start importing Assets/GamerExtremo/RIP/Electric Puzzles_1.5/✅ New Folder/XML/zq.xml using Guid(af7e7d141e8be484f99f14242743fe7d) Importer(2089858483,b0f066a214c2f5e87bad3c948f4d605d) (ScriptedImporter) -> (artifact id: '91239f6fe1182dcd1e3fd47368bf9cab') in 0.0089394 seconds
Number of updated asset objects reloaded before import = 0Number of asset objects unloaded after import = 1

========================================================================
Received Import Request.
  Time since last request: 0.000161 seconds.
  path: Assets/GamerExtremo/res/K-.xml
  artifactKey: Guid(99202eeb8ed39574d936b4a2747ece3c) Importer(2089858483,b0f066a214c2f5e87bad3c948f4d605d)
Start importing Assets/GamerExtremo/res/K-.xml using Guid(99202eeb8ed39574d936b4a2747ece3c) Importer(2089858483,b0f066a214c2f5e87bad3c948f4d605d) (ScriptedImporter) -> (artifact id: 'd9a8586fb860fbab9e93c209d9ba7cfc') in 0.0072279 seconds
Number of updated asset objects reloaded before import = 0Number of asset objects unloaded after import = 1

========================================================================
Received Import Request.
  Time since last request: 0.000137 seconds.
  path: Assets/GamerExtremo/Resources/Sounds/Theme.mp3
  artifactKey: Guid(596cf35da81643142b3ece20f77c050d) Importer(2089858483,b0f066a214c2f5e87bad3c948f4d605d)
Start importing Assets/GamerExtremo/Resources/Sounds/Theme.mp3 using Guid(596cf35da81643142b3ece20f77c050d) Importer(2089858483,b0f066a214c2f5e87bad3c948f4d605d) (ScriptedImporter) -> (artifact id: 'b5096926892935d916f976510f096c0d') in 0.2701775 seconds
Number of updated asset objects reloaded before import = 0Number of asset objects unloaded after import = 1

========================================================================
Received Import Request.
  Time since last request: 0.000030 seconds.
  path: Assets/GamerExtremo/res/U0.xml
  artifactKey: Guid(926f64c8c7f9eaa4890e8d2efcdbe40c) Importer(2089858483,b0f066a214c2f5e87bad3c948f4d605d)
Start importing Assets/GamerExtremo/res/U0.xml using Guid(926f64c8c7f9eaa4890e8d2efcdbe40c) Importer(2089858483,b0f066a214c2f5e87bad3c948f4d605d) (ScriptedImporter) -> (artifact id: 'c274914cd526cf5ee1b60db524ce6cf8') in 0.0069531 seconds
Number of updated asset objects reloaded before import = 0Number of asset objects unloaded after import = 1

========================================================================
Received Import Request.
  Time since last request: 0.000090 seconds.
  path: Assets/GamerExtremo/RIP/Electric Puzzles_1.5/✅ New Folder/TOMADAS/Tr.png
  artifactKey: Guid(f22f2741bcc1f54468ab0c42af7f338b) Importer(2089858483,b0f066a214c2f5e87bad3c948f4d605d)
Start importing Assets/GamerExtremo/RIP/Electric Puzzles_1.5/✅ New Folder/TOMADAS/Tr.png using Guid(f22f2741bcc1f54468ab0c42af7f338b) Importer(2089858483,b0f066a214c2f5e87bad3c948f4d605d) (ScriptedImporter) -> (artifact id: '6190e25396b5aadefa4b90e47b2295a9') in 0.0180279 seconds
Number of updated asset objects reloaded before import = 0Number of asset objects unloaded after import = 3

========================================================================
Received Import Request.
  Time since last request: 0.000027 seconds.
  path: Assets/GamerExtremo/RIP/Electric Puzzles_1.5/res/K_.9.png
  artifactKey: Guid(e8f27bfddbd7a89479f2fae64489c887) Importer(2089858483,b0f066a214c2f5e87bad3c948f4d605d)
Start importing Assets/GamerExtremo/RIP/Electric Puzzles_1.5/res/K_.9.png using Guid(e8f27bfddbd7a89479f2fae64489c887) Importer(2089858483,b0f066a214c2f5e87bad3c948f4d605d) (ScriptedImporter) -> (artifact id: 'efd5145a48a47474854c8d679e47cc60') in 0.0160742 seconds
Number of updated asset objects reloaded before import = 0Number of asset objects unloaded after import = 3

========================================================================
Received Import Request.
  Time since last request: 0.000025 seconds.
  path: Assets/GamerExtremo/ThanksManager.cs
  artifactKey: Guid(cb9b9fc24f94872448f4ff96aa6bca95) Importer(2089858483,b0f066a214c2f5e87bad3c948f4d605d)
Start importing Assets/GamerExtremo/ThanksManager.cs using Guid(cb9b9fc24f94872448f4ff96aa6bca95) Importer(2089858483,b0f066a214c2f5e87bad3c948f4d605d) (ScriptedImporter) -> (artifact id: '7fa607ed497cc75ba2930f220c93d85f') in 0.009285 seconds
Number of updated asset objects reloaded before import = 0Number of asset objects unloaded after import = 0

========================================================================
Received Import Request.
  Time since last request: 0.000598 seconds.
  path: Assets/GamerExtremo/res/D3.png
  artifactKey: Guid(b4fa95e8227d1a64797cd77462497272) Importer(2089858483,b0f066a214c2f5e87bad3c948f4d605d)
Start importing Assets/GamerExtremo/res/D3.png using Guid(b4fa95e8227d1a64797cd77462497272) Importer(2089858483,b0f066a214c2f5e87bad3c948f4d605d) (ScriptedImporter) -> (artifact id: '2df0c71a6914fd6d3dcce9ad21db517e') in 0.0170088 seconds
Number of updated asset objects reloaded before import = 0Number of asset objects unloaded after import = 3

========================================================================
Received Import Request.
  Time since last request: 0.000021 seconds.
  path: Assets/GamerExtremo/RIP/Electric Puzzles_1.5/res/q6.xml
  artifactKey: Guid(ffdedccb25b72f741bfc8480faa58380) Importer(2089858483,b0f066a214c2f5e87bad3c948f4d605d)
Start importing Assets/GamerExtremo/RIP/Electric Puzzles_1.5/res/q6.xml using Guid(ffdedccb25b72f741bfc8480faa58380) Importer(2089858483,b0f066a214c2f5e87bad3c948f4d605d) (ScriptedImporter) -> (artifact id: '856f0ade302535a61764c5b1a1500b89') in 0.0071003 seconds
Number of updated asset objects reloaded before import = 0Number of asset objects unloaded after import = 1

========================================================================
Received Import Request.
  Time since last request: 0.000134 seconds.
  path: Assets/GamerExtremo/Pictures/wire_el.png
  artifactKey: Guid(fcaec02eac992774aa50a4a9f8e87492) Importer(2089858483,b0f066a214c2f5e87bad3c948f4d605d)
Start importing Assets/GamerExtremo/Pictures/wire_el.png using Guid(fcaec02eac992774aa50a4a9f8e87492) Importer(2089858483,b0f066a214c2f5e87bad3c948f4d605d) (ScriptedImporter) -> (artifact id: 'b5e1210d7465c86048c83073b667b4b1') in 0.017157 seconds
Number of updated asset objects reloaded before import = 0Number of asset objects unloaded after import = 3

========================================================================
Received Import Request.
  Time since last request: 0.000024 seconds.
  path: Assets/GamerExtremo/RIP/Electric Puzzles_1.5/res/pk.png
  artifactKey: Guid(c8978e59fd1b013409540bc0b8899000) Importer(2089858483,b0f066a214c2f5e87bad3c948f4d605d)
Start importing Assets/GamerExtremo/RIP/Electric Puzzles_1.5/res/pk.png using Guid(c8978e59fd1b013409540bc0b8899000) Importer(2089858483,b0f066a214c2f5e87bad3c948f4d605d) (ScriptedImporter) -> (artifact id: '0bcbaa6f5ccde6d64dde7c63173584e3') in 0.0160761 seconds
Number of updated asset objects reloaded before import = 0Number of asset objects unloaded after import = 3

========================================================================
Received Import Request.
  Time since last request: 0.000023 seconds.
  path: Assets/GamerExtremo/res/DD.png
  artifactKey: Guid(721b43644177caa4fb9b431bb6ec1301) Importer(2089858483,b0f066a214c2f5e87bad3c948f4d605d)
Start importing Assets/GamerExtremo/res/DD.png using Guid(721b43644177caa4fb9b431bb6ec1301) Importer(2089858483,b0f066a214c2f5e87bad3c948f4d605d) (ScriptedImporter) -> (artifact id: 'd0e1775d8ca6c5970c41062dcac86136') in 0.0148409 seconds
Number of updated asset objects reloaded before import = 0Number of asset objects unloaded after import = 3

========================================================================
Received Import Request.
  Time since last request: 0.000022 seconds.
  path: Assets/GamerExtremo/RIP/Electric Puzzles_1.5/SQUARE/6 montain/lK.png
  artifactKey: Guid(f053841fb09500c4fa80f1f6744ba2dd) Importer(2089858483,b0f066a214c2f5e87bad3c948f4d605d)
Start importing Assets/GamerExtremo/RIP/Electric Puzzles_1.5/SQUARE/6 montain/lK.png using Guid(f053841fb09500c4fa80f1f6744ba2dd) Importer(2089858483,b0f066a214c2f5e87bad3c948f4d605d) (ScriptedImporter) -> (artifact id: 'c8cff87372e02347ed457d1195883f9e') in 0.0158741 seconds
Number of updated asset objects reloaded before import = 0Number of asset objects unloaded after import = 3

========================================================================
Received Import Request.
  Time since last request: 0.000022 seconds.
  path: Assets/GamerExtremo/RIP/Electric Puzzles_1.5/res/c5.xml
  artifactKey: Guid(3213b7ac76781404ea876ba06403f290) Importer(2089858483,b0f066a214c2f5e87bad3c948f4d605d)
Start importing Assets/GamerExtremo/RIP/Electric Puzzles_1.5/res/c5.xml using Guid(3213b7ac76781404ea876ba06403f290) Importer(2089858483,b0f066a214c2f5e87bad3c948f4d605d) (ScriptedImporter) -> (artifact id: '7c5a29795e4d9c1c46d7283340517800') in 0.0069774 seconds
Number of updated asset objects reloaded before import = 0Number of asset objects unloaded after import = 1

========================================================================
Received Import Request.
  Time since last request: 0.000024 seconds.
  path: Assets/GamerExtremo/RIP/Electric Puzzles_1.5/res/Ma.9.png
  artifactKey: Guid(167b1f8c57bbb7d4a971f507c504db09) Importer(2089858483,b0f066a214c2f5e87bad3c948f4d605d)
Start importing Assets/GamerExtremo/RIP/Electric Puzzles_1.5/res/Ma.9.png using Guid(167b1f8c57bbb7d4a971f507c504db09) Importer(2089858483,b0f066a214c2f5e87bad3c948f4d605d) (ScriptedImporter) -> (artifact id: '5630390f7130aaa0311c63584705cb35') in 0.0155031 seconds
Number of updated asset objects reloaded before import = 0Number of asset objects unloaded after import = 3

========================================================================
Received Import Request.
  Time since last request: 0.000023 seconds.
  path: Assets/GamerExtremo/RIP/Electric Puzzles_1.5/✅ New Folder/SETA GREEN/HY.png
  artifactKey: Guid(58664e917d4318645b432c2d470d591f) Importer(2089858483,b0f066a214c2f5e87bad3c948f4d605d)
Start importing Assets/GamerExtremo/RIP/Electric Puzzles_1.5/✅ New Folder/SETA GREEN/HY.png using Guid(58664e917d4318645b432c2d470d591f) Importer(2089858483,b0f066a214c2f5e87bad3c948f4d605d) (ScriptedImporter) -> (artifact id: '2e0d46976bdf29cf1bf9eae536279ae3') in 0.017152 seconds
Number of updated asset objects reloaded before import = 0Number of asset objects unloaded after import = 3

========================================================================
Received Import Request.
  Time since last request: 0.000022 seconds.
  path: Assets/GamerExtremo/RIP/Electric Puzzles_1.5/✅ New Folder/CIRCLE/CIRCLE G/Gray/7R.png
  artifactKey: Guid(e98cafe0ec6587f40acdf0cb5f1315c0) Importer(2089858483,b0f066a214c2f5e87bad3c948f4d605d)
Start importing Assets/GamerExtremo/RIP/Electric Puzzles_1.5/✅ New Folder/CIRCLE/CIRCLE G/Gray/7R.png using Guid(e98cafe0ec6587f40acdf0cb5f1315c0) Importer(2089858483,b0f066a214c2f5e87bad3c948f4d605d) (ScriptedImporter) -> (artifact id: 'e39ada218152d7bd4ef57ea90a77a16c') in 0.0138309 seconds
Number of updated asset objects reloaded before import = 0Number of asset objects unloaded after import = 3

========================================================================
Received Import Request.
  Time since last request: 0.000028 seconds.
  path: Assets/GamerExtremo/res/n-.png
  artifactKey: Guid(fb67fa6ee46606a46b55370316cc837e) Importer(2089858483,b0f066a214c2f5e87bad3c948f4d605d)
Start importing Assets/GamerExtremo/res/n-.png using Guid(fb67fa6ee46606a46b55370316cc837e) Importer(2089858483,b0f066a214c2f5e87bad3c948f4d605d) (ScriptedImporter) -> (artifact id: '9989ca5dd7363a66f11bb87d080b4eec') in 0.0163113 seconds
Number of updated asset objects reloaded before import = 0Number of asset objects unloaded after import = 3

========================================================================
Received Import Request.
  Time since last request: 0.000034 seconds.
  path: Assets/GamerExtremo/Pictures/gateslevel13.png
  artifactKey: Guid(1239246eb5ac91f4d97e1102ebf2df52) Importer(2089858483,b0f066a214c2f5e87bad3c948f4d605d)
Start importing Assets/GamerExtremo/Pictures/gateslevel13.png using Guid(1239246eb5ac91f4d97e1102ebf2df52) Importer(2089858483,b0f066a214c2f5e87bad3c948f4d605d) (ScriptedImporter) -> (artifact id: '4d1d13543b07c572bc59980806d82eb5') in 0.0164552 seconds
Number of updated asset objects reloaded before import = 0Number of asset objects unloaded after import = 3

========================================================================
Received Import Request.
  Time since last request: 0.000023 seconds.
  path: Assets/GamerExtremo/RIP/Electric Puzzles_1.5/res/XW.xml
  artifactKey: Guid(fd556581d31e9f142aa27b8a6f6523ff) Importer(2089858483,b0f066a214c2f5e87bad3c948f4d605d)
Start importing Assets/GamerExtremo/RIP/Electric Puzzles_1.5/res/XW.xml using Guid(fd556581d31e9f142aa27b8a6f6523ff) Importer(2089858483,b0f066a214c2f5e87bad3c948f4d605d) (ScriptedImporter) -> (artifact id: 'd48687fa7f694acd995dc2483b502266') in 0.0057423 seconds
Number of updated asset objects reloaded before import = 0Number of asset objects unloaded after import = 1

========================================================================
Received Import Request.
  Time since last request: 0.000062 seconds.
  path: Assets/GamerExtremo/RIP/Electric Puzzles_1.5/res/QW.png
  artifactKey: Guid(4c20d1dff07e5b14fae4f2d6c17f19d4) Importer(2089858483,b0f066a214c2f5e87bad3c948f4d605d)
Start importing Assets/GamerExtremo/RIP/Electric Puzzles_1.5/res/QW.png using Guid(4c20d1dff07e5b14fae4f2d6c17f19d4) Importer(2089858483,b0f066a214c2f5e87bad3c948f4d605d) (ScriptedImporter) -> (artifact id: '8ee500577081d72125bffcbe77a6217d') in 0.0173478 seconds
Number of updated asset objects reloaded before import = 0Number of asset objects unloaded after import = 3

========================================================================
Received Import Request.
  Time since last request: 0.000022 seconds.
  path: Assets/GamerExtremo/RIP/Electric Puzzles_1.5/✅ New Folder/INFO/oS.png
  artifactKey: Guid(011c1d1a5aa4f294fbf8bb2b65d47491) Importer(2089858483,b0f066a214c2f5e87bad3c948f4d605d)
Start importing Assets/GamerExtremo/RIP/Electric Puzzles_1.5/✅ New Folder/INFO/oS.png using Guid(011c1d1a5aa4f294fbf8bb2b65d47491) Importer(2089858483,b0f066a214c2f5e87bad3c948f4d605d) (ScriptedImporter) -> (artifact id: '6354906acafd234d635fecc16c16ba62') in 0.0146964 seconds
Number of updated asset objects reloaded before import = 0Number of asset objects unloaded after import = 3

========================================================================
Received Import Request.
  Time since last request: 0.000022 seconds.
  path: Assets/GamerExtremo/res/5s.png
  artifactKey: Guid(c5d485fbfb415d348af219c95df9a881) Importer(2089858483,b0f066a214c2f5e87bad3c948f4d605d)
Start importing Assets/GamerExtremo/res/5s.png using Guid(c5d485fbfb415d348af219c95df9a881) Importer(2089858483,b0f066a214c2f5e87bad3c948f4d605d) (ScriptedImporter) -> (artifact id: '918f1d1419438b960da61af857fc3233') in 0.0167738 seconds
Number of updated asset objects reloaded before import = 0Number of asset objects unloaded after import = 3

========================================================================
Received Import Request.
  Time since last request: 0.000023 seconds.
  path: Assets/GamerExtremo/RIP/Electric Puzzles_1.5/res/z-.9.png
  artifactKey: Guid(fbe96b20fba1f5445940c9b60998b196) Importer(2089858483,b0f066a214c2f5e87bad3c948f4d605d)
Start importing Assets/GamerExtremo/RIP/Electric Puzzles_1.5/res/z-.9.png using Guid(fbe96b20fba1f5445940c9b60998b196) Importer(2089858483,b0f066a214c2f5e87bad3c948f4d605d) (ScriptedImporter) -> (artifact id: '5dad18e55150fc60ef6c17d43837793f') in 0.0152961 seconds
Number of updated asset objects reloaded before import = 0Number of asset objects unloaded after import = 3

========================================================================
Received Import Request.
  Time since last request: 0.000023 seconds.
  path: Assets/GamerExtremo/RIP/Electric Puzzles_1.5/✅ New Folder/CIRCLE/CIRCLE +PLUSS  -MINUS/SO.png
  artifactKey: Guid(e3313f7c14bec5545a72fd1c78ab4d54) Importer(2089858483,b0f066a214c2f5e87bad3c948f4d605d)
Start importing Assets/GamerExtremo/RIP/Electric Puzzles_1.5/✅ New Folder/CIRCLE/CIRCLE +PLUSS  -MINUS/SO.png using Guid(e3313f7c14bec5545a72fd1c78ab4d54) Importer(2089858483,b0f066a214c2f5e87bad3c948f4d605d) (ScriptedImporter) -> (artifact id: '6ad939ab5b6f9699dbe745f5286c537b') in 0.0170942 seconds
Number of updated asset objects reloaded before import = 0Number of asset objects unloaded after import = 3

========================================================================
Received Import Request.
  Time since last request: 0.000023 seconds.
  path: Assets/GamerExtremo/Pictures/Grids
  artifactKey: Guid(f2f62bbc6d87d7b49a6ff1907f7e4d80) Importer(2089858483,b0f066a214c2f5e87bad3c948f4d605d)
Start importing Assets/GamerExtremo/Pictures/Grids using Guid(f2f62bbc6d87d7b49a6ff1907f7e4d80) Importer(2089858483,b0f066a214c2f5e87bad3c948f4d605d) (ScriptedImporter) -> (artifact id: '2cbf7a62f15857013e09cf553b02770d') in 0.0057237 seconds
Number of updated asset objects reloaded before import = 0Number of asset objects unloaded after import = 1

========================================================================
Received Import Request.
  Time since last request: 0.000099 seconds.
  path: Assets/GamerExtremo/RIP/Electric Puzzles_1.5/✅ New Folder/EYES/W/80.png
  artifactKey: Guid(718f9f476c511cc48860105ff7ebc3e4) Importer(2089858483,b0f066a214c2f5e87bad3c948f4d605d)
Start importing Assets/GamerExtremo/RIP/Electric Puzzles_1.5/✅ New Folder/EYES/W/80.png using Guid(718f9f476c511cc48860105ff7ebc3e4) Importer(2089858483,b0f066a214c2f5e87bad3c948f4d605d) (ScriptedImporter) -> (artifact id: '2dc2dc66423af9af830a2fee086ba2b5') in 0.0167836 seconds
Number of updated asset objects reloaded before import = 0Number of asset objects unloaded after import = 3

========================================================================
Received Import Request.
  Time since last request: 0.000025 seconds.
  path: Assets/GamerExtremo/RIP/Electric Puzzles_1.5/SQUARE/cinza/tU.9.png
  artifactKey: Guid(ee803d958ebf3ed40b8cb6ed608b935d) Importer(2089858483,b0f066a214c2f5e87bad3c948f4d605d)
Start importing Assets/GamerExtremo/RIP/Electric Puzzles_1.5/SQUARE/cinza/tU.9.png using Guid(ee803d958ebf3ed40b8cb6ed608b935d) Importer(2089858483,b0f066a214c2f5e87bad3c948f4d605d) (ScriptedImporter) -> (artifact id: '6af3039a952a5c1b596ecce6324feba8') in 0.0210243 seconds
Number of updated asset objects reloaded before import = 0Number of asset objects unloaded after import = 3

========================================================================
Received Import Request.
  Time since last request: 0.000029 seconds.
  path: Assets/GamerExtremo/RIP/Electric Puzzles_1.5/✅ New Folder/CHAVE DE BOCA/_G.png
  artifactKey: Guid(a86eb42b5eff2ff41b77b660b21a30cd) Importer(2089858483,b0f066a214c2f5e87bad3c948f4d605d)
Start importing Assets/GamerExtremo/RIP/Electric Puzzles_1.5/✅ New Folder/CHAVE DE BOCA/_G.png using Guid(a86eb42b5eff2ff41b77b660b21a30cd) Importer(2089858483,b0f066a214c2f5e87bad3c948f4d605d) (ScriptedImporter) -> (artifact id: '3ec9011636a4df0e80c798db0fb4ca13') in 0.0155242 seconds
Number of updated asset objects reloaded before import = 0Number of asset objects unloaded after import = 3

========================================================================
Received Import Request.
  Time since last request: 0.000024 seconds.
  path: Assets/GamerExtremo/res/color/common_google_signin_btn_text_dark.xml
  artifactKey: Guid(aad32053ea11e93448c824e95f897b50) Importer(2089858483,b0f066a214c2f5e87bad3c948f4d605d)
Start importing Assets/GamerExtremo/res/color/common_google_signin_btn_text_dark.xml using Guid(aad32053ea11e93448c824e95f897b50) Importer(2089858483,b0f066a214c2f5e87bad3c948f4d605d) (ScriptedImporter) -> (artifact id: 'b71a709731e3de1bd0e61ad8ba769706') in 0.0077923 seconds
Number of updated asset objects reloaded before import = 0Number of asset objects unloaded after import = 1

========================================================================
Received Import Request.
  Time since last request: 0.000102 seconds.
  path: Assets/GamerExtremo/RIP/Electric Puzzles_1.5/Pictures/wire_200.png
  artifactKey: Guid(ced3f2ae59e36c74f989f0114d31d72c) Importer(2089858483,b0f066a214c2f5e87bad3c948f4d605d)
Start importing Assets/GamerExtremo/RIP/Electric Puzzles_1.5/Pictures/wire_200.png using Guid(ced3f2ae59e36c74f989f0114d31d72c) Importer(2089858483,b0f066a214c2f5e87bad3c948f4d605d) (ScriptedImporter) -> (artifact id: '7c9e505287c4e8cfccf92a43ac35fbff') in 0.0155247 seconds
Number of updated asset objects reloaded before import = 0Number of asset objects unloaded after import = 3

========================================================================
Received Import Request.
  Time since last request: 0.000023 seconds.
  path: Assets/GamerExtremo/RIP/Electric Puzzles_1.5/res/n-.png
  artifactKey: Guid(1774abf3ec85d514fa49a8c445924bf0) Importer(2089858483,b0f066a214c2f5e87bad3c948f4d605d)
Start importing Assets/GamerExtremo/RIP/Electric Puzzles_1.5/res/n-.png using Guid(1774abf3ec85d514fa49a8c445924bf0) Importer(2089858483,b0f066a214c2f5e87bad3c948f4d605d) (ScriptedImporter) -> (artifact id: '6f97db5896c30c7b0ef2e560059b220f') in 0.0169011 seconds
Number of updated asset objects reloaded before import = 0Number of asset objects unloaded after import = 3

========================================================================
Received Import Request.
  Time since last request: 0.000027 seconds.
  path: Assets/GamerExtremo/Resources/Player/run (9).png
  artifactKey: Guid(d13f09ea52b46bf4dbc7310910158e4e) Importer(2089858483,b0f066a214c2f5e87bad3c948f4d605d)
Start importing Assets/GamerExtremo/Resources/Player/run (9).png using Guid(d13f09ea52b46bf4dbc7310910158e4e) Importer(2089858483,b0f066a214c2f5e87bad3c948f4d605d) (ScriptedImporter) -> (artifact id: '4f692342bcf234489b8fbdd91237d1d9') in 0.0176858 seconds
Number of updated asset objects reloaded before import = 0Number of asset objects unloaded after import = 3

========================================================================
Received Import Request.
  Time since last request: 0.000035 seconds.
  path: Assets/GamerExtremo/RIP/Electric Puzzles_1.5/res/zR.png
  artifactKey: Guid(e1a67fde05e72a240aaa229abc8b13e9) Importer(2089858483,b0f066a214c2f5e87bad3c948f4d605d)
Start importing Assets/GamerExtremo/RIP/Electric Puzzles_1.5/res/zR.png using Guid(e1a67fde05e72a240aaa229abc8b13e9) Importer(2089858483,b0f066a214c2f5e87bad3c948f4d605d) (ScriptedImporter) -> (artifact id: 'd5d205930d2d4f04e189fb002e9d01ee') in 0.0155099 seconds
Number of updated asset objects reloaded before import = 0Number of asset objects unloaded after import = 3

========================================================================
Received Import Request.
  Time since last request: 0.000023 seconds.
  path: Assets/GamerExtremo/RIP/Electric Puzzles_1.5/✅ New Folder/CHAVE DE BOCA/vp.png
  artifactKey: Guid(7e7829db77980f14bb2b92117fb26887) Importer(2089858483,b0f066a214c2f5e87bad3c948f4d605d)
Start importing Assets/GamerExtremo/RIP/Electric Puzzles_1.5/✅ New Folder/CHAVE DE BOCA/vp.png using Guid(7e7829db77980f14bb2b92117fb26887) Importer(2089858483,b0f066a214c2f5e87bad3c948f4d605d) (ScriptedImporter) -> (artifact id: '48ced3f29d2991de7a2bbf0d5eb55b9d') in 0.0185572 seconds
Number of updated asset objects reloaded before import = 0Number of asset objects unloaded after import = 3

========================================================================
Received Import Request.
  Time since last request: 0.000022 seconds.
  path: Assets/GamerExtremo/RIP/Electric Puzzles_1.5/res/7C.png
  artifactKey: Guid(a08c9f4c12389b54c916c959cf3d00db) Importer(2089858483,b0f066a214c2f5e87bad3c948f4d605d)
Start importing Assets/GamerExtremo/RIP/Electric Puzzles_1.5/res/7C.png using Guid(a08c9f4c12389b54c916c959cf3d00db) Importer(2089858483,b0f066a214c2f5e87bad3c948f4d605d) (ScriptedImporter) -> (artifact id: 'fb0d86a1542f2d2ba3b02850a8d2bc4e') in 0.0135262 seconds
Number of updated asset objects reloaded before import = 0Number of asset objects unloaded after import = 3

========================================================================
Received Import Request.
  Time since last request: 0.000021 seconds.
  path: Assets/GamerExtremo/RIP/Electric Puzzles_1.5/res/Qd.xml
  artifactKey: Guid(95d1adf8611e3f34f96f232d56b16a2f) Importer(2089858483,b0f066a214c2f5e87bad3c948f4d605d)
Start importing Assets/GamerExtremo/RIP/Electric Puzzles_1.5/res/Qd.xml using Guid(95d1adf8611e3f34f96f232d56b16a2f) Importer(2089858483,b0f066a214c2f5e87bad3c948f4d605d) (ScriptedImporter) -> (artifact id: '02d5c17ec0e4021826ab8d431e556fda') in 0.0066362 seconds
Number of updated asset objects reloaded before import = 0Number of asset objects unloaded after import = 1

========================================================================
Received Import Request.
  Time since last request: 0.000081 seconds.
  path: Assets/GamerExtremo/RIP/Electric Puzzles_1.5/res/hg.png
  artifactKey: Guid(4c4549ed1451476479b3cf8a67bb6d0e) Importer(2089858483,b0f066a214c2f5e87bad3c948f4d605d)
Start importing Assets/GamerExtremo/RIP/Electric Puzzles_1.5/res/hg.png using Guid(4c4549ed1451476479b3cf8a67bb6d0e) Importer(2089858483,b0f066a214c2f5e87bad3c948f4d605d) (ScriptedImporter) -> (artifact id: '677b4531455b9c78033886cc2a4fbf14') in 0.0180338 seconds
Number of updated asset objects reloaded before import = 0Number of asset objects unloaded after import = 3

========================================================================
Received Import Request.
  Time since last request: 0.000024 seconds.
  path: Assets/GamerExtremo/RIP/Electric Puzzles_1.5/✅ New Folder/INFO/_n.png
  artifactKey: Guid(b1ca4c720bb93944aa20de18b1b7e67c) Importer(2089858483,b0f066a214c2f5e87bad3c948f4d605d)
Start importing Assets/GamerExtremo/RIP/Electric Puzzles_1.5/✅ New Folder/INFO/_n.png using Guid(b1ca4c720bb93944aa20de18b1b7e67c) Importer(2089858483,b0f066a214c2f5e87bad3c948f4d605d) (ScriptedImporter) -> (artifact id: 'baf99b09b19e1aa8e435cdfcc3166df8') in 0.0187751 seconds
Number of updated asset objects reloaded before import = 0Number of asset objects unloaded after import = 3

========================================================================
Received Import Request.
  Time since last request: 0.000025 seconds.
  path: Assets/GamerExtremo/RIP/Electric Puzzles_1.5/✅ New Folder/BULB/DQ.png
  artifactKey: Guid(ed8577e84e14cc74ea82f62f9a919807) Importer(2089858483,b0f066a214c2f5e87bad3c948f4d605d)
Start importing Assets/GamerExtremo/RIP/Electric Puzzles_1.5/✅ New Folder/BULB/DQ.png using Guid(ed8577e84e14cc74ea82f62f9a919807) Importer(2089858483,b0f066a214c2f5e87bad3c948f4d605d) (ScriptedImporter) -> (artifact id: '21d6d5f34f7ddc9ccc3f066712e176c9') in 0.0152709 seconds
Number of updated asset objects reloaded before import = 0Number of asset objects unloaded after import = 3

========================================================================
Received Import Request.
  Time since last request: 0.000023 seconds.
  path: Assets/GamerExtremo/res/z-.9.png
  artifactKey: Guid(7ce3c00ed0eadbc43ad37b1e142aaf7d) Importer(2089858483,b0f066a214c2f5e87bad3c948f4d605d)
Start importing Assets/GamerExtremo/res/z-.9.png using Guid(7ce3c00ed0eadbc43ad37b1e142aaf7d) Importer(2089858483,b0f066a214c2f5e87bad3c948f4d605d) (ScriptedImporter) -> (artifact id: '7a61d9856356fb09c47e12eb89465411') in 0.0138112 seconds
Number of updated asset objects reloaded before import = 0Number of asset objects unloaded after import = 3

========================================================================
Received Import Request.
  Time since last request: 0.000027 seconds.
  path: Assets/GamerExtremo/Resources/Sounds/audio
  artifactKey: Guid(ccf6df848fc3adc46b7b9874fb229cc9) Importer(2089858483,b0f066a214c2f5e87bad3c948f4d605d)
Start importing Assets/GamerExtremo/Resources/Sounds/audio using Guid(ccf6df848fc3adc46b7b9874fb229cc9) Importer(2089858483,b0f066a214c2f5e87bad3c948f4d605d) (ScriptedImporter) -> (artifact id: '0d54d6b301ce2970e5a5593b4c62a163') in 0.007933 seconds
Number of updated asset objects reloaded before import = 0Number of asset objects unloaded after import = 1

========================================================================
Received Import Request.
  Time since last request: 0.000026 seconds.
  path: Assets/GamerExtremo/res/6H.png
  artifactKey: Guid(7ffe02470efc67a40ab4e2dbb9439f9a) Importer(2089858483,b0f066a214c2f5e87bad3c948f4d605d)
Start importing Assets/GamerExtremo/res/6H.png using Guid(7ffe02470efc67a40ab4e2dbb9439f9a) Importer(2089858483,b0f066a214c2f5e87bad3c948f4d605d) (ScriptedImporter) -> (artifact id: 'f0c7b39e3c35b7bc80b629fed1a941d6') in 0.0262475 seconds
Number of updated asset objects reloaded before import = 0Number of asset objects unloaded after import = 3

========================================================================
Received Import Request.
  Time since last request: 0.000032 seconds.
  path: Assets/GamerExtremo/RIP/Electric Puzzles_1.5/✅ New Folder/EYES/E/dm.png
  artifactKey: Guid(9ef035aececcf9d47b638cfb442863b8) Importer(2089858483,b0f066a214c2f5e87bad3c948f4d605d)
Start importing Assets/GamerExtremo/RIP/Electric Puzzles_1.5/✅ New Folder/EYES/E/dm.png using Guid(9ef035aececcf9d47b638cfb442863b8) Importer(2089858483,b0f066a214c2f5e87bad3c948f4d605d) (ScriptedImporter) -> (artifact id: 'f464a7cf87d178390b1433e62e64c805') in 0.0205267 seconds
Number of updated asset objects reloaded before import = 0Number of asset objects unloaded after import = 3

========================================================================
Received Import Request.
  Time since last request: 0.000023 seconds.
  path: Assets/GamerExtremo/RIP/Electric Puzzles_1.5/✅ New Folder/DINHEIRO/BAG MONEY/kS.png
  artifactKey: Guid(4d3f8da54d2c89d448e7558d0474e463) Importer(2089858483,b0f066a214c2f5e87bad3c948f4d605d)
Start importing Assets/GamerExtremo/RIP/Electric Puzzles_1.5/✅ New Folder/DINHEIRO/BAG MONEY/kS.png using Guid(4d3f8da54d2c89d448e7558d0474e463) Importer(2089858483,b0f066a214c2f5e87bad3c948f4d605d) (ScriptedImporter) -> (artifact id: '40c2b76ba36a8ebf622a1036d580da35') in 0.01906 seconds
Number of updated asset objects reloaded before import = 0Number of asset objects unloaded after import = 3

========================================================================
Received Import Request.
  Time since last request: 0.000028 seconds.
  path: Assets/GamerExtremo/RIP/Electric Puzzles_1.5/✅ New Folder/XML/cr.xml
  artifactKey: Guid(948cf1537a6bdcf449d9e27c97a7eec4) Importer(2089858483,b0f066a214c2f5e87bad3c948f4d605d)
Start importing Assets/GamerExtremo/RIP/Electric Puzzles_1.5/✅ New Folder/XML/cr.xml using Guid(948cf1537a6bdcf449d9e27c97a7eec4) Importer(2089858483,b0f066a214c2f5e87bad3c948f4d605d) (ScriptedImporter) -> (artifact id: 'b49648dc8de62c2088da982e4e5beb90') in 0.0069335 seconds
Number of updated asset objects reloaded before import = 0Number of asset objects unloaded after import = 1

========================================================================
Received Import Request.
  Time since last request: 0.000124 seconds.
  path: Assets/GamerExtremo/RIP/Electric Puzzles_1.5/res/Gt.9.png
  artifactKey: Guid(fd5878c970824094ba84e8e46452d5ce) Importer(2089858483,b0f066a214c2f5e87bad3c948f4d605d)
Start importing Assets/GamerExtremo/RIP/Electric Puzzles_1.5/res/Gt.9.png using Guid(fd5878c970824094ba84e8e46452d5ce) Importer(2089858483,b0f066a214c2f5e87bad3c948f4d605d) (ScriptedImporter) -> (artifact id: '98d5ac9f67134873da2e7cca8e57759a') in 0.0161031 seconds
Number of updated asset objects reloaded before import = 0Number of asset objects unloaded after import = 3

========================================================================
Received Import Request.
  Time since last request: 0.353677 seconds.
  path: Assets/GamerExtremo/RIP/Electric Puzzles_1.5/✅ New Folder/TOMADAS/X0.png
  artifactKey: Guid(d6445ddcf9d84974392c266385051eaf) Importer(2089858483,b0f066a214c2f5e87bad3c948f4d605d)
Start importing Assets/GamerExtremo/RIP/Electric Puzzles_1.5/✅ New Folder/TOMADAS/X0.png using Guid(d6445ddcf9d84974392c266385051eaf) Importer(2089858483,b0f066a214c2f5e87bad3c948f4d605d) (ScriptedImporter) -> (artifact id: 'bec017920d9c56342a1b38dfbb3ac425') in 0.0321637 seconds
Number of updated asset objects reloaded before import = 0Number of asset objects unloaded after import = 3

========================================================================
Received Import Request.
  Time since last request: 0.000024 seconds.
  path: Assets/GamerExtremo/RIP/Electric Puzzles_1.5/✅ New Folder/CIRCLE/CIRCLE BLUE -MINUS CENTER
  artifactKey: Guid(97bc3dfe42fa0324c99cd6d046dc1a1b) Importer(2089858483,b0f066a214c2f5e87bad3c948f4d605d)
Start importing Assets/GamerExtremo/RIP/Electric Puzzles_1.5/✅ New Folder/CIRCLE/CIRCLE BLUE -MINUS CENTER using Guid(97bc3dfe42fa0324c99cd6d046dc1a1b) Importer(2089858483,b0f066a214c2f5e87bad3c948f4d605d) (ScriptedImporter) -> (artifact id: 'e912401b742f9e935ae0d9113d3e077b') in 0.0092849 seconds
Number of updated asset objects reloaded before import = 0Number of asset objects unloaded after import = 1

========================================================================
Received Import Request.
  Time since last request: 0.000193 seconds.
  path: Assets/GamerExtremo/res/Wh.png
  artifactKey: Guid(9acaf86f28ed17744b838ca5e8210840) Importer(2089858483,b0f066a214c2f5e87bad3c948f4d605d)
Start importing Assets/GamerExtremo/res/Wh.png using Guid(9acaf86f28ed17744b838ca5e8210840) Importer(2089858483,b0f066a214c2f5e87bad3c948f4d605d) (ScriptedImporter) -> (artifact id: '7dd619997f80c03b5efad7b401977964') in 0.029488 seconds
Number of updated asset objects reloaded before import = 0Number of asset objects unloaded after import = 3

========================================================================
Received Import Request.
  Time since last request: 0.000072 seconds.
  path: Assets/GamerExtremo/RIP/Electric Puzzles_1.5/✅ New Folder/CIRCLE/CIRCLE +PLUSS  -MINUS/EL.png
  artifactKey: Guid(9fe44081064b0a64986651893d01f14d) Importer(2089858483,b0f066a214c2f5e87bad3c948f4d605d)
Start importing Assets/GamerExtremo/RIP/Electric Puzzles_1.5/✅ New Folder/CIRCLE/CIRCLE +PLUSS  -MINUS/EL.png using Guid(9fe44081064b0a64986651893d01f14d) Importer(2089858483,b0f066a214c2f5e87bad3c948f4d605d) (ScriptedImporter) -> (artifact id: '7a488018242d068489d35ba8bc4af581') in 0.0201248 seconds
Number of updated asset objects reloaded before import = 0Number of asset objects unloaded after import = 3

========================================================================
Received Import Request.
  Time since last request: 0.000029 seconds.
  path: Assets/GamerExtremo/RIP/Electric Puzzles_1.5/SQUARE/black
  artifactKey: Guid(a839d1168fd75464c83f47b3bcb08380) Importer(2089858483,b0f066a214c2f5e87bad3c948f4d605d)
Start importing Assets/GamerExtremo/RIP/Electric Puzzles_1.5/SQUARE/black using Guid(a839d1168fd75464c83f47b3bcb08380) Importer(2089858483,b0f066a214c2f5e87bad3c948f4d605d) (ScriptedImporter) -> (artifact id: '46e2d05b7af5608c9ef6259c4c4fdb08') in 0.0056539 seconds
Number of updated asset objects reloaded before import = 0Number of asset objects unloaded after import = 1

========================================================================
Received Import Request.
  Time since last request: 0.000176 seconds.
  path: Assets/GamerExtremo/RIP/Electric Puzzles_1.5/res/m6.png
  artifactKey: Guid(5ee144807d1232c4993b0e045e58b49d) Importer(2089858483,b0f066a214c2f5e87bad3c948f4d605d)
Start importing Assets/GamerExtremo/RIP/Electric Puzzles_1.5/res/m6.png using Guid(5ee144807d1232c4993b0e045e58b49d) Importer(2089858483,b0f066a214c2f5e87bad3c948f4d605d) (ScriptedImporter) -> (artifact id: '178c9b17dfaf99d989509001d5a385f3') in 0.0148982 seconds
Number of updated asset objects reloaded before import = 0Number of asset objects unloaded after import = 3

========================================================================
Received Import Request.
  Time since last request: 0.000024 seconds.
  path: Assets/GamerExtremo/RIP/Electric Puzzles_1.5/res/xC1.png
  artifactKey: Guid(1e14df4b66b3b8141b45f70361a95d1a) Importer(2089858483,b0f066a214c2f5e87bad3c948f4d605d)
Start importing Assets/GamerExtremo/RIP/Electric Puzzles_1.5/res/xC1.png using Guid(1e14df4b66b3b8141b45f70361a95d1a) Importer(2089858483,b0f066a214c2f5e87bad3c948f4d605d) (ScriptedImporter) -> (artifact id: '9a8a37a49e4a6959886c80c640d169e1') in 0.0166032 seconds
Number of updated asset objects reloaded before import = 0Number of asset objects unloaded after import = 3

========================================================================
Received Import Request.
  Time since last request: 0.000022 seconds.
  path: Assets/GamerExtremo/RIP/Electric Puzzles_1.5/res/BJ1.xml
  artifactKey: Guid(791c8007d9323a645a0254722e5d7528) Importer(2089858483,b0f066a214c2f5e87bad3c948f4d605d)
Start importing Assets/GamerExtremo/RIP/Electric Puzzles_1.5/res/BJ1.xml using Guid(791c8007d9323a645a0254722e5d7528) Importer(2089858483,b0f066a214c2f5e87bad3c948f4d605d) (ScriptedImporter) -> (artifact id: 'a98be06b4780908f883aa57bd2b6004d') in 0.0073017 seconds
Number of updated asset objects reloaded before import = 0Number of asset objects unloaded after import = 1

========================================================================
Received Import Request.
  Time since last request: 0.000095 seconds.
  path: Assets/GamerExtremo/Resources/Sounds/Retro UI Sounds/Accept/ui_accept_4.wav
  artifactKey: Guid(f1218d87aba3c214f8c86090c320d7d2) Importer(2089858483,b0f066a214c2f5e87bad3c948f4d605d)
Start importing Assets/GamerExtremo/Resources/Sounds/Retro UI Sounds/Accept/ui_accept_4.wav using Guid(f1218d87aba3c214f8c86090c320d7d2) Importer(2089858483,b0f066a214c2f5e87bad3c948f4d605d) (ScriptedImporter) -> (artifact id: 'd49489e6b1a81be61d5daad1c7df538c') in 0.04517 seconds
Number of updated asset objects reloaded before import = 0Number of asset objects unloaded after import = 1

========================================================================
Received Import Request.
  Time since last request: 0.000260 seconds.
  path: Assets/GamerExtremo/RIP/Electric Puzzles_1.5/res/OX1.png
  artifactKey: Guid(a1c2683f17b334c4ebe09ee041c48072) Importer(2089858483,b0f066a214c2f5e87bad3c948f4d605d)
Start importing Assets/GamerExtremo/RIP/Electric Puzzles_1.5/res/OX1.png using Guid(a1c2683f17b334c4ebe09ee041c48072) Importer(2089858483,b0f066a214c2f5e87bad3c948f4d605d) (ScriptedImporter) -> (artifact id: 'c4994f42cf99fb91f72836d5927a9357') in 0.0145376 seconds
Number of updated asset objects reloaded before import = 0Number of asset objects unloaded after import = 3

========================================================================
Received Import Request.
  Time since last request: 0.000026 seconds.
  path: Assets/GamerExtremo/RIP/Electric Puzzles_1.5/res/color/abc_hint_foreground_material_dark.xml
  artifactKey: Guid(bd76e3f24c275ac49a42447efd7eeea8) Importer(2089858483,b0f066a214c2f5e87bad3c948f4d605d)
Start importing Assets/GamerExtremo/RIP/Electric Puzzles_1.5/res/color/abc_hint_foreground_material_dark.xml using Guid(bd76e3f24c275ac49a42447efd7eeea8) Importer(2089858483,b0f066a214c2f5e87bad3c948f4d605d) (ScriptedImporter) -> (artifact id: '32da47d8836b6e55ef619f057df5953c') in 0.0080893 seconds
Number of updated asset objects reloaded before import = 0Number of asset objects unloaded after import = 1

========================================================================
Received Import Request.
  Time since last request: 0.000163 seconds.
  path: Assets/GamerExtremo/RIP/Electric Puzzles_1.5/res/BW.xml
  artifactKey: Guid(0c2b7e415f73ff14c81e5bf25d774c51) Importer(2089858483,b0f066a214c2f5e87bad3c948f4d605d)
Start importing Assets/GamerExtremo/RIP/Electric Puzzles_1.5/res/BW.xml using Guid(0c2b7e415f73ff14c81e5bf25d774c51) Importer(2089858483,b0f066a214c2f5e87bad3c948f4d605d) (ScriptedImporter) -> (artifact id: '175bf314869f4e334fdfe637c3fa5841') in 0.0071833 seconds
Number of updated asset objects reloaded before import = 0Number of asset objects unloaded after import = 1

========================================================================
Received Import Request.
  Time since last request: 0.000091 seconds.
  path: Assets/GamerExtremo/RIP/Electric Puzzles_1.5/✅ New Folder/XML/dO.xml
  artifactKey: Guid(fa86a01976986ba4492417c40a1ea12c) Importer(2089858483,b0f066a214c2f5e87bad3c948f4d605d)
Start importing Assets/GamerExtremo/RIP/Electric Puzzles_1.5/✅ New Folder/XML/dO.xml using Guid(fa86a01976986ba4492417c40a1ea12c) Importer(2089858483,b0f066a214c2f5e87bad3c948f4d605d) (ScriptedImporter) -> (artifact id: '3a85d6c09da4b9671f6ce4d026e060b8') in 0.0064241 seconds
Number of updated asset objects reloaded before import = 0Number of asset objects unloaded after import = 1

========================================================================
Received Import Request.
  Time since last request: 0.000088 seconds.
  path: Assets/GamerExtremo/RIP/Electric Puzzles_1.5/res/W3.png
  artifactKey: Guid(e2a0e1f0e9fcc374183ce5335ddd7faa) Importer(2089858483,b0f066a214c2f5e87bad3c948f4d605d)
Start importing Assets/GamerExtremo/RIP/Electric Puzzles_1.5/res/W3.png using Guid(e2a0e1f0e9fcc374183ce5335ddd7faa) Importer(2089858483,b0f066a214c2f5e87bad3c948f4d605d) (ScriptedImporter) -> (artifact id: 'c44a2f9d9fe6c83adf7086a103af9e0e') in 0.0149714 seconds
Number of updated asset objects reloaded before import = 0Number of asset objects unloaded after import = 3

========================================================================
Received Import Request.
  Time since last request: 0.000025 seconds.
  path: Assets/GamerExtremo/RIP/Electric Puzzles_1.5/res/YG.9.png
  artifactKey: Guid(8f6de43d233034f4383d23deab0d5d6a) Importer(2089858483,b0f066a214c2f5e87bad3c948f4d605d)
Start importing Assets/GamerExtremo/RIP/Electric Puzzles_1.5/res/YG.9.png using Guid(8f6de43d233034f4383d23deab0d5d6a) Importer(2089858483,b0f066a214c2f5e87bad3c948f4d605d) (ScriptedImporter) -> (artifact id: '02e62778295d5ff6f81f7ca23bd8814c') in 0.0158944 seconds
Number of updated asset objects reloaded before import = 0Number of asset objects unloaded after import = 3

========================================================================
Received Import Request.
  Time since last request: 0.000033 seconds.
  path: Assets/GamerExtremo/res/3a.png
  artifactKey: Guid(2a4711e482cc04043b6cfdd169a74fa3) Importer(2089858483,b0f066a214c2f5e87bad3c948f4d605d)
Start importing Assets/GamerExtremo/res/3a.png using Guid(2a4711e482cc04043b6cfdd169a74fa3) Importer(2089858483,b0f066a214c2f5e87bad3c948f4d605d) (ScriptedImporter) -> (artifact id: '896edb58c964122cc31f54e8b163d785') in 0.0141896 seconds
Number of updated asset objects reloaded before import = 0Number of asset objects unloaded after import = 3

========================================================================
Received Import Request.
  Time since last request: 0.000023 seconds.
  path: Assets/GamerExtremo/RIP/Electric Puzzles_1.5/✅ New Folder/XML/BW.xml
  artifactKey: Guid(ed18059a41e742940bbbb4888f7216f3) Importer(2089858483,b0f066a214c2f5e87bad3c948f4d605d)
Start importing Assets/GamerExtremo/RIP/Electric Puzzles_1.5/✅ New Folder/XML/BW.xml using Guid(ed18059a41e742940bbbb4888f7216f3) Importer(2089858483,b0f066a214c2f5e87bad3c948f4d605d) (ScriptedImporter) -> (artifact id: 'dc68b6ac3265340a8d9090e7c43a4978') in 0.0078217 seconds
Number of updated asset objects reloaded before import = 0Number of asset objects unloaded after import = 1

========================================================================
Received Import Request.
  Time since last request: 0.000107 seconds.
  path: Assets/GamerExtremo/RIP/Electric Puzzles_1.5/✅ New Folder/HOME/BC.png
  artifactKey: Guid(9e81196f7e15bf7448c862606cafd05f) Importer(2089858483,b0f066a214c2f5e87bad3c948f4d605d)
Start importing Assets/GamerExtremo/RIP/Electric Puzzles_1.5/✅ New Folder/HOME/BC.png using Guid(9e81196f7e15bf7448c862606cafd05f) Importer(2089858483,b0f066a214c2f5e87bad3c948f4d605d) (ScriptedImporter) -> (artifact id: 'c23557241c9c6ee43f4601c73ee63af7') in 0.0142746 seconds
Number of updated asset objects reloaded before import = 0Number of asset objects unloaded after import = 3

========================================================================
Received Import Request.
  Time since last request: 0.000022 seconds.
  path: Assets/GamerExtremo/RIP/Electric Puzzles_1.5/✅ New Folder/UPDATE/ANTI TIME/sj1.png
  artifactKey: Guid(8a59d3834c0981147a998b1bf613a292) Importer(2089858483,b0f066a214c2f5e87bad3c948f4d605d)
Start importing Assets/GamerExtremo/RIP/Electric Puzzles_1.5/✅ New Folder/UPDATE/ANTI TIME/sj1.png using Guid(8a59d3834c0981147a998b1bf613a292) Importer(2089858483,b0f066a214c2f5e87bad3c948f4d605d) (ScriptedImporter) -> (artifact id: '394a7f76aee98e6e734080ebdc2b35ed') in 0.0167386 seconds
Number of updated asset objects reloaded before import = 0Number of asset objects unloaded after import = 3

========================================================================
Received Import Request.
  Time since last request: 0.000023 seconds.
  path: Assets/GamerExtremo/RIP/Electric Puzzles_1.5/✅ New Folder/CHAVE DE BOCA/ho.png
  artifactKey: Guid(9daff520c7d31e747a9c214a89549d57) Importer(2089858483,b0f066a214c2f5e87bad3c948f4d605d)
Start importing Assets/GamerExtremo/RIP/Electric Puzzles_1.5/✅ New Folder/CHAVE DE BOCA/ho.png using Guid(9daff520c7d31e747a9c214a89549d57) Importer(2089858483,b0f066a214c2f5e87bad3c948f4d605d) (ScriptedImporter) -> (artifact id: 'aff91024ef4de58e906d9fbb01d6e64f') in 0.0170144 seconds
Number of updated asset objects reloaded before import = 0Number of asset objects unloaded after import = 3

========================================================================
Received Import Request.
  Time since last request: 0.000023 seconds.
  path: Assets/GamerExtremo/res/wr.xml
  artifactKey: Guid(34335f712effdd447b9a9d422ab20d3d) Importer(2089858483,b0f066a214c2f5e87bad3c948f4d605d)
Start importing Assets/GamerExtremo/res/wr.xml using Guid(34335f712effdd447b9a9d422ab20d3d) Importer(2089858483,b0f066a214c2f5e87bad3c948f4d605d) (ScriptedImporter) -> (artifact id: '11a867edf4a8da81593ff3820f1c66d3') in 0.0061617 seconds
Number of updated asset objects reloaded before import = 0Number of asset objects unloaded after import = 1

========================================================================
Received Import Request.
  Time since last request: 0.000105 seconds.
  path: Assets/GamerExtremo/RIP/Electric Puzzles_1.5/✅ New Folder/DINHEIRO/BAG MONEY/eg.png
  artifactKey: Guid(bfbff8f52cfe72d428afea167eb2cbfd) Importer(2089858483,b0f066a214c2f5e87bad3c948f4d605d)
Start importing Assets/GamerExtremo/RIP/Electric Puzzles_1.5/✅ New Folder/DINHEIRO/BAG MONEY/eg.png using Guid(bfbff8f52cfe72d428afea167eb2cbfd) Importer(2089858483,b0f066a214c2f5e87bad3c948f4d605d) (ScriptedImporter) -> (artifact id: '98fe7bc2ec97914c66084568c847c37e') in 0.0155247 seconds
Number of updated asset objects reloaded before import = 0Number of asset objects unloaded after import = 3

========================================================================
Received Import Request.
  Time since last request: 0.000024 seconds.
  path: Assets/GamerExtremo/RIP/Electric Puzzles_1.5/✅ New Folder/CIRCLE/CIRCLE +PLUSS  -MINUS/iy.png
  artifactKey: Guid(1a162b1d6943f2a44be950ae9080c318) Importer(2089858483,b0f066a214c2f5e87bad3c948f4d605d)
Start importing Assets/GamerExtremo/RIP/Electric Puzzles_1.5/✅ New Folder/CIRCLE/CIRCLE +PLUSS  -MINUS/iy.png using Guid(1a162b1d6943f2a44be950ae9080c318) Importer(2089858483,b0f066a214c2f5e87bad3c948f4d605d) (ScriptedImporter) -> (artifact id: '2671fc8af8ec2b4f324b91d3a9f23ce5') in 0.0163814 seconds
Number of updated asset objects reloaded before import = 0Number of asset objects unloaded after import = 3

========================================================================
Received Import Request.
  Time since last request: 0.000023 seconds.
  path: Assets/GamerExtremo/RIP/Electric Puzzles_1.5/res/y4.xml
  artifactKey: Guid(9d064f40fcabcd549bcbbcd629c5d2d4) Importer(2089858483,b0f066a214c2f5e87bad3c948f4d605d)
Start importing Assets/GamerExtremo/RIP/Electric Puzzles_1.5/res/y4.xml using Guid(9d064f40fcabcd549bcbbcd629c5d2d4) Importer(2089858483,b0f066a214c2f5e87bad3c948f4d605d) (ScriptedImporter) -> (artifact id: '7ea63a71280ac5f9faf05d527d2300ec') in 0.0066074 seconds
Number of updated asset objects reloaded before import = 0Number of asset objects unloaded after import = 1

========================================================================
Received Import Request.
  Time since last request: 0.000126 seconds.
  path: Assets/GamerExtremo/RIP/Electric Puzzles_1.5/res/MV.png
  artifactKey: Guid(fe8e90c1a4a78c14ebdc411ad683c782) Importer(2089858483,b0f066a214c2f5e87bad3c948f4d605d)
Start importing Assets/GamerExtremo/RIP/Electric Puzzles_1.5/res/MV.png using Guid(fe8e90c1a4a78c14ebdc411ad683c782) Importer(2089858483,b0f066a214c2f5e87bad3c948f4d605d) (ScriptedImporter) -> (artifact id: 'a03d4a415e3495777c40d128c8620d35') in 0.0175184 seconds
Number of updated asset objects reloaded before import = 0Number of asset objects unloaded after import = 3

========================================================================
Received Import Request.
  Time since last request: 0.000023 seconds.
  path: Assets/GamerExtremo/Resources/Indicators/indicator_02.png
  artifactKey: Guid(6151c6ccd4015134f845439f635b369b) Importer(2089858483,b0f066a214c2f5e87bad3c948f4d605d)
Start importing Assets/GamerExtremo/Resources/Indicators/indicator_02.png using Guid(6151c6ccd4015134f845439f635b369b) Importer(2089858483,b0f066a214c2f5e87bad3c948f4d605d) (ScriptedImporter) -> (artifact id: '6ed7322fcb25639e94214b7cd6ceec6b') in 0.0157675 seconds
Number of updated asset objects reloaded before import = 0Number of asset objects unloaded after import = 3

========================================================================
Received Import Request.
  Time since last request: 0.000027 seconds.
  path: Assets/GamerExtremo/RIP/Electric Puzzles_1.5/✅ New Folder/CIRCLE/CIRCLE WHITE/G2.9.png
  artifactKey: Guid(01b7ff4d907d807408b40dd86607c82c) Importer(2089858483,b0f066a214c2f5e87bad3c948f4d605d)
Start importing Assets/GamerExtremo/RIP/Electric Puzzles_1.5/✅ New Folder/CIRCLE/CIRCLE WHITE/G2.9.png using Guid(01b7ff4d907d807408b40dd86607c82c) Importer(2089858483,b0f066a214c2f5e87bad3c948f4d605d) (ScriptedImporter) -> (artifact id: 'cc646521f2c8ded8868a4a33fdba23f5') in 0.0146916 seconds
Number of updated asset objects reloaded before import = 0Number of asset objects unloaded after import = 3

========================================================================
Received Import Request.
  Time since last request: 0.000035 seconds.
  path: Assets/GamerExtremo/res/vo.png
  artifactKey: Guid(adb3bce4188e51242890c303a550ce21) Importer(2089858483,b0f066a214c2f5e87bad3c948f4d605d)
Start importing Assets/GamerExtremo/res/vo.png using Guid(adb3bce4188e51242890c303a550ce21) Importer(2089858483,b0f066a214c2f5e87bad3c948f4d605d) (ScriptedImporter) -> (artifact id: 'aa88eb264cbfb5467f160c623c60ce54') in 0.0172783 seconds
Number of updated asset objects reloaded before import = 0Number of asset objects unloaded after import = 3

========================================================================
Received Import Request.
  Time since last request: 0.000022 seconds.
  path: Assets/GamerExtremo/RIP/Electric Puzzles_1.5/res/df.xml
  artifactKey: Guid(f3592d6b89872d94a9c42f1f9dfeb62b) Importer(2089858483,b0f066a214c2f5e87bad3c948f4d605d)
Start importing Assets/GamerExtremo/RIP/Electric Puzzles_1.5/res/df.xml using Guid(f3592d6b89872d94a9c42f1f9dfeb62b) Importer(2089858483,b0f066a214c2f5e87bad3c948f4d605d) (ScriptedImporter) -> (artifact id: 'f1d92caee731548b01fb406c48f4281e') in 0.0076746 seconds
Number of updated asset objects reloaded before import = 0Number of asset objects unloaded after import = 1

========================================================================
Received Import Request.
  Time since last request: 0.000105 seconds.
  path: Assets/GamerExtremo/RIP/Electric Puzzles_1.5/res/wV.png
  artifactKey: Guid(adf46eef31f368b4aa5c7b208eb1babe) Importer(2089858483,b0f066a214c2f5e87bad3c948f4d605d)
Start importing Assets/GamerExtremo/RIP/Electric Puzzles_1.5/res/wV.png using Guid(adf46eef31f368b4aa5c7b208eb1babe) Importer(2089858483,b0f066a214c2f5e87bad3c948f4d605d) (ScriptedImporter) -> (artifact id: 'bc1abc940adfffba2686a1e2b869c833') in 0.0177649 seconds
Number of updated asset objects reloaded before import = 0Number of asset objects unloaded after import = 3

========================================================================
Received Import Request.
  Time since last request: 0.000056 seconds.
  path: Assets/GamerExtremo/res/39.png
  artifactKey: Guid(b9f1520e08931024188998f4593e3321) Importer(2089858483,b0f066a214c2f5e87bad3c948f4d605d)
Start importing Assets/GamerExtremo/res/39.png using Guid(b9f1520e08931024188998f4593e3321) Importer(2089858483,b0f066a214c2f5e87bad3c948f4d605d) (ScriptedImporter) -> (artifact id: '2329b06c3c568e52f0defa836b51bdc0') in 0.0167943 seconds
Number of updated asset objects reloaded before import = 0Number of asset objects unloaded after import = 3

========================================================================
Received Import Request.
  Time since last request: 0.000025 seconds.
  path: Assets/GamerExtremo/RIP/Electric Puzzles_1.5/✅ New Folder/XML/DZ.xml
  artifactKey: Guid(9fca8e0a7979aaa4aae3e7bd4964cec8) Importer(2089858483,b0f066a214c2f5e87bad3c948f4d605d)
Start importing Assets/GamerExtremo/RIP/Electric Puzzles_1.5/✅ New Folder/XML/DZ.xml using Guid(9fca8e0a7979aaa4aae3e7bd4964cec8) Importer(2089858483,b0f066a214c2f5e87bad3c948f4d605d) (ScriptedImporter) -> (artifact id: '467e5a72e9871a8597327e3b611d7653') in 0.0090517 seconds
Number of updated asset objects reloaded before import = 0Number of asset objects unloaded after import = 1

========================================================================
Received Import Request.
  Time since last request: 0.000095 seconds.
  path: Assets/GamerExtremo/res/fO.png
  artifactKey: Guid(336923963cec49045ac4cc42542ce351) Importer(2089858483,b0f066a214c2f5e87bad3c948f4d605d)
Start importing Assets/GamerExtremo/res/fO.png using Guid(336923963cec49045ac4cc42542ce351) Importer(2089858483,b0f066a214c2f5e87bad3c948f4d605d) (ScriptedImporter) -> (artifact id: 'd23badc0e914256daa86b2e981083dc6') in 0.015572 seconds
Number of updated asset objects reloaded before import = 0Number of asset objects unloaded after import = 3

========================================================================
Received Import Request.
  Time since last request: 0.000021 seconds.
  path: Assets/GamerExtremo/res/w0.png
  artifactKey: Guid(7dd097a0ee9262d48b29b2f711266800) Importer(2089858483,b0f066a214c2f5e87bad3c948f4d605d)
Start importing Assets/GamerExtremo/res/w0.png using Guid(7dd097a0ee9262d48b29b2f711266800) Importer(2089858483,b0f066a214c2f5e87bad3c948f4d605d) (ScriptedImporter) -> (artifact id: 'e0971f65cfa23b44cbcbf8bc7d07a050') in 0.0149208 seconds
Number of updated asset objects reloaded before import = 0Number of asset objects unloaded after import = 3

========================================================================
Received Import Request.
  Time since last request: 0.000024 seconds.
  path: Assets/GamerExtremo/RIP/Electric Puzzles_1.5/✅ New Folder/CIRCLE/CIRCLE  1  IN CENTER/Nb.png
  artifactKey: Guid(eb943b6cc6c11ea4e8888704fa72f1ab) Importer(2089858483,b0f066a214c2f5e87bad3c948f4d605d)
Start importing Assets/GamerExtremo/RIP/Electric Puzzles_1.5/✅ New Folder/CIRCLE/CIRCLE  1  IN CENTER/Nb.png using Guid(eb943b6cc6c11ea4e8888704fa72f1ab) Importer(2089858483,b0f066a214c2f5e87bad3c948f4d605d) (ScriptedImporter) -> (artifact id: 'b8850cb74e50151b90cf644a58fb21f2') in 0.0172203 seconds
Number of updated asset objects reloaded before import = 0Number of asset objects unloaded after import = 3

========================================================================
Received Import Request.
  Time since last request: 0.000022 seconds.
  path: Assets/GamerExtremo/res/_H.xml
  artifactKey: Guid(e12f65c2627f8e24a9c564c9f3ba0175) Importer(2089858483,b0f066a214c2f5e87bad3c948f4d605d)
Start importing Assets/GamerExtremo/res/_H.xml using Guid(e12f65c2627f8e24a9c564c9f3ba0175) Importer(2089858483,b0f066a214c2f5e87bad3c948f4d605d) (ScriptedImporter) -> (artifact id: 'b2b0dcb37916a428cb9880c623547383') in 0.0070286 seconds
Number of updated asset objects reloaded before import = 0Number of asset objects unloaded after import = 1

========================================================================
Received Import Request.
  Time since last request: 0.000134 seconds.
  path: Assets/GamerExtremo/res/OZ.png
  artifactKey: Guid(b03e5bae32d1f2c4ebbff83449c59da7) Importer(2089858483,b0f066a214c2f5e87bad3c948f4d605d)
Start importing Assets/GamerExtremo/res/OZ.png using Guid(b03e5bae32d1f2c4ebbff83449c59da7) Importer(2089858483,b0f066a214c2f5e87bad3c948f4d605d) (ScriptedImporter) -> (artifact id: '893b178e39938913fc34a76661d7ccac') in 0.0148934 seconds
Number of updated asset objects reloaded before import = 0Number of asset objects unloaded after import = 3

========================================================================
Received Import Request.
  Time since last request: 0.000025 seconds.
  path: Assets/GamerExtremo/res/sn.xml
  artifactKey: Guid(d48aba329b735d44e89f7d8ae1415592) Importer(2089858483,b0f066a214c2f5e87bad3c948f4d605d)
Start importing Assets/GamerExtremo/res/sn.xml using Guid(d48aba329b735d44e89f7d8ae1415592) Importer(2089858483,b0f066a214c2f5e87bad3c948f4d605d) (ScriptedImporter) -> (artifact id: 'c7b29e6ce8b72ee484ce906c4b9a1c51') in 0.0065847 seconds
Number of updated asset objects reloaded before import = 0Number of asset objects unloaded after import = 1

========================================================================
Received Import Request.
  Time since last request: 0.000099 seconds.
  path: Assets/GamerExtremo/res/iy.png
  artifactKey: Guid(1bb02b2d2cc6d184c99a28a7f63a3d11) Importer(2089858483,b0f066a214c2f5e87bad3c948f4d605d)
Start importing Assets/GamerExtremo/res/iy.png using Guid(1bb02b2d2cc6d184c99a28a7f63a3d11) Importer(2089858483,b0f066a214c2f5e87bad3c948f4d605d) (ScriptedImporter) -> (artifact id: '925f938f556ff8f15cc5c6bb1411220b') in 0.0157752 seconds
Number of updated asset objects reloaded before import = 0Number of asset objects unloaded after import = 3

========================================================================
Received Import Request.
  Time since last request: 0.000025 seconds.
  path: Assets/GamerExtremo/RIP/Electric Puzzles_1.5/✅ New Folder/CIRCLE/CIRCLE  1  IN CENTER/jJ.png
  artifactKey: Guid(2db9fdb3cc9947b49b513a778f383458) Importer(2089858483,b0f066a214c2f5e87bad3c948f4d605d)
Start importing Assets/GamerExtremo/RIP/Electric Puzzles_1.5/✅ New Folder/CIRCLE/CIRCLE  1  IN CENTER/jJ.png using Guid(2db9fdb3cc9947b49b513a778f383458) Importer(2089858483,b0f066a214c2f5e87bad3c948f4d605d) (ScriptedImporter) -> (artifact id: 'd59f8233bbf8a027bae358a093e657fb') in 0.015739 seconds
Number of updated asset objects reloaded before import = 0Number of asset objects unloaded after import = 3

========================================================================
Received Import Request.
  Time since last request: 0.000023 seconds.
  path: Assets/GamerExtremo/RIP/Electric Puzzles_1.5/res/W5.png
  artifactKey: Guid(5fbb3c0d1ff9d6c43adebd85a1bcd7ff) Importer(2089858483,b0f066a214c2f5e87bad3c948f4d605d)
Start importing Assets/GamerExtremo/RIP/Electric Puzzles_1.5/res/W5.png using Guid(5fbb3c0d1ff9d6c43adebd85a1bcd7ff) Importer(2089858483,b0f066a214c2f5e87bad3c948f4d605d) (ScriptedImporter) -> (artifact id: '35b03ecacb37cfd344448f504986776f') in 0.0145669 seconds
Number of updated asset objects reloaded before import = 0Number of asset objects unloaded after import = 3

========================================================================
Received Import Request.
  Time since last request: 0.000024 seconds.
  path: Assets/GamerExtremo/RIP/Electric Puzzles_1.5/✅ New Folder/XML/uJ.xml
  artifactKey: Guid(560e7c5718633254d982ea4ba5620014) Importer(2089858483,b0f066a214c2f5e87bad3c948f4d605d)
Start importing Assets/GamerExtremo/RIP/Electric Puzzles_1.5/✅ New Folder/XML/uJ.xml using Guid(560e7c5718633254d982ea4ba5620014) Importer(2089858483,b0f066a214c2f5e87bad3c948f4d605d) (ScriptedImporter) -> (artifact id: '8015bffc0e9d2178100b9171614202ae') in 0.0063438 seconds
Number of updated asset objects reloaded before import = 0Number of asset objects unloaded after import = 1

========================================================================
Received Import Request.
  Time since last request: 0.000163 seconds.
  path: Assets/GamerExtremo/RIP/Electric Puzzles_1.5/FIOS/diagonal/rB.png
  artifactKey: Guid(3f92b497b84e58d45b57eab77151fab7) Importer(2089858483,b0f066a214c2f5e87bad3c948f4d605d)
Start importing Assets/GamerExtremo/RIP/Electric Puzzles_1.5/FIOS/diagonal/rB.png using Guid(3f92b497b84e58d45b57eab77151fab7) Importer(2089858483,b0f066a214c2f5e87bad3c948f4d605d) (ScriptedImporter) -> (artifact id: '673628036cb77998faaa8daa959c1971') in 0.0151724 seconds
Number of updated asset objects reloaded before import = 0Number of asset objects unloaded after import = 3

========================================================================
Received Import Request.
  Time since last request: 0.000025 seconds.
  path: Assets/GamerExtremo/RIP/Electric Puzzles_1.5/res/oO.9.png
  artifactKey: Guid(c9663088502273f459f34094c0d291ba) Importer(2089858483,b0f066a214c2f5e87bad3c948f4d605d)
Start importing Assets/GamerExtremo/RIP/Electric Puzzles_1.5/res/oO.9.png using Guid(c9663088502273f459f34094c0d291ba) Importer(2089858483,b0f066a214c2f5e87bad3c948f4d605d) (ScriptedImporter) -> (artifact id: 'deb1bcf051a9e3c73e29e4542661b417') in 0.0165631 seconds
Number of updated asset objects reloaded before import = 0Number of asset objects unloaded after import = 3

========================================================================
Received Import Request.
  Time since last request: 0.000050 seconds.
  path: Assets/GamerExtremo/RIP/Electric Puzzles_1.5/✅ New Folder/CIRCLE/CIRCLE G/Hued/iW.png
  artifactKey: Guid(b51113b1f7029f1409f8b0839b2b3184) Importer(2089858483,b0f066a214c2f5e87bad3c948f4d605d)
Start importing Assets/GamerExtremo/RIP/Electric Puzzles_1.5/✅ New Folder/CIRCLE/CIRCLE G/Hued/iW.png using Guid(b51113b1f7029f1409f8b0839b2b3184) Importer(2089858483,b0f066a214c2f5e87bad3c948f4d605d) (ScriptedImporter) -> (artifact id: 'ba21e7796f4cae6f5d9243dcf4d6c5fb') in 0.0147957 seconds
Number of updated asset objects reloaded before import = 0Number of asset objects unloaded after import = 3

========================================================================
Received Import Request.
  Time since last request: 0.000133 seconds.
  path: Assets/GamerExtremo/Resources/UI
  artifactKey: Guid(ecb378a70b3dcd04695a86edf7ac882c) Importer(2089858483,b0f066a214c2f5e87bad3c948f4d605d)
Start importing Assets/GamerExtremo/Resources/UI using Guid(ecb378a70b3dcd04695a86edf7ac882c) Importer(2089858483,b0f066a214c2f5e87bad3c948f4d605d) (ScriptedImporter) -> (artifact id: '538f95fa453d7374ae875d34c9b5b3da') in 0.0049588 seconds
Number of updated asset objects reloaded before import = 0Number of asset objects unloaded after import = 1

========================================================================
Received Import Request.
  Time since last request: 0.000145 seconds.
  path: Assets/GamerExtremo/RIP/Electric Puzzles_1.5/Pictures/diode.png
  artifactKey: Guid(542ecd8de75a0a54eb67632b5ff17c68) Importer(2089858483,b0f066a214c2f5e87bad3c948f4d605d)
Start importing Assets/GamerExtremo/RIP/Electric Puzzles_1.5/Pictures/diode.png using Guid(542ecd8de75a0a54eb67632b5ff17c68) Importer(2089858483,b0f066a214c2f5e87bad3c948f4d605d) (ScriptedImporter) -> (artifact id: 'c1cbd2192d71d719e49ec392e7067813') in 0.0140339 seconds
Number of updated asset objects reloaded before import = 0Number of asset objects unloaded after import = 3

========================================================================
Received Import Request.
  Time since last request: 0.000021 seconds.
  path: Assets/GamerExtremo/RIP/Electric Puzzles_1.5/FIOS/fio fundo verde claro/-H1.png
  artifactKey: Guid(51a94ce3b2e06a14a849cc6679693ff3) Importer(2089858483,b0f066a214c2f5e87bad3c948f4d605d)
Start importing Assets/GamerExtremo/RIP/Electric Puzzles_1.5/FIOS/fio fundo verde claro/-H1.png using Guid(51a94ce3b2e06a14a849cc6679693ff3) Importer(2089858483,b0f066a214c2f5e87bad3c948f4d605d) (ScriptedImporter) -> (artifact id: '5f489558c97c841d73f989d684088150') in 0.0144235 seconds
Number of updated asset objects reloaded before import = 0Number of asset objects unloaded after import = 3

========================================================================
Received Import Request.
  Time since last request: 0.000028 seconds.
  path: Assets/GamerExtremo/Resources/Enemy1
  artifactKey: Guid(1e1ff517c6c8381449a37a4ce05fb3b9) Importer(2089858483,b0f066a214c2f5e87bad3c948f4d605d)
Start importing Assets/GamerExtremo/Resources/Enemy1 using Guid(1e1ff517c6c8381449a37a4ce05fb3b9) Importer(2089858483,b0f066a214c2f5e87bad3c948f4d605d) (ScriptedImporter) -> (artifact id: 'ab3cad30d5ccb7fa13ebcbfc8568a4dd') in 0.0067374 seconds
Number of updated asset objects reloaded before import = 0Number of asset objects unloaded after import = 1

========================================================================
Received Import Request.
  Time since last request: 0.000070 seconds.
  path: Assets/GamerExtremo/Resources/Player/run (4).png
  artifactKey: Guid(b5a4e65346212874a8d2524a85b217a5) Importer(2089858483,b0f066a214c2f5e87bad3c948f4d605d)
Start importing Assets/GamerExtremo/Resources/Player/run (4).png using Guid(b5a4e65346212874a8d2524a85b217a5) Importer(2089858483,b0f066a214c2f5e87bad3c948f4d605d) (ScriptedImporter) -> (artifact id: 'd04c6ffe5c147f04b59c47d055ede9fc') in 0.0156902 seconds
Number of updated asset objects reloaded before import = 0Number of asset objects unloaded after import = 3

========================================================================
Received Import Request.
  Time since last request: 0.000024 seconds.
  path: Assets/GamerExtremo/RIP/Electric Puzzles_1.5/res/Yw.9.png
  artifactKey: Guid(0dbc543f0561c054988a47c41bd5e234) Importer(2089858483,b0f066a214c2f5e87bad3c948f4d605d)
Start importing Assets/GamerExtremo/RIP/Electric Puzzles_1.5/res/Yw.9.png using Guid(0dbc543f0561c054988a47c41bd5e234) Importer(2089858483,b0f066a214c2f5e87bad3c948f4d605d) (ScriptedImporter) -> (artifact id: '082035b376958d30afcc29a375d8ded8') in 0.0173463 seconds
Number of updated asset objects reloaded before import = 0Number of asset objects unloaded after import = 3

========================================================================
Received Import Request.
  Time since last request: 0.000025 seconds.
  path: Assets/GamerExtremo/res/Vq.png
  artifactKey: Guid(491662cc3e423794bb4e69709cc22329) Importer(2089858483,b0f066a214c2f5e87bad3c948f4d605d)
Start importing Assets/GamerExtremo/res/Vq.png using Guid(491662cc3e423794bb4e69709cc22329) Importer(2089858483,b0f066a214c2f5e87bad3c948f4d605d) (ScriptedImporter) -> (artifact id: '8afaa3fad97aa208913670a1af1399d9') in 0.0170187 seconds
Number of updated asset objects reloaded before import = 0Number of asset objects unloaded after import = 3

========================================================================
Received Import Request.
  Time since last request: 0.000045 seconds.
  path: Assets/GamerExtremo/Resources/Background
  artifactKey: Guid(44d2b2fafbe2b3948be533415ba86bc7) Importer(2089858483,b0f066a214c2f5e87bad3c948f4d605d)
Start importing Assets/GamerExtremo/Resources/Background using Guid(44d2b2fafbe2b3948be533415ba86bc7) Importer(2089858483,b0f066a214c2f5e87bad3c948f4d605d) (ScriptedImporter) -> (artifact id: '66b612d8faa320c3986686c19530d53b') in 0.0050958 seconds
Number of updated asset objects reloaded before import = 0Number of asset objects unloaded after import = 1

========================================================================
Received Import Request.
  Time since last request: 0.000207 seconds.
  path: Assets/GamerExtremo/RIP/Electric Puzzles_1.5/✅ New Folder/XML/XW.xml
  artifactKey: Guid(041c5edce9c6ad6478e0a1f4ae07e0ce) Importer(2089858483,b0f066a214c2f5e87bad3c948f4d605d)
Start importing Assets/GamerExtremo/RIP/Electric Puzzles_1.5/✅ New Folder/XML/XW.xml using Guid(041c5edce9c6ad6478e0a1f4ae07e0ce) Importer(2089858483,b0f066a214c2f5e87bad3c948f4d605d) (ScriptedImporter) -> (artifact id: '970b8e3cc698c857be7c5266a0fb8a45') in 0.007496 seconds
Number of updated asset objects reloaded before import = 0Number of asset objects unloaded after import = 1

========================================================================
Received Import Request.
  Time since last request: 0.000082 seconds.
  path: Assets/GamerExtremo/RIP/Electric Puzzles_1.5/Pictures/Exemplos/1001787941 1.png
  artifactKey: Guid(9bd4b435b8f092045a34002af2660e7f) Importer(2089858483,b0f066a214c2f5e87bad3c948f4d605d)
Start importing Assets/GamerExtremo/RIP/Electric Puzzles_1.5/Pictures/Exemplos/1001787941 1.png using Guid(9bd4b435b8f092045a34002af2660e7f) Importer(2089858483,b0f066a214c2f5e87bad3c948f4d605d) (ScriptedImporter) -> (artifact id: 'b88437c9818e710895cf224d0239faee') in 0.0326046 seconds
Number of updated asset objects reloaded before import = 0Number of asset objects unloaded after import = 3

========================================================================
Received Import Request.
  Time since last request: 0.000021 seconds.
  path: Assets/GamerExtremo/res/-z.png
  artifactKey: Guid(0aa2665fc87bcb84d966e61368a46f4c) Importer(2089858483,b0f066a214c2f5e87bad3c948f4d605d)
Start importing Assets/GamerExtremo/res/-z.png using Guid(0aa2665fc87bcb84d966e61368a46f4c) Importer(2089858483,b0f066a214c2f5e87bad3c948f4d605d) (ScriptedImporter) -> (artifact id: 'a0b9b1d32e0fac91b2833c7634c86bde') in 0.0144208 seconds
Number of updated asset objects reloaded before import = 0Number of asset objects unloaded after import = 3

========================================================================
Received Import Request.
  Time since last request: 0.000022 seconds.
  path: Assets/GamerExtremo/RIP/Electric Puzzles_1.5/SQUARE/Square Black vazio/w_.png
  artifactKey: Guid(b7090dda1b3d6794a8b9452ccc3a22af) Importer(2089858483,b0f066a214c2f5e87bad3c948f4d605d)
Start importing Assets/GamerExtremo/RIP/Electric Puzzles_1.5/SQUARE/Square Black vazio/w_.png using Guid(b7090dda1b3d6794a8b9452ccc3a22af) Importer(2089858483,b0f066a214c2f5e87bad3c948f4d605d) (ScriptedImporter) -> (artifact id: '5a4709716bb63d3e1e458d7fc547658d') in 0.0154315 seconds
Number of updated asset objects reloaded before import = 0Number of asset objects unloaded after import = 3

========================================================================
Received Import Request.
  Time since last request: 0.000022 seconds.
  path: Assets/GamerExtremo/RIP/Electric Puzzles_1.5/res/ZI.png
  artifactKey: Guid(2b6aeea59d1b93b49b2b2f30d808cc55) Importer(2089858483,b0f066a214c2f5e87bad3c948f4d605d)
Start importing Assets/GamerExtremo/RIP/Electric Puzzles_1.5/res/ZI.png using Guid(2b6aeea59d1b93b49b2b2f30d808cc55) Importer(2089858483,b0f066a214c2f5e87bad3c948f4d605d) (ScriptedImporter) -> (artifact id: '50baff4c0aa1a2da64d405b125dee699') in 0.0179579 seconds
Number of updated asset objects reloaded before import = 0Number of asset objects unloaded after import = 3

========================================================================
Received Import Request.
  Time since last request: 0.000028 seconds.
  path: Assets/GamerExtremo/res/2W.png
  artifactKey: Guid(ed95267d984e5a54280de03ba096ef84) Importer(2089858483,b0f066a214c2f5e87bad3c948f4d605d)
Start importing Assets/GamerExtremo/res/2W.png using Guid(ed95267d984e5a54280de03ba096ef84) Importer(2089858483,b0f066a214c2f5e87bad3c948f4d605d) (ScriptedImporter) -> (artifact id: '3b8e46a316ae9af20abb836af2dff8f1') in 0.0142967 seconds
Number of updated asset objects reloaded before import = 0Number of asset objects unloaded after import = 3

========================================================================
Received Import Request.
  Time since last request: 0.000035 seconds.
  path: Assets/GamerExtremo/res/9X.9.png
  artifactKey: Guid(65bb5203f2a399f4ca61363f93528125) Importer(2089858483,b0f066a214c2f5e87bad3c948f4d605d)
Start importing Assets/GamerExtremo/res/9X.9.png using Guid(65bb5203f2a399f4ca61363f93528125) Importer(2089858483,b0f066a214c2f5e87bad3c948f4d605d) (ScriptedImporter) -> (artifact id: '36dcb68b861e26f8348c610d962f5374') in 0.013909 seconds
Number of updated asset objects reloaded before import = 0Number of asset objects unloaded after import = 3

========================================================================
Received Import Request.
  Time since last request: 0.000024 seconds.
  path: Assets/GamerExtremo/RIP/Electric Puzzles_1.5/res/3u.png
  artifactKey: Guid(24920eaf828c3e842af8ecde34236db8) Importer(2089858483,b0f066a214c2f5e87bad3c948f4d605d)
Start importing Assets/GamerExtremo/RIP/Electric Puzzles_1.5/res/3u.png using Guid(24920eaf828c3e842af8ecde34236db8) Importer(2089858483,b0f066a214c2f5e87bad3c948f4d605d) (ScriptedImporter) -> (artifact id: 'cad2469d604c9a738d4bbd1cdea112e9') in 0.014748 seconds
Number of updated asset objects reloaded before import = 0Number of asset objects unloaded after import = 3

========================================================================
Received Import Request.
  Time since last request: 0.000023 seconds.
  path: Assets/GamerExtremo/RIP/Electric Puzzles_1.5/✅ New Folder/CHAVE DE BOCA/7g.png
  artifactKey: Guid(2df15ab07cb916e49a4ba7bfaca2a40d) Importer(2089858483,b0f066a214c2f5e87bad3c948f4d605d)
Start importing Assets/GamerExtremo/RIP/Electric Puzzles_1.5/✅ New Folder/CHAVE DE BOCA/7g.png using Guid(2df15ab07cb916e49a4ba7bfaca2a40d) Importer(2089858483,b0f066a214c2f5e87bad3c948f4d605d) (ScriptedImporter) -> (artifact id: 'af379034c69b019c6492676a21cb1777') in 0.01683 seconds
Number of updated asset objects reloaded before import = 0Number of asset objects unloaded after import = 3

========================================================================
Received Import Request.
  Time since last request: 0.000024 seconds.
  path: Assets/GamerExtremo/RIP/Electric Puzzles_1.5/res/color-v23/abc_btn_colored_borderless_text_material.xml
  artifactKey: Guid(70edf79234c15fa419f33e2427e2812b) Importer(2089858483,b0f066a214c2f5e87bad3c948f4d605d)
Start importing Assets/GamerExtremo/RIP/Electric Puzzles_1.5/res/color-v23/abc_btn_colored_borderless_text_material.xml using Guid(70edf79234c15fa419f33e2427e2812b) Importer(2089858483,b0f066a214c2f5e87bad3c948f4d605d) (ScriptedImporter) -> (artifact id: '5ce82756d85c3e67ad176aee73e416f5') in 0.010217 seconds
Number of updated asset objects reloaded before import = 0Number of asset objects unloaded after import = 1

========================================================================
Received Import Request.
  Time since last request: 0.000095 seconds.
  path: Assets/GamerExtremo/res/D-.xml
  artifactKey: Guid(9ff07db3b564b6548b31681025f81c30) Importer(2089858483,b0f066a214c2f5e87bad3c948f4d605d)
Start importing Assets/GamerExtremo/res/D-.xml using Guid(9ff07db3b564b6548b31681025f81c30) Importer(2089858483,b0f066a214c2f5e87bad3c948f4d605d) (ScriptedImporter) -> (artifact id: '0674479d9c2de536df5f31b22ab13a7a') in 0.0061447 seconds
Number of updated asset objects reloaded before import = 0Number of asset objects unloaded after import = 1

========================================================================
Received Import Request.
  Time since last request: 0.000190 seconds.
  path: Assets/GamerExtremo/Resources/Bat/bat_walk (4).png
  artifactKey: Guid(c8107ff80ef505d47905af7f1dbc8eee) Importer(2089858483,b0f066a214c2f5e87bad3c948f4d605d)
Start importing Assets/GamerExtremo/Resources/Bat/bat_walk (4).png using Guid(c8107ff80ef505d47905af7f1dbc8eee) Importer(2089858483,b0f066a214c2f5e87bad3c948f4d605d) (ScriptedImporter) -> (artifact id: 'c912f29ba82f5df9c4dbd2d3aac97d84') in 0.0171189 seconds
Number of updated asset objects reloaded before import = 0Number of asset objects unloaded after import = 3

========================================================================
Received Import Request.
  Time since last request: 0.000025 seconds.
  path: Assets/GamerExtremo/Resources/Indicators/indicator_03.png
  artifactKey: Guid(b694101653b3fa340aa5fa2847c55fac) Importer(2089858483,b0f066a214c2f5e87bad3c948f4d605d)
Start importing Assets/GamerExtremo/Resources/Indicators/indicator_03.png using Guid(b694101653b3fa340aa5fa2847c55fac) Importer(2089858483,b0f066a214c2f5e87bad3c948f4d605d) (ScriptedImporter) -> (artifact id: '35cd9dce72f1cf81bf4fcc5bf983070a') in 0.0174743 seconds
Number of updated asset objects reloaded before import = 0Number of asset objects unloaded after import = 3

========================================================================
Received Import Request.
  Time since last request: 0.000026 seconds.
  path: Assets/GamerExtremo/RIP/Electric Puzzles_1.5/✅ New Folder/CADEADO CLOSE/pm.png
  artifactKey: Guid(581526190d162a1459551d2f311e318e) Importer(2089858483,b0f066a214c2f5e87bad3c948f4d605d)
Start importing Assets/GamerExtremo/RIP/Electric Puzzles_1.5/✅ New Folder/CADEADO CLOSE/pm.png using Guid(581526190d162a1459551d2f311e318e) Importer(2089858483,b0f066a214c2f5e87bad3c948f4d605d) (ScriptedImporter) -> (artifact id: 'ae9691598758f84af9f9a5a1dedd86a3') in 0.0187014 seconds
Number of updated asset objects reloaded before import = 0Number of asset objects unloaded after import = 3

========================================================================
Received Import Request.
  Time since last request: 0.000023 seconds.
  path: Assets/GamerExtremo/RIP/Electric Puzzles_1.5/FIOS/branco/L5.png
  artifactKey: Guid(d1c313778c4fba0479a0c9f83cbf9c20) Importer(2089858483,b0f066a214c2f5e87bad3c948f4d605d)
Start importing Assets/GamerExtremo/RIP/Electric Puzzles_1.5/FIOS/branco/L5.png using Guid(d1c313778c4fba0479a0c9f83cbf9c20) Importer(2089858483,b0f066a214c2f5e87bad3c948f4d605d) (ScriptedImporter) -> (artifact id: '6739901d6ab2eaee6f671bde0219eb79') in 0.0199003 seconds
Number of updated asset objects reloaded before import = 0Number of asset objects unloaded after import = 3

========================================================================
Received Import Request.
  Time since last request: 0.000025 seconds.
  path: Assets/GamerExtremo/res/RV.png
  artifactKey: Guid(823f75880b672714e9576e57250d721a) Importer(2089858483,b0f066a214c2f5e87bad3c948f4d605d)
Start importing Assets/GamerExtremo/res/RV.png using Guid(823f75880b672714e9576e57250d721a) Importer(2089858483,b0f066a214c2f5e87bad3c948f4d605d) (ScriptedImporter) -> (artifact id: '920a6d322addcffd87cc60afd13bdb88') in 0.0181899 seconds
Number of updated asset objects reloaded before import = 0Number of asset objects unloaded after import = 3

========================================================================
Received Import Request.
  Time since last request: 0.000024 seconds.
  path: Assets/GamerExtremo/RIP/Electric Puzzles_1.5/res/Fe.png
  artifactKey: Guid(2f4606ad7425bc640bb7393af07a963a) Importer(2089858483,b0f066a214c2f5e87bad3c948f4d605d)
Start importing Assets/GamerExtremo/RIP/Electric Puzzles_1.5/res/Fe.png using Guid(2f4606ad7425bc640bb7393af07a963a) Importer(2089858483,b0f066a214c2f5e87bad3c948f4d605d) (ScriptedImporter) -> (artifact id: 'c89d327e26ebba32cc579a2797d9a401') in 0.0185679 seconds
Number of updated asset objects reloaded before import = 0Number of asset objects unloaded after import = 3

========================================================================
Received Import Request.
  Time since last request: 0.000023 seconds.
  path: Assets/GamerExtremo/RIP/Electric Puzzles_1.5/FIOS/retangulo horizontal/I3.9.png
  artifactKey: Guid(b299a55268b42e441b86226ac194831a) Importer(2089858483,b0f066a214c2f5e87bad3c948f4d605d)
Start importing Assets/GamerExtremo/RIP/Electric Puzzles_1.5/FIOS/retangulo horizontal/I3.9.png using Guid(b299a55268b42e441b86226ac194831a) Importer(2089858483,b0f066a214c2f5e87bad3c948f4d605d) (ScriptedImporter) -> (artifact id: '2a4e6b0f5153b96a1a8b7052f8e6fea1') in 0.0148354 seconds
Number of updated asset objects reloaded before import = 0Number of asset objects unloaded after import = 3

========================================================================
Received Import Request.
  Time since last request: 0.000027 seconds.
  path: Assets/GamerExtremo/RIP/Electric Puzzles_1.5/res/Z8.png
  artifactKey: Guid(745fac37ff6cdd54fa766bc9bcf2645e) Importer(2089858483,b0f066a214c2f5e87bad3c948f4d605d)
Start importing Assets/GamerExtremo/RIP/Electric Puzzles_1.5/res/Z8.png using Guid(745fac37ff6cdd54fa766bc9bcf2645e) Importer(2089858483,b0f066a214c2f5e87bad3c948f4d605d) (ScriptedImporter) -> (artifact id: 'ea8992ccaf12c296c5c705a81692dc85') in 0.014675 seconds
Number of updated asset objects reloaded before import = 0Number of asset objects unloaded after import = 3

========================================================================
Received Import Request.
  Time since last request: 0.000036 seconds.
  path: Assets/GamerExtremo/RIP/Electric Puzzles_1.5/FIOS/branco/X4.9.png
  artifactKey: Guid(13be85fadb53fa44ca31da18aeb9de5d) Importer(2089858483,b0f066a214c2f5e87bad3c948f4d605d)
Start importing Assets/GamerExtremo/RIP/Electric Puzzles_1.5/FIOS/branco/X4.9.png using Guid(13be85fadb53fa44ca31da18aeb9de5d) Importer(2089858483,b0f066a214c2f5e87bad3c948f4d605d) (ScriptedImporter) -> (artifact id: 'e144fda14bfbd1c664c50125daf908e0') in 0.0135031 seconds
Number of updated asset objects reloaded before import = 0Number of asset objects unloaded after import = 3

========================================================================
Received Import Request.
  Time since last request: 0.296796 seconds.
  path: Assets/GamerExtremo/RIP/Electric Puzzles_1.5/✅ New Folder/CIRCLE/CIRCLE ORANGE/-3.png
  artifactKey: Guid(b449628fd092d004196ab81e6380315c) Importer(2089858483,b0f066a214c2f5e87bad3c948f4d605d)
Start importing Assets/GamerExtremo/RIP/Electric Puzzles_1.5/✅ New Folder/CIRCLE/CIRCLE ORANGE/-3.png using Guid(b449628fd092d004196ab81e6380315c) Importer(2089858483,b0f066a214c2f5e87bad3c948f4d605d) (ScriptedImporter) -> (artifact id: 'c9fa0bbb3840ab8b1027ba90cbee6c27') in 0.0335359 seconds
Number of updated asset objects reloaded before import = 0Number of asset objects unloaded after import = 3

========================================================================
Received Import Request.
  Time since last request: 0.000022 seconds.
  path: Assets/GamerExtremo/Resources/Player/run (13).png
  artifactKey: Guid(84f2e222d0a5f444e82d75a8177ab680) Importer(2089858483,b0f066a214c2f5e87bad3c948f4d605d)
Start importing Assets/GamerExtremo/Resources/Player/run (13).png using Guid(84f2e222d0a5f444e82d75a8177ab680) Importer(2089858483,b0f066a214c2f5e87bad3c948f4d605d) (ScriptedImporter) -> (artifact id: '56bf54b9da99bb6ebbb6e7d49b973430') in 0.0236889 seconds
Number of updated asset objects reloaded before import = 0Number of asset objects unloaded after import = 3

========================================================================
Received Import Request.
  Time since last request: 0.000024 seconds.
  path: Assets/GamerExtremo/RIP/Electric Puzzles_1.5/FIOS/retangulo horizontal/Gt.9.png
  artifactKey: Guid(127dac84e5ab19e4dae419548176c183) Importer(2089858483,b0f066a214c2f5e87bad3c948f4d605d)
Start importing Assets/GamerExtremo/RIP/Electric Puzzles_1.5/FIOS/retangulo horizontal/Gt.9.png using Guid(127dac84e5ab19e4dae419548176c183) Importer(2089858483,b0f066a214c2f5e87bad3c948f4d605d) (ScriptedImporter) -> (artifact id: '481eaf4e4d0ea48ec7dec72af98c7227') in 0.0285086 seconds
Number of updated asset objects reloaded before import = 0Number of asset objects unloaded after import = 3

========================================================================
Received Import Request.
  Time since last request: 0.000027 seconds.
  path: Assets/GamerExtremo/RIP/Electric Puzzles_1.5/res/-0.png
  artifactKey: Guid(1b5a27a319c16f04b971b99e1395da29) Importer(2089858483,b0f066a214c2f5e87bad3c948f4d605d)
Start importing Assets/GamerExtremo/RIP/Electric Puzzles_1.5/res/-0.png using Guid(1b5a27a319c16f04b971b99e1395da29) Importer(2089858483,b0f066a214c2f5e87bad3c948f4d605d) (ScriptedImporter) -> (artifact id: '008695e2afe4d7829b01d5e0a1ab2f87') in 0.0188981 seconds
Number of updated asset objects reloaded before import = 0Number of asset objects unloaded after import = 3

========================================================================
Received Import Request.
  Time since last request: 0.000035 seconds.
  path: Assets/GamerExtremo/RIP/Electric Puzzles_1.5/res/Ai.png
  artifactKey: Guid(11a94ba5286bc2e4daf0d0a1d7b41baa) Importer(2089858483,b0f066a214c2f5e87bad3c948f4d605d)
Start importing Assets/GamerExtremo/RIP/Electric Puzzles_1.5/res/Ai.png using Guid(11a94ba5286bc2e4daf0d0a1d7b41baa) Importer(2089858483,b0f066a214c2f5e87bad3c948f4d605d) (ScriptedImporter) -> (artifact id: 'b7d960d3d831e4e41dcca09b98476ed9') in 0.0191007 seconds
Number of updated asset objects reloaded before import = 0Number of asset objects unloaded after import = 3

========================================================================
Received Import Request.
  Time since last request: 0.000025 seconds.
  path: Assets/GamerExtremo/res/jW.png
  artifactKey: Guid(6c68550ebfc19fc4e860ac47a7ab4d3b) Importer(2089858483,b0f066a214c2f5e87bad3c948f4d605d)
Start importing Assets/GamerExtremo/res/jW.png using Guid(6c68550ebfc19fc4e860ac47a7ab4d3b) Importer(2089858483,b0f066a214c2f5e87bad3c948f4d605d) (ScriptedImporter) -> (artifact id: '011bc362ae1b9cd113be29c9808ebf2f') in 0.0158825 seconds
Number of updated asset objects reloaded before import = 0Number of asset objects unloaded after import = 3

========================================================================
Received Import Request.
  Time since last request: 0.000027 seconds.
  path: Assets/GamerExtremo/res/Pb.xml
  artifactKey: Guid(0c9351f5359c98d4986461df9ff53912) Importer(2089858483,b0f066a214c2f5e87bad3c948f4d605d)
Start importing Assets/GamerExtremo/res/Pb.xml using Guid(0c9351f5359c98d4986461df9ff53912) Importer(2089858483,b0f066a214c2f5e87bad3c948f4d605d) (ScriptedImporter) -> (artifact id: 'f71526bfce5beb9be1bd5eec6592decd') in 0.0074726 seconds
Number of updated asset objects reloaded before import = 0Number of asset objects unloaded after import = 1

========================================================================
Received Import Request.
  Time since last request: 0.000093 seconds.
  path: Assets/GamerExtremo/RIP/Electric Puzzles_1.5/✅ New Folder/GOTA/1/g-.png
  artifactKey: Guid(88d8965641fe9ea44b0ba8b52b1e5f8c) Importer(2089858483,b0f066a214c2f5e87bad3c948f4d605d)
Start importing Assets/GamerExtremo/RIP/Electric Puzzles_1.5/✅ New Folder/GOTA/1/g-.png using Guid(88d8965641fe9ea44b0ba8b52b1e5f8c) Importer(2089858483,b0f066a214c2f5e87bad3c948f4d605d) (ScriptedImporter) -> (artifact id: 'f91623e31b423f92e38fe3da56e13824') in 0.0189736 seconds
Number of updated asset objects reloaded before import = 0Number of asset objects unloaded after import = 3

========================================================================
Received Import Request.
  Time since last request: 0.000023 seconds.
  path: Assets/GamerExtremo/RIP/Electric Puzzles_1.5/Pictures/wire_straight 1.png
  artifactKey: Guid(e32987420cab76d41b47e3a3c57ea697) Importer(2089858483,b0f066a214c2f5e87bad3c948f4d605d)
Start importing Assets/GamerExtremo/RIP/Electric Puzzles_1.5/Pictures/wire_straight 1.png using Guid(e32987420cab76d41b47e3a3c57ea697) Importer(2089858483,b0f066a214c2f5e87bad3c948f4d605d) (ScriptedImporter) -> (artifact id: 'd9626fcb0b839159ba7a719da90c549a') in 0.0156333 seconds
Number of updated asset objects reloaded before import = 0Number of asset objects unloaded after import = 3

========================================================================
Received Import Request.
  Time since last request: 0.000022 seconds.
  path: Assets/GamerExtremo/Pictures/resistor1.png
  artifactKey: Guid(4c8f8214c7522de49a135e82ddb48f90) Importer(2089858483,b0f066a214c2f5e87bad3c948f4d605d)
Start importing Assets/GamerExtremo/Pictures/resistor1.png using Guid(4c8f8214c7522de49a135e82ddb48f90) Importer(2089858483,b0f066a214c2f5e87bad3c948f4d605d) (ScriptedImporter) -> (artifact id: '114cb04f000cfc58cd9bbb7037fe5e7c') in 0.0161964 seconds
Number of updated asset objects reloaded before import = 0Number of asset objects unloaded after import = 3

========================================================================
Received Import Request.
  Time since last request: 0.000023 seconds.
  path: Assets/GamerExtremo/res/color/abc_primary_text_disable_only_material_light.xml
  artifactKey: Guid(34db4c3a11db08f429165b95fb9d63db) Importer(2089858483,b0f066a214c2f5e87bad3c948f4d605d)
Start importing Assets/GamerExtremo/res/color/abc_primary_text_disable_only_material_light.xml using Guid(34db4c3a11db08f429165b95fb9d63db) Importer(2089858483,b0f066a214c2f5e87bad3c948f4d605d) (ScriptedImporter) -> (artifact id: '314bd65cd34499fd217299bd498167fd') in 0.0068713 seconds
Number of updated asset objects reloaded before import = 0Number of asset objects unloaded after import = 1

========================================================================
Received Import Request.
  Time since last request: 0.000024 seconds.
  path: Assets/GamerExtremo/Resources/Player/dead (1).png
  artifactKey: Guid(3763abeaeae77c343a1cbd989beed916) Importer(2089858483,b0f066a214c2f5e87bad3c948f4d605d)
Start importing Assets/GamerExtremo/Resources/Player/dead (1).png using Guid(3763abeaeae77c343a1cbd989beed916) Importer(2089858483,b0f066a214c2f5e87bad3c948f4d605d) (ScriptedImporter) -> (artifact id: '5e68e88a90b4da44a1cbf8d71e47e6f4') in 0.0173598 seconds
Number of updated asset objects reloaded before import = 0Number of asset objects unloaded after import = 3

========================================================================
Received Import Request.
  Time since last request: 0.000020 seconds.
  path: Assets/GamerExtremo/res/ha.xml
  artifactKey: Guid(0ebad2dfb78070042b4cc334049af414) Importer(2089858483,b0f066a214c2f5e87bad3c948f4d605d)
Start importing Assets/GamerExtremo/res/ha.xml using Guid(0ebad2dfb78070042b4cc334049af414) Importer(2089858483,b0f066a214c2f5e87bad3c948f4d605d) (ScriptedImporter) -> (artifact id: 'cb47ee94dbb762fcb9172e8bbd909f71') in 0.0062308 seconds
Number of updated asset objects reloaded before import = 0Number of asset objects unloaded after import = 1

========================================================================
Received Import Request.
  Time since last request: 0.000027 seconds.
  path: Assets/GamerExtremo/RIP/Electric Puzzles_1.5/res/XO.png
  artifactKey: Guid(7ee5d66d8469c6d4ebe055c0d2c4f34b) Importer(2089858483,b0f066a214c2f5e87bad3c948f4d605d)
Start importing Assets/GamerExtremo/RIP/Electric Puzzles_1.5/res/XO.png using Guid(7ee5d66d8469c6d4ebe055c0d2c4f34b) Importer(2089858483,b0f066a214c2f5e87bad3c948f4d605d) (ScriptedImporter) -> (artifact id: 'e63aae5e22e9bd6cbc5a1c898601d3b6') in 0.0144587 seconds
Number of updated asset objects reloaded before import = 0Number of asset objects unloaded after import = 3

========================================================================
Received Import Request.
  Time since last request: 0.000022 seconds.
  path: Assets/GamerExtremo/res/Ha.png
  artifactKey: Guid(867a00b708016b242a37f900a095dfe7) Importer(2089858483,b0f066a214c2f5e87bad3c948f4d605d)
Start importing Assets/GamerExtremo/res/Ha.png using Guid(867a00b708016b242a37f900a095dfe7) Importer(2089858483,b0f066a214c2f5e87bad3c948f4d605d) (ScriptedImporter) -> (artifact id: '7b81c4939ef370972beb59fddc2f6a6a') in 0.0169114 seconds
Number of updated asset objects reloaded before import = 0Number of asset objects unloaded after import = 3

========================================================================
Received Import Request.
  Time since last request: 0.000023 seconds.
  path: Assets/GamerExtremo/Resources/Bat/eye_bat_walk (3).png
  artifactKey: Guid(57c27c835a837d24599e6b792f00424e) Importer(2089858483,b0f066a214c2f5e87bad3c948f4d605d)
Start importing Assets/GamerExtremo/Resources/Bat/eye_bat_walk (3).png using Guid(57c27c835a837d24599e6b792f00424e) Importer(2089858483,b0f066a214c2f5e87bad3c948f4d605d) (ScriptedImporter) -> (artifact id: '64bbc61228523e04a5c783b34af6e1af') in 0.0146342 seconds
Number of updated asset objects reloaded before import = 0Number of asset objects unloaded after import = 3

========================================================================
Received Import Request.
  Time since last request: 0.000025 seconds.
  path: Assets/GamerExtremo/RIP/Electric Puzzles_1.5/res/nT.xml
  artifactKey: Guid(e3c365b262cd239459bae51fdd01f89d) Importer(2089858483,b0f066a214c2f5e87bad3c948f4d605d)
Start importing Assets/GamerExtremo/RIP/Electric Puzzles_1.5/res/nT.xml using Guid(e3c365b262cd239459bae51fdd01f89d) Importer(2089858483,b0f066a214c2f5e87bad3c948f4d605d) (ScriptedImporter) -> (artifact id: '949f89aec1f6a4eb15296b34f77a6693') in 0.0066797 seconds
Number of updated asset objects reloaded before import = 0Number of asset objects unloaded after import = 1

========================================================================
Received Import Request.
  Time since last request: 0.000105 seconds.
  path: Assets/GamerExtremo/RIP/Electric Puzzles_1.5/FIOS/fio fundo verde claro/YA1.png
  artifactKey: Guid(644611056d14d554291be3a4df19eb95) Importer(2089858483,b0f066a214c2f5e87bad3c948f4d605d)
Start importing Assets/GamerExtremo/RIP/Electric Puzzles_1.5/FIOS/fio fundo verde claro/YA1.png using Guid(644611056d14d554291be3a4df19eb95) Importer(2089858483,b0f066a214c2f5e87bad3c948f4d605d) (ScriptedImporter) -> (artifact id: '007d1f0732c7948075730a5f407c745a') in 0.01455 seconds
Number of updated asset objects reloaded before import = 0Number of asset objects unloaded after import = 3

========================================================================
Received Import Request.
  Time since last request: 0.000026 seconds.
  path: Assets/GamerExtremo/RIP/Electric Puzzles_1.5/✅ New Folder/XML/sn.xml
  artifactKey: Guid(b99f45bedd00aa14ba96dfaac5674c06) Importer(2089858483,b0f066a214c2f5e87bad3c948f4d605d)
Start importing Assets/GamerExtremo/RIP/Electric Puzzles_1.5/✅ New Folder/XML/sn.xml using Guid(b99f45bedd00aa14ba96dfaac5674c06) Importer(2089858483,b0f066a214c2f5e87bad3c948f4d605d) (ScriptedImporter) -> (artifact id: '7a2828ad818440821183d139990da88f') in 0.0063488 seconds
Number of updated asset objects reloaded before import = 0Number of asset objects unloaded after import = 1

========================================================================
Received Import Request.
  Time since last request: 0.000250 seconds.
  path: Assets/GamerExtremo/RIP/Electric Puzzles_1.5/✅ New Folder/XML/a0.xml
  artifactKey: Guid(44b02843d2b27ce429281591a64ad05c) Importer(2089858483,b0f066a214c2f5e87bad3c948f4d605d)
Start importing Assets/GamerExtremo/RIP/Electric Puzzles_1.5/✅ New Folder/XML/a0.xml using Guid(44b02843d2b27ce429281591a64ad05c) Importer(2089858483,b0f066a214c2f5e87bad3c948f4d605d) (ScriptedImporter) -> (artifact id: '06cb1ea2bd33b61fb5f9908cfff17b3e') in 0.0069471 seconds
Number of updated asset objects reloaded before import = 0Number of asset objects unloaded after import = 1

========================================================================
Received Import Request.
  Time since last request: 0.000023 seconds.
  path: Assets/GamerExtremo/RIP/Electric Puzzles_1.5/res/9T2.xml
  artifactKey: Guid(8b90c3f771752214a98fc6e4a9887943) Importer(2089858483,b0f066a214c2f5e87bad3c948f4d605d)
Start importing Assets/GamerExtremo/RIP/Electric Puzzles_1.5/res/9T2.xml using Guid(8b90c3f771752214a98fc6e4a9887943) Importer(2089858483,b0f066a214c2f5e87bad3c948f4d605d) (ScriptedImporter) -> (artifact id: '9087edb512e80109921b7bc1158e499b') in 0.0064049 seconds
Number of updated asset objects reloaded before import = 0Number of asset objects unloaded after import = 1

========================================================================
Received Import Request.
  Time since last request: 0.000021 seconds.
  path: Assets/GamerExtremo/RIP/Electric Puzzles_1.5/✅ New Folder/SETUP/un.png
  artifactKey: Guid(022705be39ff40f498beb9c44e685527) Importer(2089858483,b0f066a214c2f5e87bad3c948f4d605d)
Start importing Assets/GamerExtremo/RIP/Electric Puzzles_1.5/✅ New Folder/SETUP/un.png using Guid(022705be39ff40f498beb9c44e685527) Importer(2089858483,b0f066a214c2f5e87bad3c948f4d605d) (ScriptedImporter) -> (artifact id: 'b424ede6bd1f4e0c9bd588e5fe8ad940') in 0.0133462 seconds
Number of updated asset objects reloaded before import = 0Number of asset objects unloaded after import = 3

========================================================================
Received Import Request.
  Time since last request: 0.000023 seconds.
  path: Assets/GamerExtremo/RIP/Electric Puzzles_1.5/✅ New Folder/CIRCLE/CIRCLE WHITE EMPTY/NG.png
  artifactKey: Guid(55bf5ea990f57f34483b89997d3a4e95) Importer(2089858483,b0f066a214c2f5e87bad3c948f4d605d)
Start importing Assets/GamerExtremo/RIP/Electric Puzzles_1.5/✅ New Folder/CIRCLE/CIRCLE WHITE EMPTY/NG.png using Guid(55bf5ea990f57f34483b89997d3a4e95) Importer(2089858483,b0f066a214c2f5e87bad3c948f4d605d) (ScriptedImporter) -> (artifact id: 'dc592dea15022cd088d21a5fdcd3dadd') in 0.015174 seconds
Number of updated asset objects reloaded before import = 0Number of asset objects unloaded after import = 3

========================================================================
Received Import Request.
  Time since last request: 0.000024 seconds.
  path: Assets/GamerExtremo/Resources/CollectableItems/Coin_00/coin_00_spi_01.png
  artifactKey: Guid(f92a252a3a2cd2146a9ddd876fa65a25) Importer(2089858483,b0f066a214c2f5e87bad3c948f4d605d)
Start importing Assets/GamerExtremo/Resources/CollectableItems/Coin_00/coin_00_spi_01.png using Guid(f92a252a3a2cd2146a9ddd876fa65a25) Importer(2089858483,b0f066a214c2f5e87bad3c948f4d605d) (ScriptedImporter) -> (artifact id: 'e3d8af7ae1584c9e9a45d9d41290f0d0') in 0.0311762 seconds
Number of updated asset objects reloaded before import = 0Number of asset objects unloaded after import = 11

========================================================================
Received Import Request.
  Time since last request: 0.000021 seconds.
  path: Assets/GamerExtremo/res/va.png
  artifactKey: Guid(80ad4cdff28e93249aad52cff356e867) Importer(2089858483,b0f066a214c2f5e87bad3c948f4d605d)
Start importing Assets/GamerExtremo/res/va.png using Guid(80ad4cdff28e93249aad52cff356e867) Importer(2089858483,b0f066a214c2f5e87bad3c948f4d605d) (ScriptedImporter) -> (artifact id: '9b057d722a10c5af34472fe026e29f49') in 0.0140634 seconds
Number of updated asset objects reloaded before import = 0Number of asset objects unloaded after import = 3

========================================================================
Received Import Request.
  Time since last request: 0.000023 seconds.
  path: Assets/GamerExtremo/res/uJ.xml
  artifactKey: Guid(f7f768095a2337242931ceae223ad7c5) Importer(2089858483,b0f066a214c2f5e87bad3c948f4d605d)
Start importing Assets/GamerExtremo/res/uJ.xml using Guid(f7f768095a2337242931ceae223ad7c5) Importer(2089858483,b0f066a214c2f5e87bad3c948f4d605d) (ScriptedImporter) -> (artifact id: 'f973775eb4ce13a94c93484d696279ae') in 0.0059484 seconds
Number of updated asset objects reloaded before import = 0Number of asset objects unloaded after import = 1

========================================================================
Received Import Request.
  Time since last request: 0.000065 seconds.
  path: Assets/GamerExtremo/RIP/Electric Puzzles_1.5/res/hD1.png
  artifactKey: Guid(2e22ff01bce77eb498fb2ecf739ac057) Importer(2089858483,b0f066a214c2f5e87bad3c948f4d605d)
Start importing Assets/GamerExtremo/RIP/Electric Puzzles_1.5/res/hD1.png using Guid(2e22ff01bce77eb498fb2ecf739ac057) Importer(2089858483,b0f066a214c2f5e87bad3c948f4d605d) (ScriptedImporter) -> (artifact id: '5e906da522829f09ac1cddff5850e2b5') in 0.0160746 seconds
Number of updated asset objects reloaded before import = 0Number of asset objects unloaded after import = 3

========================================================================
Received Import Request.
  Time since last request: 0.000023 seconds.
  path: Assets/GamerExtremo/RIP/Electric Puzzles_1.5/✅ New Folder/CIRCLE/CIRCLE BLACK/Wz.png
  artifactKey: Guid(e1cf3ee53902c40499573fdd6fbe227b) Importer(2089858483,b0f066a214c2f5e87bad3c948f4d605d)
Start importing Assets/GamerExtremo/RIP/Electric Puzzles_1.5/✅ New Folder/CIRCLE/CIRCLE BLACK/Wz.png using Guid(e1cf3ee53902c40499573fdd6fbe227b) Importer(2089858483,b0f066a214c2f5e87bad3c948f4d605d) (ScriptedImporter) -> (artifact id: 'd787dc9337086410ee188026a482e6af') in 0.0154255 seconds
Number of updated asset objects reloaded before import = 0Number of asset objects unloaded after import = 3

========================================================================
Received Import Request.
  Time since last request: 0.000022 seconds.
  path: Assets/GamerExtremo/RIP/Electric Puzzles_1.5/✅ New Folder/CHAVE DE BOCA/mB.png
  artifactKey: Guid(09964fa6d52ba444ea7bf8cdd2687aeb) Importer(2089858483,b0f066a214c2f5e87bad3c948f4d605d)
Start importing Assets/GamerExtremo/RIP/Electric Puzzles_1.5/✅ New Folder/CHAVE DE BOCA/mB.png using Guid(09964fa6d52ba444ea7bf8cdd2687aeb) Importer(2089858483,b0f066a214c2f5e87bad3c948f4d605d) (ScriptedImporter) -> (artifact id: 'ed440197e935cae44d6fe67e041b6d6e') in 0.0199533 seconds
Number of updated asset objects reloaded before import = 0Number of asset objects unloaded after import = 3

========================================================================
Received Import Request.
  Time since last request: 0.000025 seconds.
  path: Assets/GamerExtremo/res/7i.png
  artifactKey: Guid(77cbb3a1f7dd5c946ab63fc21ce8603a) Importer(2089858483,b0f066a214c2f5e87bad3c948f4d605d)
Start importing Assets/GamerExtremo/res/7i.png using Guid(77cbb3a1f7dd5c946ab63fc21ce8603a) Importer(2089858483,b0f066a214c2f5e87bad3c948f4d605d) (ScriptedImporter) -> (artifact id: 'dfa187b273dbbbffad5785982e17df40') in 0.016718 seconds
Number of updated asset objects reloaded before import = 0Number of asset objects unloaded after import = 3

========================================================================
Received Import Request.
  Time since last request: 0.000026 seconds.
  path: Assets/GamerExtremo/RIP/Electric Puzzles_1.5/FIOS/black/Pasta/K_.9.png
  artifactKey: Guid(1b1529e6e231eac41838f406ef7f775f) Importer(2089858483,b0f066a214c2f5e87bad3c948f4d605d)
Start importing Assets/GamerExtremo/RIP/Electric Puzzles_1.5/FIOS/black/Pasta/K_.9.png using Guid(1b1529e6e231eac41838f406ef7f775f) Importer(2089858483,b0f066a214c2f5e87bad3c948f4d605d) (ScriptedImporter) -> (artifact id: 'd0e9b03424707ebf770027b8ce22c992') in 0.0157652 seconds
Number of updated asset objects reloaded before import = 0Number of asset objects unloaded after import = 3

========================================================================
Received Import Request.
  Time since last request: 0.000025 seconds.
  path: Assets/GamerExtremo/RIP/Electric Puzzles_1.5/SQUARE/Square Branco/New Folder/Af.9.png
  artifactKey: Guid(fa68befce6601d4419c2de26fd9d91ac) Importer(2089858483,b0f066a214c2f5e87bad3c948f4d605d)
Start importing Assets/GamerExtremo/RIP/Electric Puzzles_1.5/SQUARE/Square Branco/New Folder/Af.9.png using Guid(fa68befce6601d4419c2de26fd9d91ac) Importer(2089858483,b0f066a214c2f5e87bad3c948f4d605d) (ScriptedImporter) -> (artifact id: '03d96826a95be449321f19496493c324') in 0.0152514 seconds
Number of updated asset objects reloaded before import = 0Number of asset objects unloaded after import = 3

========================================================================
Received Import Request.
  Time since last request: 0.000027 seconds.
  path: Assets/GamerExtremo/res/7Q1.png
  artifactKey: Guid(d13fdbfe10505e24db17a122ba94e185) Importer(2089858483,b0f066a214c2f5e87bad3c948f4d605d)
Start importing Assets/GamerExtremo/res/7Q1.png using Guid(d13fdbfe10505e24db17a122ba94e185) Importer(2089858483,b0f066a214c2f5e87bad3c948f4d605d) (ScriptedImporter) -> (artifact id: '1944f7fd7b6bbdcb575f1e4fc886737a') in 0.0150043 seconds
Number of updated asset objects reloaded before import = 0Number of asset objects unloaded after import = 3

========================================================================
Received Import Request.
  Time since last request: 0.000034 seconds.
  path: Assets/GamerExtremo/RIP/Electric Puzzles_1.5/FIOS/diagonal L/AD.png
  artifactKey: Guid(632399cc966912540ae8862a73b66c26) Importer(2089858483,b0f066a214c2f5e87bad3c948f4d605d)
Start importing Assets/GamerExtremo/RIP/Electric Puzzles_1.5/FIOS/diagonal L/AD.png using Guid(632399cc966912540ae8862a73b66c26) Importer(2089858483,b0f066a214c2f5e87bad3c948f4d605d) (ScriptedImporter) -> (artifact id: 'a76005ca229adca433b9311f87f4d2c3') in 0.018013 seconds
Number of updated asset objects reloaded before import = 0Number of asset objects unloaded after import = 3

========================================================================
Received Import Request.
  Time since last request: 0.000021 seconds.
  path: Assets/GamerExtremo/RIP/Electric Puzzles_1.5/FIOS/cruz
  artifactKey: Guid(5c397693c8f824a41b1ea8955729862a) Importer(2089858483,b0f066a214c2f5e87bad3c948f4d605d)
Start importing Assets/GamerExtremo/RIP/Electric Puzzles_1.5/FIOS/cruz using Guid(5c397693c8f824a41b1ea8955729862a) Importer(2089858483,b0f066a214c2f5e87bad3c948f4d605d) (ScriptedImporter) -> (artifact id: '0cbdcd0695f39ffbba4e4c7bc5439838') in 0.0044851 seconds
Number of updated asset objects reloaded before import = 0Number of asset objects unloaded after import = 1

========================================================================
Received Import Request.
  Time since last request: 0.000190 seconds.
  path: Assets/GamerExtremo/RIP/Electric Puzzles_1.5/res/xu1.png
  artifactKey: Guid(cba011c7e1c4e7b4bb862a38ac2a8f4f) Importer(2089858483,b0f066a214c2f5e87bad3c948f4d605d)
Start importing Assets/GamerExtremo/RIP/Electric Puzzles_1.5/res/xu1.png using Guid(cba011c7e1c4e7b4bb862a38ac2a8f4f) Importer(2089858483,b0f066a214c2f5e87bad3c948f4d605d) (ScriptedImporter) -> (artifact id: 'a0d27a891feaa850a4f1da7057325a01') in 0.0145523 seconds
Number of updated asset objects reloaded before import = 0Number of asset objects unloaded after import = 3

========================================================================
Received Import Request.
  Time since last request: 0.000022 seconds.
  path: Assets/GamerExtremo/RIP/Electric Puzzles_1.5/res/f9.png
  artifactKey: Guid(a7a97e9dffecbec49b2a62bd199cbcdf) Importer(2089858483,b0f066a214c2f5e87bad3c948f4d605d)
Start importing Assets/GamerExtremo/RIP/Electric Puzzles_1.5/res/f9.png using Guid(a7a97e9dffecbec49b2a62bd199cbcdf) Importer(2089858483,b0f066a214c2f5e87bad3c948f4d605d) (ScriptedImporter) -> (artifact id: 'baf77aff61c3224409219531b27f833f') in 0.0147074 seconds
Number of updated asset objects reloaded before import = 0Number of asset objects unloaded after import = 3

========================================================================
Received Import Request.
  Time since last request: 0.000023 seconds.
  path: Assets/GamerExtremo/Resources/Enemy2/skeleton_2_walk (2).png
  artifactKey: Guid(98099a7dd4b34204cb630671da38eb4d) Importer(2089858483,b0f066a214c2f5e87bad3c948f4d605d)
Start importing Assets/GamerExtremo/Resources/Enemy2/skeleton_2_walk (2).png using Guid(98099a7dd4b34204cb630671da38eb4d) Importer(2089858483,b0f066a214c2f5e87bad3c948f4d605d) (ScriptedImporter) -> (artifact id: 'ebbfaa3913bb065d16bba330dc35528c') in 0.0151813 seconds
Number of updated asset objects reloaded before import = 0Number of asset objects unloaded after import = 3

========================================================================
Received Import Request.
  Time since last request: 0.000023 seconds.
  path: Assets/GamerExtremo/RIP/Electric Puzzles_1.5/res/8h.9.png
  artifactKey: Guid(05dbc18fde4642e49a2d7e967639fb2c) Importer(2089858483,b0f066a214c2f5e87bad3c948f4d605d)
Start importing Assets/GamerExtremo/RIP/Electric Puzzles_1.5/res/8h.9.png using Guid(05dbc18fde4642e49a2d7e967639fb2c) Importer(2089858483,b0f066a214c2f5e87bad3c948f4d605d) (ScriptedImporter) -> (artifact id: '87c0726ad578a6a21b188d56a06ce2d7') in 0.0132846 seconds
Number of updated asset objects reloaded before import = 0Number of asset objects unloaded after import = 3

========================================================================
Received Import Request.
  Time since last request: 0.000027 seconds.
  path: Assets/GamerExtremo/RIP/Electric Puzzles_1.5/✅ New Folder/XML/xN.xml
  artifactKey: Guid(0a182db4daafd0344b2eec04e0b54da9) Importer(2089858483,b0f066a214c2f5e87bad3c948f4d605d)
Start importing Assets/GamerExtremo/RIP/Electric Puzzles_1.5/✅ New Folder/XML/xN.xml using Guid(0a182db4daafd0344b2eec04e0b54da9) Importer(2089858483,b0f066a214c2f5e87bad3c948f4d605d) (ScriptedImporter) -> (artifact id: 'f2b902c04cec241176d79d8ab404cf94') in 0.0075357 seconds
Number of updated asset objects reloaded before import = 0Number of asset objects unloaded after import = 1

========================================================================
Received Import Request.
  Time since last request: 0.000018 seconds.
  path: Assets/GamerExtremo/RIP/Electric Puzzles_1.5/FIOS/resistor/left/8p.png
  artifactKey: Guid(c73b811d241df6f49aec65a627262feb) Importer(2089858483,b0f066a214c2f5e87bad3c948f4d605d)
Start importing Assets/GamerExtremo/RIP/Electric Puzzles_1.5/FIOS/resistor/left/8p.png using Guid(c73b811d241df6f49aec65a627262feb) Importer(2089858483,b0f066a214c2f5e87bad3c948f4d605d) (ScriptedImporter) -> (artifact id: '9d9af5ab2cdee7b47afe5dc9da950f62') in 0.0165793 seconds
Number of updated asset objects reloaded before import = 0Number of asset objects unloaded after import = 3

========================================================================
Received Import Request.
  Time since last request: 0.000024 seconds.
  path: Assets/GamerExtremo/RIP/Electric Puzzles_1.5/res/h7.9.png
  artifactKey: Guid(fc99cb28b7ff79e4cbf830f7005cfdbb) Importer(2089858483,b0f066a214c2f5e87bad3c948f4d605d)
Start importing Assets/GamerExtremo/RIP/Electric Puzzles_1.5/res/h7.9.png using Guid(fc99cb28b7ff79e4cbf830f7005cfdbb) Importer(2089858483,b0f066a214c2f5e87bad3c948f4d605d) (ScriptedImporter) -> (artifact id: 'a7f8b254f55e8de22369c12fd3864bc7') in 0.0141694 seconds
Number of updated asset objects reloaded before import = 0Number of asset objects unloaded after import = 3

========================================================================
Received Import Request.
  Time since last request: 0.000022 seconds.
  path: Assets/GamerExtremo/RIP/Electric Puzzles_1.5/res/Us.png
  artifactKey: Guid(8c09c1a637b8e024892993777147ce0a) Importer(2089858483,b0f066a214c2f5e87bad3c948f4d605d)
Start importing Assets/GamerExtremo/RIP/Electric Puzzles_1.5/res/Us.png using Guid(8c09c1a637b8e024892993777147ce0a) Importer(2089858483,b0f066a214c2f5e87bad3c948f4d605d) (ScriptedImporter) -> (artifact id: '94dde5773d840785618738a1d8a69c2d') in 0.0157426 seconds
Number of updated asset objects reloaded before import = 0Number of asset objects unloaded after import = 3

========================================================================
Received Import Request.
  Time since last request: 0.000056 seconds.
  path: Assets/GamerExtremo/RIP/Electric Puzzles_1.5/res/Da.png
  artifactKey: Guid(b3a06920cac56bc4dbd92dbedc00998b) Importer(2089858483,b0f066a214c2f5e87bad3c948f4d605d)
Start importing Assets/GamerExtremo/RIP/Electric Puzzles_1.5/res/Da.png using Guid(b3a06920cac56bc4dbd92dbedc00998b) Importer(2089858483,b0f066a214c2f5e87bad3c948f4d605d) (ScriptedImporter) -> (artifact id: 'd2950158c882a8945cbc150aca21c915') in 0.0149371 seconds
Number of updated asset objects reloaded before import = 0Number of asset objects unloaded after import = 3

========================================================================
Received Import Request.
  Time since last request: 0.000023 seconds.
  path: Assets/GamerExtremo/Resources/Player/run (1).png
  artifactKey: Guid(6453e856976da5b4abd65d5eb0d8f493) Importer(2089858483,b0f066a214c2f5e87bad3c948f4d605d)
Start importing Assets/GamerExtremo/Resources/Player/run (1).png using Guid(6453e856976da5b4abd65d5eb0d8f493) Importer(2089858483,b0f066a214c2f5e87bad3c948f4d605d) (ScriptedImporter) -> (artifact id: '6ced8413ef2e374b7f713141e2a02209') in 0.0173083 seconds
Number of updated asset objects reloaded before import = 0Number of asset objects unloaded after import = 3

========================================================================
Received Import Request.
  Time since last request: 0.000024 seconds.
  path: Assets/GamerExtremo/RIP/Electric Puzzles_1.5/✅ New Folder/XML/4B.xml
  artifactKey: Guid(cabda4b83bd38ac478e169641f680250) Importer(2089858483,b0f066a214c2f5e87bad3c948f4d605d)
Start importing Assets/GamerExtremo/RIP/Electric Puzzles_1.5/✅ New Folder/XML/4B.xml using Guid(cabda4b83bd38ac478e169641f680250) Importer(2089858483,b0f066a214c2f5e87bad3c948f4d605d) (ScriptedImporter) -> (artifact id: 'e019cb48ca08fe626914bd3e4a0bca6a') in 0.0064099 seconds
Number of updated asset objects reloaded before import = 0Number of asset objects unloaded after import = 1

========================================================================
Received Import Request.
  Time since last request: 0.000112 seconds.
  path: Assets/GamerExtremo/res/Gc.png
  artifactKey: Guid(9f5ae95658373d54d9f09ed6900f66e0) Importer(2089858483,b0f066a214c2f5e87bad3c948f4d605d)
Start importing Assets/GamerExtremo/res/Gc.png using Guid(9f5ae95658373d54d9f09ed6900f66e0) Importer(2089858483,b0f066a214c2f5e87bad3c948f4d605d) (ScriptedImporter) -> (artifact id: '42993454670f1d14b37f1f50241e73ff') in 0.0148541 seconds
Number of updated asset objects reloaded before import = 0Number of asset objects unloaded after import = 3

========================================================================
Received Import Request.
  Time since last request: 0.000026 seconds.
  path: Assets/GamerExtremo/RIP/Electric Puzzles_1.5/res/k8.xml
  artifactKey: Guid(9788506f88764254b88a347e0cbb4522) Importer(2089858483,b0f066a214c2f5e87bad3c948f4d605d)
Start importing Assets/GamerExtremo/RIP/Electric Puzzles_1.5/res/k8.xml using Guid(9788506f88764254b88a347e0cbb4522) Importer(2089858483,b0f066a214c2f5e87bad3c948f4d605d) (ScriptedImporter) -> (artifact id: '432982e334d00e106a1d9406d0a66003') in 0.006085 seconds
Number of updated asset objects reloaded before import = 0Number of asset objects unloaded after import = 1

========================================================================
Received Import Request.
  Time since last request: 0.000118 seconds.
  path: Assets/GamerExtremo/Pictures/wire_te.png
  artifactKey: Guid(e8667c0befdaa564fbc4038f17cf3ba8) Importer(2089858483,b0f066a214c2f5e87bad3c948f4d605d)
Start importing Assets/GamerExtremo/Pictures/wire_te.png using Guid(e8667c0befdaa564fbc4038f17cf3ba8) Importer(2089858483,b0f066a214c2f5e87bad3c948f4d605d) (ScriptedImporter) -> (artifact id: 'e44ef1db03118470b97f9eba51d3bc4c') in 0.0147158 seconds
Number of updated asset objects reloaded before import = 0Number of asset objects unloaded after import = 3

========================================================================
Received Import Request.
  Time since last request: 0.000024 seconds.
  path: Assets/GamerExtremo/RIP/Electric Puzzles_1.5/res/RA.png
  artifactKey: Guid(c3ed3a3f3e267d9468d504b9befdb9d3) Importer(2089858483,b0f066a214c2f5e87bad3c948f4d605d)
Start importing Assets/GamerExtremo/RIP/Electric Puzzles_1.5/res/RA.png using Guid(c3ed3a3f3e267d9468d504b9befdb9d3) Importer(2089858483,b0f066a214c2f5e87bad3c948f4d605d) (ScriptedImporter) -> (artifact id: '8183c08271b4908d80c275ad084f2817') in 0.0156647 seconds
Number of updated asset objects reloaded before import = 0Number of asset objects unloaded after import = 3

========================================================================
Received Import Request.
  Time since last request: 0.000022 seconds.
  path: Assets/GamerExtremo/res/eR.png
  artifactKey: Guid(704982e33cae77346b66ab8ca03fadf6) Importer(2089858483,b0f066a214c2f5e87bad3c948f4d605d)
Start importing Assets/GamerExtremo/res/eR.png using Guid(704982e33cae77346b66ab8ca03fadf6) Importer(2089858483,b0f066a214c2f5e87bad3c948f4d605d) (ScriptedImporter) -> (artifact id: '135d639e659abf9859595b76c43e924a') in 0.0148879 seconds
Number of updated asset objects reloaded before import = 0Number of asset objects unloaded after import = 3

========================================================================
Received Import Request.
  Time since last request: 0.000024 seconds.
  path: Assets/GamerExtremo/RIP/Electric Puzzles_1.5/✅ New Folder/INTERROGACAO/2W.png
  artifactKey: Guid(5a2b8713397c4f348ae8b70d9a4bce29) Importer(2089858483,b0f066a214c2f5e87bad3c948f4d605d)
Start importing Assets/GamerExtremo/RIP/Electric Puzzles_1.5/✅ New Folder/INTERROGACAO/2W.png using Guid(5a2b8713397c4f348ae8b70d9a4bce29) Importer(2089858483,b0f066a214c2f5e87bad3c948f4d605d) (ScriptedImporter) -> (artifact id: '484e1a6c622a639c28529f0668f90d39') in 0.0173182 seconds
Number of updated asset objects reloaded before import = 0Number of asset objects unloaded after import = 3

========================================================================
Received Import Request.
  Time since last request: 0.000022 seconds.
  path: Assets/GamerExtremo/RIP/Electric Puzzles_1.5/res/H-.png
  artifactKey: Guid(58ba9506715678a45b35a972a9ddff72) Importer(2089858483,b0f066a214c2f5e87bad3c948f4d605d)
Start importing Assets/GamerExtremo/RIP/Electric Puzzles_1.5/res/H-.png using Guid(58ba9506715678a45b35a972a9ddff72) Importer(2089858483,b0f066a214c2f5e87bad3c948f4d605d) (ScriptedImporter) -> (artifact id: '87bd9658006510f8ec9b8d30dea761fa') in 0.0143539 seconds
Number of updated asset objects reloaded before import = 0Number of asset objects unloaded after import = 3

========================================================================
Received Import Request.
  Time since last request: 0.000024 seconds.
  path: Assets/GamerExtremo/RIP/Electric Puzzles_1.5/res/U-.9.png
  artifactKey: Guid(8269a7a338d8cbe49b8ad4f86e381462) Importer(2089858483,b0f066a214c2f5e87bad3c948f4d605d)
Start importing Assets/GamerExtremo/RIP/Electric Puzzles_1.5/res/U-.9.png using Guid(8269a7a338d8cbe49b8ad4f86e381462) Importer(2089858483,b0f066a214c2f5e87bad3c948f4d605d) (ScriptedImporter) -> (artifact id: '8ab4e2ec692d7ecdfc49bae40ba3cbdf') in 0.0168269 seconds
Number of updated asset objects reloaded before import = 0Number of asset objects unloaded after import = 3

========================================================================
Received Import Request.
  Time since last request: 0.000025 seconds.
  path: Assets/GamerExtremo/RIP/Electric Puzzles_1.5/res/Qn.png
  artifactKey: Guid(e97a095eab540a8459d9d251e39829b1) Importer(2089858483,b0f066a214c2f5e87bad3c948f4d605d)
Start importing Assets/GamerExtremo/RIP/Electric Puzzles_1.5/res/Qn.png using Guid(e97a095eab540a8459d9d251e39829b1) Importer(2089858483,b0f066a214c2f5e87bad3c948f4d605d) (ScriptedImporter) -> (artifact id: '9a5cbf54bfc30df7c69e3986a9817e39') in 0.0141856 seconds
Number of updated asset objects reloaded before import = 0Number of asset objects unloaded after import = 3

========================================================================
Received Import Request.
  Time since last request: 0.000024 seconds.
  path: Assets/GamerExtremo/RIP/Electric Puzzles_1.5/res/Io.png
  artifactKey: Guid(6b9f1b0bdd5559a4c87d0129a439beef) Importer(2089858483,b0f066a214c2f5e87bad3c948f4d605d)
Start importing Assets/GamerExtremo/RIP/Electric Puzzles_1.5/res/Io.png using Guid(6b9f1b0bdd5559a4c87d0129a439beef) Importer(2089858483,b0f066a214c2f5e87bad3c948f4d605d) (ScriptedImporter) -> (artifact id: '82dc052c7b7a1aa3c65d5a9db5186842') in 0.0157592 seconds
Number of updated asset objects reloaded before import = 0Number of asset objects unloaded after import = 3

========================================================================
Received Import Request.
  Time since last request: 0.000022 seconds.
  path: Assets/GamerExtremo/Resources/Enemy2/skeleton_2_walk (1).png
  artifactKey: Guid(5ae0ba4acc6643145bc8938d620222f1) Importer(2089858483,b0f066a214c2f5e87bad3c948f4d605d)
Start importing Assets/GamerExtremo/Resources/Enemy2/skeleton_2_walk (1).png using Guid(5ae0ba4acc6643145bc8938d620222f1) Importer(2089858483,b0f066a214c2f5e87bad3c948f4d605d) (ScriptedImporter) -> (artifact id: 'fe6f14df9d78fc161cd93826022ee0a8') in 0.0163494 seconds
Number of updated asset objects reloaded before import = 0Number of asset objects unloaded after import = 3

========================================================================
Received Import Request.
  Time since last request: 0.000023 seconds.
  path: Assets/GamerExtremo/res/qx.xml
  artifactKey: Guid(5f034c26d56717545817f7a522b3a6c7) Importer(2089858483,b0f066a214c2f5e87bad3c948f4d605d)
Start importing Assets/GamerExtremo/res/qx.xml using Guid(5f034c26d56717545817f7a522b3a6c7) Importer(2089858483,b0f066a214c2f5e87bad3c948f4d605d) (ScriptedImporter) -> (artifact id: '4d1c3e5243e282e377d835e9b57b5ed2') in 0.0053811 seconds
Number of updated asset objects reloaded before import = 0Number of asset objects unloaded after import = 1

========================================================================
Received Import Request.
  Time since last request: 0.000120 seconds.
  path: Assets/GamerExtremo/RIP/Electric Puzzles_1.5/res/Gd.png
  artifactKey: Guid(1da44de074d70344ca3ed146f356cd4c) Importer(2089858483,b0f066a214c2f5e87bad3c948f4d605d)
Start importing Assets/GamerExtremo/RIP/Electric Puzzles_1.5/res/Gd.png using Guid(1da44de074d70344ca3ed146f356cd4c) Importer(2089858483,b0f066a214c2f5e87bad3c948f4d605d) (ScriptedImporter) -> (artifact id: 'c0a9e09a8d43a4237755aec31fd984cb') in 0.015986 seconds
Number of updated asset objects reloaded before import = 0Number of asset objects unloaded after import = 3

========================================================================
Received Import Request.
  Time since last request: 0.000021 seconds.
  path: Assets/GamerExtremo/RIP/Electric Puzzles_1.5/✅ New Folder/XML/EQ.xml
  artifactKey: Guid(b16d104d481e08947b621d3f2f263a37) Importer(2089858483,b0f066a214c2f5e87bad3c948f4d605d)
Start importing Assets/GamerExtremo/RIP/Electric Puzzles_1.5/✅ New Folder/XML/EQ.xml using Guid(b16d104d481e08947b621d3f2f263a37) Importer(2089858483,b0f066a214c2f5e87bad3c948f4d605d) (ScriptedImporter) -> (artifact id: 'ca328039af366970fcd5997cfe66853f') in 0.0059689 seconds
Number of updated asset objects reloaded before import = 0Number of asset objects unloaded after import = 1

========================================================================
Received Import Request.
  Time since last request: 0.000094 seconds.
  path: Assets/GamerExtremo/RIP/Electric Puzzles_1.5/res/color-v23/abc_tint_seek_thumb.xml
  artifactKey: Guid(6fd543a636486e842a002d9e26786ce2) Importer(2089858483,b0f066a214c2f5e87bad3c948f4d605d)
Start importing Assets/GamerExtremo/RIP/Electric Puzzles_1.5/res/color-v23/abc_tint_seek_thumb.xml using Guid(6fd543a636486e842a002d9e26786ce2) Importer(2089858483,b0f066a214c2f5e87bad3c948f4d605d) (ScriptedImporter) -> (artifact id: '749e2e919f0596893e0121e58b92ab6e') in 0.0061496 seconds
Number of updated asset objects reloaded before import = 0Number of asset objects unloaded after import = 1

========================================================================
Received Import Request.
  Time since last request: 0.000123 seconds.
  path: Assets/GamerExtremo/res/BT.png
  artifactKey: Guid(a4ae8d8a517f13342b835251f20e79f6) Importer(2089858483,b0f066a214c2f5e87bad3c948f4d605d)
Start importing Assets/GamerExtremo/res/BT.png using Guid(a4ae8d8a517f13342b835251f20e79f6) Importer(2089858483,b0f066a214c2f5e87bad3c948f4d605d) (ScriptedImporter) -> (artifact id: '39a8f85e6f0f430ab6b7e266995abb18') in 0.0140413 seconds
Number of updated asset objects reloaded before import = 0Number of asset objects unloaded after import = 3

========================================================================
Received Import Request.
  Time since last request: 0.000026 seconds.
  path: Assets/GamerExtremo/Resources/Player/run (8).png
  artifactKey: Guid(6d1bc653e81a6064d8f701388516433c) Importer(2089858483,b0f066a214c2f5e87bad3c948f4d605d)
Start importing Assets/GamerExtremo/Resources/Player/run (8).png using Guid(6d1bc653e81a6064d8f701388516433c) Importer(2089858483,b0f066a214c2f5e87bad3c948f4d605d) (ScriptedImporter) -> (artifact id: '7e0b06fdf79bdb59c9495f0f707b3ce4') in 0.0142016 seconds
Number of updated asset objects reloaded before import = 0Number of asset objects unloaded after import = 3

========================================================================
Received Import Request.
  Time since last request: 0.000033 seconds.
  path: Assets/GamerExtremo/RIP/Electric Puzzles_1.5/res/n2.png
  artifactKey: Guid(fca8d7156070da64881f28138dee2b3e) Importer(2089858483,b0f066a214c2f5e87bad3c948f4d605d)
Start importing Assets/GamerExtremo/RIP/Electric Puzzles_1.5/res/n2.png using Guid(fca8d7156070da64881f28138dee2b3e) Importer(2089858483,b0f066a214c2f5e87bad3c948f4d605d) (ScriptedImporter) -> (artifact id: 'c9cef5ebcd46d343feb69ac5a452255e') in 0.0169531 seconds
Number of updated asset objects reloaded before import = 0Number of asset objects unloaded after import = 3

========================================================================
Received Import Request.
  Time since last request: 0.000022 seconds.
  path: Assets/GamerExtremo/res/yO.png
  artifactKey: Guid(ff523c62c517d604c95a788b93c2e768) Importer(2089858483,b0f066a214c2f5e87bad3c948f4d605d)
Start importing Assets/GamerExtremo/res/yO.png using Guid(ff523c62c517d604c95a788b93c2e768) Importer(2089858483,b0f066a214c2f5e87bad3c948f4d605d) (ScriptedImporter) -> (artifact id: 'afb07fd9c270ef70312c3a0882333a75') in 0.0143279 seconds
Number of updated asset objects reloaded before import = 0Number of asset objects unloaded after import = 3

========================================================================
Received Import Request.
  Time since last request: 0.000022 seconds.
  path: Assets/GamerExtremo/RIP/Electric Puzzles_1.5/✅ New Folder/CHAVE DE BOCA/Nq.png
  artifactKey: Guid(b202dababf806504c9a8fa2f9f934549) Importer(2089858483,b0f066a214c2f5e87bad3c948f4d605d)
Start importing Assets/GamerExtremo/RIP/Electric Puzzles_1.5/✅ New Folder/CHAVE DE BOCA/Nq.png using Guid(b202dababf806504c9a8fa2f9f934549) Importer(2089858483,b0f066a214c2f5e87bad3c948f4d605d) (ScriptedImporter) -> (artifact id: '8f1c8be93c37eb4ad46f06e77efc1a74') in 0.0147897 seconds
Number of updated asset objects reloaded before import = 0Number of asset objects unloaded after import = 3

========================================================================
Received Import Request.
  Time since last request: 0.000063 seconds.
  path: Assets/GamerExtremo/GE Scenes
  artifactKey: Guid(78923b8d25f5e9347a18d33813fde74f) Importer(2089858483,b0f066a214c2f5e87bad3c948f4d605d)
Start importing Assets/GamerExtremo/GE Scenes using Guid(78923b8d25f5e9347a18d33813fde74f) Importer(2089858483,b0f066a214c2f5e87bad3c948f4d605d) (ScriptedImporter) -> (artifact id: 'be6db53e3e8f456dfe87dfd127d491fb') in 0.0054644 seconds
Number of updated asset objects reloaded before import = 0Number of asset objects unloaded after import = 1

========================================================================
Received Import Request.
  Time since last request: 0.000110 seconds.
  path: Assets/GamerExtremo/RIP/Electric Puzzles_1.5/res/0q.png
  artifactKey: Guid(7ba28b286660bef4dba5e044d7df87ef) Importer(2089858483,b0f066a214c2f5e87bad3c948f4d605d)
Start importing Assets/GamerExtremo/RIP/Electric Puzzles_1.5/res/0q.png using Guid(7ba28b286660bef4dba5e044d7df87ef) Importer(2089858483,b0f066a214c2f5e87bad3c948f4d605d) (ScriptedImporter) -> (artifact id: 'ac5a85c2dc0cb906073a2ccf372f50d7') in 0.0165919 seconds
Number of updated asset objects reloaded before import = 0Number of asset objects unloaded after import = 3

========================================================================
Received Import Request.
  Time since last request: 0.000023 seconds.
  path: Assets/GamerExtremo/RIP/Electric Puzzles_1.5/✅ New Folder/XML/bt.xml
  artifactKey: Guid(6f241cafa1725534d88d761f48a38912) Importer(2089858483,b0f066a214c2f5e87bad3c948f4d605d)
Start importing Assets/GamerExtremo/RIP/Electric Puzzles_1.5/✅ New Folder/XML/bt.xml using Guid(6f241cafa1725534d88d761f48a38912) Importer(2089858483,b0f066a214c2f5e87bad3c948f4d605d) (ScriptedImporter) -> (artifact id: 'd26699266a59b3a5fa9f20de40aa3681') in 0.0077756 seconds
Number of updated asset objects reloaded before import = 0Number of asset objects unloaded after import = 1

========================================================================
Received Import Request.
  Time since last request: 0.000087 seconds.
  path: Assets/GamerExtremo/RIP/Electric Puzzles_1.5/res/GK.xml
  artifactKey: Guid(4df8056158542ed4a828516ee4525fc2) Importer(2089858483,b0f066a214c2f5e87bad3c948f4d605d)
Start importing Assets/GamerExtremo/RIP/Electric Puzzles_1.5/res/GK.xml using Guid(4df8056158542ed4a828516ee4525fc2) Importer(2089858483,b0f066a214c2f5e87bad3c948f4d605d) (ScriptedImporter) -> (artifact id: '4ef4840639b9d8a31a0572bd691b1071') in 0.0062568 seconds
Number of updated asset objects reloaded before import = 0Number of asset objects unloaded after import = 1

========================================================================
Received Import Request.
  Time since last request: 0.000025 seconds.
  path: Assets/GamerExtremo/RIP/Electric Puzzles_1.5/FIOS/resistor/direita/aH.png
  artifactKey: Guid(a45ba03cb54f2b145b7f5cc4fadcbb79) Importer(2089858483,b0f066a214c2f5e87bad3c948f4d605d)
Start importing Assets/GamerExtremo/RIP/Electric Puzzles_1.5/FIOS/resistor/direita/aH.png using Guid(a45ba03cb54f2b145b7f5cc4fadcbb79) Importer(2089858483,b0f066a214c2f5e87bad3c948f4d605d) (ScriptedImporter) -> (artifact id: '7b6ed45e83c09e8838f7ea4945947f56') in 0.0162454 seconds
Number of updated asset objects reloaded before import = 0Number of asset objects unloaded after import = 3

========================================================================
Received Import Request.
  Time since last request: 0.000023 seconds.
  path: Assets/GamerExtremo/RIP/Electric Puzzles_1.5/res/xT.xml
  artifactKey: Guid(25c6a3ef3e968b543b12e5661479892b) Importer(2089858483,b0f066a214c2f5e87bad3c948f4d605d)
Start importing Assets/GamerExtremo/RIP/Electric Puzzles_1.5/res/xT.xml using Guid(25c6a3ef3e968b543b12e5661479892b) Importer(2089858483,b0f066a214c2f5e87bad3c948f4d605d) (ScriptedImporter) -> (artifact id: 'abeb955c9fbe5e83ea7145512b3944fa') in 0.0074675 seconds
Number of updated asset objects reloaded before import = 0Number of asset objects unloaded after import = 1

========================================================================
Received Import Request.
  Time since last request: 0.000090 seconds.
  path: Assets/GamerExtremo/RIP/Electric Puzzles_1.5/res/Ha.png
  artifactKey: Guid(6e7e6a8f4622995488e262ce8c3d0d7e) Importer(2089858483,b0f066a214c2f5e87bad3c948f4d605d)
Start importing Assets/GamerExtremo/RIP/Electric Puzzles_1.5/res/Ha.png using Guid(6e7e6a8f4622995488e262ce8c3d0d7e) Importer(2089858483,b0f066a214c2f5e87bad3c948f4d605d) (ScriptedImporter) -> (artifact id: '05c3e8293bc5b7c1ac45c6dabace1cf2') in 0.0144353 seconds
Number of updated asset objects reloaded before import = 0Number of asset objects unloaded after import = 3

========================================================================
Received Import Request.
  Time since last request: 0.000022 seconds.
  path: Assets/GamerExtremo/RIP/Electric Puzzles_1.5/Pictures/resistor1.png
  artifactKey: Guid(02078a1850c9eb846b712824a9bb9983) Importer(2089858483,b0f066a214c2f5e87bad3c948f4d605d)
Start importing Assets/GamerExtremo/RIP/Electric Puzzles_1.5/Pictures/resistor1.png using Guid(02078a1850c9eb846b712824a9bb9983) Importer(2089858483,b0f066a214c2f5e87bad3c948f4d605d) (ScriptedImporter) -> (artifact id: '9cca0efd17be1889a02cc632a6bb4272') in 0.0155373 seconds
Number of updated asset objects reloaded before import = 0Number of asset objects unloaded after import = 3

========================================================================
Received Import Request.
  Time since last request: 0.000023 seconds.
  path: Assets/GamerExtremo/RIP/Electric Puzzles_1.5/res/kj.xml
  artifactKey: Guid(f8328663c30db824f890c8257cbfcfba) Importer(2089858483,b0f066a214c2f5e87bad3c948f4d605d)
Start importing Assets/GamerExtremo/RIP/Electric Puzzles_1.5/res/kj.xml using Guid(f8328663c30db824f890c8257cbfcfba) Importer(2089858483,b0f066a214c2f5e87bad3c948f4d605d) (ScriptedImporter) -> (artifact id: '33151d41bd5893919468215a25ce86c7') in 0.0067415 seconds
Number of updated asset objects reloaded before import = 0Number of asset objects unloaded after import = 1

========================================================================
Received Import Request.
  Time since last request: 0.000057 seconds.
  path: Assets/GamerExtremo/Resources/Sprites/Group 7 copy 2.png
  artifactKey: Guid(1bc31cbfd5e935e499c8cddaaf0945fe) Importer(2089858483,b0f066a214c2f5e87bad3c948f4d605d)
Start importing Assets/GamerExtremo/Resources/Sprites/Group 7 copy 2.png using Guid(1bc31cbfd5e935e499c8cddaaf0945fe) Importer(2089858483,b0f066a214c2f5e87bad3c948f4d605d) (ScriptedImporter) -> (artifact id: 'cc711b82b90356cb7f9536ba5db83d11') in 0.0169441 seconds
Number of updated asset objects reloaded before import = 0Number of asset objects unloaded after import = 3

========================================================================
Received Import Request.
  Time since last request: 0.000024 seconds.
  path: Assets/GamerExtremo/Resources/Player/jump_attack (1).png
  artifactKey: Guid(10b5b9a58acd75f42a27f53da6217dcf) Importer(2089858483,b0f066a214c2f5e87bad3c948f4d605d)
Start importing Assets/GamerExtremo/Resources/Player/jump_attack (1).png using Guid(10b5b9a58acd75f42a27f53da6217dcf) Importer(2089858483,b0f066a214c2f5e87bad3c948f4d605d) (ScriptedImporter) -> (artifact id: '4dddef97d668a135f7a325b1e3bf9329') in 0.0172552 seconds
Number of updated asset objects reloaded before import = 0Number of asset objects unloaded after import = 3

========================================================================
Received Import Request.
  Time since last request: 0.000021 seconds.
  path: Assets/GamerExtremo/Resources/TangranPortal/pieces_tangram.png
  artifactKey: Guid(25346b2288bbb594cabae8910a69330b) Importer(2089858483,b0f066a214c2f5e87bad3c948f4d605d)
Start importing Assets/GamerExtremo/Resources/TangranPortal/pieces_tangram.png using Guid(25346b2288bbb594cabae8910a69330b) Importer(2089858483,b0f066a214c2f5e87bad3c948f4d605d) (ScriptedImporter) -> (artifact id: 'f54d5ba69c61687f0f87a00c7391b32c') in 0.0359946 seconds
Number of updated asset objects reloaded before import = 0Number of asset objects unloaded after import = 18

========================================================================
Received Import Request.
  Time since last request: 0.000070 seconds.
  path: Assets/GamerExtremo/RIP/Electric Puzzles_1.5/✅ New Folder/CIRCLE/CIRCLE ORANGE/7k.png
  artifactKey: Guid(e9d8f4d3a7d87a148930425feb561af2) Importer(2089858483,b0f066a214c2f5e87bad3c948f4d605d)
Start importing Assets/GamerExtremo/RIP/Electric Puzzles_1.5/✅ New Folder/CIRCLE/CIRCLE ORANGE/7k.png using Guid(e9d8f4d3a7d87a148930425feb561af2) Importer(2089858483,b0f066a214c2f5e87bad3c948f4d605d) (ScriptedImporter) -> (artifact id: 'fc46050cb1eb086dc54238d73c2d9d96') in 0.010382 seconds
Number of updated asset objects reloaded before import = 0Number of asset objects unloaded after import = 3

========================================================================
Received Import Request.
  Time since last request: 0.000093 seconds.
  path: Assets/GamerExtremo/res/RD.png
  artifactKey: Guid(ad0781a6900dc6d4aa7f3c40dcccd4f2) Importer(2089858483,b0f066a214c2f5e87bad3c948f4d605d)
Start importing Assets/GamerExtremo/res/RD.png using Guid(ad0781a6900dc6d4aa7f3c40dcccd4f2) Importer(2089858483,b0f066a214c2f5e87bad3c948f4d605d) (ScriptedImporter) -> (artifact id: '7ac07d808237761fc33f246f9104a545') in 0.0133741 seconds
Number of updated asset objects reloaded before import = 0Number of asset objects unloaded after import = 3

========================================================================
Received Import Request.
  Time since last request: 0.000016 seconds.
  path: Assets/GamerExtremo/RIP/Electric Puzzles_1.5/Pictures/Paisagens
  artifactKey: Guid(fdad293ec1349064cbc29792fe258896) Importer(2089858483,b0f066a214c2f5e87bad3c948f4d605d)
Start importing Assets/GamerExtremo/RIP/Electric Puzzles_1.5/Pictures/Paisagens using Guid(fdad293ec1349064cbc29792fe258896) Importer(2089858483,b0f066a214c2f5e87bad3c948f4d605d) (ScriptedImporter) -> (artifact id: 'e8a3013a4f93264e8f8c5c6e61949365') in 0.0038847 seconds
Number of updated asset objects reloaded before import = 0Number of asset objects unloaded after import = 1

========================================================================
Received Import Request.
  Time since last request: 0.000172 seconds.
  path: Assets/GamerExtremo/RIP/Electric Puzzles_1.5/FIOS/retangulo horizontal/Pasta/Li.9.png
  artifactKey: Guid(6320306e5ae343c4dbafde1e47311eb0) Importer(2089858483,b0f066a214c2f5e87bad3c948f4d605d)
Start importing Assets/GamerExtremo/RIP/Electric Puzzles_1.5/FIOS/retangulo horizontal/Pasta/Li.9.png using Guid(6320306e5ae343c4dbafde1e47311eb0) Importer(2089858483,b0f066a214c2f5e87bad3c948f4d605d) (ScriptedImporter) -> (artifact id: 'be621b4477add8b602986bf497a64968') in 0.010529 seconds
Number of updated asset objects reloaded before import = 0Number of asset objects unloaded after import = 3

========================================================================
Received Import Request.
  Time since last request: 0.000021 seconds.
  path: Assets/GamerExtremo/Resources/Player/defend (3).png
  artifactKey: Guid(18b2594c379b254419ed2ba80ec3eacc) Importer(2089858483,b0f066a214c2f5e87bad3c948f4d605d)
Start importing Assets/GamerExtremo/Resources/Player/defend (3).png using Guid(18b2594c379b254419ed2ba80ec3eacc) Importer(2089858483,b0f066a214c2f5e87bad3c948f4d605d) (ScriptedImporter) -> (artifact id: '7d3047653709a093d6382d33f06d20ac') in 0.0250818 seconds
Number of updated asset objects reloaded before import = 0Number of asset objects unloaded after import = 3

========================================================================
Received Import Request.
  Time since last request: 0.000018 seconds.
  path: Assets/GamerExtremo/res/Tl.xml
  artifactKey: Guid(d11690b276871ac409f87eb8cdd8cca2) Importer(2089858483,b0f066a214c2f5e87bad3c948f4d605d)
Start importing Assets/GamerExtremo/res/Tl.xml using Guid(d11690b276871ac409f87eb8cdd8cca2) Importer(2089858483,b0f066a214c2f5e87bad3c948f4d605d) (ScriptedImporter) -> (artifact id: '109719ae18b66d0e0c470c648908540b') in 0.0041284 seconds
Number of updated asset objects reloaded before import = 0Number of asset objects unloaded after import = 1

========================================================================
Received Import Request.
  Time since last request: 0.000076 seconds.
  path: Assets/GamerExtremo/res/hz.png
  artifactKey: Guid(e185c78a060c01d43aa9df960eeeb743) Importer(2089858483,b0f066a214c2f5e87bad3c948f4d605d)
Start importing Assets/GamerExtremo/res/hz.png using Guid(e185c78a060c01d43aa9df960eeeb743) Importer(2089858483,b0f066a214c2f5e87bad3c948f4d605d) (ScriptedImporter) -> (artifact id: '14c79f7bf88b95a27f246e4481c7428c') in 0.0154937 seconds
Number of updated asset objects reloaded before import = 0Number of asset objects unloaded after import = 3

========================================================================
Received Import Request.
  Time since last request: 0.000037 seconds.
  path: Assets/GamerExtremo/RIP/Electric Puzzles_1.5/res/Gf.png
  artifactKey: Guid(65ef2c90cb0aa1e4e961d5f9bd7463ef) Importer(2089858483,b0f066a214c2f5e87bad3c948f4d605d)
Start importing Assets/GamerExtremo/RIP/Electric Puzzles_1.5/res/Gf.png using Guid(65ef2c90cb0aa1e4e961d5f9bd7463ef) Importer(2089858483,b0f066a214c2f5e87bad3c948f4d605d) (ScriptedImporter) -> (artifact id: 'a14734d15a430a421dc83bd1b620d2e1') in 0.0141954 seconds
Number of updated asset objects reloaded before import = 0Number of asset objects unloaded after import = 3

========================================================================
Received Import Request.
  Time since last request: 0.000045 seconds.
  path: Assets/GamerExtremo/RIP/Electric Puzzles_1.5/res/-T.png
  artifactKey: Guid(d2505715f60c9574d81b062aa144de6d) Importer(2089858483,b0f066a214c2f5e87bad3c948f4d605d)
Start importing Assets/GamerExtremo/RIP/Electric Puzzles_1.5/res/-T.png using Guid(d2505715f60c9574d81b062aa144de6d) Importer(2089858483,b0f066a214c2f5e87bad3c948f4d605d) (ScriptedImporter) -> (artifact id: '1ed51fb7857a6dcf09c314c0efbd9c12') in 0.0127553 seconds
Number of updated asset objects reloaded before import = 0Number of asset objects unloaded after import = 3

========================================================================
Received Import Request.
  Time since last request: 0.000026 seconds.
  path: Assets/GamerExtremo/RIP/Electric Puzzles_1.5/✅ New Folder/XML/c6.xml
  artifactKey: Guid(5b8903e8fd7aa7b4c9081bb1f3a3a931) Importer(2089858483,b0f066a214c2f5e87bad3c948f4d605d)
Start importing Assets/GamerExtremo/RIP/Electric Puzzles_1.5/✅ New Folder/XML/c6.xml using Guid(5b8903e8fd7aa7b4c9081bb1f3a3a931) Importer(2089858483,b0f066a214c2f5e87bad3c948f4d605d) (ScriptedImporter) -> (artifact id: '2feae6a4af072e98b0121aa56779eb29') in 0.0057406 seconds
Number of updated asset objects reloaded before import = 0Number of asset objects unloaded after import = 1

========================================================================
Received Import Request.
  Time since last request: 0.000132 seconds.
  path: Assets/GamerExtremo/Resources/Enemy2/skeleton_2_attack (4).png
  artifactKey: Guid(be3ae114eaa7710449db837adbcf374c) Importer(2089858483,b0f066a214c2f5e87bad3c948f4d605d)
Start importing Assets/GamerExtremo/Resources/Enemy2/skeleton_2_attack (4).png using Guid(be3ae114eaa7710449db837adbcf374c) Importer(2089858483,b0f066a214c2f5e87bad3c948f4d605d) (ScriptedImporter) -> (artifact id: '9a9252608c64b8836582483b5ea02c97') in 0.0141102 seconds
Number of updated asset objects reloaded before import = 0Number of asset objects unloaded after import = 3

========================================================================
Received Import Request.
  Time since last request: 0.000036 seconds.
  path: Assets/GamerExtremo/RIP/Electric Puzzles_1.5/✅ New Folder/CIRCLE/CIRCLE G/Gray/Dd1.png
  artifactKey: Guid(66a7378cdff11fb4da73e3a37ccd93fb) Importer(2089858483,b0f066a214c2f5e87bad3c948f4d605d)
Start importing Assets/GamerExtremo/RIP/Electric Puzzles_1.5/✅ New Folder/CIRCLE/CIRCLE G/Gray/Dd1.png using Guid(66a7378cdff11fb4da73e3a37ccd93fb) Importer(2089858483,b0f066a214c2f5e87bad3c948f4d605d) (ScriptedImporter) -> (artifact id: '7804a83ae21bdc9e791d76d44d200b29') in 0.0125315 seconds
Number of updated asset objects reloaded before import = 0Number of asset objects unloaded after import = 3

========================================================================
Received Import Request.
  Time since last request: 0.000023 seconds.
  path: Assets/GamerExtremo/RIP/Electric Puzzles_1.5/FIOS/fio fundo verde claro/nx.png
  artifactKey: Guid(13e9def1fdee5644390e605aa169ac5d) Importer(2089858483,b0f066a214c2f5e87bad3c948f4d605d)
Start importing Assets/GamerExtremo/RIP/Electric Puzzles_1.5/FIOS/fio fundo verde claro/nx.png using Guid(13e9def1fdee5644390e605aa169ac5d) Importer(2089858483,b0f066a214c2f5e87bad3c948f4d605d) (ScriptedImporter) -> (artifact id: '07c058197fc369600a67e0f91469a8f4') in 0.0113701 seconds
Number of updated asset objects reloaded before import = 0Number of asset objects unloaded after import = 3

========================================================================
Received Import Request.
  Time since last request: 0.000076 seconds.
  path: Assets/GamerExtremo/Resources/Player/jump (4).png
  artifactKey: Guid(ac4d4b3d67381ee4daae4e8aae23bc5c) Importer(2089858483,b0f066a214c2f5e87bad3c948f4d605d)
Start importing Assets/GamerExtremo/Resources/Player/jump (4).png using Guid(ac4d4b3d67381ee4daae4e8aae23bc5c) Importer(2089858483,b0f066a214c2f5e87bad3c948f4d605d) (ScriptedImporter) -> (artifact id: '771195d784c34aa9090363c429b5957c') in 0.0123571 seconds
Number of updated asset objects reloaded before import = 0Number of asset objects unloaded after import = 3

========================================================================
Received Import Request.
  Time since last request: 0.000043 seconds.
  path: Assets/GamerExtremo/Resources/Sounds/Retro UI Sounds/Select/ui_select_5.wav
  artifactKey: Guid(8c8fe49d27977c04a943c9df7ef34699) Importer(2089858483,b0f066a214c2f5e87bad3c948f4d605d)
Start importing Assets/GamerExtremo/Resources/Sounds/Retro UI Sounds/Select/ui_select_5.wav using Guid(8c8fe49d27977c04a943c9df7ef34699) Importer(2089858483,b0f066a214c2f5e87bad3c948f4d605d) (ScriptedImporter) -> (artifact id: '46fdf821ffeb00d6eb31eca167e8696b') in 0.0144669 seconds
Number of updated asset objects reloaded before import = 0Number of asset objects unloaded after import = 1

========================================================================
Received Import Request.
  Time since last request: 0.000087 seconds.
  path: Assets/GamerExtremo/res/color/abc_hint_foreground_material_dark.xml
  artifactKey: Guid(13980f1c25f6ce842aaedf1df1db880d) Importer(2089858483,b0f066a214c2f5e87bad3c948f4d605d)
Start importing Assets/GamerExtremo/res/color/abc_hint_foreground_material_dark.xml using Guid(13980f1c25f6ce842aaedf1df1db880d) Importer(2089858483,b0f066a214c2f5e87bad3c948f4d605d) (ScriptedImporter) -> (artifact id: '9d238460da39b433abb387eecabb26ba') in 0.0084139 seconds
Number of updated asset objects reloaded before import = 0Number of asset objects unloaded after import = 1

========================================================================
Received Import Request.
  Time since last request: 0.000130 seconds.
  path: Assets/GamerExtremo/res/je.9.png
  artifactKey: Guid(d63279b5952c32840b7bfba339449fcb) Importer(2089858483,b0f066a214c2f5e87bad3c948f4d605d)
Start importing Assets/GamerExtremo/res/je.9.png using Guid(d63279b5952c32840b7bfba339449fcb) Importer(2089858483,b0f066a214c2f5e87bad3c948f4d605d) (ScriptedImporter) -> (artifact id: '0e7b6ecc4a701367a3598a0dd7f1221d') in 0.0105672 seconds
Number of updated asset objects reloaded before import = 0Number of asset objects unloaded after import = 3

========================================================================
Received Import Request.
  Time since last request: 0.000078 seconds.
  path: Assets/GamerExtremo/RIP/Electric Puzzles_1.5/res/nu.png
  artifactKey: Guid(4fcc1266adc4ef44695e2b7bf83e57c7) Importer(2089858483,b0f066a214c2f5e87bad3c948f4d605d)
Start importing Assets/GamerExtremo/RIP/Electric Puzzles_1.5/res/nu.png using Guid(4fcc1266adc4ef44695e2b7bf83e57c7) Importer(2089858483,b0f066a214c2f5e87bad3c948f4d605d) (ScriptedImporter) -> (artifact id: '00400b4f4a7409999a8faad4206db6b9') in 0.0123841 seconds
Number of updated asset objects reloaded before import = 0Number of asset objects unloaded after import = 3

========================================================================
Received Import Request.
  Time since last request: 0.000020 seconds.
  path: Assets/GamerExtremo/RIP/Electric Puzzles_1.5/res/ly.png
  artifactKey: Guid(daaf1f033c0f50c48903b60fbebaff2e) Importer(2089858483,b0f066a214c2f5e87bad3c948f4d605d)
Start importing Assets/GamerExtremo/RIP/Electric Puzzles_1.5/res/ly.png using Guid(daaf1f033c0f50c48903b60fbebaff2e) Importer(2089858483,b0f066a214c2f5e87bad3c948f4d605d) (ScriptedImporter) -> (artifact id: '3b1ab03572a094e1c484511d863e6692') in 0.01323 seconds
Number of updated asset objects reloaded before import = 0Number of asset objects unloaded after import = 3

========================================================================
Received Import Request.
  Time since last request: 0.000025 seconds.
  path: Assets/GamerExtremo/RIP/Electric Puzzles_1.5/✅ New Folder/GOTA/3/u3.png
  artifactKey: Guid(147a9ef1f796a71458439deed130e499) Importer(2089858483,b0f066a214c2f5e87bad3c948f4d605d)
Start importing Assets/GamerExtremo/RIP/Electric Puzzles_1.5/✅ New Folder/GOTA/3/u3.png using Guid(147a9ef1f796a71458439deed130e499) Importer(2089858483,b0f066a214c2f5e87bad3c948f4d605d) (ScriptedImporter) -> (artifact id: '36280c999b50d8f7de173c566df0f36e') in 0.0123417 seconds
Number of updated asset objects reloaded before import = 0Number of asset objects unloaded after import = 3

========================================================================
Received Import Request.
  Time since last request: 0.000024 seconds.
  path: Assets/GamerExtremo/RIP/Electric Puzzles_1.5/✅ New Folder/TOMADAS/B-.png
  artifactKey: Guid(9961e81c7e20e9648b6a1b1bb1e3e584) Importer(2089858483,b0f066a214c2f5e87bad3c948f4d605d)
Start importing Assets/GamerExtremo/RIP/Electric Puzzles_1.5/✅ New Folder/TOMADAS/B-.png using Guid(9961e81c7e20e9648b6a1b1bb1e3e584) Importer(2089858483,b0f066a214c2f5e87bad3c948f4d605d) (ScriptedImporter) -> (artifact id: '8cc03c96ab14d40cc5d6aa9f7931ccf5') in 0.0119028 seconds
Number of updated asset objects reloaded before import = 0Number of asset objects unloaded after import = 3

========================================================================
Received Import Request.
  Time since last request: 0.000030 seconds.
  path: Assets/GamerExtremo/RIP/Electric Puzzles_1.5/✅ New Folder/CIRCLE/CIRCLE +PLUSS  -MINUS/AN.png
  artifactKey: Guid(752441dd66f264a4fb29352e6dfa796e) Importer(2089858483,b0f066a214c2f5e87bad3c948f4d605d)
Start importing Assets/GamerExtremo/RIP/Electric Puzzles_1.5/✅ New Folder/CIRCLE/CIRCLE +PLUSS  -MINUS/AN.png using Guid(752441dd66f264a4fb29352e6dfa796e) Importer(2089858483,b0f066a214c2f5e87bad3c948f4d605d) (ScriptedImporter) -> (artifact id: '8873e0fee367455c1b76595e92aef6c4') in 0.012171 seconds
Number of updated asset objects reloaded before import = 0Number of asset objects unloaded after import = 3

========================================================================
Received Import Request.
  Time since last request: 0.000048 seconds.
  path: Assets/GamerExtremo/RIP/Electric Puzzles_1.5/res/yV.png
  artifactKey: Guid(fda0cdfd7b3acba44930e5631f3be72a) Importer(2089858483,b0f066a214c2f5e87bad3c948f4d605d)
Start importing Assets/GamerExtremo/RIP/Electric Puzzles_1.5/res/yV.png using Guid(fda0cdfd7b3acba44930e5631f3be72a) Importer(2089858483,b0f066a214c2f5e87bad3c948f4d605d) (ScriptedImporter) -> (artifact id: '1685ab851f968934ca3b8971e5f8cd8b') in 0.0108755 seconds
Number of updated asset objects reloaded before import = 0Number of asset objects unloaded after import = 3

========================================================================
Received Import Request.
  Time since last request: 0.000031 seconds.
  path: Assets/GamerExtremo/res/9T1.xml
  artifactKey: Guid(7d0cde7708839ac468900b13e041b63b) Importer(2089858483,b0f066a214c2f5e87bad3c948f4d605d)
Start importing Assets/GamerExtremo/res/9T1.xml using Guid(7d0cde7708839ac468900b13e041b63b) Importer(2089858483,b0f066a214c2f5e87bad3c948f4d605d) (ScriptedImporter) -> (artifact id: 'dcd76cc854ad321a239a981427c6d1aa') in 0.0039513 seconds
Number of updated asset objects reloaded before import = 0Number of asset objects unloaded after import = 1

========================================================================
Received Import Request.
  Time since last request: 0.000163 seconds.
  path: Assets/GamerExtremo/RIP/Electric Puzzles_1.5/✅ New Folder/SETA GREEN/Gw1.png
  artifactKey: Guid(92d440621eb2f7e408ef84640b74943c) Importer(2089858483,b0f066a214c2f5e87bad3c948f4d605d)
Start importing Assets/GamerExtremo/RIP/Electric Puzzles_1.5/✅ New Folder/SETA GREEN/Gw1.png using Guid(92d440621eb2f7e408ef84640b74943c) Importer(2089858483,b0f066a214c2f5e87bad3c948f4d605d) (ScriptedImporter) -> (artifact id: '4d1ae9f0678d76a7b38b0cb0520853d1') in 0.008711 seconds
Number of updated asset objects reloaded before import = 0Number of asset objects unloaded after import = 3

========================================================================
Received Import Request.
  Time since last request: 0.000029 seconds.
  path: Assets/GamerExtremo/res/0T.png
  artifactKey: Guid(4de8113671cffcc4d8eb07935f0ac1c0) Importer(2089858483,b0f066a214c2f5e87bad3c948f4d605d)
Start importing Assets/GamerExtremo/res/0T.png using Guid(4de8113671cffcc4d8eb07935f0ac1c0) Importer(2089858483,b0f066a214c2f5e87bad3c948f4d605d) (ScriptedImporter) -> (artifact id: '064dba6a6ab796ef73707ec378549432') in 0.0070178 seconds
Number of updated asset objects reloaded before import = 0Number of asset objects unloaded after import = 3

========================================================================
Received Import Request.
  Time since last request: 0.000017 seconds.
  path: Assets/GamerExtremo/Resources/Player/dead (5).png
  artifactKey: Guid(e0bbbf227a11e4f4c8f3a957516a7164) Importer(2089858483,b0f066a214c2f5e87bad3c948f4d605d)
Start importing Assets/GamerExtremo/Resources/Player/dead (5).png using Guid(e0bbbf227a11e4f4c8f3a957516a7164) Importer(2089858483,b0f066a214c2f5e87bad3c948f4d605d) (ScriptedImporter) -> (artifact id: '85fb40b32eb87364b2c3666226247355') in 0.0097823 seconds
Number of updated asset objects reloaded before import = 0Number of asset objects unloaded after import = 3

========================================================================
Received Import Request.
  Time since last request: 0.000026 seconds.
  path: Assets/GamerExtremo/RIP/Electric Puzzles_1.5/res/je.9.png
  artifactKey: Guid(008c617962cf7674bba7adb057d66fef) Importer(2089858483,b0f066a214c2f5e87bad3c948f4d605d)
Start importing Assets/GamerExtremo/RIP/Electric Puzzles_1.5/res/je.9.png using Guid(008c617962cf7674bba7adb057d66fef) Importer(2089858483,b0f066a214c2f5e87bad3c948f4d605d) (ScriptedImporter) -> (artifact id: '0833fe363dc027bd5751bb6151114824') in 0.0096964 seconds
Number of updated asset objects reloaded before import = 0Number of asset objects unloaded after import = 3

========================================================================
Received Import Request.
  Time since last request: 0.000077 seconds.
  path: Assets/GamerExtremo/RIP/Electric Puzzles_1.5/✅ New Folder/EYES/E/hq.png
  artifactKey: Guid(2b3c435cd7921934db2d48eeba9ad71f) Importer(2089858483,b0f066a214c2f5e87bad3c948f4d605d)
Start importing Assets/GamerExtremo/RIP/Electric Puzzles_1.5/✅ New Folder/EYES/E/hq.png using Guid(2b3c435cd7921934db2d48eeba9ad71f) Importer(2089858483,b0f066a214c2f5e87bad3c948f4d605d) (ScriptedImporter) -> (artifact id: '3c2457b5b5dc6ab3a145a3059734eed7') in 0.0093397 seconds
Number of updated asset objects reloaded before import = 0Number of asset objects unloaded after import = 3

========================================================================
Received Import Request.
  Time since last request: 0.000016 seconds.
  path: Assets/GamerExtremo/res/tU.9.png
  artifactKey: Guid(db0c21cc42f7d1e439aaa4a9a17a3150) Importer(2089858483,b0f066a214c2f5e87bad3c948f4d605d)
Start importing Assets/GamerExtremo/res/tU.9.png using Guid(db0c21cc42f7d1e439aaa4a9a17a3150) Importer(2089858483,b0f066a214c2f5e87bad3c948f4d605d) (ScriptedImporter) -> (artifact id: '279c3b76602d6364b0a795d1111059ce') in 0.0086608 seconds
Number of updated asset objects reloaded before import = 0Number of asset objects unloaded after import = 3

========================================================================
Received Import Request.
  Time since last request: 0.000019 seconds.
  path: Assets/GamerExtremo/RIP/Electric Puzzles_1.5/✅ New Folder/XML/Nu.xml
  artifactKey: Guid(6007482ae51f4294190d1040618b2da0) Importer(2089858483,b0f066a214c2f5e87bad3c948f4d605d)
Start importing Assets/GamerExtremo/RIP/Electric Puzzles_1.5/✅ New Folder/XML/Nu.xml using Guid(6007482ae51f4294190d1040618b2da0) Importer(2089858483,b0f066a214c2f5e87bad3c948f4d605d) (ScriptedImporter) -> (artifact id: 'e99b51e33898ace0eb274e93e18d5b92') in 0.0044892 seconds
Number of updated asset objects reloaded before import = 0Number of asset objects unloaded after import = 1

========================================================================
Received Import Request.
  Time since last request: 0.000116 seconds.
  path: Assets/GamerExtremo/RIP/Electric Puzzles_1.5/✅ New Folder/XML/6Q.xml
  artifactKey: Guid(0e159b8f32e9ff440a249c5dbf8159d8) Importer(2089858483,b0f066a214c2f5e87bad3c948f4d605d)
Start importing Assets/GamerExtremo/RIP/Electric Puzzles_1.5/✅ New Folder/XML/6Q.xml using Guid(0e159b8f32e9ff440a249c5dbf8159d8) Importer(2089858483,b0f066a214c2f5e87bad3c948f4d605d) (ScriptedImporter) -> (artifact id: 'd0e3501a526c7a9f1fadddf2043c2731') in 0.0043125 seconds
Number of updated asset objects reloaded before import = 0Number of asset objects unloaded after import = 1

========================================================================
Received Import Request.
  Time since last request: 0.000086 seconds.
  path: Assets/GamerExtremo/res/color/abc_primary_text_material_light.xml
  artifactKey: Guid(9c35cfabbf27af8438a8d29e8a70c954) Importer(2089858483,b0f066a214c2f5e87bad3c948f4d605d)
Start importing Assets/GamerExtremo/res/color/abc_primary_text_material_light.xml using Guid(9c35cfabbf27af8438a8d29e8a70c954) Importer(2089858483,b0f066a214c2f5e87bad3c948f4d605d) (ScriptedImporter) -> (artifact id: '74db12e599c833abf81d51171f87a979') in 0.004573 seconds
Number of updated asset objects reloaded before import = 0Number of asset objects unloaded after import = 1

========================================================================
Received Import Request.
  Time since last request: 0.000155 seconds.
  path: Assets/GamerExtremo/RIP/Electric Puzzles_1.5/res/28.png
  artifactKey: Guid(cb098445c9c52154297c299c44aae0f4) Importer(2089858483,b0f066a214c2f5e87bad3c948f4d605d)
Start importing Assets/GamerExtremo/RIP/Electric Puzzles_1.5/res/28.png using Guid(cb098445c9c52154297c299c44aae0f4) Importer(2089858483,b0f066a214c2f5e87bad3c948f4d605d) (ScriptedImporter) -> (artifact id: '21680e274c9df38d434aebec59acd43e') in 0.0085716 seconds
Number of updated asset objects reloaded before import = 0Number of asset objects unloaded after import = 3

========================================================================
Received Import Request.
  Time since last request: 0.000070 seconds.
  path: Assets/GamerExtremo/RIP/Electric Puzzles_1.5/res/4N.png
  artifactKey: Guid(46f1aec895ad8bc4ba8c77d6cd519d27) Importer(2089858483,b0f066a214c2f5e87bad3c948f4d605d)
Start importing Assets/GamerExtremo/RIP/Electric Puzzles_1.5/res/4N.png using Guid(46f1aec895ad8bc4ba8c77d6cd519d27) Importer(2089858483,b0f066a214c2f5e87bad3c948f4d605d) (ScriptedImporter) -> (artifact id: '76166ae090b2d5ffbb3708ec85f7d2be') in 0.0086343 seconds
Number of updated asset objects reloaded before import = 0Number of asset objects unloaded after import = 3

========================================================================
Received Import Request.
  Time since last request: 0.000023 seconds.
  path: Assets/GamerExtremo/RIP/Electric Puzzles_1.5/res/J6.png
  artifactKey: Guid(a9b68deca548ee04ab5c25e408c378a1) Importer(2089858483,b0f066a214c2f5e87bad3c948f4d605d)
Start importing Assets/GamerExtremo/RIP/Electric Puzzles_1.5/res/J6.png using Guid(a9b68deca548ee04ab5c25e408c378a1) Importer(2089858483,b0f066a214c2f5e87bad3c948f4d605d) (ScriptedImporter) -> (artifact id: 'd816ca55bb79d9bdb4354e00c01d0d9d') in 0.0104216 seconds
Number of updated asset objects reloaded before import = 0Number of asset objects unloaded after import = 3

========================================================================
Received Import Request.
  Time since last request: 0.000038 seconds.
  path: Assets/GamerExtremo/RIP/Electric Puzzles_1.5/res/rj.9.png
  artifactKey: Guid(0a0751565e509854f85505ae83c45304) Importer(2089858483,b0f066a214c2f5e87bad3c948f4d605d)
Start importing Assets/GamerExtremo/RIP/Electric Puzzles_1.5/res/rj.9.png using Guid(0a0751565e509854f85505ae83c45304) Importer(2089858483,b0f066a214c2f5e87bad3c948f4d605d) (ScriptedImporter) -> (artifact id: 'b430ecc5a21beb9beb107fafd8ff0c70') in 0.0095643 seconds
Number of updated asset objects reloaded before import = 0Number of asset objects unloaded after import = 3

========================================================================
Received Import Request.
  Time since last request: 0.000018 seconds.
  path: Assets/GamerExtremo/res/6d.png
  artifactKey: Guid(1542b8d0a07333e4f9c518f69d7ad6e5) Importer(2089858483,b0f066a214c2f5e87bad3c948f4d605d)
Start importing Assets/GamerExtremo/res/6d.png using Guid(1542b8d0a07333e4f9c518f69d7ad6e5) Importer(2089858483,b0f066a214c2f5e87bad3c948f4d605d) (ScriptedImporter) -> (artifact id: '6f62d2e668c1b684dd03cfe65af751b4') in 0.0078055 seconds
Number of updated asset objects reloaded before import = 0Number of asset objects unloaded after import = 3

========================================================================
Received Import Request.
  Time since last request: 0.000062 seconds.
  path: Assets/GamerExtremo/res/ZL.xml
  artifactKey: Guid(f88c0a4d627f38f42b698464b08753b2) Importer(2089858483,b0f066a214c2f5e87bad3c948f4d605d)
Start importing Assets/GamerExtremo/res/ZL.xml using Guid(f88c0a4d627f38f42b698464b08753b2) Importer(2089858483,b0f066a214c2f5e87bad3c948f4d605d) (ScriptedImporter) -> (artifact id: '0a2f8d8fcf4476ba1b544637acced666') in 0.0035503 seconds
Number of updated asset objects reloaded before import = 0Number of asset objects unloaded after import = 1

========================================================================
Received Import Request.
  Time since last request: 0.000076 seconds.
  path: Assets/GamerExtremo/RIP/Electric Puzzles_1.5/FIOS/resistor/down/oi.png
  artifactKey: Guid(40b95574eae777f479271c2871f71872) Importer(2089858483,b0f066a214c2f5e87bad3c948f4d605d)
Start importing Assets/GamerExtremo/RIP/Electric Puzzles_1.5/FIOS/resistor/down/oi.png using Guid(40b95574eae777f479271c2871f71872) Importer(2089858483,b0f066a214c2f5e87bad3c948f4d605d) (ScriptedImporter) -> (artifact id: 'f1c7c609302235098160387a36f0abb5') in 0.0085881 seconds
Number of updated asset objects reloaded before import = 0Number of asset objects unloaded after import = 3

========================================================================
Received Import Request.
  Time since last request: 0.000015 seconds.
  path: Assets/GamerExtremo/res/XY.xml
  artifactKey: Guid(e96c436b68527204d865d3d5ca513688) Importer(2089858483,b0f066a214c2f5e87bad3c948f4d605d)
Start importing Assets/GamerExtremo/res/XY.xml using Guid(e96c436b68527204d865d3d5ca513688) Importer(2089858483,b0f066a214c2f5e87bad3c948f4d605d) (ScriptedImporter) -> (artifact id: '2e0774cc346780ba041d108008cbbf65') in 0.0039325 seconds
Number of updated asset objects reloaded before import = 0Number of asset objects unloaded after import = 1

========================================================================
Received Import Request.
  Time since last request: 0.000095 seconds.
  path: Assets/GamerExtremo/RIP/Electric Puzzles_1.5/✅ New Folder/CIRCLE/CIRCLE G/Hued/_P.png
  artifactKey: Guid(943bf4b63ac0e4143ab2ed6ae3c87139) Importer(2089858483,b0f066a214c2f5e87bad3c948f4d605d)
Start importing Assets/GamerExtremo/RIP/Electric Puzzles_1.5/✅ New Folder/CIRCLE/CIRCLE G/Hued/_P.png using Guid(943bf4b63ac0e4143ab2ed6ae3c87139) Importer(2089858483,b0f066a214c2f5e87bad3c948f4d605d) (ScriptedImporter) -> (artifact id: 'a556bb856bdd4d0bb5cf18430eeda40c') in 0.0086383 seconds
Number of updated asset objects reloaded before import = 0Number of asset objects unloaded after import = 3

========================================================================
Received Import Request.
  Time since last request: 0.000019 seconds.
  path: Assets/GamerExtremo/RIP/Electric Puzzles_1.5/res/Q-.png
  artifactKey: Guid(53d34f1dc0287c34c98f4abc0d639f34) Importer(2089858483,b0f066a214c2f5e87bad3c948f4d605d)
Start importing Assets/GamerExtremo/RIP/Electric Puzzles_1.5/res/Q-.png using Guid(53d34f1dc0287c34c98f4abc0d639f34) Importer(2089858483,b0f066a214c2f5e87bad3c948f4d605d) (ScriptedImporter) -> (artifact id: '50a031cc640724d84650c1d39012cfd6') in 0.0095968 seconds
Number of updated asset objects reloaded before import = 0Number of asset objects unloaded after import = 3

========================================================================
Received Import Request.
  Time since last request: 0.000053 seconds.
  path: Assets/GamerExtremo/RIP/Electric Puzzles_1.5/✅ New Folder/XML/EZ.xml
  artifactKey: Guid(867ca86ba2c6e8b40b169d5fa7fc9eb0) Importer(2089858483,b0f066a214c2f5e87bad3c948f4d605d)
Start importing Assets/GamerExtremo/RIP/Electric Puzzles_1.5/✅ New Folder/XML/EZ.xml using Guid(867ca86ba2c6e8b40b169d5fa7fc9eb0) Importer(2089858483,b0f066a214c2f5e87bad3c948f4d605d) (ScriptedImporter) -> (artifact id: '536e4ab9a65434ccc638cf46b168d65d') in 0.0045682 seconds
Number of updated asset objects reloaded before import = 0Number of asset objects unloaded after import = 1

========================================================================
Received Import Request.
  Time since last request: 0.000124 seconds.
  path: Assets/GamerExtremo/RIP/Electric Puzzles_1.5/res/S8.xml
  artifactKey: Guid(4230c6eeabb18fc48bfa07be86d679c1) Importer(2089858483,b0f066a214c2f5e87bad3c948f4d605d)
Start importing Assets/GamerExtremo/RIP/Electric Puzzles_1.5/res/S8.xml using Guid(4230c6eeabb18fc48bfa07be86d679c1) Importer(2089858483,b0f066a214c2f5e87bad3c948f4d605d) (ScriptedImporter) -> (artifact id: '17afa8ee840c55dbb95ad34e1b47e018') in 0.0037792 seconds
Number of updated asset objects reloaded before import = 0Number of asset objects unloaded after import = 1

========================================================================
Received Import Request.
  Time since last request: 0.000161 seconds.
  path: Assets/GamerExtremo/Pictures/gateslevel1.png
  artifactKey: Guid(0ee684dfec475774c82ef7c846b9ffa2) Importer(2089858483,b0f066a214c2f5e87bad3c948f4d605d)
Start importing Assets/GamerExtremo/Pictures/gateslevel1.png using Guid(0ee684dfec475774c82ef7c846b9ffa2) Importer(2089858483,b0f066a214c2f5e87bad3c948f4d605d) (ScriptedImporter) -> (artifact id: '1b0884013d57f9711d547016d035ac55') in 0.0077327 seconds
Number of updated asset objects reloaded before import = 0Number of asset objects unloaded after import = 3

========================================================================
Received Import Request.
  Time since last request: 0.000031 seconds.
  path: Assets/GamerExtremo/res/gR.png
  artifactKey: Guid(37266258c89030b4ba8b07a18c796c2b) Importer(2089858483,b0f066a214c2f5e87bad3c948f4d605d)
Start importing Assets/GamerExtremo/res/gR.png using Guid(37266258c89030b4ba8b07a18c796c2b) Importer(2089858483,b0f066a214c2f5e87bad3c948f4d605d) (ScriptedImporter) -> (artifact id: '7428ee0b626c0a514f6be969eaad10be') in 0.009079 seconds
Number of updated asset objects reloaded before import = 0Number of asset objects unloaded after import = 3

========================================================================
Received Import Request.
  Time since last request: 0.000020 seconds.
  path: Assets/GamerExtremo/RIP/Electric Puzzles_1.5/✅ New Folder/TRASH/yV.png
  artifactKey: Guid(fba291386cf6fe844a53d0ba8a9bf41a) Importer(2089858483,b0f066a214c2f5e87bad3c948f4d605d)
Start importing Assets/GamerExtremo/RIP/Electric Puzzles_1.5/✅ New Folder/TRASH/yV.png using Guid(fba291386cf6fe844a53d0ba8a9bf41a) Importer(2089858483,b0f066a214c2f5e87bad3c948f4d605d) (ScriptedImporter) -> (artifact id: 'ea5b082e3dd70615204b975eaed0dca5') in 0.0079891 seconds
Number of updated asset objects reloaded before import = 0Number of asset objects unloaded after import = 3

========================================================================
Received Import Request.
  Time since last request: 0.000019 seconds.
  path: Assets/GamerExtremo/RIP/Electric Puzzles_1.5/FIOS/diagonal L
  artifactKey: Guid(085d79cb553c99245bebcfc4dcecc81d) Importer(2089858483,b0f066a214c2f5e87bad3c948f4d605d)
Start importing Assets/GamerExtremo/RIP/Electric Puzzles_1.5/FIOS/diagonal L using Guid(085d79cb553c99245bebcfc4dcecc81d) Importer(2089858483,b0f066a214c2f5e87bad3c948f4d605d) (ScriptedImporter) -> (artifact id: 'cf904af3a45f596711f658fbd619ffe4') in 0.0035079 seconds
Number of updated asset objects reloaded before import = 0Number of asset objects unloaded after import = 1

========================================================================
Received Import Request.
  Time since last request: 0.000143 seconds.
  path: Assets/GamerExtremo/RIP/Electric Puzzles_1.5/✅ New Folder/BULB 2/VS.png
  artifactKey: Guid(fa31e1552d6c4de49a053073a0138a24) Importer(2089858483,b0f066a214c2f5e87bad3c948f4d605d)
Start importing Assets/GamerExtremo/RIP/Electric Puzzles_1.5/✅ New Folder/BULB 2/VS.png using Guid(fa31e1552d6c4de49a053073a0138a24) Importer(2089858483,b0f066a214c2f5e87bad3c948f4d605d) (ScriptedImporter) -> (artifact id: '29070857170559fe7548ef264c7a3884') in 0.0100924 seconds
Number of updated asset objects reloaded before import = 0Number of asset objects unloaded after import = 3

========================================================================
Received Import Request.
  Time since last request: 0.000017 seconds.
  path: Assets/GamerExtremo/res/rz.xml
  artifactKey: Guid(1cd33be885fd9be4690e27c8c40f189e) Importer(2089858483,b0f066a214c2f5e87bad3c948f4d605d)
Start importing Assets/GamerExtremo/res/rz.xml using Guid(1cd33be885fd9be4690e27c8c40f189e) Importer(2089858483,b0f066a214c2f5e87bad3c948f4d605d) (ScriptedImporter) -> (artifact id: 'e290cee11fe95015fb97c251d0c2ff2f') in 0.0034705 seconds
Number of updated asset objects reloaded before import = 0Number of asset objects unloaded after import = 1

========================================================================
Received Import Request.
  Time since last request: 0.000178 seconds.
  path: Assets/GamerExtremo/RIP/Electric Puzzles_1.5/res/uj.9.png
  artifactKey: Guid(025d33a49dab49b44a9fd07682fe396d) Importer(2089858483,b0f066a214c2f5e87bad3c948f4d605d)
Start importing Assets/GamerExtremo/RIP/Electric Puzzles_1.5/res/uj.9.png using Guid(025d33a49dab49b44a9fd07682fe396d) Importer(2089858483,b0f066a214c2f5e87bad3c948f4d605d) (ScriptedImporter) -> (artifact id: '82b5a9dba0134ad7ef314a396a9d750d') in 0.0086536 seconds
Number of updated asset objects reloaded before import = 0Number of asset objects unloaded after import = 3

========================================================================
Received Import Request.
  Time since last request: 0.000053 seconds.
  path: Assets/GamerExtremo/res/vL.9.png
  artifactKey: Guid(ada29a2cbf7d6164ca8860becc633c56) Importer(2089858483,b0f066a214c2f5e87bad3c948f4d605d)
Start importing Assets/GamerExtremo/res/vL.9.png using Guid(ada29a2cbf7d6164ca8860becc633c56) Importer(2089858483,b0f066a214c2f5e87bad3c948f4d605d) (ScriptedImporter) -> (artifact id: '5ca42696520b31ad2b430dab0785d144') in 0.0072235 seconds
Number of updated asset objects reloaded before import = 0Number of asset objects unloaded after import = 3

========================================================================
Received Import Request.
  Time since last request: 0.000019 seconds.
  path: Assets/GamerExtremo/RIP/Electric Puzzles_1.5/FIOS/branco/TY.png
  artifactKey: Guid(7be07c0f8e6a5d649b4aa492a4017b43) Importer(2089858483,b0f066a214c2f5e87bad3c948f4d605d)
Start importing Assets/GamerExtremo/RIP/Electric Puzzles_1.5/FIOS/branco/TY.png using Guid(7be07c0f8e6a5d649b4aa492a4017b43) Importer(2089858483,b0f066a214c2f5e87bad3c948f4d605d) (ScriptedImporter) -> (artifact id: 'e460301bec425224dc5645bf6365eaba') in 0.0073361 seconds
Number of updated asset objects reloaded before import = 0Number of asset objects unloaded after import = 3

========================================================================
Received Import Request.
  Time since last request: 0.000111 seconds.
  path: Assets/GamerExtremo/Resources/Enemy1/skeleton_1_defend (1).png
  artifactKey: Guid(6c1403f3a59141b498b857fd46551b01) Importer(2089858483,b0f066a214c2f5e87bad3c948f4d605d)
Start importing Assets/GamerExtremo/Resources/Enemy1/skeleton_1_defend (1).png using Guid(6c1403f3a59141b498b857fd46551b01) Importer(2089858483,b0f066a214c2f5e87bad3c948f4d605d) (ScriptedImporter) -> (artifact id: '10ec9db1394f6a457cd3e7d3707c5b6c') in 0.0113154 seconds
Number of updated asset objects reloaded before import = 0Number of asset objects unloaded after import = 3

========================================================================
Received Import Request.
  Time since last request: 0.000017 seconds.
  path: Assets/GamerExtremo/res/hq.png
  artifactKey: Guid(039d40b7cbdb5cb46b5f2b29257052a7) Importer(2089858483,b0f066a214c2f5e87bad3c948f4d605d)
Start importing Assets/GamerExtremo/res/hq.png using Guid(039d40b7cbdb5cb46b5f2b29257052a7) Importer(2089858483,b0f066a214c2f5e87bad3c948f4d605d) (ScriptedImporter) -> (artifact id: '67e7c12db8d3ab5ada0c9bb6b71e22b9') in 0.0080468 seconds
Number of updated asset objects reloaded before import = 0Number of asset objects unloaded after import = 3

========================================================================
Received Import Request.
  Time since last request: 0.000016 seconds.
  path: Assets/GamerExtremo/RIP/Electric Puzzles_1.5/res/bI.png
  artifactKey: Guid(7a42928f53753c644897cde87b6e45f5) Importer(2089858483,b0f066a214c2f5e87bad3c948f4d605d)
Start importing Assets/GamerExtremo/RIP/Electric Puzzles_1.5/res/bI.png using Guid(7a42928f53753c644897cde87b6e45f5) Importer(2089858483,b0f066a214c2f5e87bad3c948f4d605d) (ScriptedImporter) -> (artifact id: '733ea2348756735d5af89d0483d43a99') in 0.0089734 seconds
Number of updated asset objects reloaded before import = 0Number of asset objects unloaded after import = 3

========================================================================
Received Import Request.
  Time since last request: 0.000019 seconds.
  path: Assets/GamerExtremo/RIP/Electric Puzzles_1.5/✅ New Folder/CIRCLE/CIRCLE WHITE/h7.9.png
  artifactKey: Guid(115bfd717b4645d49991f779bb0a0cdf) Importer(2089858483,b0f066a214c2f5e87bad3c948f4d605d)
Start importing Assets/GamerExtremo/RIP/Electric Puzzles_1.5/✅ New Folder/CIRCLE/CIRCLE WHITE/h7.9.png using Guid(115bfd717b4645d49991f779bb0a0cdf) Importer(2089858483,b0f066a214c2f5e87bad3c948f4d605d) (ScriptedImporter) -> (artifact id: 'e08cef8a4ef51572b790a078c7bdfb4e') in 0.0071474 seconds
Number of updated asset objects reloaded before import = 0Number of asset objects unloaded after import = 3

========================================================================
Received Import Request.
  Time since last request: 0.000018 seconds.
  path: Assets/GamerExtremo/Resources/Sounds/audio/Som_Dano_01.ogg
  artifactKey: Guid(b55afd8c78f407f4db534f483a69f6ec) Importer(2089858483,b0f066a214c2f5e87bad3c948f4d605d)
Start importing Assets/GamerExtremo/Resources/Sounds/audio/Som_Dano_01.ogg using Guid(b55afd8c78f407f4db534f483a69f6ec) Importer(2089858483,b0f066a214c2f5e87bad3c948f4d605d) (ScriptedImporter) -> (artifact id: '10caf9798d31ca2141d18b25590137a6') in 0.0258169 seconds
Number of updated asset objects reloaded before import = 0Number of asset objects unloaded after import = 1

========================================================================
Received Import Request.
  Time since last request: 0.000091 seconds.
  path: Assets/GamerExtremo/res/color-v23/abc_btn_colored_text_material.xml
  artifactKey: Guid(1a84e8778ac307346a002bb9da5c7fa3) Importer(2089858483,b0f066a214c2f5e87bad3c948f4d605d)
Start importing Assets/GamerExtremo/res/color-v23/abc_btn_colored_text_material.xml using Guid(1a84e8778ac307346a002bb9da5c7fa3) Importer(2089858483,b0f066a214c2f5e87bad3c948f4d605d) (ScriptedImporter) -> (artifact id: '2a89e202ab2be07d9ce75f6a8acd0a2a') in 0.0040653 seconds
Number of updated asset objects reloaded before import = 0Number of asset objects unloaded after import = 1

========================================================================
Received Import Request.
  Time since last request: 0.000146 seconds.
  path: Assets/GamerExtremo/res/XK.xml
  artifactKey: Guid(d2a4b8633a86d6146bead2b516ab26a8) Importer(2089858483,b0f066a214c2f5e87bad3c948f4d605d)
Start importing Assets/GamerExtremo/res/XK.xml using Guid(d2a4b8633a86d6146bead2b516ab26a8) Importer(2089858483,b0f066a214c2f5e87bad3c948f4d605d) (ScriptedImporter) -> (artifact id: 'd23b4ca16dba72ea03b33fa3ee769f8c') in 0.0049402 seconds
Number of updated asset objects reloaded before import = 0Number of asset objects unloaded after import = 1

========================================================================
Received Import Request.
  Time since last request: 0.000194 seconds.
  path: Assets/GamerExtremo/RIP/Electric Puzzles_1.5/FIOS/retangulo horizontal/kJ.9.png
  artifactKey: Guid(fe87b1372cb75574386e6a7d4bd71970) Importer(2089858483,b0f066a214c2f5e87bad3c948f4d605d)
Start importing Assets/GamerExtremo/RIP/Electric Puzzles_1.5/FIOS/retangulo horizontal/kJ.9.png using Guid(fe87b1372cb75574386e6a7d4bd71970) Importer(2089858483,b0f066a214c2f5e87bad3c948f4d605d) (ScriptedImporter) -> (artifact id: '22264cd9a95a8c04004527770e30a386') in 0.0071175 seconds
Number of updated asset objects reloaded before import = 0Number of asset objects unloaded after import = 3

========================================================================
Received Import Request.
  Time since last request: 0.000064 seconds.
  path: Assets/GamerExtremo/Resources/Sounds/audio/Som_Zumbi_01.ogg
  artifactKey: Guid(444f30a57cc505947b768dbdecc6e45a) Importer(2089858483,b0f066a214c2f5e87bad3c948f4d605d)
Start importing Assets/GamerExtremo/Resources/Sounds/audio/Som_Zumbi_01.ogg using Guid(444f30a57cc505947b768dbdecc6e45a) Importer(2089858483,b0f066a214c2f5e87bad3c948f4d605d) (ScriptedImporter) -> (artifact id: 'dc1b9108d4a2c544c5f02ccef1e4c726') in 0.0186059 seconds
Number of updated asset objects reloaded before import = 0Number of asset objects unloaded after import = 1

========================================================================
Received Import Request.
  Time since last request: 0.000074 seconds.
  path: Assets/GamerExtremo/res/nu.png
  artifactKey: Guid(78ebc30c520923941bfcba0c240b7f25) Importer(2089858483,b0f066a214c2f5e87bad3c948f4d605d)
Start importing Assets/GamerExtremo/res/nu.png using Guid(78ebc30c520923941bfcba0c240b7f25) Importer(2089858483,b0f066a214c2f5e87bad3c948f4d605d) (ScriptedImporter) -> (artifact id: '855f0ef9b1712bd360399adc8696203e') in 0.0092452 seconds
Number of updated asset objects reloaded before import = 0Number of asset objects unloaded after import = 3

========================================================================
Received Import Request.
  Time since last request: 0.000017 seconds.
  path: Assets/GamerExtremo/RIP/Electric Puzzles_1.5/FIOS/resistor/direita/6B.png
  artifactKey: Guid(6240826fe64f5d24387426a86cf38a01) Importer(2089858483,b0f066a214c2f5e87bad3c948f4d605d)
Start importing Assets/GamerExtremo/RIP/Electric Puzzles_1.5/FIOS/resistor/direita/6B.png using Guid(6240826fe64f5d24387426a86cf38a01) Importer(2089858483,b0f066a214c2f5e87bad3c948f4d605d) (ScriptedImporter) -> (artifact id: 'c603a30c6da70bca949ae6d4faec9ba1') in 0.0081371 seconds
Number of updated asset objects reloaded before import = 0Number of asset objects unloaded after import = 3

========================================================================
Received Import Request.
  Time since last request: 0.000017 seconds.
  path: Assets/GamerExtremo/RIP/Electric Puzzles_1.5/res/IE.png
  artifactKey: Guid(4eba5af1d2582d64f82a4adba2b7de1a) Importer(2089858483,b0f066a214c2f5e87bad3c948f4d605d)
Start importing Assets/GamerExtremo/RIP/Electric Puzzles_1.5/res/IE.png using Guid(4eba5af1d2582d64f82a4adba2b7de1a) Importer(2089858483,b0f066a214c2f5e87bad3c948f4d605d) (ScriptedImporter) -> (artifact id: 'bca4c87fc23e76985eb352e20690ecb1') in 0.0067499 seconds
Number of updated asset objects reloaded before import = 0Number of asset objects unloaded after import = 3

========================================================================
Received Import Request.
  Time since last request: 0.000054 seconds.
  path: Assets/GamerExtremo/res/JG.png
  artifactKey: Guid(7a1ceeced414d3e489842f2a956fe4c1) Importer(2089858483,b0f066a214c2f5e87bad3c948f4d605d)
Start importing Assets/GamerExtremo/res/JG.png using Guid(7a1ceeced414d3e489842f2a956fe4c1) Importer(2089858483,b0f066a214c2f5e87bad3c948f4d605d) (ScriptedImporter) -> (artifact id: '45d8dfa1e7f8600407a52a033be97e1f') in 0.0092815 seconds
Number of updated asset objects reloaded before import = 0Number of asset objects unloaded after import = 3

========================================================================
Received Import Request.
  Time since last request: 0.000019 seconds.
  path: Assets/GamerExtremo/Resources/Enemy1/skeleton_1_hurt.png
  artifactKey: Guid(58143d98121eaae4e9b0e8366ec7abf3) Importer(2089858483,b0f066a214c2f5e87bad3c948f4d605d)
Start importing Assets/GamerExtremo/Resources/Enemy1/skeleton_1_hurt.png using Guid(58143d98121eaae4e9b0e8366ec7abf3) Importer(2089858483,b0f066a214c2f5e87bad3c948f4d605d) (ScriptedImporter) -> (artifact id: '9c9b8caa6e9e5906bb1b4e84bc545f92') in 0.0080921 seconds
Number of updated asset objects reloaded before import = 0Number of asset objects unloaded after import = 3

========================================================================
Received Import Request.
  Time since last request: 0.000099 seconds.
  path: Assets/GamerExtremo/RIP/Electric Puzzles_1.5/res/VS.png
  artifactKey: Guid(a5e2c6ae59cbdcd408600be367faff47) Importer(2089858483,b0f066a214c2f5e87bad3c948f4d605d)
Start importing Assets/GamerExtremo/RIP/Electric Puzzles_1.5/res/VS.png using Guid(a5e2c6ae59cbdcd408600be367faff47) Importer(2089858483,b0f066a214c2f5e87bad3c948f4d605d) (ScriptedImporter) -> (artifact id: '2e520e17352a7e03d30d3fa711d75fa8') in 0.0070296 seconds
Number of updated asset objects reloaded before import = 0Number of asset objects unloaded after import = 3

========================================================================
Received Import Request.
  Time since last request: 0.000019 seconds.
  path: Assets/GamerExtremo/RIP/Electric Puzzles_1.5/✅ New Folder/CAM/Y3.png
  artifactKey: Guid(a259d750d2ce7684aa49891fcf0b34e5) Importer(2089858483,b0f066a214c2f5e87bad3c948f4d605d)
Start importing Assets/GamerExtremo/RIP/Electric Puzzles_1.5/✅ New Folder/CAM/Y3.png using Guid(a259d750d2ce7684aa49891fcf0b34e5) Importer(2089858483,b0f066a214c2f5e87bad3c948f4d605d) (ScriptedImporter) -> (artifact id: '6480ab23cf28c4b83ffa5cc1107d75f5') in 0.0085209 seconds
Number of updated asset objects reloaded before import = 0Number of asset objects unloaded after import = 3

========================================================================
Received Import Request.
  Time since last request: 0.000019 seconds.
  path: Assets/GamerExtremo/res/yn.png
  artifactKey: Guid(19108d57d29828c40a90b00b6131a3d2) Importer(2089858483,b0f066a214c2f5e87bad3c948f4d605d)
Start importing Assets/GamerExtremo/res/yn.png using Guid(19108d57d29828c40a90b00b6131a3d2) Importer(2089858483,b0f066a214c2f5e87bad3c948f4d605d) (ScriptedImporter) -> (artifact id: '4dd1e002a310d22b2d1c4c518032a3aa') in 0.0086439 seconds
Number of updated asset objects reloaded before import = 0Number of asset objects unloaded after import = 3

========================================================================
Received Import Request.
  Time since last request: 0.000024 seconds.
  path: Assets/GamerExtremo/RIP/Electric Puzzles_1.5/✅ New Folder/SETA PONTO/2x.png
  artifactKey: Guid(a011940ba997f5c4eac5dd992d40d854) Importer(2089858483,b0f066a214c2f5e87bad3c948f4d605d)
Start importing Assets/GamerExtremo/RIP/Electric Puzzles_1.5/✅ New Folder/SETA PONTO/2x.png using Guid(a011940ba997f5c4eac5dd992d40d854) Importer(2089858483,b0f066a214c2f5e87bad3c948f4d605d) (ScriptedImporter) -> (artifact id: 'fc0be42d6babcf1d332e671762445ff1') in 0.0102772 seconds
Number of updated asset objects reloaded before import = 0Number of asset objects unloaded after import = 3

========================================================================
Received Import Request.
  Time since last request: 0.000017 seconds.
  path: Assets/GamerExtremo/Resources/Enemy1/skeleton_1_attack (6).png
  artifactKey: Guid(8f5cabc70c5e3b548ba58bb2553f0b06) Importer(2089858483,b0f066a214c2f5e87bad3c948f4d605d)
Start importing Assets/GamerExtremo/Resources/Enemy1/skeleton_1_attack (6).png using Guid(8f5cabc70c5e3b548ba58bb2553f0b06) Importer(2089858483,b0f066a214c2f5e87bad3c948f4d605d) (ScriptedImporter) -> (artifact id: '85aa102f86fca62cb16f99e197511422') in 0.0086607 seconds
Number of updated asset objects reloaded before import = 0Number of asset objects unloaded after import = 3

========================================================================
Received Import Request.
  Time since last request: 0.000028 seconds.
  path: Assets/GamerExtremo/RIP/Electric Puzzles_1.5/res/d5.9.png
  artifactKey: Guid(d8b21bd4245c6b2449ab2dba0a341cf0) Importer(2089858483,b0f066a214c2f5e87bad3c948f4d605d)
Start importing Assets/GamerExtremo/RIP/Electric Puzzles_1.5/res/d5.9.png using Guid(d8b21bd4245c6b2449ab2dba0a341cf0) Importer(2089858483,b0f066a214c2f5e87bad3c948f4d605d) (ScriptedImporter) -> (artifact id: '0ca5cc4c9f610e91a96d6a7a0a9e7afa') in 0.0111775 seconds
Number of updated asset objects reloaded before import = 0Number of asset objects unloaded after import = 3

========================================================================
Received Import Request.
  Time since last request: 0.000021 seconds.
  path: Assets/GamerExtremo/RIP/Electric Puzzles_1.5/res/8b.png
  artifactKey: Guid(a4f9c50699f2a0040b0384b817616a94) Importer(2089858483,b0f066a214c2f5e87bad3c948f4d605d)
Start importing Assets/GamerExtremo/RIP/Electric Puzzles_1.5/res/8b.png using Guid(a4f9c50699f2a0040b0384b817616a94) Importer(2089858483,b0f066a214c2f5e87bad3c948f4d605d) (ScriptedImporter) -> (artifact id: '626f12caa7ce1d9162e6982687e4d495') in 0.0100654 seconds
Number of updated asset objects reloaded before import = 0Number of asset objects unloaded after import = 3

========================================================================
Received Import Request.
  Time since last request: 0.000023 seconds.
  path: Assets/GamerExtremo/Resources/Enemy1/skeleton_1_dead (2).png
  artifactKey: Guid(7fe4b9362d35ede4ba2536b96a68654b) Importer(2089858483,b0f066a214c2f5e87bad3c948f4d605d)
Start importing Assets/GamerExtremo/Resources/Enemy1/skeleton_1_dead (2).png using Guid(7fe4b9362d35ede4ba2536b96a68654b) Importer(2089858483,b0f066a214c2f5e87bad3c948f4d605d) (ScriptedImporter) -> (artifact id: 'd53699812a63408e62fa7186f3a327c4') in 0.0132772 seconds
Number of updated asset objects reloaded before import = 0Number of asset objects unloaded after import = 3

========================================================================
Received Import Request.
  Time since last request: 0.000018 seconds.
  path: Assets/GamerExtremo/RIP/Electric Puzzles_1.5/SQUARE/4 Square verde/wN.9.png
  artifactKey: Guid(709dfc92b5e2ed241a30eb032b497a52) Importer(2089858483,b0f066a214c2f5e87bad3c948f4d605d)
Start importing Assets/GamerExtremo/RIP/Electric Puzzles_1.5/SQUARE/4 Square verde/wN.9.png using Guid(709dfc92b5e2ed241a30eb032b497a52) Importer(2089858483,b0f066a214c2f5e87bad3c948f4d605d) (ScriptedImporter) -> (artifact id: 'd1994e4deb22ba5f0ad9a7adeb805a08') in 0.0098676 seconds
Number of updated asset objects reloaded before import = 0Number of asset objects unloaded after import = 3

========================================================================
Received Import Request.
  Time since last request: 0.000019 seconds.
  path: Assets/GamerExtremo/RIP/Electric Puzzles_1.5/res/ps.9.png
  artifactKey: Guid(453f819e389cc5e4cb359f223ff5987c) Importer(2089858483,b0f066a214c2f5e87bad3c948f4d605d)
Start importing Assets/GamerExtremo/RIP/Electric Puzzles_1.5/res/ps.9.png using Guid(453f819e389cc5e4cb359f223ff5987c) Importer(2089858483,b0f066a214c2f5e87bad3c948f4d605d) (ScriptedImporter) -> (artifact id: 'abaa5e4c798cd722f507a0251d8ce329') in 0.0081408 seconds
Number of updated asset objects reloaded before import = 0Number of asset objects unloaded after import = 3

========================================================================
Received Import Request.
  Time since last request: 0.000023 seconds.
  path: Assets/GamerExtremo/RIP/Electric Puzzles_1.5/res/eA.xml
  artifactKey: Guid(1c7a202ffaf68d24cb55d699b1679b62) Importer(2089858483,b0f066a214c2f5e87bad3c948f4d605d)
Start importing Assets/GamerExtremo/RIP/Electric Puzzles_1.5/res/eA.xml using Guid(1c7a202ffaf68d24cb55d699b1679b62) Importer(2089858483,b0f066a214c2f5e87bad3c948f4d605d) (ScriptedImporter) -> (artifact id: '4f98ca1c1accb8ddb82b36b1335d9b37') in 0.0040747 seconds
Number of updated asset objects reloaded before import = 0Number of asset objects unloaded after import = 1

========================================================================
Received Import Request.
  Time since last request: 0.000168 seconds.
  path: Assets/GamerExtremo/RIP/Electric Puzzles_1.5/res/GV.png
  artifactKey: Guid(112099133d295a6478c6594577ea207c) Importer(2089858483,b0f066a214c2f5e87bad3c948f4d605d)
Start importing Assets/GamerExtremo/RIP/Electric Puzzles_1.5/res/GV.png using Guid(112099133d295a6478c6594577ea207c) Importer(2089858483,b0f066a214c2f5e87bad3c948f4d605d) (ScriptedImporter) -> (artifact id: 'ed3a2a0290781427b7f1eaeee76cb641') in 0.0096191 seconds
Number of updated asset objects reloaded before import = 0Number of asset objects unloaded after import = 3

========================================================================
Received Import Request.
  Time since last request: 0.000032 seconds.
  path: Assets/GamerExtremo/RIP/Electric Puzzles_1.5/res/Pg.png
  artifactKey: Guid(aa20da83ef4b26549aa95b29f506b00c) Importer(2089858483,b0f066a214c2f5e87bad3c948f4d605d)
Start importing Assets/GamerExtremo/RIP/Electric Puzzles_1.5/res/Pg.png using Guid(aa20da83ef4b26549aa95b29f506b00c) Importer(2089858483,b0f066a214c2f5e87bad3c948f4d605d) (ScriptedImporter) -> (artifact id: '2831ca124a30073505a9cd090644ad47') in 0.0077365 seconds
Number of updated asset objects reloaded before import = 0Number of asset objects unloaded after import = 3

========================================================================
Received Import Request.
  Time since last request: 0.000022 seconds.
  path: Assets/GamerExtremo/RIP/Electric Puzzles_1.5/res/8p.png
  artifactKey: Guid(1012a86c627a06940aaa6dcfe2b35e22) Importer(2089858483,b0f066a214c2f5e87bad3c948f4d605d)
Start importing Assets/GamerExtremo/RIP/Electric Puzzles_1.5/res/8p.png using Guid(1012a86c627a06940aaa6dcfe2b35e22) Importer(2089858483,b0f066a214c2f5e87bad3c948f4d605d) (ScriptedImporter) -> (artifact id: '8a8bf9c4b0ba302fb6d312bc96ff7ba8') in 0.008523 seconds
Number of updated asset objects reloaded before import = 0Number of asset objects unloaded after import = 3

========================================================================
Received Import Request.
  Time since last request: 0.000068 seconds.
  path: Assets/GamerExtremo/res/q6.xml
  artifactKey: Guid(66aad95f07657524e9a8747c205eebc3) Importer(2089858483,b0f066a214c2f5e87bad3c948f4d605d)
Start importing Assets/GamerExtremo/res/q6.xml using Guid(66aad95f07657524e9a8747c205eebc3) Importer(2089858483,b0f066a214c2f5e87bad3c948f4d605d) (ScriptedImporter) -> (artifact id: 'f7153e1594b341465fb1dd3a2418f0d3') in 0.0035048 seconds
Number of updated asset objects reloaded before import = 0Number of asset objects unloaded after import = 1

========================================================================
Received Import Request.
  Time since last request: 0.000182 seconds.
  path: Assets/GamerExtremo/RIP/Electric Puzzles_1.5/res/BT.png
  artifactKey: Guid(c249a6840004f834982ad0911b5af2ea) Importer(2089858483,b0f066a214c2f5e87bad3c948f4d605d)
Start importing Assets/GamerExtremo/RIP/Electric Puzzles_1.5/res/BT.png using Guid(c249a6840004f834982ad0911b5af2ea) Importer(2089858483,b0f066a214c2f5e87bad3c948f4d605d) (ScriptedImporter) -> (artifact id: '6f4c5623c2783ad87be39ed5b94367bc') in 0.007673 seconds
Number of updated asset objects reloaded before import = 0Number of asset objects unloaded after import = 3

========================================================================
Received Import Request.
  Time since last request: 0.000017 seconds.
  path: Assets/GamerExtremo/RIP/Electric Puzzles_1.5/FIOS/esquema
  artifactKey: Guid(5c42918d9cb6b18458982858f8588efb) Importer(2089858483,b0f066a214c2f5e87bad3c948f4d605d)
Start importing Assets/GamerExtremo/RIP/Electric Puzzles_1.5/FIOS/esquema using Guid(5c42918d9cb6b18458982858f8588efb) Importer(2089858483,b0f066a214c2f5e87bad3c948f4d605d) (ScriptedImporter) -> (artifact id: 'fc63efa1ebf9e9d07676ca4b938ccd41') in 0.0028251 seconds
Number of updated asset objects reloaded before import = 0Number of asset objects unloaded after import = 1

========================================================================
Received Import Request.
  Time since last request: 0.000136 seconds.
  path: Assets/GamerExtremo/RIP/Electric Puzzles_1.5/✅ New Folder/CIRCLE/CIRCLE WHITE/io.9.png
  artifactKey: Guid(5c5682b306f3d384d9b8ae3d7d04ebf7) Importer(2089858483,b0f066a214c2f5e87bad3c948f4d605d)
Start importing Assets/GamerExtremo/RIP/Electric Puzzles_1.5/✅ New Folder/CIRCLE/CIRCLE WHITE/io.9.png using Guid(5c5682b306f3d384d9b8ae3d7d04ebf7) Importer(2089858483,b0f066a214c2f5e87bad3c948f4d605d) (ScriptedImporter) -> (artifact id: 'bfb97f00d740e787ab191755ecbffea2') in 0.0109732 seconds
Number of updated asset objects reloaded before import = 0Number of asset objects unloaded after import = 3

========================================================================
Received Import Request.
  Time since last request: 0.000027 seconds.
  path: Assets/GamerExtremo/RIP/Electric Puzzles_1.5/res/U9.png
  artifactKey: Guid(2239f61278bb7ef469eab512b58f6ec7) Importer(2089858483,b0f066a214c2f5e87bad3c948f4d605d)
Start importing Assets/GamerExtremo/RIP/Electric Puzzles_1.5/res/U9.png using Guid(2239f61278bb7ef469eab512b58f6ec7) Importer(2089858483,b0f066a214c2f5e87bad3c948f4d605d) (ScriptedImporter) -> (artifact id: '1d31f94e54eff8680987ac058d73b2f2') in 0.0116329 seconds
Number of updated asset objects reloaded before import = 0Number of asset objects unloaded after import = 3

========================================================================
Received Import Request.
  Time since last request: 0.000015 seconds.
  path: Assets/GamerExtremo/res/yJ.png
  artifactKey: Guid(95946ad663c274f4c8e216a9c435fe64) Importer(2089858483,b0f066a214c2f5e87bad3c948f4d605d)
Start importing Assets/GamerExtremo/res/yJ.png using Guid(95946ad663c274f4c8e216a9c435fe64) Importer(2089858483,b0f066a214c2f5e87bad3c948f4d605d) (ScriptedImporter) -> (artifact id: 'ec96fa008a58e27102738cc90e84c646') in 0.0114813 seconds
Number of updated asset objects reloaded before import = 0Number of asset objects unloaded after import = 3

========================================================================
Received Import Request.
  Time since last request: 0.000018 seconds.
  path: Assets/GamerExtremo/Resources/Player/walk (12).png
  artifactKey: Guid(206a89f846e50e84284bf773b40c8f8d) Importer(2089858483,b0f066a214c2f5e87bad3c948f4d605d)
Start importing Assets/GamerExtremo/Resources/Player/walk (12).png using Guid(206a89f846e50e84284bf773b40c8f8d) Importer(2089858483,b0f066a214c2f5e87bad3c948f4d605d) (ScriptedImporter) -> (artifact id: '85f1263666115aef74cbf0109fcaa0f8') in 0.0094311 seconds
Number of updated asset objects reloaded before import = 0Number of asset objects unloaded after import = 3

========================================================================
Received Import Request.
  Time since last request: 0.000019 seconds.
  path: Assets/GamerExtremo/RIP/Electric Puzzles_1.5/res/9Q.png
  artifactKey: Guid(354e1dfc9626b9341a7dfd8f9689107b) Importer(2089858483,b0f066a214c2f5e87bad3c948f4d605d)
Start importing Assets/GamerExtremo/RIP/Electric Puzzles_1.5/res/9Q.png using Guid(354e1dfc9626b9341a7dfd8f9689107b) Importer(2089858483,b0f066a214c2f5e87bad3c948f4d605d) (ScriptedImporter) -> (artifact id: 'fa50f8fdc6dc08d3f404477872ae406e') in 0.0081779 seconds
Number of updated asset objects reloaded before import = 0Number of asset objects unloaded after import = 3

========================================================================
Received Import Request.
  Time since last request: 0.000016 seconds.
  path: Assets/GamerExtremo/res/_o.xml
  artifactKey: Guid(e0e31066c7e46bf4696bea77da516f91) Importer(2089858483,b0f066a214c2f5e87bad3c948f4d605d)
Start importing Assets/GamerExtremo/res/_o.xml using Guid(e0e31066c7e46bf4696bea77da516f91) Importer(2089858483,b0f066a214c2f5e87bad3c948f4d605d) (ScriptedImporter) -> (artifact id: 'e2245af926e14080f4357986ac65fcbe') in 0.0036366 seconds
Number of updated asset objects reloaded before import = 0Number of asset objects unloaded after import = 1

========================================================================
Received Import Request.
  Time since last request: 0.000142 seconds.
  path: Assets/GamerExtremo/RIP/Electric Puzzles_1.5/res/9m.xml
  artifactKey: Guid(ca23befc23eec1c44bd3620f4aadec19) Importer(2089858483,b0f066a214c2f5e87bad3c948f4d605d)
Start importing Assets/GamerExtremo/RIP/Electric Puzzles_1.5/res/9m.xml using Guid(ca23befc23eec1c44bd3620f4aadec19) Importer(2089858483,b0f066a214c2f5e87bad3c948f4d605d) (ScriptedImporter) -> (artifact id: '2bdad0b9ef1112eaa0d7c158b5475929') in 0.0048728 seconds
Number of updated asset objects reloaded before import = 0Number of asset objects unloaded after import = 1

========================================================================
Received Import Request.
  Time since last request: 0.000073 seconds.
  path: Assets/GamerExtremo/RIP/Electric Puzzles_1.5/✅ New Folder/XML/qA.xml
  artifactKey: Guid(63af570423d8b124ba17b47dd9af5b17) Importer(2089858483,b0f066a214c2f5e87bad3c948f4d605d)
Start importing Assets/GamerExtremo/RIP/Electric Puzzles_1.5/✅ New Folder/XML/qA.xml using Guid(63af570423d8b124ba17b47dd9af5b17) Importer(2089858483,b0f066a214c2f5e87bad3c948f4d605d) (ScriptedImporter) -> (artifact id: '9afabb97dfee6de26cf0ec7191700f16') in 0.0055757 seconds
Number of updated asset objects reloaded before import = 0Number of asset objects unloaded after import = 1

========================================================================
Received Import Request.
  Time since last request: 0.000018 seconds.
  path: Assets/GamerExtremo/RIP/Electric Puzzles_1.5/res/color/switch_thumb_material_light.xml
  artifactKey: Guid(f1f42a06775e9bc4cbc31fd6e6ce056f) Importer(2089858483,b0f066a214c2f5e87bad3c948f4d605d)
Start importing Assets/GamerExtremo/RIP/Electric Puzzles_1.5/res/color/switch_thumb_material_light.xml using Guid(f1f42a06775e9bc4cbc31fd6e6ce056f) Importer(2089858483,b0f066a214c2f5e87bad3c948f4d605d) (ScriptedImporter) -> (artifact id: '49179919983382715ea480b164b506db') in 0.0036639 seconds
Number of updated asset objects reloaded before import = 0Number of asset objects unloaded after import = 1

========================================================================
Received Import Request.
  Time since last request: 0.000136 seconds.
  path: Assets/GamerExtremo/RIP/Electric Puzzles_1.5/SQUARE/Vertical/jS.9.png
  artifactKey: Guid(c1a792286c7de634c9108de69056fa82) Importer(2089858483,b0f066a214c2f5e87bad3c948f4d605d)
Start importing Assets/GamerExtremo/RIP/Electric Puzzles_1.5/SQUARE/Vertical/jS.9.png using Guid(c1a792286c7de634c9108de69056fa82) Importer(2089858483,b0f066a214c2f5e87bad3c948f4d605d) (ScriptedImporter) -> (artifact id: '0de2766f17e208036628490f4f33d4ba') in 0.0089607 seconds
Number of updated asset objects reloaded before import = 0Number of asset objects unloaded after import = 3

========================================================================
Received Import Request.
  Time since last request: 0.000019 seconds.
  path: Assets/GamerExtremo/RIP/Electric Puzzles_1.5/res/z9.9.png
  artifactKey: Guid(c746c814a3243c648a4490ac575a2a05) Importer(2089858483,b0f066a214c2f5e87bad3c948f4d605d)
Start importing Assets/GamerExtremo/RIP/Electric Puzzles_1.5/res/z9.9.png using Guid(c746c814a3243c648a4490ac575a2a05) Importer(2089858483,b0f066a214c2f5e87bad3c948f4d605d) (ScriptedImporter) -> (artifact id: '48063cb32fa3f5626fe5653986727d72') in 0.0085974 seconds
Number of updated asset objects reloaded before import = 0Number of asset objects unloaded after import = 3

========================================================================
Received Import Request.
  Time since last request: 0.000020 seconds.
  path: Assets/GamerExtremo/res/Pg.9.png
  artifactKey: Guid(f6f81813350db70429824a27a3c47f77) Importer(2089858483,b0f066a214c2f5e87bad3c948f4d605d)
Start importing Assets/GamerExtremo/res/Pg.9.png using Guid(f6f81813350db70429824a27a3c47f77) Importer(2089858483,b0f066a214c2f5e87bad3c948f4d605d) (ScriptedImporter) -> (artifact id: '92a874d5b1d21cb2dd6bb50245e307c6') in 0.0085075 seconds
Number of updated asset objects reloaded before import = 0Number of asset objects unloaded after import = 3

========================================================================
Received Import Request.
  Time since last request: 0.000017 seconds.
  path: Assets/GamerExtremo/RIP/Electric Puzzles_1.5/res/-3.png
  artifactKey: Guid(af949706023330243a269c135bd9d8ef) Importer(2089858483,b0f066a214c2f5e87bad3c948f4d605d)
Start importing Assets/GamerExtremo/RIP/Electric Puzzles_1.5/res/-3.png using Guid(af949706023330243a269c135bd9d8ef) Importer(2089858483,b0f066a214c2f5e87bad3c948f4d605d) (ScriptedImporter) -> (artifact id: 'e7c67efd1c17fc296fec850ce096e91d') in 0.0099495 seconds
Number of updated asset objects reloaded before import = 0Number of asset objects unloaded after import = 3

========================================================================
Received Import Request.
  Time since last request: 0.000018 seconds.
  path: Assets/GamerExtremo/res/nT.xml
  artifactKey: Guid(28f9836b5abfa7e4da1cbe19562ba841) Importer(2089858483,b0f066a214c2f5e87bad3c948f4d605d)
Start importing Assets/GamerExtremo/res/nT.xml using Guid(28f9836b5abfa7e4da1cbe19562ba841) Importer(2089858483,b0f066a214c2f5e87bad3c948f4d605d) (ScriptedImporter) -> (artifact id: 'b9f17423d7505edfe8605af555d84b6e') in 0.0034026 seconds
Number of updated asset objects reloaded before import = 0Number of asset objects unloaded after import = 1

========================================================================
Received Import Request.
  Time since last request: 0.000137 seconds.
  path: Assets/GamerExtremo/res/En.png
  artifactKey: Guid(14bbff9b8170ca043a29265c2ccd25ce) Importer(2089858483,b0f066a214c2f5e87bad3c948f4d605d)
Start importing Assets/GamerExtremo/res/En.png using Guid(14bbff9b8170ca043a29265c2ccd25ce) Importer(2089858483,b0f066a214c2f5e87bad3c948f4d605d) (ScriptedImporter) -> (artifact id: '871da0e86a9d7cc1b0c5acc52755faf4') in 0.009194 seconds
Number of updated asset objects reloaded before import = 0Number of asset objects unloaded after import = 3

========================================================================
Received Import Request.
  Time since last request: 0.000034 seconds.
  path: Assets/GamerExtremo/RIP/Electric Puzzles_1.5/res/tZ.9.png
  artifactKey: Guid(994b129fa30d6ec42825ae883fda5e6c) Importer(2089858483,b0f066a214c2f5e87bad3c948f4d605d)
Start importing Assets/GamerExtremo/RIP/Electric Puzzles_1.5/res/tZ.9.png using Guid(994b129fa30d6ec42825ae883fda5e6c) Importer(2089858483,b0f066a214c2f5e87bad3c948f4d605d) (ScriptedImporter) -> (artifact id: 'e08815d452adddf4b562af90bc6a59e9') in 0.0086506 seconds
Number of updated asset objects reloaded before import = 0Number of asset objects unloaded after import = 3

========================================================================
Received Import Request.
  Time since last request: 0.000019 seconds.
  path: Assets/GamerExtremo/RIP/Electric Puzzles_1.5/res/6d.png
  artifactKey: Guid(9e8d52ba4b2b16540a8555fa74f7b12a) Importer(2089858483,b0f066a214c2f5e87bad3c948f4d605d)
Start importing Assets/GamerExtremo/RIP/Electric Puzzles_1.5/res/6d.png using Guid(9e8d52ba4b2b16540a8555fa74f7b12a) Importer(2089858483,b0f066a214c2f5e87bad3c948f4d605d) (ScriptedImporter) -> (artifact id: '488401dd050069c76667e8ef0dcdc719') in 0.0083739 seconds
Number of updated asset objects reloaded before import = 0Number of asset objects unloaded after import = 3

========================================================================
Received Import Request.
  Time since last request: 0.000015 seconds.
  path: Assets/GamerExtremo/RIP/Electric Puzzles_1.5/res/qz.png
  artifactKey: Guid(e90ed5c31dd94714bb4c26dc0930116f) Importer(2089858483,b0f066a214c2f5e87bad3c948f4d605d)
Start importing Assets/GamerExtremo/RIP/Electric Puzzles_1.5/res/qz.png using Guid(e90ed5c31dd94714bb4c26dc0930116f) Importer(2089858483,b0f066a214c2f5e87bad3c948f4d605d) (ScriptedImporter) -> (artifact id: '022255ca4f51e45d906c59da704640c9') in 0.010193 seconds
Number of updated asset objects reloaded before import = 0Number of asset objects unloaded after import = 3

========================================================================
Received Import Request.
  Time since last request: 0.000016 seconds.
  path: Assets/GamerExtremo/res/Nb.png
  artifactKey: Guid(9cbdebdbb34b28a4d836f50cb04dd614) Importer(2089858483,b0f066a214c2f5e87bad3c948f4d605d)
Start importing Assets/GamerExtremo/res/Nb.png using Guid(9cbdebdbb34b28a4d836f50cb04dd614) Importer(2089858483,b0f066a214c2f5e87bad3c948f4d605d) (ScriptedImporter) -> (artifact id: 'd2b85df35a5ae387a830e41ebee382bb') in 0.0092835 seconds
Number of updated asset objects reloaded before import = 0Number of asset objects unloaded after import = 3

========================================================================
Received Import Request.
  Time since last request: 0.000017 seconds.
  path: Assets/GamerExtremo/RIP/Electric Puzzles_1.5/✅ New Folder/PHONE/2/w7.png
  artifactKey: Guid(77cc931f0e7a5b34c96539b1b46e5b60) Importer(2089858483,b0f066a214c2f5e87bad3c948f4d605d)
Start importing Assets/GamerExtremo/RIP/Electric Puzzles_1.5/✅ New Folder/PHONE/2/w7.png using Guid(77cc931f0e7a5b34c96539b1b46e5b60) Importer(2089858483,b0f066a214c2f5e87bad3c948f4d605d) (ScriptedImporter) -> (artifact id: '84eed37956c60d037c9a5d411d81f067') in 0.0101044 seconds
Number of updated asset objects reloaded before import = 0Number of asset objects unloaded after import = 3

========================================================================
Received Import Request.
  Time since last request: 0.000017 seconds.
  path: Assets/GamerExtremo/RIP/Electric Puzzles_1.5/✅ New Folder/THREE POINT VETICAL/mN.png
  artifactKey: Guid(03af65d002c6e07429158eef36c4a9d7) Importer(2089858483,b0f066a214c2f5e87bad3c948f4d605d)
Start importing Assets/GamerExtremo/RIP/Electric Puzzles_1.5/✅ New Folder/THREE POINT VETICAL/mN.png using Guid(03af65d002c6e07429158eef36c4a9d7) Importer(2089858483,b0f066a214c2f5e87bad3c948f4d605d) (ScriptedImporter) -> (artifact id: '7b88d46e8050aaa4c5918bd91ebbbb86') in 0.0116981 seconds
Number of updated asset objects reloaded before import = 0Number of asset objects unloaded after import = 3

========================================================================
Received Import Request.
  Time since last request: 0.000045 seconds.
  path: Assets/GamerExtremo/RIP/Electric Puzzles_1.5/FIOS/verde/Pasta/qJ.png
  artifactKey: Guid(c1bf4cbbf0c7c0c4a9edbdcac494f928) Importer(2089858483,b0f066a214c2f5e87bad3c948f4d605d)
Start importing Assets/GamerExtremo/RIP/Electric Puzzles_1.5/FIOS/verde/Pasta/qJ.png using Guid(c1bf4cbbf0c7c0c4a9edbdcac494f928) Importer(2089858483,b0f066a214c2f5e87bad3c948f4d605d) (ScriptedImporter) -> (artifact id: '3a0dd17fffe28233cc1e1b34199ae6e4') in 0.0084838 seconds
Number of updated asset objects reloaded before import = 0Number of asset objects unloaded after import = 3

========================================================================
Received Import Request.
  Time since last request: 0.000026 seconds.
  path: Assets/GamerExtremo/RIP/Electric Puzzles_1.5/✅ New Folder/XML/rx.xml
  artifactKey: Guid(a3ade858ff36f8a4a86e8aa26d01b7cc) Importer(2089858483,b0f066a214c2f5e87bad3c948f4d605d)
Start importing Assets/GamerExtremo/RIP/Electric Puzzles_1.5/✅ New Folder/XML/rx.xml using Guid(a3ade858ff36f8a4a86e8aa26d01b7cc) Importer(2089858483,b0f066a214c2f5e87bad3c948f4d605d) (ScriptedImporter) -> (artifact id: '8d22bccc2cd73b6f790dd8d21a00ae34') in 0.0046339 seconds
Number of updated asset objects reloaded before import = 0Number of asset objects unloaded after import = 1

========================================================================
Received Import Request.
  Time since last request: 0.000143 seconds.
  path: Assets/GamerExtremo/RIP/Electric Puzzles_1.5/✅ New Folder/CHAVE DE BOCA/rM.png
  artifactKey: Guid(c66e271e230314d45adab74bd3166203) Importer(2089858483,b0f066a214c2f5e87bad3c948f4d605d)
Start importing Assets/GamerExtremo/RIP/Electric Puzzles_1.5/✅ New Folder/CHAVE DE BOCA/rM.png using Guid(c66e271e230314d45adab74bd3166203) Importer(2089858483,b0f066a214c2f5e87bad3c948f4d605d) (ScriptedImporter) -> (artifact id: 'c49dc479e8f2870b2c24bb89226e8551') in 0.0079471 seconds
Number of updated asset objects reloaded before import = 0Number of asset objects unloaded after import = 3

========================================================================
Received Import Request.
  Time since last request: 0.000016 seconds.
  path: Assets/GamerExtremo/RIP/Electric Puzzles_1.5/✅ New Folder/CIRCLE/CIRCLE WHITE EMPTY
  artifactKey: Guid(fc44813865be0f945a618f6840e52251) Importer(2089858483,b0f066a214c2f5e87bad3c948f4d605d)
Start importing Assets/GamerExtremo/RIP/Electric Puzzles_1.5/✅ New Folder/CIRCLE/CIRCLE WHITE EMPTY using Guid(fc44813865be0f945a618f6840e52251) Importer(2089858483,b0f066a214c2f5e87bad3c948f4d605d) (ScriptedImporter) -> (artifact id: 'd5507361a3b59ec658d4cb8c246c682c') in 0.0029441 seconds
Number of updated asset objects reloaded before import = 0Number of asset objects unloaded after import = 1

========================================================================
Received Import Request.
  Time since last request: 0.000140 seconds.
  path: Assets/GamerExtremo/RIP/Electric Puzzles_1.5/res/V2.png
  artifactKey: Guid(06810214dcbb06e40a35e1b3a2d0c694) Importer(2089858483,b0f066a214c2f5e87bad3c948f4d605d)
Start importing Assets/GamerExtremo/RIP/Electric Puzzles_1.5/res/V2.png using Guid(06810214dcbb06e40a35e1b3a2d0c694) Importer(2089858483,b0f066a214c2f5e87bad3c948f4d605d) (ScriptedImporter) -> (artifact id: '17ed3f4277b87b35ccfcae10046a5757') in 0.0085387 seconds
Number of updated asset objects reloaded before import = 0Number of asset objects unloaded after import = 3

========================================================================
Received Import Request.
  Time since last request: 0.000018 seconds.
  path: Assets/GamerExtremo/res/Ov.png
  artifactKey: Guid(e0117e904145ce0429977d8b5c46d391) Importer(2089858483,b0f066a214c2f5e87bad3c948f4d605d)
Start importing Assets/GamerExtremo/res/Ov.png using Guid(e0117e904145ce0429977d8b5c46d391) Importer(2089858483,b0f066a214c2f5e87bad3c948f4d605d) (ScriptedImporter) -> (artifact id: '6903c6077980b402b98d45d2abcc8301') in 0.0069931 seconds
Number of updated asset objects reloaded before import = 0Number of asset objects unloaded after import = 3

========================================================================
Received Import Request.
  Time since last request: 0.000019 seconds.
  path: Assets/GamerExtremo/res/qI.png
  artifactKey: Guid(ab8af0bea5d5c2246b6b94afe5a1fab7) Importer(2089858483,b0f066a214c2f5e87bad3c948f4d605d)
Start importing Assets/GamerExtremo/res/qI.png using Guid(ab8af0bea5d5c2246b6b94afe5a1fab7) Importer(2089858483,b0f066a214c2f5e87bad3c948f4d605d) (ScriptedImporter) -> (artifact id: '70210e613adc65adb6e80ba648c7e06a') in 0.0109096 seconds
Number of updated asset objects reloaded before import = 0Number of asset objects unloaded after import = 3

========================================================================
Received Import Request.
  Time since last request: 0.000019 seconds.
  path: Assets/GamerExtremo/RIP/Electric Puzzles_1.5/res/Y7.9.png
  artifactKey: Guid(932e7b5fcf56d334ea79a5fb3c6a074e) Importer(2089858483,b0f066a214c2f5e87bad3c948f4d605d)
Start importing Assets/GamerExtremo/RIP/Electric Puzzles_1.5/res/Y7.9.png using Guid(932e7b5fcf56d334ea79a5fb3c6a074e) Importer(2089858483,b0f066a214c2f5e87bad3c948f4d605d) (ScriptedImporter) -> (artifact id: '0d3c496e76d329c9ac991831e365542c') in 0.0116284 seconds
Number of updated asset objects reloaded before import = 0Number of asset objects unloaded after import = 3

========================================================================
Received Import Request.
  Time since last request: 0.000021 seconds.
  path: Assets/GamerExtremo/Resources/Player/attack (8).png
  artifactKey: Guid(b0bbce1b2bc240e429f51dd8a45b998b) Importer(2089858483,b0f066a214c2f5e87bad3c948f4d605d)
Start importing Assets/GamerExtremo/Resources/Player/attack (8).png using Guid(b0bbce1b2bc240e429f51dd8a45b998b) Importer(2089858483,b0f066a214c2f5e87bad3c948f4d605d) (ScriptedImporter) -> (artifact id: '8f4e179d3f8a8ae08ca6fe7df2b00bf4') in 0.0094568 seconds
Number of updated asset objects reloaded before import = 0Number of asset objects unloaded after import = 3

========================================================================
Received Import Request.
  Time since last request: 0.000023 seconds.
  path: Assets/GamerExtremo/RIP/Electric Puzzles_1.5/res/Dw1.png
  artifactKey: Guid(5ce1a69eaa23e144bb99d859183576ad) Importer(2089858483,b0f066a214c2f5e87bad3c948f4d605d)
Start importing Assets/GamerExtremo/RIP/Electric Puzzles_1.5/res/Dw1.png using Guid(5ce1a69eaa23e144bb99d859183576ad) Importer(2089858483,b0f066a214c2f5e87bad3c948f4d605d) (ScriptedImporter) -> (artifact id: '5d90fc04a5ad77b8d16c54db61d0b0f7') in 0.0069076 seconds
Number of updated asset objects reloaded before import = 0Number of asset objects unloaded after import = 3

========================================================================
Received Import Request.
  Time since last request: 0.000021 seconds.
  path: Assets/GamerExtremo/Resources/Player/attack (2).png
  artifactKey: Guid(bbdc99d5e5aaaa540beb43d953ea1f73) Importer(2089858483,b0f066a214c2f5e87bad3c948f4d605d)
Start importing Assets/GamerExtremo/Resources/Player/attack (2).png using Guid(bbdc99d5e5aaaa540beb43d953ea1f73) Importer(2089858483,b0f066a214c2f5e87bad3c948f4d605d) (ScriptedImporter) -> (artifact id: 'd5ed5dfff74c4e59648a1fdbb3931864') in 0.0086727 seconds
Number of updated asset objects reloaded before import = 0Number of asset objects unloaded after import = 3

========================================================================
Received Import Request.
  Time since last request: 0.000019 seconds.
  path: Assets/GamerExtremo/res/9T2.xml
  artifactKey: Guid(905dd7054c05a05469d09e6d36c35c5b) Importer(2089858483,b0f066a214c2f5e87bad3c948f4d605d)
Start importing Assets/GamerExtremo/res/9T2.xml using Guid(905dd7054c05a05469d09e6d36c35c5b) Importer(2089858483,b0f066a214c2f5e87bad3c948f4d605d) (ScriptedImporter) -> (artifact id: '8ba8ac9ea3e957e718fd0247ee22bdbe') in 0.0036189 seconds
Number of updated asset objects reloaded before import = 0Number of asset objects unloaded after import = 1

========================================================================
Received Import Request.
  Time since last request: 0.000067 seconds.
  path: Assets/GamerExtremo/RIP/Electric Puzzles_1.5/✅ New Folder/CAM/OX1.png
  artifactKey: Guid(cd54967fa74041c429191f7699f88a1b) Importer(2089858483,b0f066a214c2f5e87bad3c948f4d605d)
Start importing Assets/GamerExtremo/RIP/Electric Puzzles_1.5/✅ New Folder/CAM/OX1.png using Guid(cd54967fa74041c429191f7699f88a1b) Importer(2089858483,b0f066a214c2f5e87bad3c948f4d605d) (ScriptedImporter) -> (artifact id: 'ebc92b811d24beabbfa01487f05a0e35') in 0.0090528 seconds
Number of updated asset objects reloaded before import = 0Number of asset objects unloaded after import = 3

========================================================================
Received Import Request.
  Time since last request: 0.000034 seconds.
  path: Assets/GamerExtremo/RIP/Electric Puzzles_1.5/res/Bf.png
  artifactKey: Guid(4492a4a7c8d860d4bafd49a193f10b75) Importer(2089858483,b0f066a214c2f5e87bad3c948f4d605d)
Start importing Assets/GamerExtremo/RIP/Electric Puzzles_1.5/res/Bf.png using Guid(4492a4a7c8d860d4bafd49a193f10b75) Importer(2089858483,b0f066a214c2f5e87bad3c948f4d605d) (ScriptedImporter) -> (artifact id: '31e30ca736cd18da0d8145e9b5dc629a') in 0.0086687 seconds
Number of updated asset objects reloaded before import = 0Number of asset objects unloaded after import = 3

========================================================================
Received Import Request.
  Time since last request: 0.000027 seconds.
  path: Assets/GamerExtremo/Resources/Sounds/Whoosh.wav
  artifactKey: Guid(bf911ba9c2eebef44a11ca3d2a273195) Importer(2089858483,b0f066a214c2f5e87bad3c948f4d605d)
Start importing Assets/GamerExtremo/Resources/Sounds/Whoosh.wav using Guid(bf911ba9c2eebef44a11ca3d2a273195) Importer(2089858483,b0f066a214c2f5e87bad3c948f4d605d) (ScriptedImporter) -> (artifact id: '0d9f231adf234d5dcbcb836c1e8e1f39') in 0.02233 seconds
Number of updated asset objects reloaded before import = 0Number of asset objects unloaded after import = 1

========================================================================
Received Import Request.
  Time since last request: 0.000112 seconds.
  path: Assets/GamerExtremo/res/qa.png
  artifactKey: Guid(8fbd133813156aa46bb014820eb13fa4) Importer(2089858483,b0f066a214c2f5e87bad3c948f4d605d)
Start importing Assets/GamerExtremo/res/qa.png using Guid(8fbd133813156aa46bb014820eb13fa4) Importer(2089858483,b0f066a214c2f5e87bad3c948f4d605d) (ScriptedImporter) -> (artifact id: 'f993bd88bbe6a4a95c526bdec0b7f352') in 0.007934 seconds
Number of updated asset objects reloaded before import = 0Number of asset objects unloaded after import = 3

========================================================================
Received Import Request.
  Time since last request: 0.000016 seconds.
  path: Assets/GamerExtremo/res/GY.png
  artifactKey: Guid(2356175c265034446a56b41c3b2f3721) Importer(2089858483,b0f066a214c2f5e87bad3c948f4d605d)
Start importing Assets/GamerExtremo/res/GY.png using Guid(2356175c265034446a56b41c3b2f3721) Importer(2089858483,b0f066a214c2f5e87bad3c948f4d605d) (ScriptedImporter) -> (artifact id: '513ff80734cc015c78b2eb77e407e2b4') in 0.0073398 seconds
Number of updated asset objects reloaded before import = 0Number of asset objects unloaded after import = 3

========================================================================
Received Import Request.
  Time since last request: 0.000018 seconds.
  path: Assets/GamerExtremo/res/j4.png
  artifactKey: Guid(88a62e836cd013345bc785d764099398) Importer(2089858483,b0f066a214c2f5e87bad3c948f4d605d)
Start importing Assets/GamerExtremo/res/j4.png using Guid(88a62e836cd013345bc785d764099398) Importer(2089858483,b0f066a214c2f5e87bad3c948f4d605d) (ScriptedImporter) -> (artifact id: '08b1e16200877a10b036bb44c0517be7') in 0.1066646 seconds
Number of updated asset objects reloaded before import = 0Number of asset objects unloaded after import = 3

========================================================================
Received Import Request.
  Time since last request: 0.000019 seconds.
  path: Assets/GamerExtremo/res/mu.png
  artifactKey: Guid(fd5d1683d75af014abbb8b9643a3ef91) Importer(2089858483,b0f066a214c2f5e87bad3c948f4d605d)
Start importing Assets/GamerExtremo/res/mu.png using Guid(fd5d1683d75af014abbb8b9643a3ef91) Importer(2089858483,b0f066a214c2f5e87bad3c948f4d605d) (ScriptedImporter) -> (artifact id: '71172ff72a771f0ee1c4829ebca367c3') in 0.0098963 seconds
Number of updated asset objects reloaded before import = 0Number of asset objects unloaded after import = 3

========================================================================
Received Import Request.
  Time since last request: 0.000046 seconds.
  path: Assets/GamerExtremo/RIP/Electric Puzzles_1.5/res/uF.png
  artifactKey: Guid(41a26f2b9f791f444a637233a96a375e) Importer(2089858483,b0f066a214c2f5e87bad3c948f4d605d)
Start importing Assets/GamerExtremo/RIP/Electric Puzzles_1.5/res/uF.png using Guid(41a26f2b9f791f444a637233a96a375e) Importer(2089858483,b0f066a214c2f5e87bad3c948f4d605d) (ScriptedImporter) -> (artifact id: 'c194e8f9b2da219897cdccb883064bcb') in 0.0078835 seconds
Number of updated asset objects reloaded before import = 0Number of asset objects unloaded after import = 3

========================================================================
Received Import Request.
  Time since last request: 0.000015 seconds.
  path: Assets/GamerExtremo/RIP/Electric Puzzles_1.5/res/wr.xml
  artifactKey: Guid(a4f2e976de82204488e1f68809284e1e) Importer(2089858483,b0f066a214c2f5e87bad3c948f4d605d)
Start importing Assets/GamerExtremo/RIP/Electric Puzzles_1.5/res/wr.xml using Guid(a4f2e976de82204488e1f68809284e1e) Importer(2089858483,b0f066a214c2f5e87bad3c948f4d605d) (ScriptedImporter) -> (artifact id: 'cb93b9ca66cbe0c637afecad44fd4f94') in 0.0042534 seconds
Number of updated asset objects reloaded before import = 0Number of asset objects unloaded after import = 1

========================================================================
Received Import Request.
  Time since last request: 0.000023 seconds.
  path: Assets/GamerExtremo/RIP/Electric Puzzles_1.5/FIOS/verde/Pasta/Ni.png
  artifactKey: Guid(c284ace3dc2347c4c959391d4ab67336) Importer(2089858483,b0f066a214c2f5e87bad3c948f4d605d)
Start importing Assets/GamerExtremo/RIP/Electric Puzzles_1.5/FIOS/verde/Pasta/Ni.png using Guid(c284ace3dc2347c4c959391d4ab67336) Importer(2089858483,b0f066a214c2f5e87bad3c948f4d605d) (ScriptedImporter) -> (artifact id: 'a95778d3e45f60ad274359abb7823a79') in 0.0093727 seconds
Number of updated asset objects reloaded before import = 0Number of asset objects unloaded after import = 3

========================================================================
Received Import Request.
  Time since last request: 0.000016 seconds.
  path: Assets/GamerExtremo/res/Zq.png
  artifactKey: Guid(948661e8eed2b1a46a75f166a3e8ad37) Importer(2089858483,b0f066a214c2f5e87bad3c948f4d605d)
Start importing Assets/GamerExtremo/res/Zq.png using Guid(948661e8eed2b1a46a75f166a3e8ad37) Importer(2089858483,b0f066a214c2f5e87bad3c948f4d605d) (ScriptedImporter) -> (artifact id: '33c5f104d352746c71e32eee0aba4f81') in 0.1316235 seconds
Number of updated asset objects reloaded before import = 0Number of asset objects unloaded after import = 3

========================================================================
Received Import Request.
  Time since last request: 0.000017 seconds.
  path: Assets/GamerExtremo/RIP/Electric Puzzles_1.5/res/yH.9.png
  artifactKey: Guid(a9f853207fd6c2744be1f9307d08fbee) Importer(2089858483,b0f066a214c2f5e87bad3c948f4d605d)
Start importing Assets/GamerExtremo/RIP/Electric Puzzles_1.5/res/yH.9.png using Guid(a9f853207fd6c2744be1f9307d08fbee) Importer(2089858483,b0f066a214c2f5e87bad3c948f4d605d) (ScriptedImporter) -> (artifact id: 'aff84f13740f6f136b30ea0d3f08b8a9') in 0.0077449 seconds
Number of updated asset objects reloaded before import = 0Number of asset objects unloaded after import = 3

========================================================================
Received Import Request.
  Time since last request: 0.000018 seconds.
  path: Assets/GamerExtremo/res/hP.xml
  artifactKey: Guid(19b57ea67aab4de4f8c75cf44c39f837) Importer(2089858483,b0f066a214c2f5e87bad3c948f4d605d)
Start importing Assets/GamerExtremo/res/hP.xml using Guid(19b57ea67aab4de4f8c75cf44c39f837) Importer(2089858483,b0f066a214c2f5e87bad3c948f4d605d) (ScriptedImporter) -> (artifact id: 'd7ae46ed4a0b5cb0412fffd0d4ea0a20') in 0.0029523 seconds
Number of updated asset objects reloaded before import = 0Number of asset objects unloaded after import = 1

========================================================================
Received Import Request.
  Time since last request: 0.000056 seconds.
  path: Assets/GamerExtremo/res/ZU.png
  artifactKey: Guid(d293410108252254293a68b769ba721b) Importer(2089858483,b0f066a214c2f5e87bad3c948f4d605d)
Start importing Assets/GamerExtremo/res/ZU.png using Guid(d293410108252254293a68b769ba721b) Importer(2089858483,b0f066a214c2f5e87bad3c948f4d605d) (ScriptedImporter) -> (artifact id: '618051ff1ae0891d5e30595c7a02f6dd') in 0.0061591 seconds
Number of updated asset objects reloaded before import = 0Number of asset objects unloaded after import = 3

========================================================================
Received Import Request.
  Time since last request: 0.000062 seconds.
  path: Assets/GamerExtremo/RIP/Electric Puzzles_1.5/res/w7.png
  artifactKey: Guid(02f4aac6ddcba0741ab40a8b57e08491) Importer(2089858483,b0f066a214c2f5e87bad3c948f4d605d)
Start importing Assets/GamerExtremo/RIP/Electric Puzzles_1.5/res/w7.png using Guid(02f4aac6ddcba0741ab40a8b57e08491) Importer(2089858483,b0f066a214c2f5e87bad3c948f4d605d) (ScriptedImporter) -> (artifact id: '7307acafdf7f2a920f4389c7d09d089f') in 0.0778537 seconds
Number of updated asset objects reloaded before import = 0Number of asset objects unloaded after import = 3

========================================================================
Received Import Request.
  Time since last request: 0.000018 seconds.
  path: Assets/GamerExtremo/RIP/Electric Puzzles_1.5/✅ New Folder/CAM/7V1.png
  artifactKey: Guid(80cfabc3a457af14d8f9b882375f6442) Importer(2089858483,b0f066a214c2f5e87bad3c948f4d605d)
Start importing Assets/GamerExtremo/RIP/Electric Puzzles_1.5/✅ New Folder/CAM/7V1.png using Guid(80cfabc3a457af14d8f9b882375f6442) Importer(2089858483,b0f066a214c2f5e87bad3c948f4d605d) (ScriptedImporter) -> (artifact id: 'c39a5a4dd7fe5c33e5628311067f8b53') in 0.0106281 seconds
Number of updated asset objects reloaded before import = 0Number of asset objects unloaded after import = 3

========================================================================
Received Import Request.
  Time since last request: 0.000034 seconds.
  path: Assets/GamerExtremo/RIP/Electric Puzzles_1.5/res/_G.png
  artifactKey: Guid(cb0d58b4256480d4c96947f741bafd5d) Importer(2089858483,b0f066a214c2f5e87bad3c948f4d605d)
Start importing Assets/GamerExtremo/RIP/Electric Puzzles_1.5/res/_G.png using Guid(cb0d58b4256480d4c96947f741bafd5d) Importer(2089858483,b0f066a214c2f5e87bad3c948f4d605d) (ScriptedImporter) -> (artifact id: '080e7d41f845850663a464eeef536d6e') in 0.1010787 seconds
Number of updated asset objects reloaded before import = 0Number of asset objects unloaded after import = 3

========================================================================
Received Import Request.
  Time since last request: 0.000179 seconds.
  path: Assets/GamerExtremo/RIP/Electric Puzzles_1.5/res/s3.9.png
  artifactKey: Guid(d84cc82060527b7478493c5691cb5835) Importer(2089858483,b0f066a214c2f5e87bad3c948f4d605d)
Start importing Assets/GamerExtremo/RIP/Electric Puzzles_1.5/res/s3.9.png using Guid(d84cc82060527b7478493c5691cb5835) Importer(2089858483,b0f066a214c2f5e87bad3c948f4d605d) (ScriptedImporter) -> (artifact id: '5395ca5067bc6aed56d401070a9850bf') in 0.0075644 seconds
Number of updated asset objects reloaded before import = 0Number of asset objects unloaded after import = 3

========================================================================
Received Import Request.
  Time since last request: 0.000017 seconds.
  path: Assets/GamerExtremo/RIP/Electric Puzzles_1.5/SQUARE/retangulo azul branco
  artifactKey: Guid(44d1fb0781c3ab44983b97320d425c63) Importer(2089858483,b0f066a214c2f5e87bad3c948f4d605d)
Start importing Assets/GamerExtremo/RIP/Electric Puzzles_1.5/SQUARE/retangulo azul branco using Guid(44d1fb0781c3ab44983b97320d425c63) Importer(2089858483,b0f066a214c2f5e87bad3c948f4d605d) (ScriptedImporter) -> (artifact id: '8da40650b77e257bc13920c0a5ec4962') in 0.0025985 seconds
Number of updated asset objects reloaded before import = 0Number of asset objects unloaded after import = 1

========================================================================
Received Import Request.
  Time since last request: 0.000051 seconds.
  path: Assets/GamerExtremo/res/VM.xml
  artifactKey: Guid(4affb067b22acc04790a9e231508cbd1) Importer(2089858483,b0f066a214c2f5e87bad3c948f4d605d)
Start importing Assets/GamerExtremo/res/VM.xml using Guid(4affb067b22acc04790a9e231508cbd1) Importer(2089858483,b0f066a214c2f5e87bad3c948f4d605d) (ScriptedImporter) -> (artifact id: '20f5a9e3ee7e0cfc5a4f0c81bd438a4a') in 0.0039693 seconds
Number of updated asset objects reloaded before import = 0Number of asset objects unloaded after import = 1

========================================================================
Received Import Request.
  Time since last request: 0.000133 seconds.
  path: Assets/GamerExtremo/RIP/Electric Puzzles_1.5/res/CK.9.png
  artifactKey: Guid(e382bbe2a36e8c2489e582c29aa4fa12) Importer(2089858483,b0f066a214c2f5e87bad3c948f4d605d)
Start importing Assets/GamerExtremo/RIP/Electric Puzzles_1.5/res/CK.9.png using Guid(e382bbe2a36e8c2489e582c29aa4fa12) Importer(2089858483,b0f066a214c2f5e87bad3c948f4d605d) (ScriptedImporter) -> (artifact id: '6143267baefb128dc6d2d280048f6e33') in 0.0077299 seconds
Number of updated asset objects reloaded before import = 0Number of asset objects unloaded after import = 3

========================================================================
Received Import Request.
  Time since last request: 0.000018 seconds.
  path: Assets/GamerExtremo/RIP/Electric Puzzles_1.5/SQUARE/Square Branco/New Folder/dB.9.png
  artifactKey: Guid(a0e94c8f9df0fc648bf6c78681946b11) Importer(2089858483,b0f066a214c2f5e87bad3c948f4d605d)
Start importing Assets/GamerExtremo/RIP/Electric Puzzles_1.5/SQUARE/Square Branco/New Folder/dB.9.png using Guid(a0e94c8f9df0fc648bf6c78681946b11) Importer(2089858483,b0f066a214c2f5e87bad3c948f4d605d) (ScriptedImporter) -> (artifact id: '02a61e880dbe3157c0b75797723fe8fb') in 0.0985384 seconds
Number of updated asset objects reloaded before import = 0Number of asset objects unloaded after import = 3

========================================================================
Received Import Request.
  Time since last request: 0.000022 seconds.
  path: Assets/GamerExtremo/res/iy1.png
  artifactKey: Guid(8c3be69a49071014c8b54ca9971cfc11) Importer(2089858483,b0f066a214c2f5e87bad3c948f4d605d)
Start importing Assets/GamerExtremo/res/iy1.png using Guid(8c3be69a49071014c8b54ca9971cfc11) Importer(2089858483,b0f066a214c2f5e87bad3c948f4d605d) (ScriptedImporter) -> (artifact id: '32c75c825efc040dc07e2741e39d08ec') in 0.0097355 seconds
Number of updated asset objects reloaded before import = 0Number of asset objects unloaded after import = 3

========================================================================
Received Import Request.
  Time since last request: 0.000026 seconds.
  path: Assets/GamerExtremo/RIP/Electric Puzzles_1.5/FIOS/diagonal L/9Q.png
  artifactKey: Guid(24ac4f2f30af8c74781bb810d0ee1883) Importer(2089858483,b0f066a214c2f5e87bad3c948f4d605d)
Start importing Assets/GamerExtremo/RIP/Electric Puzzles_1.5/FIOS/diagonal L/9Q.png using Guid(24ac4f2f30af8c74781bb810d0ee1883) Importer(2089858483,b0f066a214c2f5e87bad3c948f4d605d) (ScriptedImporter) -> (artifact id: '25f054c1742aa94d02afe514e461775e') in 0.0079535 seconds
Number of updated asset objects reloaded before import = 0Number of asset objects unloaded after import = 3

========================================================================
Received Import Request.
  Time since last request: 0.000027 seconds.
  path: Assets/GamerExtremo/res/y6.xml
  artifactKey: Guid(e7c1255664a761148bd8ef4e26f46aab) Importer(2089858483,b0f066a214c2f5e87bad3c948f4d605d)
Start importing Assets/GamerExtremo/res/y6.xml using Guid(e7c1255664a761148bd8ef4e26f46aab) Importer(2089858483,b0f066a214c2f5e87bad3c948f4d605d) (ScriptedImporter) -> (artifact id: 'cbeae5c3ea0e738f89d2435662fd0231') in 0.0039088 seconds
Number of updated asset objects reloaded before import = 0Number of asset objects unloaded after import = 1

========================================================================
Received Import Request.
  Time since last request: 0.000120 seconds.
  path: Assets/GamerExtremo/RIP/Electric Puzzles_1.5/res/j4.png
  artifactKey: Guid(0f8b691b92960a44b8cab99c45bc5c2b) Importer(2089858483,b0f066a214c2f5e87bad3c948f4d605d)
Start importing Assets/GamerExtremo/RIP/Electric Puzzles_1.5/res/j4.png using Guid(0f8b691b92960a44b8cab99c45bc5c2b) Importer(2089858483,b0f066a214c2f5e87bad3c948f4d605d) (ScriptedImporter) -> (artifact id: '6c2a510638fb6eac3d90b8e21099f621') in 0.1094473 seconds
Number of updated asset objects reloaded before import = 0Number of asset objects unloaded after import = 3

========================================================================
Received Import Request.
  Time since last request: 0.000032 seconds.
  path: Assets/GamerExtremo/RIP/Electric Puzzles_1.5/✅ New Folder/XML/h4.xml
  artifactKey: Guid(b344372edddc4a04c8b382500d9b435d) Importer(2089858483,b0f066a214c2f5e87bad3c948f4d605d)
Start importing Assets/GamerExtremo/RIP/Electric Puzzles_1.5/✅ New Folder/XML/h4.xml using Guid(b344372edddc4a04c8b382500d9b435d) Importer(2089858483,b0f066a214c2f5e87bad3c948f4d605d) (ScriptedImporter) -> (artifact id: '3ad09f421f814d28b5f1b2af18c27f17') in 0.0045139 seconds
Number of updated asset objects reloaded before import = 0Number of asset objects unloaded after import = 1

========================================================================
Received Import Request.
  Time since last request: 0.000145 seconds.
  path: Assets/GamerExtremo/RIP/Electric Puzzles_1.5/✅ New Folder/XML/8t.xml
  artifactKey: Guid(997a93e65c444de42bff37b8576aa1ed) Importer(2089858483,b0f066a214c2f5e87bad3c948f4d605d)
Start importing Assets/GamerExtremo/RIP/Electric Puzzles_1.5/✅ New Folder/XML/8t.xml using Guid(997a93e65c444de42bff37b8576aa1ed) Importer(2089858483,b0f066a214c2f5e87bad3c948f4d605d) (ScriptedImporter) -> (artifact id: '907f671e42cd9836b24de85bb5426806') in 0.0038076 seconds
Number of updated asset objects reloaded before import = 0Number of asset objects unloaded after import = 1

========================================================================
Received Import Request.
  Time since last request: 0.000187 seconds.
  path: Assets/GamerExtremo/RIP/Electric Puzzles_1.5/SQUARE/Vertical/65.9.png
  artifactKey: Guid(08f41810bfda3bd4e8d057d1d34e7264) Importer(2089858483,b0f066a214c2f5e87bad3c948f4d605d)
Start importing Assets/GamerExtremo/RIP/Electric Puzzles_1.5/SQUARE/Vertical/65.9.png using Guid(08f41810bfda3bd4e8d057d1d34e7264) Importer(2089858483,b0f066a214c2f5e87bad3c948f4d605d) (ScriptedImporter) -> (artifact id: 'aa92dbfe9042b0140f1e99fc75898adb') in 0.1125568 seconds
Number of updated asset objects reloaded before import = 0Number of asset objects unloaded after import = 3

========================================================================
Received Import Request.
  Time since last request: 0.000046 seconds.
  path: Assets/GamerExtremo/Resources/TangranPortal
  artifactKey: Guid(ad84124ae26e48a47a4ab26f4934c50a) Importer(2089858483,b0f066a214c2f5e87bad3c948f4d605d)
Start importing Assets/GamerExtremo/Resources/TangranPortal using Guid(ad84124ae26e48a47a4ab26f4934c50a) Importer(2089858483,b0f066a214c2f5e87bad3c948f4d605d) (ScriptedImporter) -> (artifact id: '561348fa3bd37686a03434a590bcec62') in 0.0081339 seconds
Number of updated asset objects reloaded before import = 0Number of asset objects unloaded after import = 1

========================================================================
Received Import Request.
  Time since last request: 0.000353 seconds.
  path: Assets/GamerExtremo/res/7C.9.png
  artifactKey: Guid(8420e9ecf5ffbf64d802378fd3a7706e) Importer(2089858483,b0f066a214c2f5e87bad3c948f4d605d)
Start importing Assets/GamerExtremo/res/7C.9.png using Guid(8420e9ecf5ffbf64d802378fd3a7706e) Importer(2089858483,b0f066a214c2f5e87bad3c948f4d605d) (ScriptedImporter) -> (artifact id: 'dfba540e6b5d6f4a0a0c2ea0f911c6a4') in 0.0098139 seconds
Number of updated asset objects reloaded before import = 0Number of asset objects unloaded after import = 3

========================================================================
Received Import Request.
  Time since last request: 0.000018 seconds.
  path: Assets/GamerExtremo/res/W4.9.png
  artifactKey: Guid(5687aa2ad0c34404a90fee98705bf27a) Importer(2089858483,b0f066a214c2f5e87bad3c948f4d605d)
Start importing Assets/GamerExtremo/res/W4.9.png using Guid(5687aa2ad0c34404a90fee98705bf27a) Importer(2089858483,b0f066a214c2f5e87bad3c948f4d605d) (ScriptedImporter) -> (artifact id: 'f468375a4883b5aba9ace1777a0cfd78') in 0.0921498 seconds
Number of updated asset objects reloaded before import = 0Number of asset objects unloaded after import = 3

========================================================================
Received Import Request.
  Time since last request: 0.000017 seconds.
  path: Assets/GamerExtremo/RIP/Electric Puzzles_1.5/✅ New Folder/XML/K5.xml
  artifactKey: Guid(eb7f11c17f71b634494a03e079dec89c) Importer(2089858483,b0f066a214c2f5e87bad3c948f4d605d)
Start importing Assets/GamerExtremo/RIP/Electric Puzzles_1.5/✅ New Folder/XML/K5.xml using Guid(eb7f11c17f71b634494a03e079dec89c) Importer(2089858483,b0f066a214c2f5e87bad3c948f4d605d) (ScriptedImporter) -> (artifact id: '343c406ae9d7b71c86cfd5f8d9d48911') in 0.0971753 seconds
Number of updated asset objects reloaded before import = 0Number of asset objects unloaded after import = 1

========================================================================
Received Import Request.
  Time since last request: 0.000162 seconds.
  path: Assets/GamerExtremo/RIP/Electric Puzzles_1.5/✅ New Folder/XML/GC.xml
  artifactKey: Guid(b67477b041e72304c9b6e89645067de3) Importer(2089858483,b0f066a214c2f5e87bad3c948f4d605d)
Start importing Assets/GamerExtremo/RIP/Electric Puzzles_1.5/✅ New Folder/XML/GC.xml using Guid(b67477b041e72304c9b6e89645067de3) Importer(2089858483,b0f066a214c2f5e87bad3c948f4d605d) (ScriptedImporter) -> (artifact id: 'b5410475473f113073df4cb70f35a885') in 0.0052787 seconds
Number of updated asset objects reloaded before import = 0Number of asset objects unloaded after import = 1

========================================================================
Received Import Request.
  Time since last request: 0.000015 seconds.
  path: Assets/GamerExtremo/res/YW.xml
  artifactKey: Guid(03177d87d04b51641bba000d84f66ff1) Importer(2089858483,b0f066a214c2f5e87bad3c948f4d605d)
Start importing Assets/GamerExtremo/res/YW.xml using Guid(03177d87d04b51641bba000d84f66ff1) Importer(2089858483,b0f066a214c2f5e87bad3c948f4d605d) (ScriptedImporter) -> (artifact id: '3bb079514433be9cde99c4c918c674b3') in 0.0054594 seconds
Number of updated asset objects reloaded before import = 0Number of asset objects unloaded after import = 1

========================================================================
Received Import Request.
  Time since last request: 0.000167 seconds.
  path: Assets/GamerExtremo/RIP/Electric Puzzles_1.5/res/Bu.png
  artifactKey: Guid(c43d3a2d32d860740b0c3dcf646db587) Importer(2089858483,b0f066a214c2f5e87bad3c948f4d605d)
Start importing Assets/GamerExtremo/RIP/Electric Puzzles_1.5/res/Bu.png using Guid(c43d3a2d32d860740b0c3dcf646db587) Importer(2089858483,b0f066a214c2f5e87bad3c948f4d605d) (ScriptedImporter) -> (artifact id: '058fe3fa8067431e7c59be50136a2780') in 0.0090912 seconds
Number of updated asset objects reloaded before import = 0Number of asset objects unloaded after import = 3

========================================================================
Received Import Request.
  Time since last request: 0.000018 seconds.
  path: Assets/GamerExtremo/RIP/Electric Puzzles_1.5/✅ New Folder/PHONE/1/5V.png
  artifactKey: Guid(a2d81a1fa914c914aa1ed95066bcd116) Importer(2089858483,b0f066a214c2f5e87bad3c948f4d605d)
Start importing Assets/GamerExtremo/RIP/Electric Puzzles_1.5/✅ New Folder/PHONE/1/5V.png using Guid(a2d81a1fa914c914aa1ed95066bcd116) Importer(2089858483,b0f066a214c2f5e87bad3c948f4d605d) (ScriptedImporter) -> (artifact id: '51f34622091a7614caa9ca133b7c631b') in 0.0110229 seconds
Number of updated asset objects reloaded before import = 0Number of asset objects unloaded after import = 3

========================================================================
Received Import Request.
  Time since last request: 0.000017 seconds.
  path: Assets/GamerExtremo/res/FW.png
  artifactKey: Guid(dfc35ee31a032a04080c48cd4609e506) Importer(2089858483,b0f066a214c2f5e87bad3c948f4d605d)
Start importing Assets/GamerExtremo/res/FW.png using Guid(dfc35ee31a032a04080c48cd4609e506) Importer(2089858483,b0f066a214c2f5e87bad3c948f4d605d) (ScriptedImporter) -> (artifact id: '6fc80d9e855415ffe67ccd417e87e7c9') in 0.1090134 seconds
Number of updated asset objects reloaded before import = 0Number of asset objects unloaded after import = 3

========================================================================
Received Import Request.
  Time since last request: 0.000018 seconds.
  path: Assets/GamerExtremo/res/24.png
  artifactKey: Guid(a109d07953fd0a64b8c3eedbdd8c0759) Importer(2089858483,b0f066a214c2f5e87bad3c948f4d605d)
Start importing Assets/GamerExtremo/res/24.png using Guid(a109d07953fd0a64b8c3eedbdd8c0759) Importer(2089858483,b0f066a214c2f5e87bad3c948f4d605d) (ScriptedImporter) -> (artifact id: 'fe3cf6e174fddbcccfb5cfe8869515ff') in 0.011882 seconds
Number of updated asset objects reloaded before import = 0Number of asset objects unloaded after import = 3

========================================================================
Received Import Request.
  Time since last request: 0.000017 seconds.
  path: Assets/GamerExtremo/RIP/Electric Puzzles_1.5/✅ New Folder/TWO POINTS/84.png
  artifactKey: Guid(fc63fffd4473fef48b92b1dd71310152) Importer(2089858483,b0f066a214c2f5e87bad3c948f4d605d)
Start importing Assets/GamerExtremo/RIP/Electric Puzzles_1.5/✅ New Folder/TWO POINTS/84.png using Guid(fc63fffd4473fef48b92b1dd71310152) Importer(2089858483,b0f066a214c2f5e87bad3c948f4d605d) (ScriptedImporter) -> (artifact id: 'e6927dd40515e9e72f517890fbb2578e') in 0.0946262 seconds
Number of updated asset objects reloaded before import = 0Number of asset objects unloaded after import = 3

========================================================================
Received Import Request.
  Time since last request: 0.000041 seconds.
  path: Assets/GamerExtremo/RIP/Electric Puzzles_1.5/res/0M.xml
  artifactKey: Guid(6457bf2a204c3e442b984dc919a30f3e) Importer(2089858483,b0f066a214c2f5e87bad3c948f4d605d)
Start importing Assets/GamerExtremo/RIP/Electric Puzzles_1.5/res/0M.xml using Guid(6457bf2a204c3e442b984dc919a30f3e) Importer(2089858483,b0f066a214c2f5e87bad3c948f4d605d) (ScriptedImporter) -> (artifact id: 'f50d63ad18af731ebafc5d3e9b67bd6f') in 0.0053149 seconds
Number of updated asset objects reloaded before import = 0Number of asset objects unloaded after import = 1

========================================================================
Received Import Request.
  Time since last request: 0.000266 seconds.
  path: Assets/GamerExtremo/RIP/Electric Puzzles_1.5/FIOS/diagonal/ZU.png
  artifactKey: Guid(7d94d875c7800a04cbb15e5501b0b049) Importer(2089858483,b0f066a214c2f5e87bad3c948f4d605d)
Start importing Assets/GamerExtremo/RIP/Electric Puzzles_1.5/FIOS/diagonal/ZU.png using Guid(7d94d875c7800a04cbb15e5501b0b049) Importer(2089858483,b0f066a214c2f5e87bad3c948f4d605d) (ScriptedImporter) -> (artifact id: 'c7da3b9c391c9a18a942a5777d596225') in 0.0172339 seconds
Number of updated asset objects reloaded before import = 0Number of asset objects unloaded after import = 3

========================================================================
Received Import Request.
  Time since last request: 0.000048 seconds.
  path: Assets/GamerExtremo/RIP/Electric Puzzles_1.5/res/NP1.png
  artifactKey: Guid(c627d5189516d1744a34e9457dd6f002) Importer(2089858483,b0f066a214c2f5e87bad3c948f4d605d)
Start importing Assets/GamerExtremo/RIP/Electric Puzzles_1.5/res/NP1.png using Guid(c627d5189516d1744a34e9457dd6f002) Importer(2089858483,b0f066a214c2f5e87bad3c948f4d605d) (ScriptedImporter) -> (artifact id: '5588c3fc412b3cd75edef74ecd67fb81') in 0.1186262 seconds
Number of updated asset objects reloaded before import = 0Number of asset objects unloaded after import = 3

========================================================================
Received Import Request.
  Time since last request: 0.000028 seconds.
  path: Assets/GamerExtremo/Resources/Sounds/audio/Som_Tiro_01.ogg
  artifactKey: Guid(990c40c3b75f2394baee762f97bb4bf7) Importer(2089858483,b0f066a214c2f5e87bad3c948f4d605d)
Start importing Assets/GamerExtremo/Resources/Sounds/audio/Som_Tiro_01.ogg using Guid(990c40c3b75f2394baee762f97bb4bf7) Importer(2089858483,b0f066a214c2f5e87bad3c948f4d605d) (ScriptedImporter) -> (artifact id: '9c1a0d783e56f63e3fa6908f3e67db0b') in 0.0426632 seconds
Number of updated asset objects reloaded before import = 0Number of asset objects unloaded after import = 1

========================================================================
Received Import Request.
  Time since last request: 0.000025 seconds.
  path: Assets/GamerExtremo/RIP/Electric Puzzles_1.5/res/Sq.png
  artifactKey: Guid(4ed65a314e9634b4f920920be79a387c) Importer(2089858483,b0f066a214c2f5e87bad3c948f4d605d)
Start importing Assets/GamerExtremo/RIP/Electric Puzzles_1.5/res/Sq.png using Guid(4ed65a314e9634b4f920920be79a387c) Importer(2089858483,b0f066a214c2f5e87bad3c948f4d605d) (ScriptedImporter) -> (artifact id: 'e1cdff3bce2c20d3cce7aaef0b7880d5') in 0.0181947 seconds
Number of updated asset objects reloaded before import = 0Number of asset objects unloaded after import = 3

========================================================================
Received Import Request.
  Time since last request: 0.000028 seconds.
  path: Assets/GamerExtremo/res/6j.png
  artifactKey: Guid(3a2e06f4b32ca494a9eaf09594253bf2) Importer(2089858483,b0f066a214c2f5e87bad3c948f4d605d)
Start importing Assets/GamerExtremo/res/6j.png using Guid(3a2e06f4b32ca494a9eaf09594253bf2) Importer(2089858483,b0f066a214c2f5e87bad3c948f4d605d) (ScriptedImporter) -> (artifact id: '9bc40f3e6d20d2ef858e9e92aaf1db60') in 0.1098396 seconds
Number of updated asset objects reloaded before import = 0Number of asset objects unloaded after import = 3

========================================================================
Received Import Request.
  Time since last request: 0.000036 seconds.
  path: Assets/GamerExtremo/RIP/Electric Puzzles_1.5/✅ New Folder/CIRCLE/CIRCLE ANDROID FACE
  artifactKey: Guid(83fdb36f81f2add4abb0a3acf28f43cf) Importer(2089858483,b0f066a214c2f5e87bad3c948f4d605d)
Start importing Assets/GamerExtremo/RIP/Electric Puzzles_1.5/✅ New Folder/CIRCLE/CIRCLE ANDROID FACE using Guid(83fdb36f81f2add4abb0a3acf28f43cf) Importer(2089858483,b0f066a214c2f5e87bad3c948f4d605d) (ScriptedImporter) -> (artifact id: 'afacdc6ec2b838c7f94b608afebfee89') in 0.0918048 seconds
Number of updated asset objects reloaded before import = 0Number of asset objects unloaded after import = 1

========================================================================
Received Import Request.
  Time since last request: 0.000024 seconds.
  path: Assets/GamerExtremo/res/1C.9.png
  artifactKey: Guid(027293324191f0e4790266f4d0629d61) Importer(2089858483,b0f066a214c2f5e87bad3c948f4d605d)
Start importing Assets/GamerExtremo/res/1C.9.png using Guid(027293324191f0e4790266f4d0629d61) Importer(2089858483,b0f066a214c2f5e87bad3c948f4d605d) (ScriptedImporter) -> (artifact id: 'afb67e3b4cb2a207d48ae84fe0b88193') in 0.0198375 seconds
Number of updated asset objects reloaded before import = 0Number of asset objects unloaded after import = 3

========================================================================
Received Import Request.
  Time since last request: 0.000023 seconds.
  path: Assets/GamerExtremo/res/1F1.png
  artifactKey: Guid(c58c4917a79cae04bb83d07e9da41f4c) Importer(2089858483,b0f066a214c2f5e87bad3c948f4d605d)
Start importing Assets/GamerExtremo/res/1F1.png using Guid(c58c4917a79cae04bb83d07e9da41f4c) Importer(2089858483,b0f066a214c2f5e87bad3c948f4d605d) (ScriptedImporter) -> (artifact id: '5c773e5bfdcb712d7a081bae9e0231f2') in 0.1018495 seconds
Number of updated asset objects reloaded before import = 0Number of asset objects unloaded after import = 3

========================================================================
Received Import Request.
  Time since last request: 0.000031 seconds.
  path: Assets/GamerExtremo/RIP/Electric Puzzles_1.5/res/Pa.9.png
  artifactKey: Guid(2a8ec9cf186e7e24781d417fd5859509) Importer(2089858483,b0f066a214c2f5e87bad3c948f4d605d)
Start importing Assets/GamerExtremo/RIP/Electric Puzzles_1.5/res/Pa.9.png using Guid(2a8ec9cf186e7e24781d417fd5859509) Importer(2089858483,b0f066a214c2f5e87bad3c948f4d605d) (ScriptedImporter) -> (artifact id: '27763e0f4f5199c2de35e83d508bdaaa') in 0.1125635 seconds
Number of updated asset objects reloaded before import = 0Number of asset objects unloaded after import = 3

========================================================================
Received Import Request.
  Time since last request: 0.000032 seconds.
  path: Assets/GamerExtremo/RIP/Electric Puzzles_1.5/res/GY.png
  artifactKey: Guid(4cee8b01c0ed4784387bf1cefd0a3e14) Importer(2089858483,b0f066a214c2f5e87bad3c948f4d605d)
Start importing Assets/GamerExtremo/RIP/Electric Puzzles_1.5/res/GY.png using Guid(4cee8b01c0ed4784387bf1cefd0a3e14) Importer(2089858483,b0f066a214c2f5e87bad3c948f4d605d) (ScriptedImporter) -> (artifact id: 'bcd756fde41bbf625a6d9299148d641c') in 0.1165758 seconds
Number of updated asset objects reloaded before import = 0Number of asset objects unloaded after import = 3

========================================================================
Received Import Request.
  Time since last request: 0.000026 seconds.
  path: Assets/GamerExtremo/RIP/Electric Puzzles_1.5/✅ New Folder/XML/G2.xml
  artifactKey: Guid(27f73356189d08b4fb8364d9cb8010b1) Importer(2089858483,b0f066a214c2f5e87bad3c948f4d605d)
Start importing Assets/GamerExtremo/RIP/Electric Puzzles_1.5/✅ New Folder/XML/G2.xml using Guid(27f73356189d08b4fb8364d9cb8010b1) Importer(2089858483,b0f066a214c2f5e87bad3c948f4d605d) (ScriptedImporter) -> (artifact id: '88be8b1e9f18eb54beb47e26006c9ea9') in 0.0967789 seconds
Number of updated asset objects reloaded before import = 0Number of asset objects unloaded after import = 1

========================================================================
Received Import Request.
  Time since last request: 0.000143 seconds.
  path: Assets/GamerExtremo/RIP/Electric Puzzles_1.5/✅ New Folder/CIRCLE/CIRCLE BLACK/aR.png
  artifactKey: Guid(07444065f1d80d341bdee8bd0de7f58e) Importer(2089858483,b0f066a214c2f5e87bad3c948f4d605d)
Start importing Assets/GamerExtremo/RIP/Electric Puzzles_1.5/✅ New Folder/CIRCLE/CIRCLE BLACK/aR.png using Guid(07444065f1d80d341bdee8bd0de7f58e) Importer(2089858483,b0f066a214c2f5e87bad3c948f4d605d) (ScriptedImporter) -> (artifact id: '058cb3ec3e842679079c8c61307b1f5f') in 0.0198914 seconds
Number of updated asset objects reloaded before import = 0Number of asset objects unloaded after import = 3

========================================================================
Received Import Request.
  Time since last request: 0.000029 seconds.
  path: Assets/GamerExtremo/RIP/Electric Puzzles_1.5/res/RD.xml
  artifactKey: Guid(dac30dbac9789e04db51e5eb98f05287) Importer(2089858483,b0f066a214c2f5e87bad3c948f4d605d)
Start importing Assets/GamerExtremo/RIP/Electric Puzzles_1.5/res/RD.xml using Guid(dac30dbac9789e04db51e5eb98f05287) Importer(2089858483,b0f066a214c2f5e87bad3c948f4d605d) (ScriptedImporter) -> (artifact id: '198c7c84792341ed0cde4012c14b1dd5') in 0.0068522 seconds
Number of updated asset objects reloaded before import = 0Number of asset objects unloaded after import = 1

========================================================================
Received Import Request.
  Time since last request: 0.000025 seconds.
  path: Assets/GamerExtremo/res/rs.png
  artifactKey: Guid(bc3e1d74b342bf34e9ef57bbb11b9588) Importer(2089858483,b0f066a214c2f5e87bad3c948f4d605d)
Start importing Assets/GamerExtremo/res/rs.png using Guid(bc3e1d74b342bf34e9ef57bbb11b9588) Importer(2089858483,b0f066a214c2f5e87bad3c948f4d605d) (ScriptedImporter) -> (artifact id: '935fe8924acefac48ea4d476c7929dd5') in 0.0162532 seconds
Number of updated asset objects reloaded before import = 0Number of asset objects unloaded after import = 3

========================================================================
Received Import Request.
  Time since last request: 0.000029 seconds.
  path: Assets/GamerExtremo/res/Y7.9.png
  artifactKey: Guid(81967dc6463f82348a19ada61a648c8f) Importer(2089858483,b0f066a214c2f5e87bad3c948f4d605d)
Start importing Assets/GamerExtremo/res/Y7.9.png using Guid(81967dc6463f82348a19ada61a648c8f) Importer(2089858483,b0f066a214c2f5e87bad3c948f4d605d) (ScriptedImporter) -> (artifact id: 'f70b157db7c70c1c74cc9d62c996294b') in 0.0248105 seconds
Number of updated asset objects reloaded before import = 0Number of asset objects unloaded after import = 3

========================================================================
Received Import Request.
  Time since last request: 0.000027 seconds.
  path: Assets/GamerExtremo/res/Bz.xml
  artifactKey: Guid(603c0af370c887949a429024b1d2808c) Importer(2089858483,b0f066a214c2f5e87bad3c948f4d605d)
Start importing Assets/GamerExtremo/res/Bz.xml using Guid(603c0af370c887949a429024b1d2808c) Importer(2089858483,b0f066a214c2f5e87bad3c948f4d605d) (ScriptedImporter) -> (artifact id: '5026192c4fda00664174da9a70743a70') in 0.008128 seconds
Number of updated asset objects reloaded before import = 0Number of asset objects unloaded after import = 1

========================================================================
Received Import Request.
  Time since last request: 0.000230 seconds.
  path: Assets/GamerExtremo/RIP/Electric Puzzles_1.5/res/zw.9.png
  artifactKey: Guid(4dd821233b0381542a70a60b303fa5aa) Importer(2089858483,b0f066a214c2f5e87bad3c948f4d605d)
Start importing Assets/GamerExtremo/RIP/Electric Puzzles_1.5/res/zw.9.png using Guid(4dd821233b0381542a70a60b303fa5aa) Importer(2089858483,b0f066a214c2f5e87bad3c948f4d605d) (ScriptedImporter) -> (artifact id: '37a90f2e6afaaf7e8d2c25aeb4e8173b') in 0.0199011 seconds
Number of updated asset objects reloaded before import = 0Number of asset objects unloaded after import = 3

========================================================================
Received Import Request.
  Time since last request: 0.000025 seconds.
  path: Assets/GamerExtremo/res/F8.xml
  artifactKey: Guid(21545fbdeea2bd44ea9fb942d1c71170) Importer(2089858483,b0f066a214c2f5e87bad3c948f4d605d)
Start importing Assets/GamerExtremo/res/F8.xml using Guid(21545fbdeea2bd44ea9fb942d1c71170) Importer(2089858483,b0f066a214c2f5e87bad3c948f4d605d) (ScriptedImporter) -> (artifact id: '4210d3dfeb6ca787907530636113b5fd') in 0.0068865 seconds
Number of updated asset objects reloaded before import = 0Number of asset objects unloaded after import = 1

========================================================================
Received Import Request.
  Time since last request: 0.000166 seconds.
  path: Assets/GamerExtremo/RIP/Electric Puzzles_1.5/res/Zy.xml
  artifactKey: Guid(b5aa3f55f7291aa48bfb10d2c35f1843) Importer(2089858483,b0f066a214c2f5e87bad3c948f4d605d)
Start importing Assets/GamerExtremo/RIP/Electric Puzzles_1.5/res/Zy.xml using Guid(b5aa3f55f7291aa48bfb10d2c35f1843) Importer(2089858483,b0f066a214c2f5e87bad3c948f4d605d) (ScriptedImporter) -> (artifact id: 'c58cd78566a4dd75159859eef79094e1') in 0.0060708 seconds
Number of updated asset objects reloaded before import = 0Number of asset objects unloaded after import = 1

========================================================================
Received Import Request.
  Time since last request: 0.000206 seconds.
  path: Assets/GamerExtremo/res/Gd.png
  artifactKey: Guid(031a6c43588f82743871c84667a9d80e) Importer(2089858483,b0f066a214c2f5e87bad3c948f4d605d)
Start importing Assets/GamerExtremo/res/Gd.png using Guid(031a6c43588f82743871c84667a9d80e) Importer(2089858483,b0f066a214c2f5e87bad3c948f4d605d) (ScriptedImporter) -> (artifact id: 'c6723d35c06771c7e21ce8c8a0489e92') in 0.014782 seconds
Number of updated asset objects reloaded before import = 0Number of asset objects unloaded after import = 3

========================================================================
Received Import Request.
  Time since last request: 0.000195 seconds.
  path: Assets/GamerExtremo/RIP/Electric Puzzles_1.5/✅ New Folder/CAR
  artifactKey: Guid(46699adbc61c6a74f97011d4693e2662) Importer(2089858483,b0f066a214c2f5e87bad3c948f4d605d)
Start importing Assets/GamerExtremo/RIP/Electric Puzzles_1.5/✅ New Folder/CAR using Guid(46699adbc61c6a74f97011d4693e2662) Importer(2089858483,b0f066a214c2f5e87bad3c948f4d605d) (ScriptedImporter) -> (artifact id: '15eceb9978546d25b8b030ecc9783524') in 0.0109749 seconds
Number of updated asset objects reloaded before import = 0Number of asset objects unloaded after import = 1

========================================================================
Received Import Request.
  Time since last request: 0.000027 seconds.
  path: Assets/GamerExtremo/RIP/Electric Puzzles_1.5/FIOS/TL direita/S7.png
  artifactKey: Guid(97431dd3b19dad14eaa01d997a1be58b) Importer(2089858483,b0f066a214c2f5e87bad3c948f4d605d)
Start importing Assets/GamerExtremo/RIP/Electric Puzzles_1.5/FIOS/TL direita/S7.png using Guid(97431dd3b19dad14eaa01d997a1be58b) Importer(2089858483,b0f066a214c2f5e87bad3c948f4d605d) (ScriptedImporter) -> (artifact id: '247dc2e67f9402f7b6b3c3149db8c3b9') in 0.0146478 seconds
Number of updated asset objects reloaded before import = 0Number of asset objects unloaded after import = 3

========================================================================
Received Import Request.
  Time since last request: 0.000023 seconds.
  path: Assets/GamerExtremo/RIP/Electric Puzzles_1.5/res/Nb.png
  artifactKey: Guid(0727a13792c5d8941b523887e4afca10) Importer(2089858483,b0f066a214c2f5e87bad3c948f4d605d)
Start importing Assets/GamerExtremo/RIP/Electric Puzzles_1.5/res/Nb.png using Guid(0727a13792c5d8941b523887e4afca10) Importer(2089858483,b0f066a214c2f5e87bad3c948f4d605d) (ScriptedImporter) -> (artifact id: '903027a70afacc721f5162f986199d5f') in 0.0104524 seconds
Number of updated asset objects reloaded before import = 0Number of asset objects unloaded after import = 3

========================================================================
Received Import Request.
  Time since last request: 0.000094 seconds.
  path: Assets/GamerExtremo/Resources/Indicators/lock.png
  artifactKey: Guid(c8fbd62e26ab9a04abd38b9a661bb393) Importer(2089858483,b0f066a214c2f5e87bad3c948f4d605d)
Start importing Assets/GamerExtremo/Resources/Indicators/lock.png using Guid(c8fbd62e26ab9a04abd38b9a661bb393) Importer(2089858483,b0f066a214c2f5e87bad3c948f4d605d) (ScriptedImporter) -> (artifact id: '80e5486a50dda75ee87fa0c5480c34e4') in 0.014723 seconds
Number of updated asset objects reloaded before import = 0Number of asset objects unloaded after import = 3

========================================================================
Received Import Request.
  Time since last request: 0.000025 seconds.
  path: Assets/GamerExtremo/RIP/Electric Puzzles_1.5/res/uJ.xml
  artifactKey: Guid(44df125365f24e541a7d510a1d49a1d8) Importer(2089858483,b0f066a214c2f5e87bad3c948f4d605d)
Start importing Assets/GamerExtremo/RIP/Electric Puzzles_1.5/res/uJ.xml using Guid(44df125365f24e541a7d510a1d49a1d8) Importer(2089858483,b0f066a214c2f5e87bad3c948f4d605d) (ScriptedImporter) -> (artifact id: '70e422aba6c10136dbe706ffca5d9d23') in 0.004998 seconds
Number of updated asset objects reloaded before import = 0Number of asset objects unloaded after import = 1

========================================================================
Received Import Request.
  Time since last request: 0.000189 seconds.
  path: Assets/GamerExtremo/res/S7.png
  artifactKey: Guid(a55d35a7e7f424142a88031f4331fbde) Importer(2089858483,b0f066a214c2f5e87bad3c948f4d605d)
Start importing Assets/GamerExtremo/res/S7.png using Guid(a55d35a7e7f424142a88031f4331fbde) Importer(2089858483,b0f066a214c2f5e87bad3c948f4d605d) (ScriptedImporter) -> (artifact id: '8a49f5142e5f78742bfa960fdbf4f2e9') in 0.0090431 seconds
Number of updated asset objects reloaded before import = 0Number of asset objects unloaded after import = 3

========================================================================
Received Import Request.
  Time since last request: 0.000039 seconds.
  path: Assets/GamerExtremo/Pictures/Paisagens/baixados.jpg
  artifactKey: Guid(ef9ee35284a39154c8a447c0d2814718) Importer(2089858483,b0f066a214c2f5e87bad3c948f4d605d)
Start importing Assets/GamerExtremo/Pictures/Paisagens/baixados.jpg using Guid(ef9ee35284a39154c8a447c0d2814718) Importer(2089858483,b0f066a214c2f5e87bad3c948f4d605d) (ScriptedImporter) -> (artifact id: '4afe78ccd4985251062b832183b1f82f') in 0.0141288 seconds
Number of updated asset objects reloaded before import = 0Number of asset objects unloaded after import = 3

========================================================================
Received Import Request.
  Time since last request: 0.000040 seconds.
  path: Assets/GamerExtremo/RIP/Electric Puzzles_1.5/✅ New Folder/THREE POINTS/Yi.png
  artifactKey: Guid(09b3154db09d9ea42ac6511e3692dfc4) Importer(2089858483,b0f066a214c2f5e87bad3c948f4d605d)
Start importing Assets/GamerExtremo/RIP/Electric Puzzles_1.5/✅ New Folder/THREE POINTS/Yi.png using Guid(09b3154db09d9ea42ac6511e3692dfc4) Importer(2089858483,b0f066a214c2f5e87bad3c948f4d605d) (ScriptedImporter) -> (artifact id: 'e3b9cf79ace9bfd06eea0255aa43baac') in 0.0124022 seconds
Number of updated asset objects reloaded before import = 0Number of asset objects unloaded after import = 3

========================================================================
Received Import Request.
  Time since last request: 0.000041 seconds.
  path: Assets/GamerExtremo/RIP/Electric Puzzles_1.5/✅ New Folder/CHAVE DE BOCA/9a.png
  artifactKey: Guid(77c928a2f15ac5a4587b8db95daec70b) Importer(2089858483,b0f066a214c2f5e87bad3c948f4d605d)
Start importing Assets/GamerExtremo/RIP/Electric Puzzles_1.5/✅ New Folder/CHAVE DE BOCA/9a.png using Guid(77c928a2f15ac5a4587b8db95daec70b) Importer(2089858483,b0f066a214c2f5e87bad3c948f4d605d) (ScriptedImporter) -> (artifact id: '08442e9c09cc672a0ada6bbc8c693d1e') in 0.0095882 seconds
Number of updated asset objects reloaded before import = 0Number of asset objects unloaded after import = 3

========================================================================
Received Import Request.
  Time since last request: 0.000119 seconds.
  path: Assets/GamerExtremo/RIP/Electric Puzzles_1.5/✅ New Folder/XML/Ol.xml
  artifactKey: Guid(e9f9f7242e9645d4a94b9f8de5ef260e) Importer(2089858483,b0f066a214c2f5e87bad3c948f4d605d)
Start importing Assets/GamerExtremo/RIP/Electric Puzzles_1.5/✅ New Folder/XML/Ol.xml using Guid(e9f9f7242e9645d4a94b9f8de5ef260e) Importer(2089858483,b0f066a214c2f5e87bad3c948f4d605d) (ScriptedImporter) -> (artifact id: '6a035f9f72fc4ac72aab55cffccf1f26') in 0.0042783 seconds
Number of updated asset objects reloaded before import = 0Number of asset objects unloaded after import = 1

========================================================================
Received Import Request.
  Time since last request: 0.000243 seconds.
  path: Assets/GamerExtremo/RIP/Electric Puzzles_1.5/res/-B.png
  artifactKey: Guid(80238aa2a7ed923418ca5489072559b9) Importer(2089858483,b0f066a214c2f5e87bad3c948f4d605d)
Start importing Assets/GamerExtremo/RIP/Electric Puzzles_1.5/res/-B.png using Guid(80238aa2a7ed923418ca5489072559b9) Importer(2089858483,b0f066a214c2f5e87bad3c948f4d605d) (ScriptedImporter) -> (artifact id: 'e2ade7b79833664be73dbfc326079222') in 0.0098867 seconds
Number of updated asset objects reloaded before import = 0Number of asset objects unloaded after import = 3

========================================================================
Received Import Request.
  Time since last request: 0.000039 seconds.
  path: Assets/GamerExtremo/RIP/Electric Puzzles_1.5/res/-p.png
  artifactKey: Guid(298442e3897583845982b7e13fea302c) Importer(2089858483,b0f066a214c2f5e87bad3c948f4d605d)
Start importing Assets/GamerExtremo/RIP/Electric Puzzles_1.5/res/-p.png using Guid(298442e3897583845982b7e13fea302c) Importer(2089858483,b0f066a214c2f5e87bad3c948f4d605d) (ScriptedImporter) -> (artifact id: 'e3aefad3b2447eacb9b75cb7befa59b4') in 0.0087078 seconds
Number of updated asset objects reloaded before import = 0Number of asset objects unloaded after import = 3

========================================================================
Received Import Request.
  Time since last request: 0.000043 seconds.
  path: Assets/GamerExtremo/RIP/Electric Puzzles_1.5/res/X4.9.png
  artifactKey: Guid(69e6104adb67ed44894ca3e1b0a107a1) Importer(2089858483,b0f066a214c2f5e87bad3c948f4d605d)
Start importing Assets/GamerExtremo/RIP/Electric Puzzles_1.5/res/X4.9.png using Guid(69e6104adb67ed44894ca3e1b0a107a1) Importer(2089858483,b0f066a214c2f5e87bad3c948f4d605d) (ScriptedImporter) -> (artifact id: 'ce4944f56dae0242767621f0507deb38') in 0.0087578 seconds
Number of updated asset objects reloaded before import = 0Number of asset objects unloaded after import = 3

========================================================================
Received Import Request.
  Time since last request: 0.000033 seconds.
  path: Assets/GamerExtremo/res/6U.png
  artifactKey: Guid(68847c7ad3d4a024fbbbdfd2426cb801) Importer(2089858483,b0f066a214c2f5e87bad3c948f4d605d)
Start importing Assets/GamerExtremo/res/6U.png using Guid(68847c7ad3d4a024fbbbdfd2426cb801) Importer(2089858483,b0f066a214c2f5e87bad3c948f4d605d) (ScriptedImporter) -> (artifact id: 'e5b663857f9c0138a50b923105662229') in 0.0103134 seconds
Number of updated asset objects reloaded before import = 0Number of asset objects unloaded after import = 3

========================================================================
Received Import Request.
  Time since last request: 0.000033 seconds.
  path: Assets/GamerExtremo/RIP/Electric Puzzles_1.5/Pictures/wire_te 1.png
  artifactKey: Guid(eb03979b3eae2e8458ea63f7d16dd727) Importer(2089858483,b0f066a214c2f5e87bad3c948f4d605d)
Start importing Assets/GamerExtremo/RIP/Electric Puzzles_1.5/Pictures/wire_te 1.png using Guid(eb03979b3eae2e8458ea63f7d16dd727) Importer(2089858483,b0f066a214c2f5e87bad3c948f4d605d) (ScriptedImporter) -> (artifact id: '1a0a062deed3bddba1ac952da4d2e28e') in 0.0099617 seconds
Number of updated asset objects reloaded before import = 0Number of asset objects unloaded after import = 3

========================================================================
Received Import Request.
  Time since last request: 0.000029 seconds.
  path: Assets/GamerExtremo/res/0c.9.png
  artifactKey: Guid(b1fda7c7351a3024a83d208d2fa96f46) Importer(2089858483,b0f066a214c2f5e87bad3c948f4d605d)
Start importing Assets/GamerExtremo/res/0c.9.png using Guid(b1fda7c7351a3024a83d208d2fa96f46) Importer(2089858483,b0f066a214c2f5e87bad3c948f4d605d) (ScriptedImporter) -> (artifact id: 'd490d5ac191be1b533e8969e580f979f') in 0.0090207 seconds
Number of updated asset objects reloaded before import = 0Number of asset objects unloaded after import = 3

========================================================================
Received Import Request.
  Time since last request: 0.000017 seconds.
  path: Assets/GamerExtremo/res/e2.png
  artifactKey: Guid(38b2fefa15a4437409a636b4d7a91478) Importer(2089858483,b0f066a214c2f5e87bad3c948f4d605d)
Start importing Assets/GamerExtremo/res/e2.png using Guid(38b2fefa15a4437409a636b4d7a91478) Importer(2089858483,b0f066a214c2f5e87bad3c948f4d605d) (ScriptedImporter) -> (artifact id: '1c70e2ae411512955b4b09d9dccb2caf') in 0.008111 seconds
Number of updated asset objects reloaded before import = 0Number of asset objects unloaded after import = 3

========================================================================
Received Import Request.
  Time since last request: 0.000021 seconds.
  path: Assets/GamerExtremo/RIP/Electric Puzzles_1.5/res/Nk.9.png
  artifactKey: Guid(0c08b381fec61c74680d1bfc1be65ba5) Importer(2089858483,b0f066a214c2f5e87bad3c948f4d605d)
Start importing Assets/GamerExtremo/RIP/Electric Puzzles_1.5/res/Nk.9.png using Guid(0c08b381fec61c74680d1bfc1be65ba5) Importer(2089858483,b0f066a214c2f5e87bad3c948f4d605d) (ScriptedImporter) -> (artifact id: 'd585a4666dc2ebb6c1ff075b2273d446') in 0.0097183 seconds
Number of updated asset objects reloaded before import = 0Number of asset objects unloaded after import = 3

========================================================================
Received Import Request.
  Time since last request: 0.000025 seconds.
  path: Assets/GamerExtremo/RIP/Electric Puzzles_1.5/res/eM.png
  artifactKey: Guid(55236a528225ff543972a62ca35c2872) Importer(2089858483,b0f066a214c2f5e87bad3c948f4d605d)
Start importing Assets/GamerExtremo/RIP/Electric Puzzles_1.5/res/eM.png using Guid(55236a528225ff543972a62ca35c2872) Importer(2089858483,b0f066a214c2f5e87bad3c948f4d605d) (ScriptedImporter) -> (artifact id: 'f2929563c3bbf0cc70f024e88583f05d') in 0.0087412 seconds
Number of updated asset objects reloaded before import = 0Number of asset objects unloaded after import = 3

========================================================================
Received Import Request.
  Time since last request: 0.000016 seconds.
  path: Assets/GamerExtremo/res/Pa.9.png
  artifactKey: Guid(bef9d3e65d4c0044dad5383c7465bd74) Importer(2089858483,b0f066a214c2f5e87bad3c948f4d605d)
Start importing Assets/GamerExtremo/res/Pa.9.png using Guid(bef9d3e65d4c0044dad5383c7465bd74) Importer(2089858483,b0f066a214c2f5e87bad3c948f4d605d) (ScriptedImporter) -> (artifact id: '8f4e2fb422d8a90e31a1189c0d8cc896') in 0.0109994 seconds
Number of updated asset objects reloaded before import = 0Number of asset objects unloaded after import = 3

========================================================================
Received Import Request.
  Time since last request: 0.000020 seconds.
  path: Assets/GamerExtremo/RIP/Electric Puzzles_1.5/FIOS/branco/fn.png
  artifactKey: Guid(a2454f56700df784e927416818ff016c) Importer(2089858483,b0f066a214c2f5e87bad3c948f4d605d)
Start importing Assets/GamerExtremo/RIP/Electric Puzzles_1.5/FIOS/branco/fn.png using Guid(a2454f56700df784e927416818ff016c) Importer(2089858483,b0f066a214c2f5e87bad3c948f4d605d) (ScriptedImporter) -> (artifact id: '1ae5d1c1436f5d752d21a51b39fcf0f2') in 0.0075443 seconds
Number of updated asset objects reloaded before import = 0Number of asset objects unloaded after import = 3

========================================================================
Received Import Request.
  Time since last request: 0.000018 seconds.
  path: Assets/GamerExtremo/res/Nk.png
  artifactKey: Guid(5ce58457296dfba4e93e57c63d46e3a1) Importer(2089858483,b0f066a214c2f5e87bad3c948f4d605d)
Start importing Assets/GamerExtremo/res/Nk.png using Guid(5ce58457296dfba4e93e57c63d46e3a1) Importer(2089858483,b0f066a214c2f5e87bad3c948f4d605d) (ScriptedImporter) -> (artifact id: '268ec5bf53f22922bf0964587490ee5e') in 0.0076737 seconds
Number of updated asset objects reloaded before import = 0Number of asset objects unloaded after import = 3

========================================================================
Received Import Request.
  Time since last request: 0.000017 seconds.
  path: Assets/GamerExtremo/RIP/Electric Puzzles_1.5/res/wn.png
  artifactKey: Guid(9a0aaf6b0e4882546aa415575d97683a) Importer(2089858483,b0f066a214c2f5e87bad3c948f4d605d)
Start importing Assets/GamerExtremo/RIP/Electric Puzzles_1.5/res/wn.png using Guid(9a0aaf6b0e4882546aa415575d97683a) Importer(2089858483,b0f066a214c2f5e87bad3c948f4d605d) (ScriptedImporter) -> (artifact id: '162704a65ee2896f0a2def750dbaff98') in 0.0070166 seconds
Number of updated asset objects reloaded before import = 0Number of asset objects unloaded after import = 3

========================================================================
Received Import Request.
  Time since last request: 0.000017 seconds.
  path: Assets/GamerExtremo/res/Ck.png
  artifactKey: Guid(5ffee3615cabb20458a5040a474443f2) Importer(2089858483,b0f066a214c2f5e87bad3c948f4d605d)
Start importing Assets/GamerExtremo/res/Ck.png using Guid(5ffee3615cabb20458a5040a474443f2) Importer(2089858483,b0f066a214c2f5e87bad3c948f4d605d) (ScriptedImporter) -> (artifact id: 'f641e6c35f8a84b922951ac86b39c75f') in 0.0072616 seconds
Number of updated asset objects reloaded before import = 0Number of asset objects unloaded after import = 3

========================================================================
Received Import Request.
  Time since last request: 0.000027 seconds.
  path: Assets/GamerExtremo/Resources/Enemy1/skeleton_1_walk (8).png
  artifactKey: Guid(9bcdb5ca86ed25d49b7829e3816d632b) Importer(2089858483,b0f066a214c2f5e87bad3c948f4d605d)
Start importing Assets/GamerExtremo/Resources/Enemy1/skeleton_1_walk (8).png using Guid(9bcdb5ca86ed25d49b7829e3816d632b) Importer(2089858483,b0f066a214c2f5e87bad3c948f4d605d) (ScriptedImporter) -> (artifact id: '58cdaa4ae2dcf5bb2bff82dc3c03edd7') in 0.0130581 seconds
Number of updated asset objects reloaded before import = 0Number of asset objects unloaded after import = 3

========================================================================
Received Import Request.
  Time since last request: 0.000026 seconds.
  path: Assets/GamerExtremo/res/HN.png
  artifactKey: Guid(fc83c44228877d149905bf2cb1081187) Importer(2089858483,b0f066a214c2f5e87bad3c948f4d605d)
Start importing Assets/GamerExtremo/res/HN.png using Guid(fc83c44228877d149905bf2cb1081187) Importer(2089858483,b0f066a214c2f5e87bad3c948f4d605d) (ScriptedImporter) -> (artifact id: '2661ff320ab64bf41ba2e4ee69475806') in 0.0094682 seconds
Number of updated asset objects reloaded before import = 0Number of asset objects unloaded after import = 3

========================================================================
Received Import Request.
  Time since last request: 0.000017 seconds.
  path: Assets/GamerExtremo/RIP/Electric Puzzles_1.5/✅ New Folder/XML/hq.xml
  artifactKey: Guid(f67385870ef063c4193bb8bd6649b65d) Importer(2089858483,b0f066a214c2f5e87bad3c948f4d605d)
Start importing Assets/GamerExtremo/RIP/Electric Puzzles_1.5/✅ New Folder/XML/hq.xml using Guid(f67385870ef063c4193bb8bd6649b65d) Importer(2089858483,b0f066a214c2f5e87bad3c948f4d605d) (ScriptedImporter) -> (artifact id: '2a306e7a3c0dd9f4b4a73f488494e8e9') in 0.0038377 seconds
Number of updated asset objects reloaded before import = 0Number of asset objects unloaded after import = 1

========================================================================
Received Import Request.
  Time since last request: 0.000144 seconds.
  path: Assets/GamerExtremo/RIP/Electric Puzzles_1.5/res/UT.png
  artifactKey: Guid(bfd3be5edfa117a43991c062a6b6a9b3) Importer(2089858483,b0f066a214c2f5e87bad3c948f4d605d)
Start importing Assets/GamerExtremo/RIP/Electric Puzzles_1.5/res/UT.png using Guid(bfd3be5edfa117a43991c062a6b6a9b3) Importer(2089858483,b0f066a214c2f5e87bad3c948f4d605d) (ScriptedImporter) -> (artifact id: '4096e6eb3628677024cabd36177b772a') in 0.0090219 seconds
Number of updated asset objects reloaded before import = 0Number of asset objects unloaded after import = 3

========================================================================
Received Import Request.
  Time since last request: 0.000015 seconds.
  path: Assets/GamerExtremo/Resources/Player/attack (7).png
  artifactKey: Guid(36f55fb56781759418eada19e233b8e5) Importer(2089858483,b0f066a214c2f5e87bad3c948f4d605d)
Start importing Assets/GamerExtremo/Resources/Player/attack (7).png using Guid(36f55fb56781759418eada19e233b8e5) Importer(2089858483,b0f066a214c2f5e87bad3c948f4d605d) (ScriptedImporter) -> (artifact id: '84acf378389dbfc22fe31219b49ea0f8') in 0.0088607 seconds
Number of updated asset objects reloaded before import = 0Number of asset objects unloaded after import = 3

========================================================================
Received Import Request.
  Time since last request: 0.000024 seconds.
  path: Assets/GamerExtremo/RIP/Electric Puzzles_1.5/res/mB.png
  artifactKey: Guid(76e48b6a6e89b9b4da0fc3ef2478bb13) Importer(2089858483,b0f066a214c2f5e87bad3c948f4d605d)
Start importing Assets/GamerExtremo/RIP/Electric Puzzles_1.5/res/mB.png using Guid(76e48b6a6e89b9b4da0fc3ef2478bb13) Importer(2089858483,b0f066a214c2f5e87bad3c948f4d605d) (ScriptedImporter) -> (artifact id: 'e162e27303bf0d85c8101523aae4bddf') in 0.0075066 seconds
Number of updated asset objects reloaded before import = 0Number of asset objects unloaded after import = 3

========================================================================
Received Import Request.
  Time since last request: 0.000050 seconds.
  path: Assets/GamerExtremo/RIP/Electric Puzzles_1.5/res/47.xml
  artifactKey: Guid(df25aef1260be6044b138a7f67a7eb34) Importer(2089858483,b0f066a214c2f5e87bad3c948f4d605d)
Start importing Assets/GamerExtremo/RIP/Electric Puzzles_1.5/res/47.xml using Guid(df25aef1260be6044b138a7f67a7eb34) Importer(2089858483,b0f066a214c2f5e87bad3c948f4d605d) (ScriptedImporter) -> (artifact id: '82482ec2d714349a2fcbc40e45f1da80') in 0.0052755 seconds
Number of updated asset objects reloaded before import = 0Number of asset objects unloaded after import = 1

========================================================================
Received Import Request.
  Time since last request: 0.000116 seconds.
  path: Assets/GamerExtremo/RIP/Electric Puzzles_1.5/SQUARE/6 montain
  artifactKey: Guid(638a19d546d69ee4d9da2917d1691922) Importer(2089858483,b0f066a214c2f5e87bad3c948f4d605d)
Start importing Assets/GamerExtremo/RIP/Electric Puzzles_1.5/SQUARE/6 montain using Guid(638a19d546d69ee4d9da2917d1691922) Importer(2089858483,b0f066a214c2f5e87bad3c948f4d605d) (ScriptedImporter) -> (artifact id: 'f8a109d66f85552f5ef458c5eb447eb5') in 0.0040647 seconds
Number of updated asset objects reloaded before import = 0Number of asset objects unloaded after import = 1

========================================================================
Received Import Request.
  Time since last request: 0.000135 seconds.
  path: Assets/GamerExtremo/RIP/Electric Puzzles_1.5/✅ New Folder/EYES/W/g6.png
  artifactKey: Guid(55c65c800a29a3f42b8ae6a616e2a935) Importer(2089858483,b0f066a214c2f5e87bad3c948f4d605d)
Start importing Assets/GamerExtremo/RIP/Electric Puzzles_1.5/✅ New Folder/EYES/W/g6.png using Guid(55c65c800a29a3f42b8ae6a616e2a935) Importer(2089858483,b0f066a214c2f5e87bad3c948f4d605d) (ScriptedImporter) -> (artifact id: 'a6d2ce869c286c538fd9c52712d95181') in 0.0089406 seconds
Number of updated asset objects reloaded before import = 0Number of asset objects unloaded after import = 3

========================================================================
Received Import Request.
  Time since last request: 0.000025 seconds.
  path: Assets/GamerExtremo/res/_G.xml
  artifactKey: Guid(c89159830d0b64f40a164d61e14d35a5) Importer(2089858483,b0f066a214c2f5e87bad3c948f4d605d)
Start importing Assets/GamerExtremo/res/_G.xml using Guid(c89159830d0b64f40a164d61e14d35a5) Importer(2089858483,b0f066a214c2f5e87bad3c948f4d605d) (ScriptedImporter) -> (artifact id: '8ad2044fff62376efd1c20a8dd9b6547') in 0.0033052 seconds
Number of updated asset objects reloaded before import = 0Number of asset objects unloaded after import = 1

========================================================================
Received Import Request.
  Time since last request: 0.000131 seconds.
  path: Assets/GamerExtremo/res/c8.png
  artifactKey: Guid(3f9e9eca34adb4c45aa964c961860c6a) Importer(2089858483,b0f066a214c2f5e87bad3c948f4d605d)
Start importing Assets/GamerExtremo/res/c8.png using Guid(3f9e9eca34adb4c45aa964c961860c6a) Importer(2089858483,b0f066a214c2f5e87bad3c948f4d605d) (ScriptedImporter) -> (artifact id: '07110c7ed55559759aa7c33b75e91c06') in 0.0097699 seconds
Number of updated asset objects reloaded before import = 0Number of asset objects unloaded after import = 3

========================================================================
Received Import Request.
  Time since last request: 0.000018 seconds.
  path: Assets/GamerExtremo/RIP/Electric Puzzles_1.5/res/ke.png
  artifactKey: Guid(d0b16ce6e3668d240991ce5d31e19af6) Importer(2089858483,b0f066a214c2f5e87bad3c948f4d605d)
Start importing Assets/GamerExtremo/RIP/Electric Puzzles_1.5/res/ke.png using Guid(d0b16ce6e3668d240991ce5d31e19af6) Importer(2089858483,b0f066a214c2f5e87bad3c948f4d605d) (ScriptedImporter) -> (artifact id: '5076884a7373cfc04ab4757ea589ff2c') in 0.0081841 seconds
Number of updated asset objects reloaded before import = 0Number of asset objects unloaded after import = 3

========================================================================
Received Import Request.
  Time since last request: 0.000019 seconds.
  path: Assets/GamerExtremo/res/eg.png
  artifactKey: Guid(2d7adf0a1cbf7264aad613d37c8555c9) Importer(2089858483,b0f066a214c2f5e87bad3c948f4d605d)
Start importing Assets/GamerExtremo/res/eg.png using Guid(2d7adf0a1cbf7264aad613d37c8555c9) Importer(2089858483,b0f066a214c2f5e87bad3c948f4d605d) (ScriptedImporter) -> (artifact id: '27c32beba5b2759709ed436750680353') in 0.008037 seconds
Number of updated asset objects reloaded before import = 0Number of asset objects unloaded after import = 3

========================================================================
Received Import Request.
  Time since last request: 0.000017 seconds.
  path: Assets/GamerExtremo/Resources/Player/idle (2).png
  artifactKey: Guid(b6bc8e7b4b38ad84aa9615f351756c99) Importer(2089858483,b0f066a214c2f5e87bad3c948f4d605d)
Start importing Assets/GamerExtremo/Resources/Player/idle (2).png using Guid(b6bc8e7b4b38ad84aa9615f351756c99) Importer(2089858483,b0f066a214c2f5e87bad3c948f4d605d) (ScriptedImporter) -> (artifact id: '07de392b107b5213cc2312d190ba2606') in 0.0103114 seconds
Number of updated asset objects reloaded before import = 0Number of asset objects unloaded after import = 3

========================================================================
Received Import Request.
  Time since last request: 0.000020 seconds.
  path: Assets/GamerExtremo/res/yV.xml
  artifactKey: Guid(602e24df29957cb4ab5a3d3c4cdaa914) Importer(2089858483,b0f066a214c2f5e87bad3c948f4d605d)
Start importing Assets/GamerExtremo/res/yV.xml using Guid(602e24df29957cb4ab5a3d3c4cdaa914) Importer(2089858483,b0f066a214c2f5e87bad3c948f4d605d) (ScriptedImporter) -> (artifact id: '8df25168bef742d0756a8d5dacf476fa') in 0.0037907 seconds
Number of updated asset objects reloaded before import = 0Number of asset objects unloaded after import = 1

========================================================================
Received Import Request.
  Time since last request: 0.000140 seconds.
  path: Assets/GamerExtremo/RIP/Electric Puzzles_1.5/res/vC.png
  artifactKey: Guid(f338147ebd4f4a948b59103a96912264) Importer(2089858483,b0f066a214c2f5e87bad3c948f4d605d)
Start importing Assets/GamerExtremo/RIP/Electric Puzzles_1.5/res/vC.png using Guid(f338147ebd4f4a948b59103a96912264) Importer(2089858483,b0f066a214c2f5e87bad3c948f4d605d) (ScriptedImporter) -> (artifact id: '5cb85354d06183dc28cfefa4ba79ae02') in 0.0076935 seconds
Number of updated asset objects reloaded before import = 0Number of asset objects unloaded after import = 3

========================================================================
Received Import Request.
  Time since last request: 0.000016 seconds.
  path: Assets/GamerExtremo/RIP/Electric Puzzles_1.5/FIOS/resistor/down
  artifactKey: Guid(a47d7079b4567aa4e9480736db3ad00e) Importer(2089858483,b0f066a214c2f5e87bad3c948f4d605d)
Start importing Assets/GamerExtremo/RIP/Electric Puzzles_1.5/FIOS/resistor/down using Guid(a47d7079b4567aa4e9480736db3ad00e) Importer(2089858483,b0f066a214c2f5e87bad3c948f4d605d) (ScriptedImporter) -> (artifact id: '5dbe6142ea68f9b60063e25860254b17') in 0.0031985 seconds
Number of updated asset objects reloaded before import = 0Number of asset objects unloaded after import = 1

========================================================================
Received Import Request.
  Time since last request: 0.000174 seconds.
  path: Assets/GamerExtremo/Resources/Sounds/audio/You_Cant_Dodge_a_Laser_01.ogg
  artifactKey: Guid(7e354ca119f5211409d074bff2aafac4) Importer(2089858483,b0f066a214c2f5e87bad3c948f4d605d)
Start importing Assets/GamerExtremo/Resources/Sounds/audio/You_Cant_Dodge_a_Laser_01.ogg using Guid(7e354ca119f5211409d074bff2aafac4) Importer(2089858483,b0f066a214c2f5e87bad3c948f4d605d) (ScriptedImporter) -> (artifact id: '08f44b0da6fee8f4f7eb9690b898dc38') in 0.2404317 seconds
Number of updated asset objects reloaded before import = 0Number of asset objects unloaded after import = 1

========================================================================
Received Import Request.
  Time since last request: 0.000111 seconds.
  path: Assets/GamerExtremo/RIP/Electric Puzzles_1.5/res/Fu.xml
  artifactKey: Guid(5ac85a7963fa4b24490d54423e7470e0) Importer(2089858483,b0f066a214c2f5e87bad3c948f4d605d)
Start importing Assets/GamerExtremo/RIP/Electric Puzzles_1.5/res/Fu.xml using Guid(5ac85a7963fa4b24490d54423e7470e0) Importer(2089858483,b0f066a214c2f5e87bad3c948f4d605d) (ScriptedImporter) -> (artifact id: 'd7364f71b0550f5c74c6d12d011230d3') in 0.0034837 seconds
Number of updated asset objects reloaded before import = 0Number of asset objects unloaded after import = 1

========================================================================
Received Import Request.
  Time since last request: 0.000101 seconds.
  path: Assets/GamerExtremo/res/kS.png
  artifactKey: Guid(a6251d78cfd33cd439e3d6d69f99d898) Importer(2089858483,b0f066a214c2f5e87bad3c948f4d605d)
Start importing Assets/GamerExtremo/res/kS.png using Guid(a6251d78cfd33cd439e3d6d69f99d898) Importer(2089858483,b0f066a214c2f5e87bad3c948f4d605d) (ScriptedImporter) -> (artifact id: '0e1cd8f95d56dd146bec6ba582daea2d') in 0.0068625 seconds
Number of updated asset objects reloaded before import = 0Number of asset objects unloaded after import = 3

========================================================================
Received Import Request.
  Time since last request: 0.000016 seconds.
  path: Assets/GamerExtremo/res/Wd.png
  artifactKey: Guid(ef5372ddcf5c7d14eac8bdae0f8411ae) Importer(2089858483,b0f066a214c2f5e87bad3c948f4d605d)
Start importing Assets/GamerExtremo/res/Wd.png using Guid(ef5372ddcf5c7d14eac8bdae0f8411ae) Importer(2089858483,b0f066a214c2f5e87bad3c948f4d605d) (ScriptedImporter) -> (artifact id: '8a93ecbee957c8060d8f25c2dae6b11b') in 0.0067171 seconds
Number of updated asset objects reloaded before import = 0Number of asset objects unloaded after import = 3

========================================================================
Received Import Request.
  Time since last request: 0.000015 seconds.
  path: Assets/GamerExtremo/res/o1.png
  artifactKey: Guid(38d8ef4606a346a4497d22e88611a44b) Importer(2089858483,b0f066a214c2f5e87bad3c948f4d605d)
Start importing Assets/GamerExtremo/res/o1.png using Guid(38d8ef4606a346a4497d22e88611a44b) Importer(2089858483,b0f066a214c2f5e87bad3c948f4d605d) (ScriptedImporter) -> (artifact id: '4f6912d88d283f9319303a3ff22444a9') in 0.0071662 seconds
Number of updated asset objects reloaded before import = 0Number of asset objects unloaded after import = 3

========================================================================
Received Import Request.
  Time since last request: 0.000018 seconds.
  path: Assets/GamerExtremo/RIP/Electric Puzzles_1.5/✅ New Folder/TOMADAS/lE.png
  artifactKey: Guid(94e4e5902f8f2b84996b89f0e5e6242e) Importer(2089858483,b0f066a214c2f5e87bad3c948f4d605d)
Start importing Assets/GamerExtremo/RIP/Electric Puzzles_1.5/✅ New Folder/TOMADAS/lE.png using Guid(94e4e5902f8f2b84996b89f0e5e6242e) Importer(2089858483,b0f066a214c2f5e87bad3c948f4d605d) (ScriptedImporter) -> (artifact id: '7bf6cf27b705fa8c308423be7cfd1e94') in 0.0085983 seconds
Number of updated asset objects reloaded before import = 0Number of asset objects unloaded after import = 3

========================================================================
Received Import Request.
  Time since last request: 0.000019 seconds.
  path: Assets/GamerExtremo/RIP/Electric Puzzles_1.5/res/Rt.png
  artifactKey: Guid(18331249b00c8b74b9a51d95a657abf2) Importer(2089858483,b0f066a214c2f5e87bad3c948f4d605d)
Start importing Assets/GamerExtremo/RIP/Electric Puzzles_1.5/res/Rt.png using Guid(18331249b00c8b74b9a51d95a657abf2) Importer(2089858483,b0f066a214c2f5e87bad3c948f4d605d) (ScriptedImporter) -> (artifact id: '24b7b8bcc51143009bf8f74b062ea0b8') in 0.0075281 seconds
Number of updated asset objects reloaded before import = 0Number of asset objects unloaded after import = 3

========================================================================
Received Import Request.
  Time since last request: 0.000017 seconds.
  path: Assets/GamerExtremo/res/R-.png
  artifactKey: Guid(c565d619d24e83e41a9563775736e23b) Importer(2089858483,b0f066a214c2f5e87bad3c948f4d605d)
Start importing Assets/GamerExtremo/res/R-.png using Guid(c565d619d24e83e41a9563775736e23b) Importer(2089858483,b0f066a214c2f5e87bad3c948f4d605d) (ScriptedImporter) -> (artifact id: '2e1053e283ac261061d9cc427508c490') in 0.0070324 seconds
Number of updated asset objects reloaded before import = 0Number of asset objects unloaded after import = 3

========================================================================
Received Import Request.
  Time since last request: 0.000016 seconds.
  path: Assets/GamerExtremo/RIP/Electric Puzzles_1.5/res/Bl.xml
  artifactKey: Guid(f55c0f44e39a2eb48974f7c60eca2766) Importer(2089858483,b0f066a214c2f5e87bad3c948f4d605d)
Start importing Assets/GamerExtremo/RIP/Electric Puzzles_1.5/res/Bl.xml using Guid(f55c0f44e39a2eb48974f7c60eca2766) Importer(2089858483,b0f066a214c2f5e87bad3c948f4d605d) (ScriptedImporter) -> (artifact id: 'a9e1f550746191c82d3b4793a73c62a5') in 0.0034785 seconds
Number of updated asset objects reloaded before import = 0Number of asset objects unloaded after import = 1

========================================================================
Received Import Request.
  Time since last request: 0.000155 seconds.
  path: Assets/GamerExtremo/RIP/Electric Puzzles_1.5/res/iQ.xml
  artifactKey: Guid(17b46efdadcc4544cb66638d3fc83843) Importer(2089858483,b0f066a214c2f5e87bad3c948f4d605d)
Start importing Assets/GamerExtremo/RIP/Electric Puzzles_1.5/res/iQ.xml using Guid(17b46efdadcc4544cb66638d3fc83843) Importer(2089858483,b0f066a214c2f5e87bad3c948f4d605d) (ScriptedImporter) -> (artifact id: '12a2d7ecc2bf2d8b85a86a224b849a5f') in 0.0032315 seconds
Number of updated asset objects reloaded before import = 0Number of asset objects unloaded after import = 1

========================================================================
Received Import Request.
  Time since last request: 0.000129 seconds.
  path: Assets/GamerExtremo/res/GV.png
  artifactKey: Guid(e40733e9d802f9344b3f7ee66eb68709) Importer(2089858483,b0f066a214c2f5e87bad3c948f4d605d)
Start importing Assets/GamerExtremo/res/GV.png using Guid(e40733e9d802f9344b3f7ee66eb68709) Importer(2089858483,b0f066a214c2f5e87bad3c948f4d605d) (ScriptedImporter) -> (artifact id: '25739a4676d990526ec402caddc87121') in 0.0073187 seconds
Number of updated asset objects reloaded before import = 0Number of asset objects unloaded after import = 3

========================================================================
Received Import Request.
  Time since last request: 0.000019 seconds.
  path: Assets/GamerExtremo/res/color/abc_btn_colored_text_material.xml
  artifactKey: Guid(aa01aa14cb006704d9a5a959f5528f1b) Importer(2089858483,b0f066a214c2f5e87bad3c948f4d605d)
Start importing Assets/GamerExtremo/res/color/abc_btn_colored_text_material.xml using Guid(aa01aa14cb006704d9a5a959f5528f1b) Importer(2089858483,b0f066a214c2f5e87bad3c948f4d605d) (ScriptedImporter) -> (artifact id: '4ce56870bea1a324ab37ed34f1295d06') in 0.0036195 seconds
Number of updated asset objects reloaded before import = 0Number of asset objects unloaded after import = 1

========================================================================
Received Import Request.
  Time since last request: 0.000137 seconds.
  path: Assets/GamerExtremo/res/7R.png
  artifactKey: Guid(e5a83fe03996188409ce60424d9eff18) Importer(2089858483,b0f066a214c2f5e87bad3c948f4d605d)
Start importing Assets/GamerExtremo/res/7R.png using Guid(e5a83fe03996188409ce60424d9eff18) Importer(2089858483,b0f066a214c2f5e87bad3c948f4d605d) (ScriptedImporter) -> (artifact id: '7c882f09912f81aa29292fd0591c80e5') in 0.0066027 seconds
Number of updated asset objects reloaded before import = 0Number of asset objects unloaded after import = 3

========================================================================
Received Import Request.
  Time since last request: 0.000015 seconds.
  path: Assets/GamerExtremo/Resources/Sounds/Explosion.wav
  artifactKey: Guid(b1715a78d98294e4893451cc7bdbd4ae) Importer(2089858483,b0f066a214c2f5e87bad3c948f4d605d)
Start importing Assets/GamerExtremo/Resources/Sounds/Explosion.wav using Guid(b1715a78d98294e4893451cc7bdbd4ae) Importer(2089858483,b0f066a214c2f5e87bad3c948f4d605d) (ScriptedImporter) -> (artifact id: 'f5edd03ffc7b900aa8e517afac2cc99f') in 0.0259073 seconds
Number of updated asset objects reloaded before import = 0Number of asset objects unloaded after import = 1

========================================================================
Received Import Request.
  Time since last request: 0.000086 seconds.
  path: Assets/GamerExtremo/RIP/Electric Puzzles_1.5/✅ New Folder/BACK/Tv.png
  artifactKey: Guid(6b4aa888d9d90524aa37bfecbee1f1c2) Importer(2089858483,b0f066a214c2f5e87bad3c948f4d605d)
Start importing Assets/GamerExtremo/RIP/Electric Puzzles_1.5/✅ New Folder/BACK/Tv.png using Guid(6b4aa888d9d90524aa37bfecbee1f1c2) Importer(2089858483,b0f066a214c2f5e87bad3c948f4d605d) (ScriptedImporter) -> (artifact id: '304c9505a5bcf479073305ce2d2a4bae') in 0.0067795 seconds
Number of updated asset objects reloaded before import = 0Number of asset objects unloaded after import = 3

========================================================================
Received Import Request.
  Time since last request: 0.000017 seconds.
  path: Assets/GamerExtremo/res/p7.xml
  artifactKey: Guid(5fba997a356802a41825ca32b4c46422) Importer(2089858483,b0f066a214c2f5e87bad3c948f4d605d)
Start importing Assets/GamerExtremo/res/p7.xml using Guid(5fba997a356802a41825ca32b4c46422) Importer(2089858483,b0f066a214c2f5e87bad3c948f4d605d) (ScriptedImporter) -> (artifact id: 'b19ccf568490bd370839a9f8f2a0f0d0') in 0.0032873 seconds
Number of updated asset objects reloaded before import = 0Number of asset objects unloaded after import = 1

========================================================================
Received Import Request.
  Time since last request: 0.000116 seconds.
  path: Assets/GamerExtremo/RIP/Electric Puzzles_1.5/res/4_1.xml
  artifactKey: Guid(5c9dab98f87c4264d9b8b52d738ba6c3) Importer(2089858483,b0f066a214c2f5e87bad3c948f4d605d)
Start importing Assets/GamerExtremo/RIP/Electric Puzzles_1.5/res/4_1.xml using Guid(5c9dab98f87c4264d9b8b52d738ba6c3) Importer(2089858483,b0f066a214c2f5e87bad3c948f4d605d) (ScriptedImporter) -> (artifact id: '3a3f529349eb0be3bf0fe36bf1865145') in 0.0034508 seconds
Number of updated asset objects reloaded before import = 0Number of asset objects unloaded after import = 1

========================================================================
Received Import Request.
  Time since last request: 0.000132 seconds.
  path: Assets/GamerExtremo/Pictures/gateslevel9.png
  artifactKey: Guid(ff3b27b35d1cac64689b7f2ed4398547) Importer(2089858483,b0f066a214c2f5e87bad3c948f4d605d)
Start importing Assets/GamerExtremo/Pictures/gateslevel9.png using Guid(ff3b27b35d1cac64689b7f2ed4398547) Importer(2089858483,b0f066a214c2f5e87bad3c948f4d605d) (ScriptedImporter) -> (artifact id: '13ff23af68e6761d57b6d9dde6b4dca7') in 0.0096692 seconds
Number of updated asset objects reloaded before import = 0Number of asset objects unloaded after import = 3

========================================================================
Received Import Request.
  Time since last request: 0.000105 seconds.
  path: Assets/GamerExtremo/Resources/Player/attack (3).png
  artifactKey: Guid(d38e54560e53a304b8aaeabb14eb6ea6) Importer(2089858483,b0f066a214c2f5e87bad3c948f4d605d)
Start importing Assets/GamerExtremo/Resources/Player/attack (3).png using Guid(d38e54560e53a304b8aaeabb14eb6ea6) Importer(2089858483,b0f066a214c2f5e87bad3c948f4d605d) (ScriptedImporter) -> (artifact id: 'd18bd0a621d12114c21a1d409e81349e') in 0.0108248 seconds
Number of updated asset objects reloaded before import = 0Number of asset objects unloaded after import = 3

========================================================================
Received Import Request.
  Time since last request: 0.000017 seconds.
  path: Assets/GamerExtremo/RIP/Electric Puzzles_1.5/res/nA.png
  artifactKey: Guid(dd8d47013eb176b4989f3997475a634b) Importer(2089858483,b0f066a214c2f5e87bad3c948f4d605d)
Start importing Assets/GamerExtremo/RIP/Electric Puzzles_1.5/res/nA.png using Guid(dd8d47013eb176b4989f3997475a634b) Importer(2089858483,b0f066a214c2f5e87bad3c948f4d605d) (ScriptedImporter) -> (artifact id: 'ba4b53b6eb53ed849ceef75fe800e49e') in 0.0761277 seconds
Number of updated asset objects reloaded before import = 0Number of asset objects unloaded after import = 3

========================================================================
Received Import Request.
  Time since last request: 0.000027 seconds.
  path: Assets/GamerExtremo/RIP/Electric Puzzles_1.5/✅ New Folder/CIRCLE/CIRCLE WHITE/MF.9.png
  artifactKey: Guid(4c889b1186ef8ca4eae2475d76270b5c) Importer(2089858483,b0f066a214c2f5e87bad3c948f4d605d)
Start importing Assets/GamerExtremo/RIP/Electric Puzzles_1.5/✅ New Folder/CIRCLE/CIRCLE WHITE/MF.9.png using Guid(4c889b1186ef8ca4eae2475d76270b5c) Importer(2089858483,b0f066a214c2f5e87bad3c948f4d605d) (ScriptedImporter) -> (artifact id: 'c74e75b43968ef2812110e731d857b12') in 0.0138056 seconds
Number of updated asset objects reloaded before import = 0Number of asset objects unloaded after import = 3

========================================================================
Received Import Request.
  Time since last request: 0.000027 seconds.
  path: Assets/GamerExtremo/RIP/Electric Puzzles_1.5/✅ New Folder/CADEADO CLOSE/-V.png
  artifactKey: Guid(e7b8a7719e30cb7479650b54d50d2544) Importer(2089858483,b0f066a214c2f5e87bad3c948f4d605d)
Start importing Assets/GamerExtremo/RIP/Electric Puzzles_1.5/✅ New Folder/CADEADO CLOSE/-V.png using Guid(e7b8a7719e30cb7479650b54d50d2544) Importer(2089858483,b0f066a214c2f5e87bad3c948f4d605d) (ScriptedImporter) -> (artifact id: '767219fd38498b07009e90a977d983a5') in 0.0090493 seconds
Number of updated asset objects reloaded before import = 0Number of asset objects unloaded after import = 3

========================================================================
Received Import Request.
  Time since last request: 0.000024 seconds.
  path: Assets/GamerExtremo/RIP/Electric Puzzles_1.5/✅ New Folder/CHAVE DE BOCA/M4.png
  artifactKey: Guid(ccad7eb8e3a4f914d98efbdec6099421) Importer(2089858483,b0f066a214c2f5e87bad3c948f4d605d)
Start importing Assets/GamerExtremo/RIP/Electric Puzzles_1.5/✅ New Folder/CHAVE DE BOCA/M4.png using Guid(ccad7eb8e3a4f914d98efbdec6099421) Importer(2089858483,b0f066a214c2f5e87bad3c948f4d605d) (ScriptedImporter) -> (artifact id: '8ea95e3ba17f7a9e4e4cc1e4ef4f6d03') in 0.0073415 seconds
Number of updated asset objects reloaded before import = 0Number of asset objects unloaded after import = 3

========================================================================
Received Import Request.
  Time since last request: 0.000018 seconds.
  path: Assets/GamerExtremo/RIP/Electric Puzzles_1.5/FIOS/diagonal
  artifactKey: Guid(cb34377871ea0aa4f9335c0f00a1c733) Importer(2089858483,b0f066a214c2f5e87bad3c948f4d605d)
Start importing Assets/GamerExtremo/RIP/Electric Puzzles_1.5/FIOS/diagonal using Guid(cb34377871ea0aa4f9335c0f00a1c733) Importer(2089858483,b0f066a214c2f5e87bad3c948f4d605d) (ScriptedImporter) -> (artifact id: '925d8125e06a749e917da48d10894431') in 0.0027988 seconds
Number of updated asset objects reloaded before import = 0Number of asset objects unloaded after import = 1

========================================================================
Received Import Request.
  Time since last request: 0.000180 seconds.
  path: Assets/GamerExtremo/Resources/Player/crouch_defend (1).png
  artifactKey: Guid(9cba4154a9de32842a483863349e91cb) Importer(2089858483,b0f066a214c2f5e87bad3c948f4d605d)
Start importing Assets/GamerExtremo/Resources/Player/crouch_defend (1).png using Guid(9cba4154a9de32842a483863349e91cb) Importer(2089858483,b0f066a214c2f5e87bad3c948f4d605d) (ScriptedImporter) -> (artifact id: '38b37ce72adb145ccf723eff87f57175') in 0.010816 seconds
Number of updated asset objects reloaded before import = 0Number of asset objects unloaded after import = 3

========================================================================
Received Import Request.
  Time since last request: 0.000015 seconds.
  path: Assets/GamerExtremo/res/Eh.png
  artifactKey: Guid(dd1e2f4559e9f394e8bc1e6b58096579) Importer(2089858483,b0f066a214c2f5e87bad3c948f4d605d)
Start importing Assets/GamerExtremo/res/Eh.png using Guid(dd1e2f4559e9f394e8bc1e6b58096579) Importer(2089858483,b0f066a214c2f5e87bad3c948f4d605d) (ScriptedImporter) -> (artifact id: 'b8fed5d0000abe58f5c451528b549f2b') in 0.0072142 seconds
Number of updated asset objects reloaded before import = 0Number of asset objects unloaded after import = 3

========================================================================
Received Import Request.
  Time since last request: 0.000018 seconds.
  path: Assets/GamerExtremo/RIP/Electric Puzzles_1.5/✅ New Folder/XML/TK.xml
  artifactKey: Guid(197c4a1255eafaf408c277b56ae5f76a) Importer(2089858483,b0f066a214c2f5e87bad3c948f4d605d)
Start importing Assets/GamerExtremo/RIP/Electric Puzzles_1.5/✅ New Folder/XML/TK.xml using Guid(197c4a1255eafaf408c277b56ae5f76a) Importer(2089858483,b0f066a214c2f5e87bad3c948f4d605d) (ScriptedImporter) -> (artifact id: '4ec12d232f7980217c971352113bf585') in 0.0045672 seconds
Number of updated asset objects reloaded before import = 0Number of asset objects unloaded after import = 1

========================================================================
Received Import Request.
  Time since last request: 0.000162 seconds.
  path: Assets/GamerExtremo/RIP/Electric Puzzles_1.5/res/yO.png
  artifactKey: Guid(08adc45d384398145a238c0a8fafbeda) Importer(2089858483,b0f066a214c2f5e87bad3c948f4d605d)
Start importing Assets/GamerExtremo/RIP/Electric Puzzles_1.5/res/yO.png using Guid(08adc45d384398145a238c0a8fafbeda) Importer(2089858483,b0f066a214c2f5e87bad3c948f4d605d) (ScriptedImporter) -> (artifact id: '3560642d85223748512c7ea46741cda6') in 0.008306 seconds
Number of updated asset objects reloaded before import = 0Number of asset objects unloaded after import = 3

========================================================================
Received Import Request.
  Time since last request: 0.000019 seconds.
  path: Assets/GamerExtremo/res/vG.xml
  artifactKey: Guid(2968898d2bc0c7a4491c7206c6d81515) Importer(2089858483,b0f066a214c2f5e87bad3c948f4d605d)
Start importing Assets/GamerExtremo/res/vG.xml using Guid(2968898d2bc0c7a4491c7206c6d81515) Importer(2089858483,b0f066a214c2f5e87bad3c948f4d605d) (ScriptedImporter) -> (artifact id: 'd2ba85ef4f89ca9ca9e710595a22a476') in 0.0037508 seconds
Number of updated asset objects reloaded before import = 0Number of asset objects unloaded after import = 1

========================================================================
Received Import Request.
  Time since last request: 0.000107 seconds.
  path: Assets/GamerExtremo/RIP/Electric Puzzles_1.5/res/color/abc_hint_foreground_material_light.xml
  artifactKey: Guid(12f0c0bb5d64a444abf8b28fdb207f0d) Importer(2089858483,b0f066a214c2f5e87bad3c948f4d605d)
Start importing Assets/GamerExtremo/RIP/Electric Puzzles_1.5/res/color/abc_hint_foreground_material_light.xml using Guid(12f0c0bb5d64a444abf8b28fdb207f0d) Importer(2089858483,b0f066a214c2f5e87bad3c948f4d605d) (ScriptedImporter) -> (artifact id: '95df80998bac5e0d5d56d9965e5480e7') in 0.0039383 seconds
Number of updated asset objects reloaded before import = 0Number of asset objects unloaded after import = 1

========================================================================
Received Import Request.
  Time since last request: 0.000127 seconds.
  path: Assets/GamerExtremo/res/aU.9.png
  artifactKey: Guid(28c80f5549c8e9447be75a207016d9ac) Importer(2089858483,b0f066a214c2f5e87bad3c948f4d605d)
Start importing Assets/GamerExtremo/res/aU.9.png using Guid(28c80f5549c8e9447be75a207016d9ac) Importer(2089858483,b0f066a214c2f5e87bad3c948f4d605d) (ScriptedImporter) -> (artifact id: '6b2dd11854abe109f65be68998b5d044') in 0.0069209 seconds
Number of updated asset objects reloaded before import = 0Number of asset objects unloaded after import = 3

========================================================================
Received Import Request.
  Time since last request: 0.000020 seconds.
  path: Assets/GamerExtremo/RIP/Electric Puzzles_1.5/res/iU.png
  artifactKey: Guid(0bce9b7921279754db13d5b44219ed7f) Importer(2089858483,b0f066a214c2f5e87bad3c948f4d605d)
Start importing Assets/GamerExtremo/RIP/Electric Puzzles_1.5/res/iU.png using Guid(0bce9b7921279754db13d5b44219ed7f) Importer(2089858483,b0f066a214c2f5e87bad3c948f4d605d) (ScriptedImporter) -> (artifact id: '7b2911162b94a7a25f084cda3816d1a1') in 0.0070362 seconds
Number of updated asset objects reloaded before import = 0Number of asset objects unloaded after import = 3

========================================================================
Received Import Request.
  Time since last request: 0.000020 seconds.
  path: Assets/GamerExtremo/RIP/Electric Puzzles_1.5/SQUARE/Square Black vazio
  artifactKey: Guid(0e13945b98e655546aa9de770e5bc170) Importer(2089858483,b0f066a214c2f5e87bad3c948f4d605d)
Start importing Assets/GamerExtremo/RIP/Electric Puzzles_1.5/SQUARE/Square Black vazio using Guid(0e13945b98e655546aa9de770e5bc170) Importer(2089858483,b0f066a214c2f5e87bad3c948f4d605d) (ScriptedImporter) -> (artifact id: '5a0899942679c7532195a695a2ab18d4') in 0.0034159 seconds
Number of updated asset objects reloaded before import = 0Number of asset objects unloaded after import = 1

========================================================================
Received Import Request.
  Time since last request: 0.000105 seconds.
  path: Assets/GamerExtremo/RIP/Electric Puzzles_1.5/FIOS/fio fundo verde claro/1e.png
  artifactKey: Guid(c30ff50522ba7754d90ee3756d693912) Importer(2089858483,b0f066a214c2f5e87bad3c948f4d605d)
Start importing Assets/GamerExtremo/RIP/Electric Puzzles_1.5/FIOS/fio fundo verde claro/1e.png using Guid(c30ff50522ba7754d90ee3756d693912) Importer(2089858483,b0f066a214c2f5e87bad3c948f4d605d) (ScriptedImporter) -> (artifact id: '4f615bc84f85a3fe7d2024408720fe28') in 0.0080351 seconds
Number of updated asset objects reloaded before import = 0Number of asset objects unloaded after import = 3

========================================================================
Received Import Request.
  Time since last request: 0.000015 seconds.
  path: Assets/GamerExtremo/RIP/Electric Puzzles_1.5/SQUARE/Square Black vazio/6t.png
  artifactKey: Guid(4a9ef71253c21774bb7f48d7b2b56e52) Importer(2089858483,b0f066a214c2f5e87bad3c948f4d605d)
Start importing Assets/GamerExtremo/RIP/Electric Puzzles_1.5/SQUARE/Square Black vazio/6t.png using Guid(4a9ef71253c21774bb7f48d7b2b56e52) Importer(2089858483,b0f066a214c2f5e87bad3c948f4d605d) (ScriptedImporter) -> (artifact id: '8bcd943bac8ee010e27fff95762c37c6') in 0.0075066 seconds
Number of updated asset objects reloaded before import = 0Number of asset objects unloaded after import = 3

========================================================================
Received Import Request.
  Time since last request: 0.000016 seconds.
  path: Assets/GamerExtremo/RIP/Electric Puzzles_1.5/✅ New Folder/GOTA/3/Z8.png
  artifactKey: Guid(240cf64c23f9d484ab9bda789b9972be) Importer(2089858483,b0f066a214c2f5e87bad3c948f4d605d)
Start importing Assets/GamerExtremo/RIP/Electric Puzzles_1.5/✅ New Folder/GOTA/3/Z8.png using Guid(240cf64c23f9d484ab9bda789b9972be) Importer(2089858483,b0f066a214c2f5e87bad3c948f4d605d) (ScriptedImporter) -> (artifact id: '3aea84102f55346e0b174fe263169b0b') in 0.0074416 seconds
Number of updated asset objects reloaded before import = 0Number of asset objects unloaded after import = 3

========================================================================
Received Import Request.
  Time since last request: 0.000017 seconds.
  path: Assets/GamerExtremo/res/color-v23/abc_btn_colored_borderless_text_material.xml
  artifactKey: Guid(7f493dbea0286ee4bbd3fca83effdfd8) Importer(2089858483,b0f066a214c2f5e87bad3c948f4d605d)
Start importing Assets/GamerExtremo/res/color-v23/abc_btn_colored_borderless_text_material.xml using Guid(7f493dbea0286ee4bbd3fca83effdfd8) Importer(2089858483,b0f066a214c2f5e87bad3c948f4d605d) (ScriptedImporter) -> (artifact id: '5ec31eb59334297e5b3d5a20668d851a') in 0.0032342 seconds
Number of updated asset objects reloaded before import = 0Number of asset objects unloaded after import = 1

========================================================================
Received Import Request.
  Time since last request: 0.000087 seconds.
  path: Assets/GamerExtremo/RIP/Electric Puzzles_1.5/✅ New Folder/EARTH/5s.png
  artifactKey: Guid(947e03ae91e9dcf48b1f9bb63925e9f9) Importer(2089858483,b0f066a214c2f5e87bad3c948f4d605d)
Start importing Assets/GamerExtremo/RIP/Electric Puzzles_1.5/✅ New Folder/EARTH/5s.png using Guid(947e03ae91e9dcf48b1f9bb63925e9f9) Importer(2089858483,b0f066a214c2f5e87bad3c948f4d605d) (ScriptedImporter) -> (artifact id: 'c37fb7ed55b49ed503616012dca6dc7e') in 0.0073718 seconds
Number of updated asset objects reloaded before import = 0Number of asset objects unloaded after import = 3

========================================================================
Received Import Request.
  Time since last request: 0.000017 seconds.
  path: Assets/GamerExtremo/RIP/Electric Puzzles_1.5/✅ New Folder/GOTA/2/MQ.png
  artifactKey: Guid(d3ad21f36434b2944961019d8362f2f7) Importer(2089858483,b0f066a214c2f5e87bad3c948f4d605d)
Start importing Assets/GamerExtremo/RIP/Electric Puzzles_1.5/✅ New Folder/GOTA/2/MQ.png using Guid(d3ad21f36434b2944961019d8362f2f7) Importer(2089858483,b0f066a214c2f5e87bad3c948f4d605d) (ScriptedImporter) -> (artifact id: '1ce3d6b693a4fe86ff9c85224433997d') in 0.0067928 seconds
Number of updated asset objects reloaded before import = 0Number of asset objects unloaded after import = 3

========================================================================
Received Import Request.
  Time since last request: 0.000017 seconds.
  path: Assets/GamerExtremo/Resources/Bat/eye_bat_walk (1).png
  artifactKey: Guid(2af97f8779a23f5418f07f74cd70505b) Importer(2089858483,b0f066a214c2f5e87bad3c948f4d605d)
Start importing Assets/GamerExtremo/Resources/Bat/eye_bat_walk (1).png using Guid(2af97f8779a23f5418f07f74cd70505b) Importer(2089858483,b0f066a214c2f5e87bad3c948f4d605d) (ScriptedImporter) -> (artifact id: '1454ce870f962d8ab507ff9b15262303') in 0.0099225 seconds
Number of updated asset objects reloaded before import = 0Number of asset objects unloaded after import = 3

========================================================================
Received Import Request.
  Time since last request: 0.000015 seconds.
  path: Assets/GamerExtremo/res/RA.png
  artifactKey: Guid(f2bf87de77dab2a4cbea2e52bca0850b) Importer(2089858483,b0f066a214c2f5e87bad3c948f4d605d)
Start importing Assets/GamerExtremo/res/RA.png using Guid(f2bf87de77dab2a4cbea2e52bca0850b) Importer(2089858483,b0f066a214c2f5e87bad3c948f4d605d) (ScriptedImporter) -> (artifact id: '62c144b4d0daa2326df140bb5fad6ac0') in 0.0075351 seconds
Number of updated asset objects reloaded before import = 0Number of asset objects unloaded after import = 3

========================================================================
Received Import Request.
  Time since last request: 0.000049 seconds.
  path: Assets/GamerExtremo/res/Bf.png
  artifactKey: Guid(65b6597b652e1f14e8d62e048d35e91c) Importer(2089858483,b0f066a214c2f5e87bad3c948f4d605d)
Start importing Assets/GamerExtremo/res/Bf.png using Guid(65b6597b652e1f14e8d62e048d35e91c) Importer(2089858483,b0f066a214c2f5e87bad3c948f4d605d) (ScriptedImporter) -> (artifact id: 'd20f1ce14970fb7908b3aba3b21b4ab0') in 0.0066775 seconds
Number of updated asset objects reloaded before import = 0Number of asset objects unloaded after import = 3

========================================================================
Received Import Request.
  Time since last request: 0.000016 seconds.
  path: Assets/GamerExtremo/RIP/Electric Puzzles_1.5/res/color/abc_primary_text_disable_only_material_dark.xml
  artifactKey: Guid(b66fd8b860c28554b93e02889f57b9c8) Importer(2089858483,b0f066a214c2f5e87bad3c948f4d605d)
Start importing Assets/GamerExtremo/RIP/Electric Puzzles_1.5/res/color/abc_primary_text_disable_only_material_dark.xml using Guid(b66fd8b860c28554b93e02889f57b9c8) Importer(2089858483,b0f066a214c2f5e87bad3c948f4d605d) (ScriptedImporter) -> (artifact id: '842eff9d05f20b9318f63c0b59f99a91') in 0.0037286 seconds
Number of updated asset objects reloaded before import = 0Number of asset objects unloaded after import = 1

========================================================================
Received Import Request.
  Time since last request: 0.000111 seconds.
  path: Assets/GamerExtremo/res/Bv.png
  artifactKey: Guid(979705324c437964bbf4c0f8a59f4e5e) Importer(2089858483,b0f066a214c2f5e87bad3c948f4d605d)
Start importing Assets/GamerExtremo/res/Bv.png using Guid(979705324c437964bbf4c0f8a59f4e5e) Importer(2089858483,b0f066a214c2f5e87bad3c948f4d605d) (ScriptedImporter) -> (artifact id: 'a70929aeb73fb0c26f293b262833c93a') in 0.0073953 seconds
Number of updated asset objects reloaded before import = 0Number of asset objects unloaded after import = 3

========================================================================
Received Import Request.
  Time since last request: 0.000019 seconds.
  path: Assets/GamerExtremo/res/Ni.png
  artifactKey: Guid(e0e22e97c0ed9794a8669504583d5991) Importer(2089858483,b0f066a214c2f5e87bad3c948f4d605d)
Start importing Assets/GamerExtremo/res/Ni.png using Guid(e0e22e97c0ed9794a8669504583d5991) Importer(2089858483,b0f066a214c2f5e87bad3c948f4d605d) (ScriptedImporter) -> (artifact id: '15c6bc0d89487edf4008ff397a907c47') in 0.0067139 seconds
Number of updated asset objects reloaded before import = 0Number of asset objects unloaded after import = 3

========================================================================
Received Import Request.
  Time since last request: 0.000019 seconds.
  path: Assets/GamerExtremo/RIP/Electric Puzzles_1.5/✅ New Folder/XML/Bd.xml
  artifactKey: Guid(7ca1340efce8fe349a12a63173835f5f) Importer(2089858483,b0f066a214c2f5e87bad3c948f4d605d)
Start importing Assets/GamerExtremo/RIP/Electric Puzzles_1.5/✅ New Folder/XML/Bd.xml using Guid(7ca1340efce8fe349a12a63173835f5f) Importer(2089858483,b0f066a214c2f5e87bad3c948f4d605d) (ScriptedImporter) -> (artifact id: 'c1ff451939c852a04291a20646439454') in 0.0038945 seconds
Number of updated asset objects reloaded before import = 0Number of asset objects unloaded after import = 1

========================================================================
Received Import Request.
  Time since last request: 0.000124 seconds.
  path: Assets/GamerExtremo/res/G2.xml
  artifactKey: Guid(c087909c4e8dc144480d7e77b95fb3a4) Importer(2089858483,b0f066a214c2f5e87bad3c948f4d605d)
Start importing Assets/GamerExtremo/res/G2.xml using Guid(c087909c4e8dc144480d7e77b95fb3a4) Importer(2089858483,b0f066a214c2f5e87bad3c948f4d605d) (ScriptedImporter) -> (artifact id: 'b0a0431a941059cf00d26c7e02bb2e34') in 0.0031409 seconds
Number of updated asset objects reloaded before import = 0Number of asset objects unloaded after import = 1

========================================================================
Received Import Request.
  Time since last request: 0.000115 seconds.
  path: Assets/GamerExtremo/RIP/Electric Puzzles_1.5/FIOS/resistor/direita/3u.png
  artifactKey: Guid(44cc420f6c52e9645ae859ee6ae6799a) Importer(2089858483,b0f066a214c2f5e87bad3c948f4d605d)
Start importing Assets/GamerExtremo/RIP/Electric Puzzles_1.5/FIOS/resistor/direita/3u.png using Guid(44cc420f6c52e9645ae859ee6ae6799a) Importer(2089858483,b0f066a214c2f5e87bad3c948f4d605d) (ScriptedImporter) -> (artifact id: '0d37980a24bdbd1e3a77255d1257a19e') in 0.0086491 seconds
Number of updated asset objects reloaded before import = 0Number of asset objects unloaded after import = 3

========================================================================
Received Import Request.
  Time since last request: 0.000017 seconds.
  path: Assets/GamerExtremo/res/MF.9.png
  artifactKey: Guid(58d5c9b67b986384581a7ced68fe39fe) Importer(2089858483,b0f066a214c2f5e87bad3c948f4d605d)
Start importing Assets/GamerExtremo/res/MF.9.png using Guid(58d5c9b67b986384581a7ced68fe39fe) Importer(2089858483,b0f066a214c2f5e87bad3c948f4d605d) (ScriptedImporter) -> (artifact id: '9925453a9e94d42ae6736ed791ba55fb') in 0.0079524 seconds
Number of updated asset objects reloaded before import = 0Number of asset objects unloaded after import = 3

========================================================================
Received Import Request.
  Time since last request: 0.000021 seconds.
  path: Assets/GamerExtremo/RIP/Electric Puzzles_1.5/res/hP.9.png
  artifactKey: Guid(c8dc5bb5f3399e544a83deec482b373f) Importer(2089858483,b0f066a214c2f5e87bad3c948f4d605d)
Start importing Assets/GamerExtremo/RIP/Electric Puzzles_1.5/res/hP.9.png using Guid(c8dc5bb5f3399e544a83deec482b373f) Importer(2089858483,b0f066a214c2f5e87bad3c948f4d605d) (ScriptedImporter) -> (artifact id: '42415efeec8ac52b604f1ef1cb82462f') in 0.0087402 seconds
Number of updated asset objects reloaded before import = 0Number of asset objects unloaded after import = 3

========================================================================
Received Import Request.
  Time since last request: 0.000031 seconds.
  path: Assets/GamerExtremo/Resources/Player/crouch_attack (2).png
  artifactKey: Guid(20387e60ce5696443adb58d78d65f2dd) Importer(2089858483,b0f066a214c2f5e87bad3c948f4d605d)
Start importing Assets/GamerExtremo/Resources/Player/crouch_attack (2).png using Guid(20387e60ce5696443adb58d78d65f2dd) Importer(2089858483,b0f066a214c2f5e87bad3c948f4d605d) (ScriptedImporter) -> (artifact id: '0c94cee4d9d6e205bf6f00700231ae59') in 0.0086985 seconds
Number of updated asset objects reloaded before import = 0Number of asset objects unloaded after import = 3

========================================================================
Received Import Request.
  Time since last request: 0.000016 seconds.
  path: Assets/GamerExtremo/RIP/Electric Puzzles_1.5/FIOS/fio fundo verde claro/OG.png
  artifactKey: Guid(c61a35041cc79394c88e1af6a39800ad) Importer(2089858483,b0f066a214c2f5e87bad3c948f4d605d)
Start importing Assets/GamerExtremo/RIP/Electric Puzzles_1.5/FIOS/fio fundo verde claro/OG.png using Guid(c61a35041cc79394c88e1af6a39800ad) Importer(2089858483,b0f066a214c2f5e87bad3c948f4d605d) (ScriptedImporter) -> (artifact id: '4e99c16e89c33df79809c5aedeadf76c') in 0.0086063 seconds
Number of updated asset objects reloaded before import = 0Number of asset objects unloaded after import = 3

========================================================================
Received Import Request.
  Time since last request: 0.000019 seconds.
  path: Assets/GamerExtremo/RIP/Electric Puzzles_1.5/res/hf.png
  artifactKey: Guid(1b92bb97744bab34cb9a03f7f6c6e208) Importer(2089858483,b0f066a214c2f5e87bad3c948f4d605d)
Start importing Assets/GamerExtremo/RIP/Electric Puzzles_1.5/res/hf.png using Guid(1b92bb97744bab34cb9a03f7f6c6e208) Importer(2089858483,b0f066a214c2f5e87bad3c948f4d605d) (ScriptedImporter) -> (artifact id: 'd4c52bbc993befeebae1e4dc454fbd12') in 0.007645 seconds
Number of updated asset objects reloaded before import = 0Number of asset objects unloaded after import = 3

========================================================================
Received Import Request.
  Time since last request: 0.000137 seconds.
  path: Assets/GamerExtremo/RIP/Electric Puzzles_1.5/res/dm.png
  artifactKey: Guid(11d3e1a9de3438d49a88d894f68619e3) Importer(2089858483,b0f066a214c2f5e87bad3c948f4d605d)
Start importing Assets/GamerExtremo/RIP/Electric Puzzles_1.5/res/dm.png using Guid(11d3e1a9de3438d49a88d894f68619e3) Importer(2089858483,b0f066a214c2f5e87bad3c948f4d605d) (ScriptedImporter) -> (artifact id: 'efb7e7f5601509eced4d12ab75f2e59b') in 0.0080581 seconds
Number of updated asset objects reloaded before import = 0Number of asset objects unloaded after import = 3

========================================================================
Received Import Request.
  Time since last request: 0.000015 seconds.
  path: Assets/GamerExtremo/Resources/Enemy2/skeleton_2_walk (10).png
  artifactKey: Guid(21eabe565883dc140b886615b4f8b49c) Importer(2089858483,b0f066a214c2f5e87bad3c948f4d605d)
Start importing Assets/GamerExtremo/Resources/Enemy2/skeleton_2_walk (10).png using Guid(21eabe565883dc140b886615b4f8b49c) Importer(2089858483,b0f066a214c2f5e87bad3c948f4d605d) (ScriptedImporter) -> (artifact id: '3178848ffbc9d43af88bc47528772774') in 0.0085491 seconds
Number of updated asset objects reloaded before import = 0Number of asset objects unloaded after import = 3

========================================================================
Received Import Request.
  Time since last request: 0.000016 seconds.
  path: Assets/GamerExtremo/Resources/Enemy2
  artifactKey: Guid(14c728d93475cc24ab9b9d444d80c86b) Importer(2089858483,b0f066a214c2f5e87bad3c948f4d605d)
Start importing Assets/GamerExtremo/Resources/Enemy2 using Guid(14c728d93475cc24ab9b9d444d80c86b) Importer(2089858483,b0f066a214c2f5e87bad3c948f4d605d) (ScriptedImporter) -> (artifact id: '72a7362c284a87d49d394a024fb401bc') in 0.0035531 seconds
Number of updated asset objects reloaded before import = 0Number of asset objects unloaded after import = 1

========================================================================
Received Import Request.
  Time since last request: 0.000135 seconds.
  path: Assets/GamerExtremo/res/color/abc_tint_btn_checkable.xml
  artifactKey: Guid(60ac97cbae1f07442a5d2390c0d368c1) Importer(2089858483,b0f066a214c2f5e87bad3c948f4d605d)
Start importing Assets/GamerExtremo/res/color/abc_tint_btn_checkable.xml using Guid(60ac97cbae1f07442a5d2390c0d368c1) Importer(2089858483,b0f066a214c2f5e87bad3c948f4d605d) (ScriptedImporter) -> (artifact id: 'e8d6aae8550b8006e9664e54f00c14f8') in 0.003269 seconds
Number of updated asset objects reloaded before import = 0Number of asset objects unloaded after import = 1

========================================================================
Received Import Request.
  Time since last request: 0.000106 seconds.
  path: Assets/GamerExtremo/RIP/Electric Puzzles_1.5/res/OK.png
  artifactKey: Guid(358758b64663fb44e96c812afd347b38) Importer(2089858483,b0f066a214c2f5e87bad3c948f4d605d)
Start importing Assets/GamerExtremo/RIP/Electric Puzzles_1.5/res/OK.png using Guid(358758b64663fb44e96c812afd347b38) Importer(2089858483,b0f066a214c2f5e87bad3c948f4d605d) (ScriptedImporter) -> (artifact id: '23b50de8dc935cd5e40f3ce520d8fbbb') in 0.0075548 seconds
Number of updated asset objects reloaded before import = 0Number of asset objects unloaded after import = 3

========================================================================
Received Import Request.
  Time since last request: 0.000023 seconds.
  path: Assets/GamerExtremo/res/NP1.png
  artifactKey: Guid(357323ea6a4cc9d44824594e6c99f84d) Importer(2089858483,b0f066a214c2f5e87bad3c948f4d605d)
Start importing Assets/GamerExtremo/res/NP1.png using Guid(357323ea6a4cc9d44824594e6c99f84d) Importer(2089858483,b0f066a214c2f5e87bad3c948f4d605d) (ScriptedImporter) -> (artifact id: '5328af9659f17600aeaa3d6c3104c6b1') in 0.0066203 seconds
Number of updated asset objects reloaded before import = 0Number of asset objects unloaded after import = 3

========================================================================
Received Import Request.
  Time since last request: 0.000017 seconds.
  path: Assets/GamerExtremo/RIP/Electric Puzzles_1.5/res/K-.xml
  artifactKey: Guid(0d6b879f9bd684c40ab303f3707118e4) Importer(2089858483,b0f066a214c2f5e87bad3c948f4d605d)
Start importing Assets/GamerExtremo/RIP/Electric Puzzles_1.5/res/K-.xml using Guid(0d6b879f9bd684c40ab303f3707118e4) Importer(2089858483,b0f066a214c2f5e87bad3c948f4d605d) (ScriptedImporter) -> (artifact id: '8436c9ba4ff5b3c488d93a011544c8e0') in 0.0036347 seconds
Number of updated asset objects reloaded before import = 0Number of asset objects unloaded after import = 1

========================================================================
Received Import Request.
  Time since last request: 0.000174 seconds.
  path: Assets/GamerExtremo/RIP/Electric Puzzles_1.5/✅ New Folder/CIRCLE/CIRCLE CENTER BLACK/8h.png
  artifactKey: Guid(b2ff33e80b0de9c4da32205943c6d1de) Importer(2089858483,b0f066a214c2f5e87bad3c948f4d605d)
Start importing Assets/GamerExtremo/RIP/Electric Puzzles_1.5/✅ New Folder/CIRCLE/CIRCLE CENTER BLACK/8h.png using Guid(b2ff33e80b0de9c4da32205943c6d1de) Importer(2089858483,b0f066a214c2f5e87bad3c948f4d605d) (ScriptedImporter) -> (artifact id: 'eb2a7569a9a7c753e6e5b2f1247a7a8b') in 0.0106858 seconds
Number of updated asset objects reloaded before import = 0Number of asset objects unloaded after import = 3

========================================================================
Received Import Request.
  Time since last request: 0.000030 seconds.
  path: Assets/GamerExtremo/Resources/Player/jump (3).png
  artifactKey: Guid(f83dcda6446918649a4ef1d6ec77e29a) Importer(2089858483,b0f066a214c2f5e87bad3c948f4d605d)
Start importing Assets/GamerExtremo/Resources/Player/jump (3).png using Guid(f83dcda6446918649a4ef1d6ec77e29a) Importer(2089858483,b0f066a214c2f5e87bad3c948f4d605d) (ScriptedImporter) -> (artifact id: 'bd8e52ee00022d269db65930e866a47a') in 0.0103676 seconds
Number of updated asset objects reloaded before import = 0Number of asset objects unloaded after import = 3

========================================================================
Received Import Request.
  Time since last request: 0.000019 seconds.
  path: Assets/GamerExtremo/Resources/Player/crouch_walk (4).png
  artifactKey: Guid(a74c405ee4c3e0147a492aca5d7b1ca3) Importer(2089858483,b0f066a214c2f5e87bad3c948f4d605d)
Start importing Assets/GamerExtremo/Resources/Player/crouch_walk (4).png using Guid(a74c405ee4c3e0147a492aca5d7b1ca3) Importer(2089858483,b0f066a214c2f5e87bad3c948f4d605d) (ScriptedImporter) -> (artifact id: '3562da59ad09e312a7a0ad2ad45de7de') in 0.0087578 seconds
Number of updated asset objects reloaded before import = 0Number of asset objects unloaded after import = 3

========================================================================
Received Import Request.
  Time since last request: 0.000034 seconds.
  path: Assets/GamerExtremo/RIP/Electric Puzzles_1.5/✅ New Folder/XML/pI.xml
  artifactKey: Guid(d116c8442a65de4499180d77c966a755) Importer(2089858483,b0f066a214c2f5e87bad3c948f4d605d)
Start importing Assets/GamerExtremo/RIP/Electric Puzzles_1.5/✅ New Folder/XML/pI.xml using Guid(d116c8442a65de4499180d77c966a755) Importer(2089858483,b0f066a214c2f5e87bad3c948f4d605d) (ScriptedImporter) -> (artifact id: '0dd9a15e3b23c768f3ed443294934102') in 0.0043104 seconds
Number of updated asset objects reloaded before import = 0Number of asset objects unloaded after import = 1

========================================================================
Received Import Request.
  Time since last request: 0.000128 seconds.
  path: Assets/GamerExtremo/Resources/Player/crouch_defend (3).png
  artifactKey: Guid(25e6139ca0d76f945bcafcf74ab78a95) Importer(2089858483,b0f066a214c2f5e87bad3c948f4d605d)
Start importing Assets/GamerExtremo/Resources/Player/crouch_defend (3).png using Guid(25e6139ca0d76f945bcafcf74ab78a95) Importer(2089858483,b0f066a214c2f5e87bad3c948f4d605d) (ScriptedImporter) -> (artifact id: '012c6dbed542869da3a313d486b72305') in 0.0077754 seconds
Number of updated asset objects reloaded before import = 0Number of asset objects unloaded after import = 3

========================================================================
Received Import Request.
  Time since last request: 0.000020 seconds.
  path: Assets/GamerExtremo/RIP/Electric Puzzles_1.5/res/BQ.9.png
  artifactKey: Guid(98c0de962aba5a94c9266d51f0f449d1) Importer(2089858483,b0f066a214c2f5e87bad3c948f4d605d)
Start importing Assets/GamerExtremo/RIP/Electric Puzzles_1.5/res/BQ.9.png using Guid(98c0de962aba5a94c9266d51f0f449d1) Importer(2089858483,b0f066a214c2f5e87bad3c948f4d605d) (ScriptedImporter) -> (artifact id: 'b0c1fd7aa5756fe498473332e0829a4f') in 0.0080102 seconds
Number of updated asset objects reloaded before import = 0Number of asset objects unloaded after import = 3

========================================================================
Received Import Request.
  Time since last request: 0.000016 seconds.
  path: Assets/GamerExtremo/RIP/Electric Puzzles_1.5/✅ New Folder/XML/9T2.xml
  artifactKey: Guid(00408ca7ca73a68449c13eedcf2e40bf) Importer(2089858483,b0f066a214c2f5e87bad3c948f4d605d)
Start importing Assets/GamerExtremo/RIP/Electric Puzzles_1.5/✅ New Folder/XML/9T2.xml using Guid(00408ca7ca73a68449c13eedcf2e40bf) Importer(2089858483,b0f066a214c2f5e87bad3c948f4d605d) (ScriptedImporter) -> (artifact id: 'ca2dc422a6a2a9957e8b890dae8b4e92') in 0.003978 seconds
Number of updated asset objects reloaded before import = 0Number of asset objects unloaded after import = 1

========================================================================
Received Import Request.
  Time since last request: 0.000128 seconds.
  path: Assets/GamerExtremo/RIP/Electric Puzzles_1.5/res/G71.png
  artifactKey: Guid(76e182e87326e224cb696515b6d298da) Importer(2089858483,b0f066a214c2f5e87bad3c948f4d605d)
Start importing Assets/GamerExtremo/RIP/Electric Puzzles_1.5/res/G71.png using Guid(76e182e87326e224cb696515b6d298da) Importer(2089858483,b0f066a214c2f5e87bad3c948f4d605d) (ScriptedImporter) -> (artifact id: 'bd2a46b570caf72c916019c60048182e') in 0.0085694 seconds
Number of updated asset objects reloaded before import = 0Number of asset objects unloaded after import = 3

========================================================================
Received Import Request.
  Time since last request: 0.000018 seconds.
  path: Assets/GamerExtremo/res/2f.xml
  artifactKey: Guid(445b690f5bbc7a14dbe4633c159551de) Importer(2089858483,b0f066a214c2f5e87bad3c948f4d605d)
Start importing Assets/GamerExtremo/res/2f.xml using Guid(445b690f5bbc7a14dbe4633c159551de) Importer(2089858483,b0f066a214c2f5e87bad3c948f4d605d) (ScriptedImporter) -> (artifact id: 'febbd1aaa3953c34b799c07801e0386c') in 0.0034278 seconds
Number of updated asset objects reloaded before import = 0Number of asset objects unloaded after import = 1

========================================================================
Received Import Request.
  Time since last request: 0.000132 seconds.
  path: Assets/GamerExtremo/RIP/Electric Puzzles_1.5/res/A1.xml
  artifactKey: Guid(5335111e4a9f99248b87df0d87b16ae8) Importer(2089858483,b0f066a214c2f5e87bad3c948f4d605d)
Start importing Assets/GamerExtremo/RIP/Electric Puzzles_1.5/res/A1.xml using Guid(5335111e4a9f99248b87df0d87b16ae8) Importer(2089858483,b0f066a214c2f5e87bad3c948f4d605d) (ScriptedImporter) -> (artifact id: '1c00522f9e2063da8c2c06ddb49b5bf9') in 0.0030056 seconds
Number of updated asset objects reloaded before import = 0Number of asset objects unloaded after import = 1

========================================================================
Received Import Request.
  Time since last request: 0.000134 seconds.
  path: Assets/GamerExtremo/RIP/Electric Puzzles_1.5/res/Lr.xml
  artifactKey: Guid(e9c8dc8bb7d76284ea19e899f7483e71) Importer(2089858483,b0f066a214c2f5e87bad3c948f4d605d)
Start importing Assets/GamerExtremo/RIP/Electric Puzzles_1.5/res/Lr.xml using Guid(e9c8dc8bb7d76284ea19e899f7483e71) Importer(2089858483,b0f066a214c2f5e87bad3c948f4d605d) (ScriptedImporter) -> (artifact id: '3226c170f4d37885737f6b0b542d2bf8') in 0.0038195 seconds
Number of updated asset objects reloaded before import = 0Number of asset objects unloaded after import = 1

========================================================================
Received Import Request.
  Time since last request: 0.000123 seconds.
  path: Assets/GamerExtremo/res/wm.png
  artifactKey: Guid(32e98b6f53d7a4246a092580856d46b4) Importer(2089858483,b0f066a214c2f5e87bad3c948f4d605d)
Start importing Assets/GamerExtremo/res/wm.png using Guid(32e98b6f53d7a4246a092580856d46b4) Importer(2089858483,b0f066a214c2f5e87bad3c948f4d605d) (ScriptedImporter) -> (artifact id: '16da178fc3427888190d59e1a8c9e9e0') in 0.008407 seconds
Number of updated asset objects reloaded before import = 0Number of asset objects unloaded after import = 3

========================================================================
Received Import Request.
  Time since last request: 0.000016 seconds.
  path: Assets/GamerExtremo/res/lE.png
  artifactKey: Guid(60ec81f229941ef42b42fc8f7f3b8bf7) Importer(2089858483,b0f066a214c2f5e87bad3c948f4d605d)
Start importing Assets/GamerExtremo/res/lE.png using Guid(60ec81f229941ef42b42fc8f7f3b8bf7) Importer(2089858483,b0f066a214c2f5e87bad3c948f4d605d) (ScriptedImporter) -> (artifact id: 'c1a4745d041fea2997c8b5ec86ce3206') in 0.0071856 seconds
Number of updated asset objects reloaded before import = 0Number of asset objects unloaded after import = 3

========================================================================
Received Import Request.
  Time since last request: 0.000017 seconds.
  path: Assets/GamerExtremo/RIP/Electric Puzzles_1.5/✅ New Folder/TRASH
  artifactKey: Guid(323c8094ef223d14a989ffe960bef70e) Importer(2089858483,b0f066a214c2f5e87bad3c948f4d605d)
Start importing Assets/GamerExtremo/RIP/Electric Puzzles_1.5/✅ New Folder/TRASH using Guid(323c8094ef223d14a989ffe960bef70e) Importer(2089858483,b0f066a214c2f5e87bad3c948f4d605d) (ScriptedImporter) -> (artifact id: 'b245d9a412bca0c86db78567832926a2') in 0.003585 seconds
Number of updated asset objects reloaded before import = 0Number of asset objects unloaded after import = 1

========================================================================
Received Import Request.
  Time since last request: 0.000095 seconds.
  path: Assets/GamerExtremo/RIP/Electric Puzzles_1.5/FIOS/black/lP.9.png
  artifactKey: Guid(c0daf9e55e7b77e459fabbdbd824e6f3) Importer(2089858483,b0f066a214c2f5e87bad3c948f4d605d)
Start importing Assets/GamerExtremo/RIP/Electric Puzzles_1.5/FIOS/black/lP.9.png using Guid(c0daf9e55e7b77e459fabbdbd824e6f3) Importer(2089858483,b0f066a214c2f5e87bad3c948f4d605d) (ScriptedImporter) -> (artifact id: '3665e56b2b5774e008e1a5ddedfcffc7') in 0.0072524 seconds
Number of updated asset objects reloaded before import = 0Number of asset objects unloaded after import = 3

========================================================================
Received Import Request.
  Time since last request: 0.000034 seconds.
  path: Assets/GamerExtremo/RIP/Electric Puzzles_1.5/✅ New Folder/XML/4u.xml
  artifactKey: Guid(98b0a536ffe692b4289f093d3faeef4a) Importer(2089858483,b0f066a214c2f5e87bad3c948f4d605d)
Start importing Assets/GamerExtremo/RIP/Electric Puzzles_1.5/✅ New Folder/XML/4u.xml using Guid(98b0a536ffe692b4289f093d3faeef4a) Importer(2089858483,b0f066a214c2f5e87bad3c948f4d605d) (ScriptedImporter) -> (artifact id: '2479caceafa738a7e00ca867bafc4262') in 0.0038489 seconds
Number of updated asset objects reloaded before import = 0Number of asset objects unloaded after import = 1

========================================================================
Received Import Request.
  Time since last request: 0.000143 seconds.
  path: Assets/GamerExtremo/Resources/Player/walk (5).png
  artifactKey: Guid(2fd9f8da65fa321498336b94da499b48) Importer(2089858483,b0f066a214c2f5e87bad3c948f4d605d)
Start importing Assets/GamerExtremo/Resources/Player/walk (5).png using Guid(2fd9f8da65fa321498336b94da499b48) Importer(2089858483,b0f066a214c2f5e87bad3c948f4d605d) (ScriptedImporter) -> (artifact id: 'f8a3b7d532f386463886d8a198450ab1') in 0.0080669 seconds
Number of updated asset objects reloaded before import = 0Number of asset objects unloaded after import = 3

========================================================================
Received Import Request.
  Time since last request: 0.000017 seconds.
  path: Assets/GamerExtremo/res/38.png
  artifactKey: Guid(57e1b8cd040796a46852e6d4bd1de4ac) Importer(2089858483,b0f066a214c2f5e87bad3c948f4d605d)
Start importing Assets/GamerExtremo/res/38.png using Guid(57e1b8cd040796a46852e6d4bd1de4ac) Importer(2089858483,b0f066a214c2f5e87bad3c948f4d605d) (ScriptedImporter) -> (artifact id: '6ad8f43e0bf0f4adc7570795740b6d47') in 0.0076265 seconds
Number of updated asset objects reloaded before import = 0Number of asset objects unloaded after import = 3

========================================================================
Received Import Request.
  Time since last request: 0.000023 seconds.
  path: Assets/GamerExtremo/RIP/Electric Puzzles_1.5/res/PQ.png
  artifactKey: Guid(5db93365db3517b4f969b62df904c331) Importer(2089858483,b0f066a214c2f5e87bad3c948f4d605d)
Start importing Assets/GamerExtremo/RIP/Electric Puzzles_1.5/res/PQ.png using Guid(5db93365db3517b4f969b62df904c331) Importer(2089858483,b0f066a214c2f5e87bad3c948f4d605d) (ScriptedImporter) -> (artifact id: 'fb012c65d551e64bd8778dda7980886f') in 0.0091002 seconds
Number of updated asset objects reloaded before import = 0Number of asset objects unloaded after import = 3

========================================================================
Received Import Request.
  Time since last request: 0.000040 seconds.
  path: Assets/GamerExtremo/RIP/Electric Puzzles_1.5/Pictures/Grids/Block2--2D2D2D.png
  artifactKey: Guid(756e2e6cb019aa9489a7f0c60e5c34f0) Importer(2089858483,b0f066a214c2f5e87bad3c948f4d605d)
Start importing Assets/GamerExtremo/RIP/Electric Puzzles_1.5/Pictures/Grids/Block2--2D2D2D.png using Guid(756e2e6cb019aa9489a7f0c60e5c34f0) Importer(2089858483,b0f066a214c2f5e87bad3c948f4d605d) (ScriptedImporter) -> (artifact id: '7d957c2d24c5fe645a4b6f2c2189f658') in 0.0072311 seconds
Number of updated asset objects reloaded before import = 0Number of asset objects unloaded after import = 3

========================================================================
Received Import Request.
  Time since last request: 0.000044 seconds.
  path: Assets/GamerExtremo/RIP/Electric Puzzles_1.5/res/yV.xml
  artifactKey: Guid(15c90563bff53a54d9979c0206188ee5) Importer(2089858483,b0f066a214c2f5e87bad3c948f4d605d)
Start importing Assets/GamerExtremo/RIP/Electric Puzzles_1.5/res/yV.xml using Guid(15c90563bff53a54d9979c0206188ee5) Importer(2089858483,b0f066a214c2f5e87bad3c948f4d605d) (ScriptedImporter) -> (artifact id: 'bd966be5711fa79b12bb9c3f066de4b7') in 0.0033331 seconds
Number of updated asset objects reloaded before import = 0Number of asset objects unloaded after import = 1

========================================================================
Received Import Request.
  Time since last request: 0.000095 seconds.
  path: Assets/GamerExtremo/res/Ol.xml
  artifactKey: Guid(5aa5bfca45cef2c4c90170cd1b771b48) Importer(2089858483,b0f066a214c2f5e87bad3c948f4d605d)
Start importing Assets/GamerExtremo/res/Ol.xml using Guid(5aa5bfca45cef2c4c90170cd1b771b48) Importer(2089858483,b0f066a214c2f5e87bad3c948f4d605d) (ScriptedImporter) -> (artifact id: '265ecb29906758cdda400ea18719f925') in 0.0033581 seconds
Number of updated asset objects reloaded before import = 0Number of asset objects unloaded after import = 1

========================================================================
Received Import Request.
  Time since last request: 0.000124 seconds.
  path: Assets/GamerExtremo/RIP/Electric Puzzles_1.5/res/6H.png
  artifactKey: Guid(8738ba2beb3cd7e40973132f8edc0c0e) Importer(2089858483,b0f066a214c2f5e87bad3c948f4d605d)
Start importing Assets/GamerExtremo/RIP/Electric Puzzles_1.5/res/6H.png using Guid(8738ba2beb3cd7e40973132f8edc0c0e) Importer(2089858483,b0f066a214c2f5e87bad3c948f4d605d) (ScriptedImporter) -> (artifact id: 'a9ab3da99055b7a24e3684158086259a') in 0.0075294 seconds
Number of updated asset objects reloaded before import = 0Number of asset objects unloaded after import = 3

========================================================================
Received Import Request.
  Time since last request: 0.000019 seconds.
  path: Assets/GamerExtremo/RIP/Electric Puzzles_1.5/res/1F.png
  artifactKey: Guid(9924c1900b7157a4ba1ec4402deb0458) Importer(2089858483,b0f066a214c2f5e87bad3c948f4d605d)
Start importing Assets/GamerExtremo/RIP/Electric Puzzles_1.5/res/1F.png using Guid(9924c1900b7157a4ba1ec4402deb0458) Importer(2089858483,b0f066a214c2f5e87bad3c948f4d605d) (ScriptedImporter) -> (artifact id: '418d23a04ca67f01097fb8a6667deb4c') in 0.0068098 seconds
Number of updated asset objects reloaded before import = 0Number of asset objects unloaded after import = 3

========================================================================
Received Import Request.
  Time since last request: 0.000017 seconds.
  path: Assets/GamerExtremo/RIP/Electric Puzzles_1.5/res/wm.png
  artifactKey: Guid(52f5f64fcd720ff41b6755ba14603006) Importer(2089858483,b0f066a214c2f5e87bad3c948f4d605d)
Start importing Assets/GamerExtremo/RIP/Electric Puzzles_1.5/res/wm.png using Guid(52f5f64fcd720ff41b6755ba14603006) Importer(2089858483,b0f066a214c2f5e87bad3c948f4d605d) (ScriptedImporter) -> (artifact id: '9f086ae603ee2c308d8778e92d4385a6') in 0.0072275 seconds
Number of updated asset objects reloaded before import = 0Number of asset objects unloaded after import = 3

