[Licensing::Module] Trying to connect to existing licensing client channel...
Built from '6000.3/staging' branch; Version is '6000.3.8f1 (1c7db571dde0) revision 1867189'; Using compiler version '194234433'; Build Type 'Release'
[Licensing::IpcConnector] Successfully connected to: "LicenseClient-easyk" at "2026-04-13T23:37:14.9025976Z"
OS: 'Windows 11  (10.0.26200) CoreSingleLanguage' Language: 'pt' Physical Memory: 16107 MB
BatchMode: 1, IsHumanControllingUs: 0, StartBugReporterOnCrash: 0, Is64bit: 1
System  architecture: x64
Process architecture: x64
Date: 2026-04-13T23:37:14Z

COMMAND LINE ARGUMENTS:
C:\Program Files\Unity\Hub\Editor\6000.3.8f1\Editor\Unity.exe
-adb2
-batchMode
-noUpm
-name
AssetImportWorker0
-projectPath
C:/Projetos/Unity/RPG Turn FF
-logFile
Logs/AssetImportWorker0.log
-srvPort
53968
-licensingIpc
LicenseClient-easyk
-job-worker-count
5
-background-job-worker-count
8
-gc-helper-count
1
-name
AssetImport
Successfully changed project path to: C:/Projetos/Unity/RPG Turn FF
C:/Projetos/Unity/RPG Turn FF
[UnityMemory] Configuration Parameters - Can be set up in boot.config
    "memorysetup-temp-allocator-size-nav-mesh-worker=65536"
    "memorysetup-temp-allocator-size-audio-worker=65536"
    "memorysetup-temp-allocator-size-gfx=262144"
    "memorysetup-allocator-temp-initial-block-size-main=262144"
    "memorysetup-allocator-temp-initial-block-size-worker=262144"
    "memorysetup-temp-allocator-size-background-worker=32768"
    "memorysetup-temp-allocator-size-job-worker=262144"
    "memorysetup-temp-allocator-size-preload-manager=33554432"
    "memorysetup-temp-allocator-size-gi-baking-worker=262144"
    "memorysetup-temp-allocator-size-gi-baking-worker=262144"
    "memorysetup-temp-allocator-size-gi-baking-worker=262144"
    "memorysetup-temp-allocator-size-gi-baking-worker=262144"
    "memorysetup-temp-allocator-size-gi-baking-worker=262144"
    "memorysetup-bucket-allocator-granularity=16"
    "memorysetup-bucket-allocator-bucket-count=8"
    "memorysetup-bucket-allocator-block-size=33554432"
    "memorysetup-bucket-allocator-block-count=8"
    "memorysetup-main-allocator-block-size=16777216"
    "memorysetup-thread-allocator-block-size=16777216"
    "memorysetup-gfx-main-allocator-block-size=16777216"
    "memorysetup-gfx-thread-allocator-block-size=16777216"
    "memorysetup-cache-allocator-block-size=4194304"
    "memorysetup-typetree-allocator-block-size=2097152"
    "memorysetup-profiler-bucket-allocator-granularity=16"
    "memorysetup-profiler-bucket-allocator-bucket-count=8"
    "memorysetup-profiler-bucket-allocator-block-size=33554432"
    "memorysetup-profiler-bucket-allocator-block-count=8"
    "memorysetup-profiler-allocator-block-size=16777216"
    "memorysetup-profiler-editor-allocator-block-size=1048576"
    "memorysetup-temp-allocator-size-main=16777216"
    "memorysetup-job-temp-allocator-block-size=2097152"
    "memorysetup-job-temp-allocator-block-size-background=1048576"
    "memorysetup-job-temp-allocator-reduction-small-platforms=262144"
    "memorysetup-temp-allocator-size-cloud-worker=32768"
Player connection [58696]  Target information:

Player connection [58696]  * "[IP] 192.168.15.4 [Port] 0 [Flags] 2 [Guid] 1395208225 [EditorId] 1395208225 [Version] 1048832 [Id] WindowsEditor(7,Note-Gamer-02) [Debug] 1 [PackageName] WindowsEditor [ProjectName] Editor" 

Player connection [58696] Host joined multi-casting on [225.0.0.222:54997]...
Player connection [58696] Host joined alternative multi-casting on [225.0.0.222:34997]...
JobSystem: Creating JobQueue using job-worker-count value 5
Input System module state changed to: Initialized.
[Physics::Module] Initialized fallback backend.
[Physics::Module] Id: 0xdecafbad
Library Redirect Path: Library/
[Physics::Module] Selected backend.
[Physics::Module] Name: PhysX
[Physics::Module] Id: 0xf2b8ea05
[Physics::Module] SDK Version: 4.1.2
[Physics::Module] Integration Version: 1.0.0
[Physics::Module] Threading Mode: Multi-Threaded
Refreshing native plugins compatible for Editor in 4.93 ms, found 4 plugins.
Preloading 0 native plugins for Editor in 0.00 ms.
Initialize engine version: 6000.3.8f1 (1c7db571dde0)
[Subsystems] Discovering subsystems at path C:/Program Files/Unity/Hub/Editor/6000.3.8f1/Editor/Data/Resources/UnitySubsystems
[Subsystems] Discovering subsystems at path C:/Projetos/Unity/RPG Turn FF/Assets
GfxDevice: creating device client; kGfxThreadingModeNonThreaded
Direct3D:
    Version:  Direct3D 11.0 [level 11.1]
    Renderer: NVIDIA GeForce RTX 3050 6GB Laptop GPU (ID=0x25ac)
    Vendor:   NVIDIA
    VRAM:     6001 MB
    Driver:   32.0.15.9144
Initialize mono
Mono path[0] = 'C:/Program Files/Unity/Hub/Editor/6000.3.8f1/Editor/Data/Managed'
Mono path[1] = 'C:/Program Files/Unity/Hub/Editor/6000.3.8f1/Editor/Data/MonoBleedingEdge/lib/mono/unityjit-win32'
Mono config path = 'C:/Program Files/Unity/Hub/Editor/6000.3.8f1/Editor/Data/MonoBleedingEdge/etc'
Using monoOptions --debugger-agent=transport=dt_socket,embedding=1,server=y,suspend=n,address=127.0.0.1:56240
Begin MonoManager ReloadAssembly
Registering precompiled unity dll's ...
Register platform support module: C:/Program Files/Unity/Hub/Editor/6000.3.8f1/Editor/Data/PlaybackEngines/WebGLSupport/UnityEditor.WebGL.Extensions.dll
Register platform support module: C:/Program Files/Unity/Hub/Editor/6000.3.8f1/Editor/Data/PlaybackEngines/WindowsStandaloneSupport/UnityEditor.WindowsStandalone.Extensions.dll
[Licensing::Module] Licensing is not yet initialized.
[Licensing::Client] Error: HandshakeResponse reported an error:
	ResponseCode: 505
	ResponseStatus: Unsupported protocol version '1.17.4'.
[Licensing::Module] Error: Failed to handshake to channel: "LicenseClient-easyk"
[Licensing::IpcConnector] LicenseClient-easyk channel disconnected successfully.
[Licensing::IpcConnector] Successfully connected to: "LicenseClient-easyk-6000.3.8" at "2026-04-13T23:37:16.9694163Z"
[Licensing::Client] Handshaking with LicensingClient:
  Version:                 1.17.4+4293ba1
  Session Id:              b9feb72c058f44c7b06a19f2aa27d3f2
  Correlation Id:          3a6ace3cf0f90d1e4a086f32d58f4847
  External correlation Id: 6227903530448802188
  Machine Id:              kMNEUnsgNiZixl04/RVOgNQ84ns=
[Licensing::Module] Successfully connected to LicensingClient on channel: "LicenseClient-easyk-6000.3.8" (connect: 0.00s, validation: 0.00s, handshake: 2.76s)
[Licensing::IpcConnector] Successfully connected to: "LicenseClient-easyk-6000.3.8-notifications" at "2026-04-13T23:37:19.7300155Z"
[Licensing::Module] Licensing Background thread has ended after 4.83s
[Licensing::Module] Licensing is initialized (took 2.91s).
[Licensing::Client] Successfully resolved entitlement details
[Licensing::Module] License group:
  Id: 4673389566446-UnityPersXXXX
  Product: Unity Personal
  Type: Assigned
  Expiration: Unlimited
Register platform support module: C:/Program Files/Unity/Hub/Editor/6000.3.8f1/Editor/Data/PlaybackEngines/AndroidPlayer/UnityEditor.Android.Extensions.dll
Registered in 2.916582 seconds.
- Loaded All Assemblies, in  3.690 seconds
Native extension for Android target not found
Android Extension - Scanning For ADB Devices 707 ms
Native extension for WindowsStandalone target not found
Native extension for WebGL target not found
ScheduleIndexationOnStartup MainProcess:False IndexOnStartup:True
Mono: successfully reloaded assembly
- Finished resetting the current domain, in  1.672 seconds
Domain Reload Profiling: 5355ms
	BeginReloadAssembly (185ms)
		ExecutionOrderSort (0ms)
		DisableScriptedObjects (0ms)
		BackupInstance (0ms)
		ReleaseScriptingObjects (0ms)
		CreateAndSetChildDomain (1ms)
	RebuildCommonClasses (58ms)
	RebuildNativeTypeToScriptingClass (17ms)
	initialDomainReloadingComplete (3014ms)
	LoadAllAssembliesAndSetupDomain (409ms)
		LoadAssemblies (184ms)
		RebuildTransferFunctionScriptingTraits (0ms)
		AnalyzeDomain (401ms)
			TypeCache.Refresh (399ms)
				TypeCache.ScanAssembly (376ms)
			BuildScriptInfoCaches (0ms)
			ResolveRequiredComponents (1ms)
	FinalizeReload (1673ms)
		ReleaseScriptCaches (0ms)
		RebuildScriptCaches (0ms)
		SetupLoadedEditorAssemblies (1611ms)
			LogAssemblyErrors (0ms)
			InitializePlatformSupportModulesInManaged (877ms)
			SetLoadedEditorAssemblies (11ms)
			BeforeProcessingInitializeOnLoad (226ms)
			ProcessInitializeOnLoadAttributes (361ms)
			ProcessInitializeOnLoadMethodAttributes (135ms)
			AfterProcessingInitializeOnLoad (0ms)
			EditorAssembliesLoaded (0ms)
		ExecutionOrderSort2 (0ms)
		AwakeInstancesAfterBackupRestoration (0ms)
========================================================================
Worker process is ready to serve import requests
Import Worker Mode flag is 0x00
Begin MonoManager ReloadAssembly
[Licensing::Client] Successfully resolved entitlement details
- Loaded All Assemblies, in  1.432 seconds
Refreshing native plugins compatible for Editor in 4.27 ms, found 4 plugins.
Native extension for Android target not found
Native extension for WindowsStandalone target not found
Native extension for WebGL target not found
Package Manager log level set to [2]
[Package Manager] Failed to launch server process. Reason: Unity was launched with the -noUpm command-line argument
[Package Manager] Unable to send message (not connected to server process).
[Package Manager] Cannot connect to Unity Package Manager local server
ScheduleIndexationOnStartup MainProcess:False IndexOnStartup:True
Mono: successfully reloaded assembly
- Finished resetting the current domain, in  1.438 seconds
Domain Reload Profiling: 2858ms
	BeginReloadAssembly (322ms)
		ExecutionOrderSort (0ms)
		DisableScriptedObjects (10ms)
		BackupInstance (0ms)
		ReleaseScriptingObjects (0ms)
		CreateAndSetChildDomain (49ms)
	RebuildCommonClasses (61ms)
	RebuildNativeTypeToScriptingClass (22ms)
	initialDomainReloadingComplete (74ms)
	LoadAllAssembliesAndSetupDomain (940ms)
		LoadAssemblies (679ms)
		RebuildTransferFunctionScriptingTraits (0ms)
		AnalyzeDomain (446ms)
			TypeCache.Refresh (337ms)
				TypeCache.ScanAssembly (312ms)
			BuildScriptInfoCaches (95ms)
			ResolveRequiredComponents (8ms)
	FinalizeReload (1438ms)
		ReleaseScriptCaches (0ms)
		RebuildScriptCaches (0ms)
		SetupLoadedEditorAssemblies (1231ms)
			LogAssemblyErrors (0ms)
			InitializePlatformSupportModulesInManaged (18ms)
			SetLoadedEditorAssemblies (5ms)
			BeforeProcessingInitializeOnLoad (360ms)
			ProcessInitializeOnLoadAttributes (639ms)
			ProcessInitializeOnLoadMethodAttributes (189ms)
			AfterProcessingInitializeOnLoad (19ms)
			EditorAssembliesLoaded (1ms)
		ExecutionOrderSort2 (0ms)
		AwakeInstancesAfterBackupRestoration (17ms)
Launched and connected shader compiler UnityShaderCompiler.exe after 0.02 seconds
Refreshing native plugins compatible for Editor in 4.36 ms, found 4 plugins.
Preloading 0 native plugins for Editor in 0.00 ms.
Unloading 0 Unused Serialized files (Serialized files now loaded: 0)
Unloading 5172 unused Assets / (1.5 MB). Loaded Objects now: 5762.
Memory consumption went from 107.2 MB to 105.7 MB.
Total: 19.900300 ms (FindLiveObjects: 0.967200 ms CreateObjectMapping: 1.484900 ms MarkObjects: 15.367300 ms  DeleteObjects: 2.078700 ms)

========================================================================
Received Import Request.
  Time since last request: 766181.698506 seconds.
  path: Assets/GamerExtremo/RIP/Electric Puzzles_1.5/res/Oc.png
  artifactKey: Guid(4a45a43e14880c34fa4ff5ae8eabe3d0) Importer(2089858483,b0f066a214c2f5e87bad3c948f4d605d)
Start importing Assets/GamerExtremo/RIP/Electric Puzzles_1.5/res/Oc.png using Guid(4a45a43e14880c34fa4ff5ae8eabe3d0) Importer(2089858483,b0f066a214c2f5e87bad3c948f4d605d) (ScriptedImporter) -> (artifact id: '9f756d7e2f575e6c2614446f37016214') in 0.2588596 seconds
Number of updated asset objects reloaded before import = 0Number of asset objects unloaded after import = 3

========================================================================
Received Import Request.
  Time since last request: 0.000039 seconds.
  path: Assets/GamerExtremo/RIP/Electric Puzzles_1.5/res/xQ.png
  artifactKey: Guid(d2adaa7f6d587164683a89e31511ac77) Importer(2089858483,b0f066a214c2f5e87bad3c948f4d605d)
Start importing Assets/GamerExtremo/RIP/Electric Puzzles_1.5/res/xQ.png using Guid(d2adaa7f6d587164683a89e31511ac77) Importer(2089858483,b0f066a214c2f5e87bad3c948f4d605d) (ScriptedImporter) -> (artifact id: '1c7db3bde2b81fb9802bf85dc0fd1a32') in 0.0224188 seconds
Number of updated asset objects reloaded before import = 0Number of asset objects unloaded after import = 3

========================================================================
Received Import Request.
  Time since last request: 0.000039 seconds.
  path: Assets/GamerExtremo/Resources/BillingMode.json
  artifactKey: Guid(335004f58eb7efa418eee2518ff2e37e) Importer(2089858483,b0f066a214c2f5e87bad3c948f4d605d)
Start importing Assets/GamerExtremo/Resources/BillingMode.json using Guid(335004f58eb7efa418eee2518ff2e37e) Importer(2089858483,b0f066a214c2f5e87bad3c948f4d605d) (ScriptedImporter) -> (artifact id: 'f39f80295e812451a9dfd05c9c5c1193') in 0.0126723 seconds
Number of updated asset objects reloaded before import = 0Number of asset objects unloaded after import = 1

========================================================================
Received Import Request.
  Time since last request: 0.000226 seconds.
  path: Assets/GamerExtremo/RIP/Electric Puzzles_1.5/✅ New Folder/XML/Rt.xml
  artifactKey: Guid(3548138a4a8c42548ac86c9e02d4f0b9) Importer(2089858483,b0f066a214c2f5e87bad3c948f4d605d)
Start importing Assets/GamerExtremo/RIP/Electric Puzzles_1.5/✅ New Folder/XML/Rt.xml using Guid(3548138a4a8c42548ac86c9e02d4f0b9) Importer(2089858483,b0f066a214c2f5e87bad3c948f4d605d) (ScriptedImporter) -> (artifact id: '4e7f72d68ea601bf4480e06a9887efe5') in 0.0107587 seconds
Number of updated asset objects reloaded before import = 0Number of asset objects unloaded after import = 1

========================================================================
Received Import Request.
  Time since last request: 0.000170 seconds.
  path: Assets/GamerExtremo/RIP/Electric Puzzles_1.5/res/xH.png
  artifactKey: Guid(cf4f487b0f11a154a8f24bc086486ed5) Importer(2089858483,b0f066a214c2f5e87bad3c948f4d605d)
Start importing Assets/GamerExtremo/RIP/Electric Puzzles_1.5/res/xH.png using Guid(cf4f487b0f11a154a8f24bc086486ed5) Importer(2089858483,b0f066a214c2f5e87bad3c948f4d605d) (ScriptedImporter) -> (artifact id: '13f65b5e46730e379bb20b1eaa6ecce9') in 0.0267979 seconds
Number of updated asset objects reloaded before import = 0Number of asset objects unloaded after import = 3

========================================================================
Received Import Request.
  Time since last request: 0.000650 seconds.
  path: Assets/GamerExtremo/RIP/Electric Puzzles_1.5/res/u3.png
  artifactKey: Guid(4e083ef3e35a045449484dbf49b91594) Importer(2089858483,b0f066a214c2f5e87bad3c948f4d605d)
Start importing Assets/GamerExtremo/RIP/Electric Puzzles_1.5/res/u3.png using Guid(4e083ef3e35a045449484dbf49b91594) Importer(2089858483,b0f066a214c2f5e87bad3c948f4d605d) (ScriptedImporter) -> (artifact id: '105795f73aeae16ff700934479e5d904') in 0.0244167 seconds
Number of updated asset objects reloaded before import = 0Number of asset objects unloaded after import = 3

========================================================================
Received Import Request.
  Time since last request: 0.000032 seconds.
  path: Assets/GamerExtremo/res/GD.xml
  artifactKey: Guid(6e959e203d71cb6408db210697bf2c58) Importer(2089858483,b0f066a214c2f5e87bad3c948f4d605d)
Start importing Assets/GamerExtremo/res/GD.xml using Guid(6e959e203d71cb6408db210697bf2c58) Importer(2089858483,b0f066a214c2f5e87bad3c948f4d605d) (ScriptedImporter) -> (artifact id: '5a66105ab05ef878f50e836d1d466b51') in 0.0117917 seconds
Number of updated asset objects reloaded before import = 0Number of asset objects unloaded after import = 1

========================================================================
Received Import Request.
  Time since last request: 0.000089 seconds.
  path: Assets/GamerExtremo/RIP/Electric Puzzles_1.5/✅ New Folder/UPDATE/ANTI TIME
  artifactKey: Guid(238b0421fc690d5468c153074763e18e) Importer(2089858483,b0f066a214c2f5e87bad3c948f4d605d)
Start importing Assets/GamerExtremo/RIP/Electric Puzzles_1.5/✅ New Folder/UPDATE/ANTI TIME using Guid(238b0421fc690d5468c153074763e18e) Importer(2089858483,b0f066a214c2f5e87bad3c948f4d605d) (ScriptedImporter) -> (artifact id: '01561ed49518f6abd77341d26f088751') in 0.0071279 seconds
Number of updated asset objects reloaded before import = 0Number of asset objects unloaded after import = 1

========================================================================
Received Import Request.
  Time since last request: 0.000100 seconds.
  path: Assets/GamerExtremo/res/6t.png
  artifactKey: Guid(3626dad263c6fb44fab937b5ab0181c3) Importer(2089858483,b0f066a214c2f5e87bad3c948f4d605d)
Start importing Assets/GamerExtremo/res/6t.png using Guid(3626dad263c6fb44fab937b5ab0181c3) Importer(2089858483,b0f066a214c2f5e87bad3c948f4d605d) (ScriptedImporter) -> (artifact id: '83b1b75f86b0ee61e17337f17ba6abe7') in 0.0221526 seconds
Number of updated asset objects reloaded before import = 0Number of asset objects unloaded after import = 3

========================================================================
Received Import Request.
  Time since last request: 0.000025 seconds.
  path: Assets/GamerExtremo/res/IG.png
  artifactKey: Guid(0f0ee2165302c074e87afaf668f8ce54) Importer(2089858483,b0f066a214c2f5e87bad3c948f4d605d)
Start importing Assets/GamerExtremo/res/IG.png using Guid(0f0ee2165302c074e87afaf668f8ce54) Importer(2089858483,b0f066a214c2f5e87bad3c948f4d605d) (ScriptedImporter) -> (artifact id: '41472f33c260e37b9268f8d51c997e49') in 0.0170513 seconds
Number of updated asset objects reloaded before import = 0Number of asset objects unloaded after import = 3

========================================================================
Received Import Request.
  Time since last request: 0.000025 seconds.
  path: Assets/GamerExtremo/RIP/Electric Puzzles_1.5/✅ New Folder/CIRCLE/CIRCLE +PLUSS  -MINUS/7V.png
  artifactKey: Guid(d6cf562cf12fc624cb1b45d04400b21a) Importer(2089858483,b0f066a214c2f5e87bad3c948f4d605d)
Start importing Assets/GamerExtremo/RIP/Electric Puzzles_1.5/✅ New Folder/CIRCLE/CIRCLE +PLUSS  -MINUS/7V.png using Guid(d6cf562cf12fc624cb1b45d04400b21a) Importer(2089858483,b0f066a214c2f5e87bad3c948f4d605d) (ScriptedImporter) -> (artifact id: '69648444320acc2c5c6146535fb7db11') in 0.0245277 seconds
Number of updated asset objects reloaded before import = 0Number of asset objects unloaded after import = 3

========================================================================
Received Import Request.
  Time since last request: 0.000041 seconds.
  path: Assets/GamerExtremo/RIP/Electric Puzzles_1.5/✅ New Folder/EARTH/NP1.png
  artifactKey: Guid(5f7ef0d428453b3469392c7e5e02b001) Importer(2089858483,b0f066a214c2f5e87bad3c948f4d605d)
Start importing Assets/GamerExtremo/RIP/Electric Puzzles_1.5/✅ New Folder/EARTH/NP1.png using Guid(5f7ef0d428453b3469392c7e5e02b001) Importer(2089858483,b0f066a214c2f5e87bad3c948f4d605d) (ScriptedImporter) -> (artifact id: '56cf3f59975edd455f2df77f68598df0') in 0.0196806 seconds
Number of updated asset objects reloaded before import = 0Number of asset objects unloaded after import = 3

========================================================================
Received Import Request.
  Time since last request: 0.000040 seconds.
  path: Assets/GamerExtremo/res/RN.png
  artifactKey: Guid(c8390f923ebdcde4fb9aeb7bf8802f94) Importer(2089858483,b0f066a214c2f5e87bad3c948f4d605d)
Start importing Assets/GamerExtremo/res/RN.png using Guid(c8390f923ebdcde4fb9aeb7bf8802f94) Importer(2089858483,b0f066a214c2f5e87bad3c948f4d605d) (ScriptedImporter) -> (artifact id: '6dcf72e8f02c509fefe9f2f82a9a7550') in 0.0185266 seconds
Number of updated asset objects reloaded before import = 0Number of asset objects unloaded after import = 3

========================================================================
Received Import Request.
  Time since last request: 0.000040 seconds.
  path: Assets/GamerExtremo/RIP/Electric Puzzles_1.5/✅ New Folder/THREE POINTS/e2.png
  artifactKey: Guid(28af3c5cc3f045f4ca4a71a8b41b1570) Importer(2089858483,b0f066a214c2f5e87bad3c948f4d605d)
Start importing Assets/GamerExtremo/RIP/Electric Puzzles_1.5/✅ New Folder/THREE POINTS/e2.png using Guid(28af3c5cc3f045f4ca4a71a8b41b1570) Importer(2089858483,b0f066a214c2f5e87bad3c948f4d605d) (ScriptedImporter) -> (artifact id: '150922e5cd1597ea8b4cada1f8395fd0') in 0.0197289 seconds
Number of updated asset objects reloaded before import = 0Number of asset objects unloaded after import = 3

========================================================================
Received Import Request.
  Time since last request: 0.000029 seconds.
  path: Assets/GamerExtremo/Resources/Player/attack (4).png
  artifactKey: Guid(6ee0184424d491f4ab92f445c47a3f9a) Importer(2089858483,b0f066a214c2f5e87bad3c948f4d605d)
Start importing Assets/GamerExtremo/Resources/Player/attack (4).png using Guid(6ee0184424d491f4ab92f445c47a3f9a) Importer(2089858483,b0f066a214c2f5e87bad3c948f4d605d) (ScriptedImporter) -> (artifact id: 'bd63cdf9dbb7aeb9280d5c27ed3b4d08') in 0.0242955 seconds
Number of updated asset objects reloaded before import = 0Number of asset objects unloaded after import = 3

========================================================================
Received Import Request.
  Time since last request: 0.000060 seconds.
  path: Assets/GamerExtremo/Resources/Player/attack (9).png
  artifactKey: Guid(722375a7ee69a084d8013f5456b15bd9) Importer(2089858483,b0f066a214c2f5e87bad3c948f4d605d)
Start importing Assets/GamerExtremo/Resources/Player/attack (9).png using Guid(722375a7ee69a084d8013f5456b15bd9) Importer(2089858483,b0f066a214c2f5e87bad3c948f4d605d) (ScriptedImporter) -> (artifact id: '8151a5cb5129cd9a33160eebef630ac3') in 0.0207649 seconds
Number of updated asset objects reloaded before import = 0Number of asset objects unloaded after import = 3

========================================================================
Received Import Request.
  Time since last request: 0.000026 seconds.
  path: Assets/GamerExtremo/res/Qn.png
  artifactKey: Guid(64f8cff72328758488b053ad9575bd37) Importer(2089858483,b0f066a214c2f5e87bad3c948f4d605d)
Start importing Assets/GamerExtremo/res/Qn.png using Guid(64f8cff72328758488b053ad9575bd37) Importer(2089858483,b0f066a214c2f5e87bad3c948f4d605d) (ScriptedImporter) -> (artifact id: 'f216609de46b5366ff1fa4122f1eda43') in 0.025709 seconds
Number of updated asset objects reloaded before import = 0Number of asset objects unloaded after import = 3

========================================================================
Received Import Request.
  Time since last request: 0.000025 seconds.
  path: Assets/GamerExtremo/RIP/Electric Puzzles_1.5/res/qA.xml
  artifactKey: Guid(b1fdbbba96b199a438cb35807cff32e7) Importer(2089858483,b0f066a214c2f5e87bad3c948f4d605d)
Start importing Assets/GamerExtremo/RIP/Electric Puzzles_1.5/res/qA.xml using Guid(b1fdbbba96b199a438cb35807cff32e7) Importer(2089858483,b0f066a214c2f5e87bad3c948f4d605d) (ScriptedImporter) -> (artifact id: 'fda594a1b7be337b33e9615ad26723f4') in 0.0080643 seconds
Number of updated asset objects reloaded before import = 0Number of asset objects unloaded after import = 1

========================================================================
Received Import Request.
  Time since last request: 0.000035 seconds.
  path: Assets/GamerExtremo/RIP/Electric Puzzles_1.5/FIOS/branco/NZ.9.png
  artifactKey: Guid(68eb1390cc3d30f43a9fcb0d4faa818d) Importer(2089858483,b0f066a214c2f5e87bad3c948f4d605d)
Start importing Assets/GamerExtremo/RIP/Electric Puzzles_1.5/FIOS/branco/NZ.9.png using Guid(68eb1390cc3d30f43a9fcb0d4faa818d) Importer(2089858483,b0f066a214c2f5e87bad3c948f4d605d) (ScriptedImporter) -> (artifact id: '0c402cd5db713143bf4713dab0025a5b') in 0.0234679 seconds
Number of updated asset objects reloaded before import = 0Number of asset objects unloaded after import = 3

========================================================================
Received Import Request.
  Time since last request: 0.000024 seconds.
  path: Assets/GamerExtremo/RIP/Electric Puzzles_1.5/res/cN.png
  artifactKey: Guid(c3d54210f79a08048858463d203e8bda) Importer(2089858483,b0f066a214c2f5e87bad3c948f4d605d)
Start importing Assets/GamerExtremo/RIP/Electric Puzzles_1.5/res/cN.png using Guid(c3d54210f79a08048858463d203e8bda) Importer(2089858483,b0f066a214c2f5e87bad3c948f4d605d) (ScriptedImporter) -> (artifact id: 'c0524710b8abc16c72919998e428468f') in 0.0266773 seconds
Number of updated asset objects reloaded before import = 0Number of asset objects unloaded after import = 3

========================================================================
Received Import Request.
  Time since last request: 0.000027 seconds.
  path: Assets/GamerExtremo/RIP/Electric Puzzles_1.5/res/_G.xml
  artifactKey: Guid(ad28fc39afb8e264a8a70c203d404750) Importer(2089858483,b0f066a214c2f5e87bad3c948f4d605d)
Start importing Assets/GamerExtremo/RIP/Electric Puzzles_1.5/res/_G.xml using Guid(ad28fc39afb8e264a8a70c203d404750) Importer(2089858483,b0f066a214c2f5e87bad3c948f4d605d) (ScriptedImporter) -> (artifact id: '0d8a4167066a967c2ac249febf7bb8e3') in 0.0081714 seconds
Number of updated asset objects reloaded before import = 0Number of asset objects unloaded after import = 1

========================================================================
Received Import Request.
  Time since last request: 0.000243 seconds.
  path: Assets/GamerExtremo/RIP/Electric Puzzles_1.5/✅ New Folder/DINHEIRO/BAG MONEY/7Q1.png
  artifactKey: Guid(f966699a897de8e4fb25ef29eec07f22) Importer(2089858483,b0f066a214c2f5e87bad3c948f4d605d)
Start importing Assets/GamerExtremo/RIP/Electric Puzzles_1.5/✅ New Folder/DINHEIRO/BAG MONEY/7Q1.png using Guid(f966699a897de8e4fb25ef29eec07f22) Importer(2089858483,b0f066a214c2f5e87bad3c948f4d605d) (ScriptedImporter) -> (artifact id: 'ee59e4669db6362d6424540d0aa93586') in 0.0196287 seconds
Number of updated asset objects reloaded before import = 0Number of asset objects unloaded after import = 3

========================================================================
Received Import Request.
  Time since last request: 0.000027 seconds.
  path: Assets/GamerExtremo/RIP/Electric Puzzles_1.5/SQUARE/Square Branco/New Folder/oO.9.png
  artifactKey: Guid(b30152ca199328b489dc72540359a5d0) Importer(2089858483,b0f066a214c2f5e87bad3c948f4d605d)
Start importing Assets/GamerExtremo/RIP/Electric Puzzles_1.5/SQUARE/Square Branco/New Folder/oO.9.png using Guid(b30152ca199328b489dc72540359a5d0) Importer(2089858483,b0f066a214c2f5e87bad3c948f4d605d) (ScriptedImporter) -> (artifact id: '880f71b18ac8da0078cb16914f12ec58') in 0.0219556 seconds
Number of updated asset objects reloaded before import = 0Number of asset objects unloaded after import = 3

========================================================================
Received Import Request.
  Time since last request: 0.000036 seconds.
  path: Assets/GamerExtremo/RIP/Electric Puzzles_1.5/Pictures/resistor1 1.png
  artifactKey: Guid(4450d1cf2041a2947b0ce58c5bc60578) Importer(2089858483,b0f066a214c2f5e87bad3c948f4d605d)
Start importing Assets/GamerExtremo/RIP/Electric Puzzles_1.5/Pictures/resistor1 1.png using Guid(4450d1cf2041a2947b0ce58c5bc60578) Importer(2089858483,b0f066a214c2f5e87bad3c948f4d605d) (ScriptedImporter) -> (artifact id: 'c3b9508575cb9e753aa8d09b2ca0519f') in 0.0260842 seconds
Number of updated asset objects reloaded before import = 0Number of asset objects unloaded after import = 3

========================================================================
Received Import Request.
  Time since last request: 0.003519 seconds.
  path: Assets/GamerExtremo/res/f9.png
  artifactKey: Guid(b4de9dd45d8e37b4d975ac15484715a0) Importer(2089858483,b0f066a214c2f5e87bad3c948f4d605d)
Start importing Assets/GamerExtremo/res/f9.png using Guid(b4de9dd45d8e37b4d975ac15484715a0) Importer(2089858483,b0f066a214c2f5e87bad3c948f4d605d) (ScriptedImporter) -> (artifact id: '3f5ba41338572a1eca42e25e9fa093b8') in 0.0263073 seconds
Number of updated asset objects reloaded before import = 0Number of asset objects unloaded after import = 3

========================================================================
Received Import Request.
  Time since last request: 0.000041 seconds.
  path: Assets/GamerExtremo/RIP/Electric Puzzles_1.5/FIOS/diagonal/Xi.png
  artifactKey: Guid(8891439e3470d994bb8c6a2e63219d71) Importer(2089858483,b0f066a214c2f5e87bad3c948f4d605d)
Start importing Assets/GamerExtremo/RIP/Electric Puzzles_1.5/FIOS/diagonal/Xi.png using Guid(8891439e3470d994bb8c6a2e63219d71) Importer(2089858483,b0f066a214c2f5e87bad3c948f4d605d) (ScriptedImporter) -> (artifact id: 'd0fa299278cacc6f5ccce3beaf1a4fc1') in 0.0205242 seconds
Number of updated asset objects reloaded before import = 0Number of asset objects unloaded after import = 3

========================================================================
Received Import Request.
  Time since last request: 0.000025 seconds.
  path: Assets/GamerExtremo/RIP/Electric Puzzles_1.5/✅ New Folder/CIRCLE/CIRCLE GRAY EMPTY/Ov1.png
  artifactKey: Guid(3c2f1ad9544695c4ca30c09255f13912) Importer(2089858483,b0f066a214c2f5e87bad3c948f4d605d)
Start importing Assets/GamerExtremo/RIP/Electric Puzzles_1.5/✅ New Folder/CIRCLE/CIRCLE GRAY EMPTY/Ov1.png using Guid(3c2f1ad9544695c4ca30c09255f13912) Importer(2089858483,b0f066a214c2f5e87bad3c948f4d605d) (ScriptedImporter) -> (artifact id: 'e4f204d5d32f06c91b163ca05e21c30c') in 0.021364 seconds
Number of updated asset objects reloaded before import = 0Number of asset objects unloaded after import = 3

========================================================================
Received Import Request.
  Time since last request: 0.000028 seconds.
  path: Assets/GamerExtremo/RIP/Electric Puzzles_1.5/FIOS/resistor/down/qq.png
  artifactKey: Guid(fbb095a76b01ce0479bd5969cd5f38d4) Importer(2089858483,b0f066a214c2f5e87bad3c948f4d605d)
Start importing Assets/GamerExtremo/RIP/Electric Puzzles_1.5/FIOS/resistor/down/qq.png using Guid(fbb095a76b01ce0479bd5969cd5f38d4) Importer(2089858483,b0f066a214c2f5e87bad3c948f4d605d) (ScriptedImporter) -> (artifact id: 'abb38bc08a7da1a7984c9216181c28c9') in 0.0232807 seconds
Number of updated asset objects reloaded before import = 0Number of asset objects unloaded after import = 3

========================================================================
Received Import Request.
  Time since last request: 0.000028 seconds.
  path: Assets/GamerExtremo/res/Gf.png
  artifactKey: Guid(b094e8b5ae0fca24ca0399669e175abf) Importer(2089858483,b0f066a214c2f5e87bad3c948f4d605d)
Start importing Assets/GamerExtremo/res/Gf.png using Guid(b094e8b5ae0fca24ca0399669e175abf) Importer(2089858483,b0f066a214c2f5e87bad3c948f4d605d) (ScriptedImporter) -> (artifact id: '7b8492b40a1232aca909a66ceed263d4') in 0.0245085 seconds
Number of updated asset objects reloaded before import = 0Number of asset objects unloaded after import = 3

========================================================================
Received Import Request.
  Time since last request: 0.000032 seconds.
  path: Assets/GamerExtremo/res/m8.png
  artifactKey: Guid(b3f86e88f5fbd85428a626884e15d81f) Importer(2089858483,b0f066a214c2f5e87bad3c948f4d605d)
Start importing Assets/GamerExtremo/res/m8.png using Guid(b3f86e88f5fbd85428a626884e15d81f) Importer(2089858483,b0f066a214c2f5e87bad3c948f4d605d) (ScriptedImporter) -> (artifact id: '7d343154c14d9b93fdd6b776556fce0a') in 0.0198115 seconds
Number of updated asset objects reloaded before import = 0Number of asset objects unloaded after import = 3

========================================================================
Received Import Request.
  Time since last request: 0.000028 seconds.
  path: Assets/GamerExtremo/RIP/Electric Puzzles_1.5/res/YR.png
  artifactKey: Guid(546cfb00275415a4686c9ad26dfb7f2a) Importer(2089858483,b0f066a214c2f5e87bad3c948f4d605d)
Start importing Assets/GamerExtremo/RIP/Electric Puzzles_1.5/res/YR.png using Guid(546cfb00275415a4686c9ad26dfb7f2a) Importer(2089858483,b0f066a214c2f5e87bad3c948f4d605d) (ScriptedImporter) -> (artifact id: '5d4cc60b3432e1f05e0d9e7d19cc107a') in 0.0220385 seconds
Number of updated asset objects reloaded before import = 0Number of asset objects unloaded after import = 3

========================================================================
Received Import Request.
  Time since last request: 0.000028 seconds.
  path: Assets/GamerExtremo/res/ZV.png
  artifactKey: Guid(8856b47a8874c2d48920d5d51a0dc879) Importer(2089858483,b0f066a214c2f5e87bad3c948f4d605d)
Start importing Assets/GamerExtremo/res/ZV.png using Guid(8856b47a8874c2d48920d5d51a0dc879) Importer(2089858483,b0f066a214c2f5e87bad3c948f4d605d) (ScriptedImporter) -> (artifact id: 'aaf223e18f3ecf2e36124e6103f9cf68') in 0.0166983 seconds
Number of updated asset objects reloaded before import = 0Number of asset objects unloaded after import = 3

========================================================================
Received Import Request.
  Time since last request: 0.000032 seconds.
  path: Assets/GamerExtremo/Resources/Player/jump_attack (2).png
  artifactKey: Guid(527106f7aec58954bb8b7e87285a96f5) Importer(2089858483,b0f066a214c2f5e87bad3c948f4d605d)
Start importing Assets/GamerExtremo/Resources/Player/jump_attack (2).png using Guid(527106f7aec58954bb8b7e87285a96f5) Importer(2089858483,b0f066a214c2f5e87bad3c948f4d605d) (ScriptedImporter) -> (artifact id: '5d6dbb575ae3ad4311335815db8bcb02') in 0.0254317 seconds
Number of updated asset objects reloaded before import = 0Number of asset objects unloaded after import = 3

========================================================================
Received Import Request.
  Time since last request: 0.000034 seconds.
  path: Assets/GamerExtremo/RIP/Electric Puzzles_1.5/res/un.png
  artifactKey: Guid(1e2e74893ecfb854e90d8a685a90975a) Importer(2089858483,b0f066a214c2f5e87bad3c948f4d605d)
Start importing Assets/GamerExtremo/RIP/Electric Puzzles_1.5/res/un.png using Guid(1e2e74893ecfb854e90d8a685a90975a) Importer(2089858483,b0f066a214c2f5e87bad3c948f4d605d) (ScriptedImporter) -> (artifact id: '9c832800b6d66335bd864e4d5515d321') in 0.0242644 seconds
Number of updated asset objects reloaded before import = 0Number of asset objects unloaded after import = 3

========================================================================
Received Import Request.
  Time since last request: 0.000043 seconds.
  path: Assets/GamerExtremo/RIP/Electric Puzzles_1.5/res/eR.png
  artifactKey: Guid(eb1d1d4aa5649684f8f9f6038e2af394) Importer(2089858483,b0f066a214c2f5e87bad3c948f4d605d)
Start importing Assets/GamerExtremo/RIP/Electric Puzzles_1.5/res/eR.png using Guid(eb1d1d4aa5649684f8f9f6038e2af394) Importer(2089858483,b0f066a214c2f5e87bad3c948f4d605d) (ScriptedImporter) -> (artifact id: '15530afdd2a45c093e270abeb2db7991') in 0.0236623 seconds
Number of updated asset objects reloaded before import = 0Number of asset objects unloaded after import = 3

========================================================================
Received Import Request.
  Time since last request: 0.000029 seconds.
  path: Assets/GamerExtremo/res/yY.9.png
  artifactKey: Guid(32d3f8259af85bb44ae7f41f634c1f87) Importer(2089858483,b0f066a214c2f5e87bad3c948f4d605d)
Start importing Assets/GamerExtremo/res/yY.9.png using Guid(32d3f8259af85bb44ae7f41f634c1f87) Importer(2089858483,b0f066a214c2f5e87bad3c948f4d605d) (ScriptedImporter) -> (artifact id: '91eac58463443b98f698007f7c9cf210') in 0.0235254 seconds
Number of updated asset objects reloaded before import = 0Number of asset objects unloaded after import = 3

========================================================================
Received Import Request.
  Time since last request: 0.000025 seconds.
  path: Assets/GamerExtremo/RIP/Electric Puzzles_1.5/✅ New Folder/DISQUETE/i_.png
  artifactKey: Guid(2d593adfa8dfd874e8db36bab6470e8c) Importer(2089858483,b0f066a214c2f5e87bad3c948f4d605d)
Start importing Assets/GamerExtremo/RIP/Electric Puzzles_1.5/✅ New Folder/DISQUETE/i_.png using Guid(2d593adfa8dfd874e8db36bab6470e8c) Importer(2089858483,b0f066a214c2f5e87bad3c948f4d605d) (ScriptedImporter) -> (artifact id: '6d6811e75c39620cf0f905a1036bac83') in 0.0232049 seconds
Number of updated asset objects reloaded before import = 0Number of asset objects unloaded after import = 3

========================================================================
Received Import Request.
  Time since last request: 0.000026 seconds.
  path: Assets/GamerExtremo/res/M4.png
  artifactKey: Guid(c31b48127ac3fb34f8037b8faa761b53) Importer(2089858483,b0f066a214c2f5e87bad3c948f4d605d)
Start importing Assets/GamerExtremo/res/M4.png using Guid(c31b48127ac3fb34f8037b8faa761b53) Importer(2089858483,b0f066a214c2f5e87bad3c948f4d605d) (ScriptedImporter) -> (artifact id: '1eef84910ba95e328cca97910d24b9d6') in 0.0207299 seconds
Number of updated asset objects reloaded before import = 0Number of asset objects unloaded after import = 3

========================================================================
Received Import Request.
  Time since last request: 0.000023 seconds.
  path: Assets/GamerExtremo/res/7V1.png
  artifactKey: Guid(5f26b10cc59b5b54cba7fb1c72eca71f) Importer(2089858483,b0f066a214c2f5e87bad3c948f4d605d)
Start importing Assets/GamerExtremo/res/7V1.png using Guid(5f26b10cc59b5b54cba7fb1c72eca71f) Importer(2089858483,b0f066a214c2f5e87bad3c948f4d605d) (ScriptedImporter) -> (artifact id: '6c71a35249524b5d15457797d49f8361') in 0.0196627 seconds
Number of updated asset objects reloaded before import = 0Number of asset objects unloaded after import = 3

========================================================================
Received Import Request.
  Time since last request: 0.000033 seconds.
  path: Assets/GamerExtremo/res/Tj.9.png
  artifactKey: Guid(eef35f06baeea434c84d0252f48995ce) Importer(2089858483,b0f066a214c2f5e87bad3c948f4d605d)
Start importing Assets/GamerExtremo/res/Tj.9.png using Guid(eef35f06baeea434c84d0252f48995ce) Importer(2089858483,b0f066a214c2f5e87bad3c948f4d605d) (ScriptedImporter) -> (artifact id: 'eb1ac91d692406911896b947f78117d7') in 0.0211765 seconds
Number of updated asset objects reloaded before import = 0Number of asset objects unloaded after import = 3

========================================================================
Received Import Request.
  Time since last request: 0.000028 seconds.
  path: Assets/GamerExtremo/RIP/Electric Puzzles_1.5/✅ New Folder/EYES/W/2k.png
  artifactKey: Guid(72bb1215b525de640b5ea17064e966b6) Importer(2089858483,b0f066a214c2f5e87bad3c948f4d605d)
Start importing Assets/GamerExtremo/RIP/Electric Puzzles_1.5/✅ New Folder/EYES/W/2k.png using Guid(72bb1215b525de640b5ea17064e966b6) Importer(2089858483,b0f066a214c2f5e87bad3c948f4d605d) (ScriptedImporter) -> (artifact id: 'bf2d723e369bbf155525b755d6ce5606') in 0.0320337 seconds
Number of updated asset objects reloaded before import = 0Number of asset objects unloaded after import = 3

========================================================================
Received Import Request.
  Time since last request: 0.000027 seconds.
  path: Assets/GamerExtremo/RIP/Electric Puzzles_1.5/res/xa.9.png
  artifactKey: Guid(4dcaf7365fd2ba74680c9e61e52bf280) Importer(2089858483,b0f066a214c2f5e87bad3c948f4d605d)
Start importing Assets/GamerExtremo/RIP/Electric Puzzles_1.5/res/xa.9.png using Guid(4dcaf7365fd2ba74680c9e61e52bf280) Importer(2089858483,b0f066a214c2f5e87bad3c948f4d605d) (ScriptedImporter) -> (artifact id: '70bb945c3c70dead1a2b6d8b92589cae') in 0.0264338 seconds
Number of updated asset objects reloaded before import = 0Number of asset objects unloaded after import = 3

========================================================================
Received Import Request.
  Time since last request: 0.000040 seconds.
  path: Assets/GamerExtremo/res/4k.png
  artifactKey: Guid(6a62b5254ef238447842828c4c49cbbc) Importer(2089858483,b0f066a214c2f5e87bad3c948f4d605d)
Start importing Assets/GamerExtremo/res/4k.png using Guid(6a62b5254ef238447842828c4c49cbbc) Importer(2089858483,b0f066a214c2f5e87bad3c948f4d605d) (ScriptedImporter) -> (artifact id: '360c12a2ae50bb57706248b4981c94f3') in 0.0262358 seconds
Number of updated asset objects reloaded before import = 0Number of asset objects unloaded after import = 3

========================================================================
Received Import Request.
  Time since last request: 0.000038 seconds.
  path: Assets/GamerExtremo/RIP/Electric Puzzles_1.5/FIOS/TL/Ov.png
  artifactKey: Guid(f836d071b63168940872614ebba7ef7d) Importer(2089858483,b0f066a214c2f5e87bad3c948f4d605d)
Start importing Assets/GamerExtremo/RIP/Electric Puzzles_1.5/FIOS/TL/Ov.png using Guid(f836d071b63168940872614ebba7ef7d) Importer(2089858483,b0f066a214c2f5e87bad3c948f4d605d) (ScriptedImporter) -> (artifact id: '5d4e446209e4422b0668ffba43f5f7f5') in 0.0255641 seconds
Number of updated asset objects reloaded before import = 0Number of asset objects unloaded after import = 3

========================================================================
Received Import Request.
  Time since last request: 0.000027 seconds.
  path: Assets/GamerExtremo/res/OX.png
  artifactKey: Guid(09f0cb1ca5611204f8d45a17a25d6404) Importer(2089858483,b0f066a214c2f5e87bad3c948f4d605d)
Start importing Assets/GamerExtremo/res/OX.png using Guid(09f0cb1ca5611204f8d45a17a25d6404) Importer(2089858483,b0f066a214c2f5e87bad3c948f4d605d) (ScriptedImporter) -> (artifact id: '0380aa575b22a71158b2c1d767aee0bc') in 0.0276747 seconds
Number of updated asset objects reloaded before import = 0Number of asset objects unloaded after import = 3

========================================================================
Received Import Request.
  Time since last request: 0.000023 seconds.
  path: Assets/GamerExtremo/res/qq.png
  artifactKey: Guid(6c2282daed8f01449abc85d002a75c39) Importer(2089858483,b0f066a214c2f5e87bad3c948f4d605d)
Start importing Assets/GamerExtremo/res/qq.png using Guid(6c2282daed8f01449abc85d002a75c39) Importer(2089858483,b0f066a214c2f5e87bad3c948f4d605d) (ScriptedImporter) -> (artifact id: '59e0ee207fe858c66ae25ae388139284') in 0.0200665 seconds
Number of updated asset objects reloaded before import = 0Number of asset objects unloaded after import = 3

========================================================================
Received Import Request.
  Time since last request: 0.000600 seconds.
  path: Assets/GamerExtremo/RIP/Electric Puzzles_1.5/FIOS/Pasta
  artifactKey: Guid(cc8363250cc6773438ff9da4ff788148) Importer(2089858483,b0f066a214c2f5e87bad3c948f4d605d)
Start importing Assets/GamerExtremo/RIP/Electric Puzzles_1.5/FIOS/Pasta using Guid(cc8363250cc6773438ff9da4ff788148) Importer(2089858483,b0f066a214c2f5e87bad3c948f4d605d) (ScriptedImporter) -> (artifact id: 'd7e8edc9abf72bb7e37bdb7e0de1d9c7') in 0.008724 seconds
Number of updated asset objects reloaded before import = 0Number of asset objects unloaded after import = 1

========================================================================
Received Import Request.
  Time since last request: 0.000129 seconds.
  path: Assets/GamerExtremo/RIP/Electric Puzzles_1.5/✅ New Folder/XML/7N1.xml
  artifactKey: Guid(4e33ae9ddb7913c42a7b4bc6b706f7f7) Importer(2089858483,b0f066a214c2f5e87bad3c948f4d605d)
Start importing Assets/GamerExtremo/RIP/Electric Puzzles_1.5/✅ New Folder/XML/7N1.xml using Guid(4e33ae9ddb7913c42a7b4bc6b706f7f7) Importer(2089858483,b0f066a214c2f5e87bad3c948f4d605d) (ScriptedImporter) -> (artifact id: 'b8b22fe2bbf9bcdfff9c06dc13a5446b') in 0.0103216 seconds
Number of updated asset objects reloaded before import = 0Number of asset objects unloaded after import = 1

========================================================================
Received Import Request.
  Time since last request: 0.000038 seconds.
  path: Assets/GamerExtremo/Pictures/charge_plus.png
  artifactKey: Guid(5b6f9048e0dc8954390fe344ce03f0d7) Importer(2089858483,b0f066a214c2f5e87bad3c948f4d605d)
Start importing Assets/GamerExtremo/Pictures/charge_plus.png using Guid(5b6f9048e0dc8954390fe344ce03f0d7) Importer(2089858483,b0f066a214c2f5e87bad3c948f4d605d) (ScriptedImporter) -> (artifact id: '14f9bd72de5cd902b9911000799c0633') in 0.0246329 seconds
Number of updated asset objects reloaded before import = 0Number of asset objects unloaded after import = 3

========================================================================
Received Import Request.
  Time since last request: 0.000031 seconds.
  path: Assets/GamerExtremo/res/u01.xml
  artifactKey: Guid(7029ef0513b9a3e418fa76e45830099e) Importer(2089858483,b0f066a214c2f5e87bad3c948f4d605d)
Start importing Assets/GamerExtremo/res/u01.xml using Guid(7029ef0513b9a3e418fa76e45830099e) Importer(2089858483,b0f066a214c2f5e87bad3c948f4d605d) (ScriptedImporter) -> (artifact id: 'd843534a0a4a0023ff07bc73c5edd09e') in 0.0116645 seconds
Number of updated asset objects reloaded before import = 0Number of asset objects unloaded after import = 1

========================================================================
Received Import Request.
  Time since last request: 0.000049 seconds.
  path: Assets/GamerExtremo/RIP/Electric Puzzles_1.5/✅ New Folder/XML/In.xml
  artifactKey: Guid(4b9768ac7b5e7a7448fcabe1b1fcc838) Importer(2089858483,b0f066a214c2f5e87bad3c948f4d605d)
Start importing Assets/GamerExtremo/RIP/Electric Puzzles_1.5/✅ New Folder/XML/In.xml using Guid(4b9768ac7b5e7a7448fcabe1b1fcc838) Importer(2089858483,b0f066a214c2f5e87bad3c948f4d605d) (ScriptedImporter) -> (artifact id: 'e469968c18fa34afeaf83cc576f5f6e3') in 0.0120776 seconds
Number of updated asset objects reloaded before import = 0Number of asset objects unloaded after import = 1

========================================================================
Received Import Request.
  Time since last request: 0.000250 seconds.
  path: Assets/GamerExtremo/Resources/Player/run (3).png
  artifactKey: Guid(bc53b7c1a2b49fb479fa479c6abb8c19) Importer(2089858483,b0f066a214c2f5e87bad3c948f4d605d)
Start importing Assets/GamerExtremo/Resources/Player/run (3).png using Guid(bc53b7c1a2b49fb479fa479c6abb8c19) Importer(2089858483,b0f066a214c2f5e87bad3c948f4d605d) (ScriptedImporter) -> (artifact id: '9ae301bd66dfb60d22bdf66fb9e12448') in 0.0295591 seconds
Number of updated asset objects reloaded before import = 0Number of asset objects unloaded after import = 3

========================================================================
Received Import Request.
  Time since last request: 0.000027 seconds.
  path: Assets/GamerExtremo/res/s0.png
  artifactKey: Guid(7589fefafad42094ab4ee323e34501d6) Importer(2089858483,b0f066a214c2f5e87bad3c948f4d605d)
Start importing Assets/GamerExtremo/res/s0.png using Guid(7589fefafad42094ab4ee323e34501d6) Importer(2089858483,b0f066a214c2f5e87bad3c948f4d605d) (ScriptedImporter) -> (artifact id: '93c5e32a0e3b556866f18b0a339b9be2') in 0.0374905 seconds
Number of updated asset objects reloaded before import = 0Number of asset objects unloaded after import = 3

========================================================================
Received Import Request.
  Time since last request: 0.000054 seconds.
  path: Assets/GamerExtremo/res/8t.xml
  artifactKey: Guid(72e7c9a2cba9dee4185d771692332221) Importer(2089858483,b0f066a214c2f5e87bad3c948f4d605d)
Start importing Assets/GamerExtremo/res/8t.xml using Guid(72e7c9a2cba9dee4185d771692332221) Importer(2089858483,b0f066a214c2f5e87bad3c948f4d605d) (ScriptedImporter) -> (artifact id: '8df57a78182ff7c53a476fb26f4f6a7c') in 0.0107321 seconds
Number of updated asset objects reloaded before import = 0Number of asset objects unloaded after import = 1

========================================================================
Received Import Request.
  Time since last request: 0.000051 seconds.
  path: Assets/GamerExtremo/res/yL.png
  artifactKey: Guid(91a473565a5220a489b4a881a7d5ef39) Importer(2089858483,b0f066a214c2f5e87bad3c948f4d605d)
Start importing Assets/GamerExtremo/res/yL.png using Guid(91a473565a5220a489b4a881a7d5ef39) Importer(2089858483,b0f066a214c2f5e87bad3c948f4d605d) (ScriptedImporter) -> (artifact id: 'b471aa6c96dc8965d9c13898c44f084b') in 0.0295089 seconds
Number of updated asset objects reloaded before import = 0Number of asset objects unloaded after import = 3

========================================================================
Received Import Request.
  Time since last request: 0.000024 seconds.
  path: Assets/GamerExtremo/RIP/Electric Puzzles_1.5/✅ New Folder/THREE POINT VETICAL
  artifactKey: Guid(aab41b935c1c2484d96cf7737789fca4) Importer(2089858483,b0f066a214c2f5e87bad3c948f4d605d)
Start importing Assets/GamerExtremo/RIP/Electric Puzzles_1.5/✅ New Folder/THREE POINT VETICAL using Guid(aab41b935c1c2484d96cf7737789fca4) Importer(2089858483,b0f066a214c2f5e87bad3c948f4d605d) (ScriptedImporter) -> (artifact id: 'ede403ee45b5572c652d710fe3fcea89') in 0.0087526 seconds
Number of updated asset objects reloaded before import = 0Number of asset objects unloaded after import = 1

========================================================================
Received Import Request.
  Time since last request: 0.000032 seconds.
  path: Assets/GamerExtremo/RIP/Electric Puzzles_1.5/✅ New Folder/EYES/E/r1.png
  artifactKey: Guid(8c635951bab49634ea2e7bf22652ef8c) Importer(2089858483,b0f066a214c2f5e87bad3c948f4d605d)
Start importing Assets/GamerExtremo/RIP/Electric Puzzles_1.5/✅ New Folder/EYES/E/r1.png using Guid(8c635951bab49634ea2e7bf22652ef8c) Importer(2089858483,b0f066a214c2f5e87bad3c948f4d605d) (ScriptedImporter) -> (artifact id: '7f10c5682800e9bc195a9a3a09943a2f') in 0.0246653 seconds
Number of updated asset objects reloaded before import = 0Number of asset objects unloaded after import = 3

========================================================================
Received Import Request.
  Time since last request: 0.000027 seconds.
  path: Assets/GamerExtremo/RIP/Electric Puzzles_1.5/res/Bf1.png
  artifactKey: Guid(d24b7dd1a73e673448007ed9b9cc321b) Importer(2089858483,b0f066a214c2f5e87bad3c948f4d605d)
Start importing Assets/GamerExtremo/RIP/Electric Puzzles_1.5/res/Bf1.png using Guid(d24b7dd1a73e673448007ed9b9cc321b) Importer(2089858483,b0f066a214c2f5e87bad3c948f4d605d) (ScriptedImporter) -> (artifact id: 'fafcd79e4be061a3d18170c5fbf7680b') in 0.0223676 seconds
Number of updated asset objects reloaded before import = 0Number of asset objects unloaded after import = 3

========================================================================
Received Import Request.
  Time since last request: 0.000027 seconds.
  path: Assets/GamerExtremo/res/3E.png
  artifactKey: Guid(15c74b2d53ab8e3428f5781c9a389171) Importer(2089858483,b0f066a214c2f5e87bad3c948f4d605d)
Start importing Assets/GamerExtremo/res/3E.png using Guid(15c74b2d53ab8e3428f5781c9a389171) Importer(2089858483,b0f066a214c2f5e87bad3c948f4d605d) (ScriptedImporter) -> (artifact id: 'e1eff1b8766449a4057c3467cef00163') in 0.0229137 seconds
Number of updated asset objects reloaded before import = 0Number of asset objects unloaded after import = 3

========================================================================
Received Import Request.
  Time since last request: 0.000037 seconds.
  path: Assets/GamerExtremo/RIP/Electric Puzzles_1.5/res/op.9.png
  artifactKey: Guid(4850bec199ce4c24ebde93df43b80708) Importer(2089858483,b0f066a214c2f5e87bad3c948f4d605d)
Start importing Assets/GamerExtremo/RIP/Electric Puzzles_1.5/res/op.9.png using Guid(4850bec199ce4c24ebde93df43b80708) Importer(2089858483,b0f066a214c2f5e87bad3c948f4d605d) (ScriptedImporter) -> (artifact id: 'e56438d4fa6b7019986ec22e2891bbcb') in 0.020851 seconds
Number of updated asset objects reloaded before import = 0Number of asset objects unloaded after import = 3

========================================================================
Received Import Request.
  Time since last request: 0.000027 seconds.
  path: Assets/GamerExtremo/res/Vd.png
  artifactKey: Guid(c20abf8004cd5ed439c6c24911b45228) Importer(2089858483,b0f066a214c2f5e87bad3c948f4d605d)
Start importing Assets/GamerExtremo/res/Vd.png using Guid(c20abf8004cd5ed439c6c24911b45228) Importer(2089858483,b0f066a214c2f5e87bad3c948f4d605d) (ScriptedImporter) -> (artifact id: 'e9468ffec7eba769a1aa83a07526bf0c') in 0.0196817 seconds
Number of updated asset objects reloaded before import = 0Number of asset objects unloaded after import = 3

========================================================================
Received Import Request.
  Time since last request: 0.000024 seconds.
  path: Assets/GamerExtremo/RIP/Electric Puzzles_1.5/SQUARE/7 Android face/o-.png
  artifactKey: Guid(6a12d07f7925ef74796a2e1bbffb2a57) Importer(2089858483,b0f066a214c2f5e87bad3c948f4d605d)
Start importing Assets/GamerExtremo/RIP/Electric Puzzles_1.5/SQUARE/7 Android face/o-.png using Guid(6a12d07f7925ef74796a2e1bbffb2a57) Importer(2089858483,b0f066a214c2f5e87bad3c948f4d605d) (ScriptedImporter) -> (artifact id: '8ba5f747b9003ebdd7170f46ac763f66') in 0.0232844 seconds
Number of updated asset objects reloaded before import = 0Number of asset objects unloaded after import = 3

========================================================================
Received Import Request.
  Time since last request: 0.000028 seconds.
  path: Assets/GamerExtremo/RIP/Electric Puzzles_1.5/res/Wz.png
  artifactKey: Guid(e8200a18f82ef394e9644eccb6d51f64) Importer(2089858483,b0f066a214c2f5e87bad3c948f4d605d)
Start importing Assets/GamerExtremo/RIP/Electric Puzzles_1.5/res/Wz.png using Guid(e8200a18f82ef394e9644eccb6d51f64) Importer(2089858483,b0f066a214c2f5e87bad3c948f4d605d) (ScriptedImporter) -> (artifact id: 'a0911fb4dfaf6a97f6a170ff091324dd') in 0.0240107 seconds
Number of updated asset objects reloaded before import = 0Number of asset objects unloaded after import = 3

========================================================================
Received Import Request.
  Time since last request: 0.000026 seconds.
  path: Assets/GamerExtremo/RIP/Electric Puzzles_1.5/✅ New Folder/CHAVE DE BOCA/5_.png
  artifactKey: Guid(e794587361d18f241b49754377c7271d) Importer(2089858483,b0f066a214c2f5e87bad3c948f4d605d)
Start importing Assets/GamerExtremo/RIP/Electric Puzzles_1.5/✅ New Folder/CHAVE DE BOCA/5_.png using Guid(e794587361d18f241b49754377c7271d) Importer(2089858483,b0f066a214c2f5e87bad3c948f4d605d) (ScriptedImporter) -> (artifact id: '873b0d5801b8cd3ba84c3b284d19f373') in 0.0275584 seconds
Number of updated asset objects reloaded before import = 0Number of asset objects unloaded after import = 3

========================================================================
Received Import Request.
  Time since last request: 0.000057 seconds.
  path: Assets/GamerExtremo/res/-8.xml
  artifactKey: Guid(f959fc2e5a279954d8e0a9f60337bad2) Importer(2089858483,b0f066a214c2f5e87bad3c948f4d605d)
Start importing Assets/GamerExtremo/res/-8.xml using Guid(f959fc2e5a279954d8e0a9f60337bad2) Importer(2089858483,b0f066a214c2f5e87bad3c948f4d605d) (ScriptedImporter) -> (artifact id: '0a504f57dff4404e8814f6227585a6fb') in 0.012128 seconds
Number of updated asset objects reloaded before import = 0Number of asset objects unloaded after import = 1

========================================================================
Received Import Request.
  Time since last request: 0.002433 seconds.
  path: Assets/GamerExtremo/res/Gw.png
  artifactKey: Guid(5aad12f3b41e49b449b90fcac13f4058) Importer(2089858483,b0f066a214c2f5e87bad3c948f4d605d)
Start importing Assets/GamerExtremo/res/Gw.png using Guid(5aad12f3b41e49b449b90fcac13f4058) Importer(2089858483,b0f066a214c2f5e87bad3c948f4d605d) (ScriptedImporter) -> (artifact id: '6cf20e3719b61f41ca1eb1f39c075438') in 0.0301714 seconds
Number of updated asset objects reloaded before import = 0Number of asset objects unloaded after import = 3

========================================================================
Received Import Request.
  Time since last request: 0.000056 seconds.
  path: Assets/GamerExtremo/RIP/Electric Puzzles_1.5/Pictures/Exemplos/1001787942.png
  artifactKey: Guid(fb237fda7be4dbe46a6635bf6f73cf73) Importer(2089858483,b0f066a214c2f5e87bad3c948f4d605d)
Start importing Assets/GamerExtremo/RIP/Electric Puzzles_1.5/Pictures/Exemplos/1001787942.png using Guid(fb237fda7be4dbe46a6635bf6f73cf73) Importer(2089858483,b0f066a214c2f5e87bad3c948f4d605d) (ScriptedImporter) -> (artifact id: '304d8e9588eb853a393698d8ecb8e846') in 0.0227926 seconds
Number of updated asset objects reloaded before import = 0Number of asset objects unloaded after import = 3

========================================================================
Received Import Request.
  Time since last request: 0.000069 seconds.
  path: Assets/GamerExtremo/res/R0.png
  artifactKey: Guid(edf92c6b02e6ce342aaaed1d6b6fe631) Importer(2089858483,b0f066a214c2f5e87bad3c948f4d605d)
Start importing Assets/GamerExtremo/res/R0.png using Guid(edf92c6b02e6ce342aaaed1d6b6fe631) Importer(2089858483,b0f066a214c2f5e87bad3c948f4d605d) (ScriptedImporter) -> (artifact id: '2cd19f8704771018fc1495595531089a') in 0.0249104 seconds
Number of updated asset objects reloaded before import = 0Number of asset objects unloaded after import = 3

========================================================================
Received Import Request.
  Time since last request: 0.000534 seconds.
  path: Assets/GamerExtremo/RIP/Electric Puzzles_1.5/✅ New Folder/CIRCLE/CIRCCLE BLACK EMPTY/7i.png
  artifactKey: Guid(a5f7c280a99b06d4eaa521f5bd52f485) Importer(2089858483,b0f066a214c2f5e87bad3c948f4d605d)
Start importing Assets/GamerExtremo/RIP/Electric Puzzles_1.5/✅ New Folder/CIRCLE/CIRCCLE BLACK EMPTY/7i.png using Guid(a5f7c280a99b06d4eaa521f5bd52f485) Importer(2089858483,b0f066a214c2f5e87bad3c948f4d605d) (ScriptedImporter) -> (artifact id: '38131e8337a78b54a5173a20c9d792df') in 0.0226957 seconds
Number of updated asset objects reloaded before import = 0Number of asset objects unloaded after import = 3

========================================================================
Received Import Request.
  Time since last request: 0.000092 seconds.
  path: Assets/GamerExtremo/RIP/Electric Puzzles_1.5/res/7N.xml
  artifactKey: Guid(e729b4b42760e3b499bc063d883deb48) Importer(2089858483,b0f066a214c2f5e87bad3c948f4d605d)
Start importing Assets/GamerExtremo/RIP/Electric Puzzles_1.5/res/7N.xml using Guid(e729b4b42760e3b499bc063d883deb48) Importer(2089858483,b0f066a214c2f5e87bad3c948f4d605d) (ScriptedImporter) -> (artifact id: '6e8720911384cff8c4c89931e8c0c7d5') in 0.0072157 seconds
Number of updated asset objects reloaded before import = 0Number of asset objects unloaded after import = 1

========================================================================
Received Import Request.
  Time since last request: 0.000253 seconds.
  path: Assets/GamerExtremo/RIP/Electric Puzzles_1.5/res/9z.png
  artifactKey: Guid(99441a135db34674ca2248c981324faa) Importer(2089858483,b0f066a214c2f5e87bad3c948f4d605d)
Start importing Assets/GamerExtremo/RIP/Electric Puzzles_1.5/res/9z.png using Guid(99441a135db34674ca2248c981324faa) Importer(2089858483,b0f066a214c2f5e87bad3c948f4d605d) (ScriptedImporter) -> (artifact id: '4bd26b9644a729a935869fd0defc8ac5') in 0.0167534 seconds
Number of updated asset objects reloaded before import = 0Number of asset objects unloaded after import = 3

========================================================================
Received Import Request.
  Time since last request: 0.000301 seconds.
  path: Assets/GamerExtremo/RIP/Electric Puzzles_1.5/✅ New Folder/EYES/W/WR.png
  artifactKey: Guid(2698c30305128594daefc78a6ff374e0) Importer(2089858483,b0f066a214c2f5e87bad3c948f4d605d)
Start importing Assets/GamerExtremo/RIP/Electric Puzzles_1.5/✅ New Folder/EYES/W/WR.png using Guid(2698c30305128594daefc78a6ff374e0) Importer(2089858483,b0f066a214c2f5e87bad3c948f4d605d) (ScriptedImporter) -> (artifact id: '5cfef305018ff2de632c76bfd39a81af') in 0.01677 seconds
Number of updated asset objects reloaded before import = 0Number of asset objects unloaded after import = 3

========================================================================
Received Import Request.
  Time since last request: 0.000027 seconds.
  path: Assets/GamerExtremo/RIP/Electric Puzzles_1.5/res/2j.xml
  artifactKey: Guid(18ff27213d3101942aabcd4ee315acb5) Importer(2089858483,b0f066a214c2f5e87bad3c948f4d605d)
Start importing Assets/GamerExtremo/RIP/Electric Puzzles_1.5/res/2j.xml using Guid(18ff27213d3101942aabcd4ee315acb5) Importer(2089858483,b0f066a214c2f5e87bad3c948f4d605d) (ScriptedImporter) -> (artifact id: '394c42ce5afaa70571669a5b3311acb1') in 0.0185991 seconds
Number of updated asset objects reloaded before import = 0Number of asset objects unloaded after import = 1

========================================================================
Received Import Request.
  Time since last request: 0.000874 seconds.
  path: Assets/GamerExtremo/res/N1.png
  artifactKey: Guid(acb6fa4992efc5246b0ba476afa8e097) Importer(2089858483,b0f066a214c2f5e87bad3c948f4d605d)
Start importing Assets/GamerExtremo/res/N1.png using Guid(acb6fa4992efc5246b0ba476afa8e097) Importer(2089858483,b0f066a214c2f5e87bad3c948f4d605d) (ScriptedImporter) -> (artifact id: 'ad7a7bdbaacef097218d238698c1963f') in 0.0267847 seconds
Number of updated asset objects reloaded before import = 0Number of asset objects unloaded after import = 3

========================================================================
Received Import Request.
  Time since last request: 0.000032 seconds.
  path: Assets/GamerExtremo/Pictures/Exemplos
  artifactKey: Guid(96b1732e1d2fd7441bc3eccc088e1336) Importer(2089858483,b0f066a214c2f5e87bad3c948f4d605d)
Start importing Assets/GamerExtremo/Pictures/Exemplos using Guid(96b1732e1d2fd7441bc3eccc088e1336) Importer(2089858483,b0f066a214c2f5e87bad3c948f4d605d) (ScriptedImporter) -> (artifact id: '9cbe2a2ed93899f7e4e50e96fa42c012') in 0.0086893 seconds
Number of updated asset objects reloaded before import = 0Number of asset objects unloaded after import = 1

========================================================================
Received Import Request.
  Time since last request: 0.000038 seconds.
  path: Assets/GamerExtremo/RIP/Electric Puzzles_1.5/✅ New Folder/XML/L_.xml
  artifactKey: Guid(42242fdafd5b45c4883ce6ebf243663c) Importer(2089858483,b0f066a214c2f5e87bad3c948f4d605d)
Start importing Assets/GamerExtremo/RIP/Electric Puzzles_1.5/✅ New Folder/XML/L_.xml using Guid(42242fdafd5b45c4883ce6ebf243663c) Importer(2089858483,b0f066a214c2f5e87bad3c948f4d605d) (ScriptedImporter) -> (artifact id: '899efb9c205909f61cb70376aafb1977') in 0.0119026 seconds
Number of updated asset objects reloaded before import = 0Number of asset objects unloaded after import = 1

========================================================================
Received Import Request.
  Time since last request: 0.000424 seconds.
  path: Assets/GamerExtremo/RIP/Electric Puzzles_1.5/res/ZL.xml
  artifactKey: Guid(84a97c6afab676e498f7b049da73de08) Importer(2089858483,b0f066a214c2f5e87bad3c948f4d605d)
Start importing Assets/GamerExtremo/RIP/Electric Puzzles_1.5/res/ZL.xml using Guid(84a97c6afab676e498f7b049da73de08) Importer(2089858483,b0f066a214c2f5e87bad3c948f4d605d) (ScriptedImporter) -> (artifact id: '52693aab80b37dd4c79e8c7f4af86533') in 0.0103961 seconds
Number of updated asset objects reloaded before import = 0Number of asset objects unloaded after import = 1

========================================================================
Received Import Request.
  Time since last request: 0.000129 seconds.
  path: Assets/GamerExtremo/Resources/Sounds/Retro UI Sounds/Accept/ui_accept_2.wav
  artifactKey: Guid(c8db9f3ee4e3b0d448afc4907650eacf) Importer(2089858483,b0f066a214c2f5e87bad3c948f4d605d)
Start importing Assets/GamerExtremo/Resources/Sounds/Retro UI Sounds/Accept/ui_accept_2.wav using Guid(c8db9f3ee4e3b0d448afc4907650eacf) Importer(2089858483,b0f066a214c2f5e87bad3c948f4d605d) (ScriptedImporter) -> (artifact id: 'ef572a848b24a88027eecfb25bd9b90b') in 0.0572444 seconds
Number of updated asset objects reloaded before import = 0Number of asset objects unloaded after import = 1

========================================================================
Received Import Request.
  Time since last request: 0.000027 seconds.
  path: Assets/GamerExtremo/RIP/Electric Puzzles_1.5/res/6Q.xml
  artifactKey: Guid(fdb7a9332fe7c72408a7c740fdd509e0) Importer(2089858483,b0f066a214c2f5e87bad3c948f4d605d)
Start importing Assets/GamerExtremo/RIP/Electric Puzzles_1.5/res/6Q.xml using Guid(fdb7a9332fe7c72408a7c740fdd509e0) Importer(2089858483,b0f066a214c2f5e87bad3c948f4d605d) (ScriptedImporter) -> (artifact id: '33e3ebbdf4a5cf07be8d6a54ddcc47f3') in 0.009788 seconds
Number of updated asset objects reloaded before import = 0Number of asset objects unloaded after import = 1

========================================================================
Received Import Request.
  Time since last request: 0.000099 seconds.
  path: Assets/GamerExtremo/RIP/Electric Puzzles_1.5/✅ New Folder/XML/46.xml
  artifactKey: Guid(4cdba8d820c477945bbe8f7945bd65cb) Importer(2089858483,b0f066a214c2f5e87bad3c948f4d605d)
Start importing Assets/GamerExtremo/RIP/Electric Puzzles_1.5/✅ New Folder/XML/46.xml using Guid(4cdba8d820c477945bbe8f7945bd65cb) Importer(2089858483,b0f066a214c2f5e87bad3c948f4d605d) (ScriptedImporter) -> (artifact id: 'da96f642f2cc9f1c4f3d6bd8564d0d42') in 0.0086893 seconds
Number of updated asset objects reloaded before import = 0Number of asset objects unloaded after import = 1

========================================================================
Received Import Request.
  Time since last request: 0.000104 seconds.
  path: Assets/GamerExtremo/RIP/Electric Puzzles_1.5/res/D6.png
  artifactKey: Guid(f964dfd7572b124478cfb4496556b5be) Importer(2089858483,b0f066a214c2f5e87bad3c948f4d605d)
Start importing Assets/GamerExtremo/RIP/Electric Puzzles_1.5/res/D6.png using Guid(f964dfd7572b124478cfb4496556b5be) Importer(2089858483,b0f066a214c2f5e87bad3c948f4d605d) (ScriptedImporter) -> (artifact id: '41a122b96a302a04a20b5ddce9de8fe2') in 0.0209994 seconds
Number of updated asset objects reloaded before import = 0Number of asset objects unloaded after import = 3

========================================================================
Received Import Request.
  Time since last request: 0.000036 seconds.
  path: Assets/GamerExtremo/res/NZ.9.png
  artifactKey: Guid(44956a5b5516fa74ba105e87c846dab5) Importer(2089858483,b0f066a214c2f5e87bad3c948f4d605d)
Start importing Assets/GamerExtremo/res/NZ.9.png using Guid(44956a5b5516fa74ba105e87c846dab5) Importer(2089858483,b0f066a214c2f5e87bad3c948f4d605d) (ScriptedImporter) -> (artifact id: 'b8acfacce6c0d1c772a73385f480cbee') in 0.0172147 seconds
Number of updated asset objects reloaded before import = 0Number of asset objects unloaded after import = 3

========================================================================
Received Import Request.
  Time since last request: 0.000033 seconds.
  path: Assets/GamerExtremo/RIP/Electric Puzzles_1.5/res/1k.xml
  artifactKey: Guid(8fbbd09688829af4eafbf960180f6d74) Importer(2089858483,b0f066a214c2f5e87bad3c948f4d605d)
Start importing Assets/GamerExtremo/RIP/Electric Puzzles_1.5/res/1k.xml using Guid(8fbbd09688829af4eafbf960180f6d74) Importer(2089858483,b0f066a214c2f5e87bad3c948f4d605d) (ScriptedImporter) -> (artifact id: '1c38e4faa0cf259ab780a8bfa68e7812') in 0.009563 seconds
Number of updated asset objects reloaded before import = 0Number of asset objects unloaded after import = 1

========================================================================
Received Import Request.
  Time since last request: 0.000145 seconds.
  path: Assets/GamerExtremo/Resources/Player/crouch_attack (1).png
  artifactKey: Guid(07ef453d2b1e98f4e93c75e28c71d418) Importer(2089858483,b0f066a214c2f5e87bad3c948f4d605d)
Start importing Assets/GamerExtremo/Resources/Player/crouch_attack (1).png using Guid(07ef453d2b1e98f4e93c75e28c71d418) Importer(2089858483,b0f066a214c2f5e87bad3c948f4d605d) (ScriptedImporter) -> (artifact id: 'f0b06f60871c9a24661eea58cd83e0f1') in 0.0215773 seconds
Number of updated asset objects reloaded before import = 0Number of asset objects unloaded after import = 3

========================================================================
Received Import Request.
  Time since last request: 0.000022 seconds.
  path: Assets/GamerExtremo/RIP/Electric Puzzles_1.5/res/79.9.png
  artifactKey: Guid(5bc4765c88fbc834d8c7e3bcdc8b71db) Importer(2089858483,b0f066a214c2f5e87bad3c948f4d605d)
Start importing Assets/GamerExtremo/RIP/Electric Puzzles_1.5/res/79.9.png using Guid(5bc4765c88fbc834d8c7e3bcdc8b71db) Importer(2089858483,b0f066a214c2f5e87bad3c948f4d605d) (ScriptedImporter) -> (artifact id: 'dcce84b22c90234bcbd87bccf6541fce') in 0.0184262 seconds
Number of updated asset objects reloaded before import = 0Number of asset objects unloaded after import = 3

========================================================================
Received Import Request.
  Time since last request: 0.000026 seconds.
  path: Assets/GamerExtremo/RIP/Electric Puzzles_1.5/✅ New Folder/XML/9P.xml
  artifactKey: Guid(de2fd45e28e3f3d428d5ab2dde42d52d) Importer(2089858483,b0f066a214c2f5e87bad3c948f4d605d)
Start importing Assets/GamerExtremo/RIP/Electric Puzzles_1.5/✅ New Folder/XML/9P.xml using Guid(de2fd45e28e3f3d428d5ab2dde42d52d) Importer(2089858483,b0f066a214c2f5e87bad3c948f4d605d) (ScriptedImporter) -> (artifact id: 'b0586271511d34617acf006809e30611') in 0.0094249 seconds
Number of updated asset objects reloaded before import = 0Number of asset objects unloaded after import = 1

========================================================================
Received Import Request.
  Time since last request: 0.000036 seconds.
  path: Assets/GamerExtremo/res/4z.xml
  artifactKey: Guid(057fbb89dc52e5449947524cc35fd4d8) Importer(2089858483,b0f066a214c2f5e87bad3c948f4d605d)
Start importing Assets/GamerExtremo/res/4z.xml using Guid(057fbb89dc52e5449947524cc35fd4d8) Importer(2089858483,b0f066a214c2f5e87bad3c948f4d605d) (ScriptedImporter) -> (artifact id: '5b8729e14010b067d2eb3d2c95fee84d') in 0.0089932 seconds
Number of updated asset objects reloaded before import = 0Number of asset objects unloaded after import = 1

========================================================================
Received Import Request.
  Time since last request: 0.000101 seconds.
  path: Assets/GamerExtremo/Resources/Sounds/Retro UI Sounds/Accept/ui_accept_3.wav
  artifactKey: Guid(b5216c39f29141f44bb81b2319a3fcc2) Importer(2089858483,b0f066a214c2f5e87bad3c948f4d605d)
Start importing Assets/GamerExtremo/Resources/Sounds/Retro UI Sounds/Accept/ui_accept_3.wav using Guid(b5216c39f29141f44bb81b2319a3fcc2) Importer(2089858483,b0f066a214c2f5e87bad3c948f4d605d) (ScriptedImporter) -> (artifact id: '89a6ebe5771860b0c0caec70c1b90a6f') in 0.0318254 seconds
Number of updated asset objects reloaded before import = 0Number of asset objects unloaded after import = 1

========================================================================
Received Import Request.
  Time since last request: 0.000033 seconds.
  path: Assets/GamerExtremo/res/Ux.png
  artifactKey: Guid(bf9c43a9c9887574b9d3bb335835e64e) Importer(2089858483,b0f066a214c2f5e87bad3c948f4d605d)
Start importing Assets/GamerExtremo/res/Ux.png using Guid(bf9c43a9c9887574b9d3bb335835e64e) Importer(2089858483,b0f066a214c2f5e87bad3c948f4d605d) (ScriptedImporter) -> (artifact id: '04b81996509e04efdd21afda6cc81fa2') in 0.0176218 seconds
Number of updated asset objects reloaded before import = 0Number of asset objects unloaded after import = 3

========================================================================
Received Import Request.
  Time since last request: 0.000031 seconds.
  path: Assets/GamerExtremo/RIP/Electric Puzzles_1.5/FIOS/TL direita/w0.png
  artifactKey: Guid(d7a11bb45c51a134eb8bc323abec5c52) Importer(2089858483,b0f066a214c2f5e87bad3c948f4d605d)
Start importing Assets/GamerExtremo/RIP/Electric Puzzles_1.5/FIOS/TL direita/w0.png using Guid(d7a11bb45c51a134eb8bc323abec5c52) Importer(2089858483,b0f066a214c2f5e87bad3c948f4d605d) (ScriptedImporter) -> (artifact id: 'fc29a64c7085db44645f928835accc49') in 0.0163662 seconds
Number of updated asset objects reloaded before import = 0Number of asset objects unloaded after import = 3

========================================================================
Received Import Request.
  Time since last request: 0.000095 seconds.
  path: Assets/GamerExtremo/RIP/Electric Puzzles_1.5/Pictures/Grids/Block2--2D2D2D 1.png
  artifactKey: Guid(2ff19fe925908d748b7338f18a209e4e) Importer(2089858483,b0f066a214c2f5e87bad3c948f4d605d)
Start importing Assets/GamerExtremo/RIP/Electric Puzzles_1.5/Pictures/Grids/Block2--2D2D2D 1.png using Guid(2ff19fe925908d748b7338f18a209e4e) Importer(2089858483,b0f066a214c2f5e87bad3c948f4d605d) (ScriptedImporter) -> (artifact id: 'f768c872145aff37a936b7a169a01764') in 0.0199451 seconds
Number of updated asset objects reloaded before import = 0Number of asset objects unloaded after import = 3

========================================================================
Received Import Request.
  Time since last request: 0.000027 seconds.
  path: Assets/GamerExtremo/RIP/Electric Puzzles_1.5/FIOS/TL/39.png
  artifactKey: Guid(6e4e0569f4af6124a8c4c6706b91f61b) Importer(2089858483,b0f066a214c2f5e87bad3c948f4d605d)
Start importing Assets/GamerExtremo/RIP/Electric Puzzles_1.5/FIOS/TL/39.png using Guid(6e4e0569f4af6124a8c4c6706b91f61b) Importer(2089858483,b0f066a214c2f5e87bad3c948f4d605d) (ScriptedImporter) -> (artifact id: 'f432686bd415208b714d8835ea850646') in 0.0188296 seconds
Number of updated asset objects reloaded before import = 0Number of asset objects unloaded after import = 3

========================================================================
Received Import Request.
  Time since last request: 0.000025 seconds.
  path: Assets/GamerExtremo/RIP/Electric Puzzles_1.5/✅ New Folder/XML/xj.xml
  artifactKey: Guid(ca963d9c2f39ab64f9dbca011bfa214f) Importer(2089858483,b0f066a214c2f5e87bad3c948f4d605d)
Start importing Assets/GamerExtremo/RIP/Electric Puzzles_1.5/✅ New Folder/XML/xj.xml using Guid(ca963d9c2f39ab64f9dbca011bfa214f) Importer(2089858483,b0f066a214c2f5e87bad3c948f4d605d) (ScriptedImporter) -> (artifact id: 'c1371ecef477f27c2538343dcba05c5a') in 0.0102561 seconds
Number of updated asset objects reloaded before import = 0Number of asset objects unloaded after import = 1

========================================================================
Received Import Request.
  Time since last request: 0.000130 seconds.
  path: Assets/GamerExtremo/RIP/Electric Puzzles_1.5/res/9V.xml
  artifactKey: Guid(1fb1c2d2260036942a1523e7f5e0072c) Importer(2089858483,b0f066a214c2f5e87bad3c948f4d605d)
Start importing Assets/GamerExtremo/RIP/Electric Puzzles_1.5/res/9V.xml using Guid(1fb1c2d2260036942a1523e7f5e0072c) Importer(2089858483,b0f066a214c2f5e87bad3c948f4d605d) (ScriptedImporter) -> (artifact id: 'dbb76766762d1312b41aa3ec6bebdd33') in 0.0088377 seconds
Number of updated asset objects reloaded before import = 0Number of asset objects unloaded after import = 1

========================================================================
Received Import Request.
  Time since last request: 0.000032 seconds.
  path: Assets/GamerExtremo/RIP/Electric Puzzles_1.5/✅ New Folder/UPDATE/TIME/DD.png
  artifactKey: Guid(9e875b3bfc14fb340bba6fc2e73ee016) Importer(2089858483,b0f066a214c2f5e87bad3c948f4d605d)
Start importing Assets/GamerExtremo/RIP/Electric Puzzles_1.5/✅ New Folder/UPDATE/TIME/DD.png using Guid(9e875b3bfc14fb340bba6fc2e73ee016) Importer(2089858483,b0f066a214c2f5e87bad3c948f4d605d) (ScriptedImporter) -> (artifact id: 'd511ef550faa0054904d52751b88d376') in 0.0176552 seconds
Number of updated asset objects reloaded before import = 0Number of asset objects unloaded after import = 3

========================================================================
Received Import Request.
  Time since last request: 0.000026 seconds.
  path: Assets/GamerExtremo/RIP/Electric Puzzles_1.5/✅ New Folder/XML/rv.xml
  artifactKey: Guid(2b2f219f067c522479fc9f82d43efcaf) Importer(2089858483,b0f066a214c2f5e87bad3c948f4d605d)
Start importing Assets/GamerExtremo/RIP/Electric Puzzles_1.5/✅ New Folder/XML/rv.xml using Guid(2b2f219f067c522479fc9f82d43efcaf) Importer(2089858483,b0f066a214c2f5e87bad3c948f4d605d) (ScriptedImporter) -> (artifact id: 'c992dd9fd9a7bb6265c40ddce363a3e5') in 0.0099963 seconds
Number of updated asset objects reloaded before import = 0Number of asset objects unloaded after import = 1

========================================================================
Received Import Request.
  Time since last request: 0.000095 seconds.
  path: Assets/GamerExtremo/RIP/Electric Puzzles_1.5/res/711.png
  artifactKey: Guid(059bc7b996f971f4a9ac5e7dceeb7bff) Importer(2089858483,b0f066a214c2f5e87bad3c948f4d605d)
Start importing Assets/GamerExtremo/RIP/Electric Puzzles_1.5/res/711.png using Guid(059bc7b996f971f4a9ac5e7dceeb7bff) Importer(2089858483,b0f066a214c2f5e87bad3c948f4d605d) (ScriptedImporter) -> (artifact id: '2591195ef2be700e6b1207ead8e6cbf7') in 0.0162045 seconds
Number of updated asset objects reloaded before import = 0Number of asset objects unloaded after import = 3

========================================================================
Received Import Request.
  Time since last request: 0.905057 seconds.
  path: Assets/GamerExtremo/res/uo.png
  artifactKey: Guid(8638c86a279a5fe4e86adea891b5a6b6) Importer(2089858483,b0f066a214c2f5e87bad3c948f4d605d)
Start importing Assets/GamerExtremo/res/uo.png using Guid(8638c86a279a5fe4e86adea891b5a6b6) Importer(2089858483,b0f066a214c2f5e87bad3c948f4d605d) (ScriptedImporter) -> (artifact id: 'c5528c885f84368177c6e7ee7947205c') in 0.0337525 seconds
Number of updated asset objects reloaded before import = 0Number of asset objects unloaded after import = 3

========================================================================
Received Import Request.
  Time since last request: 0.000025 seconds.
  path: Assets/GamerExtremo/RIP/Electric Puzzles_1.5/✅ New Folder/XML/vG.xml
  artifactKey: Guid(d0ce2a9a81c74144a9de9b4962342086) Importer(2089858483,b0f066a214c2f5e87bad3c948f4d605d)
Start importing Assets/GamerExtremo/RIP/Electric Puzzles_1.5/✅ New Folder/XML/vG.xml using Guid(d0ce2a9a81c74144a9de9b4962342086) Importer(2089858483,b0f066a214c2f5e87bad3c948f4d605d) (ScriptedImporter) -> (artifact id: '6c179de1ee3fbd836023b6aef5a975dd') in 0.0084809 seconds
Number of updated asset objects reloaded before import = 0Number of asset objects unloaded after import = 1

========================================================================
Received Import Request.
  Time since last request: 0.000138 seconds.
  path: Assets/GamerExtremo/res/JN.png
  artifactKey: Guid(a87bfb21330f598469a0b4c1c2dfe8e0) Importer(2089858483,b0f066a214c2f5e87bad3c948f4d605d)
Start importing Assets/GamerExtremo/res/JN.png using Guid(a87bfb21330f598469a0b4c1c2dfe8e0) Importer(2089858483,b0f066a214c2f5e87bad3c948f4d605d) (ScriptedImporter) -> (artifact id: '25b3afc364fdaede4ef97403e2c3f8bd') in 0.0195461 seconds
Number of updated asset objects reloaded before import = 0Number of asset objects unloaded after import = 3

========================================================================
Received Import Request.
  Time since last request: 0.000021 seconds.
  path: Assets/GamerExtremo/res/Lr.xml
  artifactKey: Guid(2d5389509696ad04faaba486cf6cf9c8) Importer(2089858483,b0f066a214c2f5e87bad3c948f4d605d)
Start importing Assets/GamerExtremo/res/Lr.xml using Guid(2d5389509696ad04faaba486cf6cf9c8) Importer(2089858483,b0f066a214c2f5e87bad3c948f4d605d) (ScriptedImporter) -> (artifact id: 'cb4a82af42688b21f7f4f16a59a32551') in 0.0073805 seconds
Number of updated asset objects reloaded before import = 0Number of asset objects unloaded after import = 1

========================================================================
Received Import Request.
  Time since last request: 0.000150 seconds.
  path: Assets/GamerExtremo/RIP/Electric Puzzles_1.5/✅ New Folder/BACK/CW.png
  artifactKey: Guid(ca0dbbd3a92ed874086c69aae32385c3) Importer(2089858483,b0f066a214c2f5e87bad3c948f4d605d)
Start importing Assets/GamerExtremo/RIP/Electric Puzzles_1.5/✅ New Folder/BACK/CW.png using Guid(ca0dbbd3a92ed874086c69aae32385c3) Importer(2089858483,b0f066a214c2f5e87bad3c948f4d605d) (ScriptedImporter) -> (artifact id: '8b545cd518490042a7af39bbd0ad06fa') in 0.0165087 seconds
Number of updated asset objects reloaded before import = 0Number of asset objects unloaded after import = 3

========================================================================
Received Import Request.
  Time since last request: 0.000027 seconds.
  path: Assets/GamerExtremo/RIP/Electric Puzzles_1.5/✅ New Folder/BULB/f7.png
  artifactKey: Guid(22f8208995f0a96439de2835653274b1) Importer(2089858483,b0f066a214c2f5e87bad3c948f4d605d)
Start importing Assets/GamerExtremo/RIP/Electric Puzzles_1.5/✅ New Folder/BULB/f7.png using Guid(22f8208995f0a96439de2835653274b1) Importer(2089858483,b0f066a214c2f5e87bad3c948f4d605d) (ScriptedImporter) -> (artifact id: '3b7149bd4dfbe2cdbe5517c5575f792c') in 0.0214827 seconds
Number of updated asset objects reloaded before import = 0Number of asset objects unloaded after import = 3

========================================================================
Received Import Request.
  Time since last request: 0.000031 seconds.
  path: Assets/GamerExtremo/RIP/Electric Puzzles_1.5/res/rM.png
  artifactKey: Guid(a99d538c5885d514b9dc6a42797209c2) Importer(2089858483,b0f066a214c2f5e87bad3c948f4d605d)
Start importing Assets/GamerExtremo/RIP/Electric Puzzles_1.5/res/rM.png using Guid(a99d538c5885d514b9dc6a42797209c2) Importer(2089858483,b0f066a214c2f5e87bad3c948f4d605d) (ScriptedImporter) -> (artifact id: '9bb2a56482fac7e1193f08adf3e0d797') in 0.0202776 seconds
Number of updated asset objects reloaded before import = 0Number of asset objects unloaded after import = 3

========================================================================
Received Import Request.
  Time since last request: 0.000139 seconds.
  path: Assets/GamerExtremo/RIP/Electric Puzzles_1.5/✅ New Folder/DINHEIRO/BAR GOLD
  artifactKey: Guid(8b9edacf1b90af241bfdb7ca6453885c) Importer(2089858483,b0f066a214c2f5e87bad3c948f4d605d)
Start importing Assets/GamerExtremo/RIP/Electric Puzzles_1.5/✅ New Folder/DINHEIRO/BAR GOLD using Guid(8b9edacf1b90af241bfdb7ca6453885c) Importer(2089858483,b0f066a214c2f5e87bad3c948f4d605d) (ScriptedImporter) -> (artifact id: '07b74ecfead73f94755b174e268b60a8') in 0.0062308 seconds
Number of updated asset objects reloaded before import = 0Number of asset objects unloaded after import = 1

========================================================================
Received Import Request.
  Time since last request: 0.000039 seconds.
  path: Assets/GamerExtremo/RIP/Electric Puzzles_1.5/✅ New Folder/CIRCLE/CIRCLE RED +PLUSS CENTER/rs.png
  artifactKey: Guid(5e69bec4760b002459c5279d9ec8c706) Importer(2089858483,b0f066a214c2f5e87bad3c948f4d605d)
Start importing Assets/GamerExtremo/RIP/Electric Puzzles_1.5/✅ New Folder/CIRCLE/CIRCLE RED +PLUSS CENTER/rs.png using Guid(5e69bec4760b002459c5279d9ec8c706) Importer(2089858483,b0f066a214c2f5e87bad3c948f4d605d) (ScriptedImporter) -> (artifact id: 'b7310589a0c7eea8037cdbc9fdc06700') in 0.0175971 seconds
Number of updated asset objects reloaded before import = 0Number of asset objects unloaded after import = 3

========================================================================
Received Import Request.
  Time since last request: 0.000026 seconds.
  path: Assets/GamerExtremo/res/c7.png
  artifactKey: Guid(bc464b31cc61eef468c96925caaab15c) Importer(2089858483,b0f066a214c2f5e87bad3c948f4d605d)
Start importing Assets/GamerExtremo/res/c7.png using Guid(bc464b31cc61eef468c96925caaab15c) Importer(2089858483,b0f066a214c2f5e87bad3c948f4d605d) (ScriptedImporter) -> (artifact id: 'bc49f29c30176dae2e731871294f89d4') in 0.0179768 seconds
Number of updated asset objects reloaded before import = 0Number of asset objects unloaded after import = 3

========================================================================
Received Import Request.
  Time since last request: 0.000023 seconds.
  path: Assets/GamerExtremo/res/F4.png
  artifactKey: Guid(9c277fdbfeb6a5a4db20213a8314277e) Importer(2089858483,b0f066a214c2f5e87bad3c948f4d605d)
Start importing Assets/GamerExtremo/res/F4.png using Guid(9c277fdbfeb6a5a4db20213a8314277e) Importer(2089858483,b0f066a214c2f5e87bad3c948f4d605d) (ScriptedImporter) -> (artifact id: '293e8005e8e2b63e8678e77476d8f690') in 0.0203421 seconds
Number of updated asset objects reloaded before import = 0Number of asset objects unloaded after import = 3

========================================================================
Received Import Request.
  Time since last request: 0.000026 seconds.
  path: Assets/GamerExtremo/RIP/Electric Puzzles_1.5/res/mN1.png
  artifactKey: Guid(81ffe69c7c2340842b636bc2546bfb42) Importer(2089858483,b0f066a214c2f5e87bad3c948f4d605d)
Start importing Assets/GamerExtremo/RIP/Electric Puzzles_1.5/res/mN1.png using Guid(81ffe69c7c2340842b636bc2546bfb42) Importer(2089858483,b0f066a214c2f5e87bad3c948f4d605d) (ScriptedImporter) -> (artifact id: '32b93cc9aa26985142f26479c7181459') in 0.0250321 seconds
Number of updated asset objects reloaded before import = 0Number of asset objects unloaded after import = 3

========================================================================
Received Import Request.
  Time since last request: 0.000028 seconds.
  path: Assets/GamerExtremo/RIP/Electric Puzzles_1.5/FIOS/black/Pasta/BL.9.png
  artifactKey: Guid(25ef9a55deee7b3409cd9441b9ccfed5) Importer(2089858483,b0f066a214c2f5e87bad3c948f4d605d)
Start importing Assets/GamerExtremo/RIP/Electric Puzzles_1.5/FIOS/black/Pasta/BL.9.png using Guid(25ef9a55deee7b3409cd9441b9ccfed5) Importer(2089858483,b0f066a214c2f5e87bad3c948f4d605d) (ScriptedImporter) -> (artifact id: '0f77dd1fa9027342e51795a7ecf6512c') in 0.0318129 seconds
Number of updated asset objects reloaded before import = 0Number of asset objects unloaded after import = 3

========================================================================
Received Import Request.
  Time since last request: 0.000050 seconds.
  path: Assets/GamerExtremo/res/9s.xml
  artifactKey: Guid(b41f5afc1cb50d4489bc8ca189f0adf4) Importer(2089858483,b0f066a214c2f5e87bad3c948f4d605d)
Start importing Assets/GamerExtremo/res/9s.xml using Guid(b41f5afc1cb50d4489bc8ca189f0adf4) Importer(2089858483,b0f066a214c2f5e87bad3c948f4d605d) (ScriptedImporter) -> (artifact id: 'b0cf0c1475350f2843cb9a7f6cbef57e') in 0.0111454 seconds
Number of updated asset objects reloaded before import = 0Number of asset objects unloaded after import = 1

========================================================================
Received Import Request.
  Time since last request: 0.000125 seconds.
  path: Assets/GamerExtremo/RIP/Electric Puzzles_1.5/res/8W.png
  artifactKey: Guid(b149a8ad11496bf489e6c603d8231d5d) Importer(2089858483,b0f066a214c2f5e87bad3c948f4d605d)
Start importing Assets/GamerExtremo/RIP/Electric Puzzles_1.5/res/8W.png using Guid(b149a8ad11496bf489e6c603d8231d5d) Importer(2089858483,b0f066a214c2f5e87bad3c948f4d605d) (ScriptedImporter) -> (artifact id: 'a7d4adc12ed853472f478c813d4aa12f') in 0.022282 seconds
Number of updated asset objects reloaded before import = 0Number of asset objects unloaded after import = 3

========================================================================
Received Import Request.
  Time since last request: 0.000027 seconds.
  path: Assets/GamerExtremo/RIP/Electric Puzzles_1.5/✅ New Folder/CHAVE DE BOCA/vC.png
  artifactKey: Guid(4035015e16c566f4a9523ac69515a8aa) Importer(2089858483,b0f066a214c2f5e87bad3c948f4d605d)
Start importing Assets/GamerExtremo/RIP/Electric Puzzles_1.5/✅ New Folder/CHAVE DE BOCA/vC.png using Guid(4035015e16c566f4a9523ac69515a8aa) Importer(2089858483,b0f066a214c2f5e87bad3c948f4d605d) (ScriptedImporter) -> (artifact id: '50ceacb9015cfc6eabd1f4e3cf42513c') in 0.0230024 seconds
Number of updated asset objects reloaded before import = 0Number of asset objects unloaded after import = 3

========================================================================
Received Import Request.
  Time since last request: 0.000032 seconds.
  path: Assets/GamerExtremo/RIP/Electric Puzzles_1.5/res/65.9.png
  artifactKey: Guid(de5325f2f06bb3e46806e94c6d8a20a0) Importer(2089858483,b0f066a214c2f5e87bad3c948f4d605d)
Start importing Assets/GamerExtremo/RIP/Electric Puzzles_1.5/res/65.9.png using Guid(de5325f2f06bb3e46806e94c6d8a20a0) Importer(2089858483,b0f066a214c2f5e87bad3c948f4d605d) (ScriptedImporter) -> (artifact id: 'c4d6af9ddf1c984ab1b05fa9a46286dd') in 0.0176279 seconds
Number of updated asset objects reloaded before import = 0Number of asset objects unloaded after import = 3

========================================================================
Received Import Request.
  Time since last request: 0.000030 seconds.
  path: Assets/GamerExtremo/RIP/Electric Puzzles_1.5/res/9T.xml
  artifactKey: Guid(bdb02974ad50e5545b95e5abeec1248d) Importer(2089858483,b0f066a214c2f5e87bad3c948f4d605d)
Start importing Assets/GamerExtremo/RIP/Electric Puzzles_1.5/res/9T.xml using Guid(bdb02974ad50e5545b95e5abeec1248d) Importer(2089858483,b0f066a214c2f5e87bad3c948f4d605d) (ScriptedImporter) -> (artifact id: '93b61345f3e4d7aef8a6b879fcfcbf9f') in 0.009737 seconds
Number of updated asset objects reloaded before import = 0Number of asset objects unloaded after import = 1

========================================================================
Received Import Request.
  Time since last request: 0.000151 seconds.
  path: Assets/GamerExtremo/res/us.9.png
  artifactKey: Guid(44a8f4d580113d34eb90c9a23dc0f9e1) Importer(2089858483,b0f066a214c2f5e87bad3c948f4d605d)
Start importing Assets/GamerExtremo/res/us.9.png using Guid(44a8f4d580113d34eb90c9a23dc0f9e1) Importer(2089858483,b0f066a214c2f5e87bad3c948f4d605d) (ScriptedImporter) -> (artifact id: 'd6da85041b49469d8fd6946611e1a338') in 0.0228028 seconds
Number of updated asset objects reloaded before import = 0Number of asset objects unloaded after import = 3

========================================================================
Received Import Request.
  Time since last request: 0.000033 seconds.
  path: Assets/GamerExtremo/RIP/Electric Puzzles_1.5/res/DZ.png
  artifactKey: Guid(67605022281d8144c99ddded80aa1642) Importer(2089858483,b0f066a214c2f5e87bad3c948f4d605d)
Start importing Assets/GamerExtremo/RIP/Electric Puzzles_1.5/res/DZ.png using Guid(67605022281d8144c99ddded80aa1642) Importer(2089858483,b0f066a214c2f5e87bad3c948f4d605d) (ScriptedImporter) -> (artifact id: '395c55bcb2a94c81031b0fd0a29465fc') in 0.0212857 seconds
Number of updated asset objects reloaded before import = 0Number of asset objects unloaded after import = 3

========================================================================
Received Import Request.
  Time since last request: 0.000047 seconds.
  path: Assets/GamerExtremo/RIP/Electric Puzzles_1.5/res/Iz.png
  artifactKey: Guid(2be005c1024c8c7418aad9fbe3db8496) Importer(2089858483,b0f066a214c2f5e87bad3c948f4d605d)
Start importing Assets/GamerExtremo/RIP/Electric Puzzles_1.5/res/Iz.png using Guid(2be005c1024c8c7418aad9fbe3db8496) Importer(2089858483,b0f066a214c2f5e87bad3c948f4d605d) (ScriptedImporter) -> (artifact id: '5e1316ea441f9b3ef63850810fa094bc') in 0.0215021 seconds
Number of updated asset objects reloaded before import = 0Number of asset objects unloaded after import = 3

========================================================================
Received Import Request.
  Time since last request: 0.000029 seconds.
  path: Assets/GamerExtremo/Pictures/Paisagens/baixados (1).jpg
  artifactKey: Guid(b0ff1a38c9d1df84ab083eab7b8808ef) Importer(2089858483,b0f066a214c2f5e87bad3c948f4d605d)
Start importing Assets/GamerExtremo/Pictures/Paisagens/baixados (1).jpg using Guid(b0ff1a38c9d1df84ab083eab7b8808ef) Importer(2089858483,b0f066a214c2f5e87bad3c948f4d605d) (ScriptedImporter) -> (artifact id: '6e1a5ea3298b41081114455ddcee6524') in 0.0239772 seconds
Number of updated asset objects reloaded before import = 0Number of asset objects unloaded after import = 3

========================================================================
Received Import Request.
  Time since last request: 0.000038 seconds.
  path: Assets/GamerExtremo/RIP/Electric Puzzles_1.5/res/qx.xml
  artifactKey: Guid(01dd1c089b714e64781ae33a700ac4c3) Importer(2089858483,b0f066a214c2f5e87bad3c948f4d605d)
Start importing Assets/GamerExtremo/RIP/Electric Puzzles_1.5/res/qx.xml using Guid(01dd1c089b714e64781ae33a700ac4c3) Importer(2089858483,b0f066a214c2f5e87bad3c948f4d605d) (ScriptedImporter) -> (artifact id: '45c6ae581e637b3a9ebe29e7e6e85b71') in 0.0089844 seconds
Number of updated asset objects reloaded before import = 0Number of asset objects unloaded after import = 1

========================================================================
Received Import Request.
  Time since last request: 0.000087 seconds.
  path: Assets/GamerExtremo/RIP/Electric Puzzles_1.5/Pictures/Exemplos/1001789293.png
  artifactKey: Guid(655753a62bcf53141b5e23ab38871f8e) Importer(2089858483,b0f066a214c2f5e87bad3c948f4d605d)
Start importing Assets/GamerExtremo/RIP/Electric Puzzles_1.5/Pictures/Exemplos/1001789293.png using Guid(655753a62bcf53141b5e23ab38871f8e) Importer(2089858483,b0f066a214c2f5e87bad3c948f4d605d) (ScriptedImporter) -> (artifact id: '26a7540f45dbd94f0619b3a4dd5d5602') in 0.0420163 seconds
Number of updated asset objects reloaded before import = 0Number of asset objects unloaded after import = 1

========================================================================
Received Import Request.
  Time since last request: 0.000056 seconds.
  path: Assets/GamerExtremo/res/KH.9.png
  artifactKey: Guid(a836ec3c05953c949a204e901a34f1b4) Importer(2089858483,b0f066a214c2f5e87bad3c948f4d605d)
Start importing Assets/GamerExtremo/res/KH.9.png using Guid(a836ec3c05953c949a204e901a34f1b4) Importer(2089858483,b0f066a214c2f5e87bad3c948f4d605d) (ScriptedImporter) -> (artifact id: '8502146394b6a96c4861e37b80ff7297') in 0.0201694 seconds
Number of updated asset objects reloaded before import = 0Number of asset objects unloaded after import = 3

========================================================================
Received Import Request.
  Time since last request: 0.000022 seconds.
  path: Assets/GamerExtremo/RIP/Electric Puzzles_1.5/res/mm.9.png
  artifactKey: Guid(b4c015db81d99184983e790474e198a9) Importer(2089858483,b0f066a214c2f5e87bad3c948f4d605d)
Start importing Assets/GamerExtremo/RIP/Electric Puzzles_1.5/res/mm.9.png using Guid(b4c015db81d99184983e790474e198a9) Importer(2089858483,b0f066a214c2f5e87bad3c948f4d605d) (ScriptedImporter) -> (artifact id: 'b86c452475cb964c1dede6699a8c9101') in 0.0151272 seconds
Number of updated asset objects reloaded before import = 0Number of asset objects unloaded after import = 3

========================================================================
Received Import Request.
  Time since last request: 0.000022 seconds.
  path: Assets/GamerExtremo/RIP/Electric Puzzles_1.5/✅ New Folder/CAM
  artifactKey: Guid(74193c5621f87a84ab842e2017a07848) Importer(2089858483,b0f066a214c2f5e87bad3c948f4d605d)
Start importing Assets/GamerExtremo/RIP/Electric Puzzles_1.5/✅ New Folder/CAM using Guid(74193c5621f87a84ab842e2017a07848) Importer(2089858483,b0f066a214c2f5e87bad3c948f4d605d) (ScriptedImporter) -> (artifact id: '57729d8cd0932c090db2560c8907c8e1') in 0.0052933 seconds
Number of updated asset objects reloaded before import = 0Number of asset objects unloaded after import = 1

========================================================================
Received Import Request.
  Time since last request: 0.000055 seconds.
  path: Assets/GamerExtremo/res/UE.9.png
  artifactKey: Guid(49406a532e61a9247a6a6b45be7c40fd) Importer(2089858483,b0f066a214c2f5e87bad3c948f4d605d)
Start importing Assets/GamerExtremo/res/UE.9.png using Guid(49406a532e61a9247a6a6b45be7c40fd) Importer(2089858483,b0f066a214c2f5e87bad3c948f4d605d) (ScriptedImporter) -> (artifact id: '66dcf22d109d7c96bcf46b9d876b1efd') in 0.0140246 seconds
Number of updated asset objects reloaded before import = 0Number of asset objects unloaded after import = 3

========================================================================
Received Import Request.
  Time since last request: 0.000025 seconds.
  path: Assets/GamerExtremo/Resources/Sprites/Backgrounds
  artifactKey: Guid(5a52bd71f29e45b46ada6202e10151fc) Importer(2089858483,b0f066a214c2f5e87bad3c948f4d605d)
Start importing Assets/GamerExtremo/Resources/Sprites/Backgrounds using Guid(5a52bd71f29e45b46ada6202e10151fc) Importer(2089858483,b0f066a214c2f5e87bad3c948f4d605d) (ScriptedImporter) -> (artifact id: '35e4e6690c907693c00dec7b6a727b0b') in 0.0050663 seconds
Number of updated asset objects reloaded before import = 0Number of asset objects unloaded after import = 1

========================================================================
Received Import Request.
  Time since last request: 0.000074 seconds.
  path: Assets/GamerExtremo/RIP/Electric Puzzles_1.5/✅ New Folder/CIRCLE/CIRCLE G/Gray
  artifactKey: Guid(6da9fb01715e21d4e8d464073483825b) Importer(2089858483,b0f066a214c2f5e87bad3c948f4d605d)
Start importing Assets/GamerExtremo/RIP/Electric Puzzles_1.5/✅ New Folder/CIRCLE/CIRCLE G/Gray using Guid(6da9fb01715e21d4e8d464073483825b) Importer(2089858483,b0f066a214c2f5e87bad3c948f4d605d) (ScriptedImporter) -> (artifact id: '23a63ed596aeca08fabd819a2c9074e0') in 0.0053209 seconds
Number of updated asset objects reloaded before import = 0Number of asset objects unloaded after import = 1

========================================================================
Received Import Request.
  Time since last request: 0.000047 seconds.
  path: Assets/GamerExtremo/res/BW.xml
  artifactKey: Guid(ac24c879a366c22449b25ed8928aca44) Importer(2089858483,b0f066a214c2f5e87bad3c948f4d605d)
Start importing Assets/GamerExtremo/res/BW.xml using Guid(ac24c879a366c22449b25ed8928aca44) Importer(2089858483,b0f066a214c2f5e87bad3c948f4d605d) (ScriptedImporter) -> (artifact id: 'd12b9279360ea45acd5fcb7da3792573') in 0.0069908 seconds
Number of updated asset objects reloaded before import = 0Number of asset objects unloaded after import = 1

========================================================================
Received Import Request.
  Time since last request: 0.000107 seconds.
  path: Assets/GamerExtremo/RIP/Electric Puzzles_1.5/✅ New Folder/XML/Lf.xml
  artifactKey: Guid(94df2096ab2483747a32b823e8c96beb) Importer(2089858483,b0f066a214c2f5e87bad3c948f4d605d)
Start importing Assets/GamerExtremo/RIP/Electric Puzzles_1.5/✅ New Folder/XML/Lf.xml using Guid(94df2096ab2483747a32b823e8c96beb) Importer(2089858483,b0f066a214c2f5e87bad3c948f4d605d) (ScriptedImporter) -> (artifact id: 'a5b8e9aeec135cabd6c04073ca51f905') in 0.0064029 seconds
Number of updated asset objects reloaded before import = 0Number of asset objects unloaded after import = 1

========================================================================
Received Import Request.
  Time since last request: 0.000075 seconds.
  path: Assets/GamerExtremo/res/UX.xml
  artifactKey: Guid(b3c468379df8f384db4987af62b8146f) Importer(2089858483,b0f066a214c2f5e87bad3c948f4d605d)
Start importing Assets/GamerExtremo/res/UX.xml using Guid(b3c468379df8f384db4987af62b8146f) Importer(2089858483,b0f066a214c2f5e87bad3c948f4d605d) (ScriptedImporter) -> (artifact id: '9af1956264a81206428935f22bccf7a7') in 0.0066339 seconds
Number of updated asset objects reloaded before import = 0Number of asset objects unloaded after import = 1

========================================================================
Received Import Request.
  Time since last request: 0.000043 seconds.
  path: Assets/GamerExtremo/res/I3.9.png
  artifactKey: Guid(d1bc8824344d3fb42925e38e4e1f0606) Importer(2089858483,b0f066a214c2f5e87bad3c948f4d605d)
Start importing Assets/GamerExtremo/res/I3.9.png using Guid(d1bc8824344d3fb42925e38e4e1f0606) Importer(2089858483,b0f066a214c2f5e87bad3c948f4d605d) (ScriptedImporter) -> (artifact id: 'd65f24aae921c503005bf9fa9a615f84') in 0.0146096 seconds
Number of updated asset objects reloaded before import = 0Number of asset objects unloaded after import = 3

========================================================================
Received Import Request.
  Time since last request: 0.000023 seconds.
  path: Assets/GamerExtremo/RIP/Electric Puzzles_1.5/✅ New Folder/THREE POINTS/J9.png
  artifactKey: Guid(87e0e04394f42fd4da4066c58751ea5c) Importer(2089858483,b0f066a214c2f5e87bad3c948f4d605d)
Start importing Assets/GamerExtremo/RIP/Electric Puzzles_1.5/✅ New Folder/THREE POINTS/J9.png using Guid(87e0e04394f42fd4da4066c58751ea5c) Importer(2089858483,b0f066a214c2f5e87bad3c948f4d605d) (ScriptedImporter) -> (artifact id: '5e117daeacf23994f203beb445b24d01') in 0.0162495 seconds
Number of updated asset objects reloaded before import = 0Number of asset objects unloaded after import = 3

========================================================================
Received Import Request.
  Time since last request: 0.000030 seconds.
  path: Assets/GamerExtremo/res/Hu.png
  artifactKey: Guid(370dc87d5bccac146847df0a02265a7d) Importer(2089858483,b0f066a214c2f5e87bad3c948f4d605d)
Start importing Assets/GamerExtremo/res/Hu.png using Guid(370dc87d5bccac146847df0a02265a7d) Importer(2089858483,b0f066a214c2f5e87bad3c948f4d605d) (ScriptedImporter) -> (artifact id: '54d1ed46d23c2768fa25e0caa2d7361b') in 0.0166675 seconds
Number of updated asset objects reloaded before import = 0Number of asset objects unloaded after import = 3

========================================================================
Received Import Request.
  Time since last request: 0.000023 seconds.
  path: Assets/GamerExtremo/res/T5.xml
  artifactKey: Guid(292873953ceeb6042b0bbcbe19b933e9) Importer(2089858483,b0f066a214c2f5e87bad3c948f4d605d)
Start importing Assets/GamerExtremo/res/T5.xml using Guid(292873953ceeb6042b0bbcbe19b933e9) Importer(2089858483,b0f066a214c2f5e87bad3c948f4d605d) (ScriptedImporter) -> (artifact id: 'c45caa92c2ddad41d7091bc1fcdeafcd') in 0.0059404 seconds
Number of updated asset objects reloaded before import = 0Number of asset objects unloaded after import = 1

========================================================================
Received Import Request.
  Time since last request: 0.000105 seconds.
  path: Assets/GamerExtremo/RIP/Electric Puzzles_1.5/res/WF.png
  artifactKey: Guid(8aeb9678290c25244a96335626e901de) Importer(2089858483,b0f066a214c2f5e87bad3c948f4d605d)
Start importing Assets/GamerExtremo/RIP/Electric Puzzles_1.5/res/WF.png using Guid(8aeb9678290c25244a96335626e901de) Importer(2089858483,b0f066a214c2f5e87bad3c948f4d605d) (ScriptedImporter) -> (artifact id: '20414baa2854e40f35b10b2c4443a5c7') in 0.0148565 seconds
Number of updated asset objects reloaded before import = 0Number of asset objects unloaded after import = 3

========================================================================
Received Import Request.
  Time since last request: 0.000026 seconds.
  path: Assets/GamerExtremo/res/XO.png
  artifactKey: Guid(065a7d66c3bcb024b86cd18255413b65) Importer(2089858483,b0f066a214c2f5e87bad3c948f4d605d)
Start importing Assets/GamerExtremo/res/XO.png using Guid(065a7d66c3bcb024b86cd18255413b65) Importer(2089858483,b0f066a214c2f5e87bad3c948f4d605d) (ScriptedImporter) -> (artifact id: '9787269f39aff1b86d5b19da1c439011') in 0.0162415 seconds
Number of updated asset objects reloaded before import = 0Number of asset objects unloaded after import = 3

========================================================================
Received Import Request.
  Time since last request: 0.000023 seconds.
  path: Assets/GamerExtremo/RIP/Electric Puzzles_1.5/res/BJ.xml
  artifactKey: Guid(35d301586cc7a034696c1f7513dd0fa2) Importer(2089858483,b0f066a214c2f5e87bad3c948f4d605d)
Start importing Assets/GamerExtremo/RIP/Electric Puzzles_1.5/res/BJ.xml using Guid(35d301586cc7a034696c1f7513dd0fa2) Importer(2089858483,b0f066a214c2f5e87bad3c948f4d605d) (ScriptedImporter) -> (artifact id: '334d035104af68386baa170d52fd0abf') in 0.0064056 seconds
Number of updated asset objects reloaded before import = 0Number of asset objects unloaded after import = 1

========================================================================
Received Import Request.
  Time since last request: 0.000107 seconds.
  path: Assets/GamerExtremo/res/XW.xml
  artifactKey: Guid(d8a46064f39bb5641b1a63515dcd931a) Importer(2089858483,b0f066a214c2f5e87bad3c948f4d605d)
Start importing Assets/GamerExtremo/res/XW.xml using Guid(d8a46064f39bb5641b1a63515dcd931a) Importer(2089858483,b0f066a214c2f5e87bad3c948f4d605d) (ScriptedImporter) -> (artifact id: '3806f9f07efeb2a99e00a04d671141a5') in 0.0074524 seconds
Number of updated asset objects reloaded before import = 0Number of asset objects unloaded after import = 1

========================================================================
Received Import Request.
  Time since last request: 0.000070 seconds.
  path: Assets/GamerExtremo/RIP/Electric Puzzles_1.5/SQUARE/7 Android face/RJ.png
  artifactKey: Guid(f5c2b256d42e9f645a33f7c30bbe24d0) Importer(2089858483,b0f066a214c2f5e87bad3c948f4d605d)
Start importing Assets/GamerExtremo/RIP/Electric Puzzles_1.5/SQUARE/7 Android face/RJ.png using Guid(f5c2b256d42e9f645a33f7c30bbe24d0) Importer(2089858483,b0f066a214c2f5e87bad3c948f4d605d) (ScriptedImporter) -> (artifact id: '7f7d81b4a7ec5bfac32cfe12dd4df274') in 0.0166518 seconds
Number of updated asset objects reloaded before import = 0Number of asset objects unloaded after import = 3

========================================================================
Received Import Request.
  Time since last request: 0.000022 seconds.
  path: Assets/GamerExtremo/res/9w.png
  artifactKey: Guid(d175fd6a3e595ae499657d6b72666cec) Importer(2089858483,b0f066a214c2f5e87bad3c948f4d605d)
Start importing Assets/GamerExtremo/res/9w.png using Guid(d175fd6a3e595ae499657d6b72666cec) Importer(2089858483,b0f066a214c2f5e87bad3c948f4d605d) (ScriptedImporter) -> (artifact id: '69b14356c9f62ee875039aa6523231d8') in 0.0149592 seconds
Number of updated asset objects reloaded before import = 0Number of asset objects unloaded after import = 3

========================================================================
Received Import Request.
  Time since last request: 0.000023 seconds.
  path: Assets/GamerExtremo/res/1F.png
  artifactKey: Guid(637e8964ee0fe1145960f0cbebde5e59) Importer(2089858483,b0f066a214c2f5e87bad3c948f4d605d)
Start importing Assets/GamerExtremo/res/1F.png using Guid(637e8964ee0fe1145960f0cbebde5e59) Importer(2089858483,b0f066a214c2f5e87bad3c948f4d605d) (ScriptedImporter) -> (artifact id: '6bfc155004a0dabcfcca6a2cb51a1d3d') in 0.0153446 seconds
Number of updated asset objects reloaded before import = 0Number of asset objects unloaded after import = 3

========================================================================
Received Import Request.
  Time since last request: 0.000023 seconds.
  path: Assets/GamerExtremo/RIP/Electric Puzzles_1.5/res/A4.xml
  artifactKey: Guid(7799fc5551e46484e8695ba3e165e132) Importer(2089858483,b0f066a214c2f5e87bad3c948f4d605d)
Start importing Assets/GamerExtremo/RIP/Electric Puzzles_1.5/res/A4.xml using Guid(7799fc5551e46484e8695ba3e165e132) Importer(2089858483,b0f066a214c2f5e87bad3c948f4d605d) (ScriptedImporter) -> (artifact id: 'b1be1bb79dfc621773231a96a4ad7477') in 0.0064026 seconds
Number of updated asset objects reloaded before import = 0Number of asset objects unloaded after import = 1

========================================================================
Received Import Request.
  Time since last request: 0.000023 seconds.
  path: Assets/GamerExtremo/RIP/Electric Puzzles_1.5/res/ex.png
  artifactKey: Guid(22338a7cded598b4985157f4d4d5c4ee) Importer(2089858483,b0f066a214c2f5e87bad3c948f4d605d)
Start importing Assets/GamerExtremo/RIP/Electric Puzzles_1.5/res/ex.png using Guid(22338a7cded598b4985157f4d4d5c4ee) Importer(2089858483,b0f066a214c2f5e87bad3c948f4d605d) (ScriptedImporter) -> (artifact id: '79ffff6d2b1e1b2085dabb3fd9d41be7') in 0.0168267 seconds
Number of updated asset objects reloaded before import = 0Number of asset objects unloaded after import = 3

========================================================================
Received Import Request.
  Time since last request: 0.000030 seconds.
  path: Assets/GamerExtremo/res/Dw.png
  artifactKey: Guid(c73525da82a891542a760afa885604f8) Importer(2089858483,b0f066a214c2f5e87bad3c948f4d605d)
Start importing Assets/GamerExtremo/res/Dw.png using Guid(c73525da82a891542a760afa885604f8) Importer(2089858483,b0f066a214c2f5e87bad3c948f4d605d) (ScriptedImporter) -> (artifact id: '4920c4cde092fc2262a3b139cca2bc09') in 0.0163729 seconds
Number of updated asset objects reloaded before import = 0Number of asset objects unloaded after import = 3

========================================================================
Received Import Request.
  Time since last request: 0.000037 seconds.
  path: Assets/GamerExtremo/res/oS.png
  artifactKey: Guid(b96bb48d291dd9b4681b5b6e506ab4fa) Importer(2089858483,b0f066a214c2f5e87bad3c948f4d605d)
Start importing Assets/GamerExtremo/res/oS.png using Guid(b96bb48d291dd9b4681b5b6e506ab4fa) Importer(2089858483,b0f066a214c2f5e87bad3c948f4d605d) (ScriptedImporter) -> (artifact id: 'da57179cf9b046c701e40fcbe27c6459') in 0.0157501 seconds
Number of updated asset objects reloaded before import = 0Number of asset objects unloaded after import = 3

========================================================================
Received Import Request.
  Time since last request: 0.000023 seconds.
  path: Assets/GamerExtremo/RIP/Electric Puzzles_1.5/res/hh.9.png
  artifactKey: Guid(c56f50d5cdcb63c47beb1cce9553ffa1) Importer(2089858483,b0f066a214c2f5e87bad3c948f4d605d)
Start importing Assets/GamerExtremo/RIP/Electric Puzzles_1.5/res/hh.9.png using Guid(c56f50d5cdcb63c47beb1cce9553ffa1) Importer(2089858483,b0f066a214c2f5e87bad3c948f4d605d) (ScriptedImporter) -> (artifact id: '5d7d8751843543d94a64a2d94a47bb02') in 0.0155113 seconds
Number of updated asset objects reloaded before import = 0Number of asset objects unloaded after import = 3

========================================================================
Received Import Request.
  Time since last request: 0.000022 seconds.
  path: Assets/GamerExtremo/RIP/Electric Puzzles_1.5/✅ New Folder/XML/Qt.xml
  artifactKey: Guid(8a3ea0896e4e7f741a33fa73f3cb6e54) Importer(2089858483,b0f066a214c2f5e87bad3c948f4d605d)
Start importing Assets/GamerExtremo/RIP/Electric Puzzles_1.5/✅ New Folder/XML/Qt.xml using Guid(8a3ea0896e4e7f741a33fa73f3cb6e54) Importer(2089858483,b0f066a214c2f5e87bad3c948f4d605d) (ScriptedImporter) -> (artifact id: 'd5feb7c73da2063a615e8c7bca4a9eb9') in 0.0078804 seconds
Number of updated asset objects reloaded before import = 0Number of asset objects unloaded after import = 1

========================================================================
Received Import Request.
  Time since last request: 0.000142 seconds.
  path: Assets/GamerExtremo/RIP/Electric Puzzles_1.5/✅ New Folder/CIRCLE/CIRCLE BLACK
  artifactKey: Guid(219d8646601a71847be606ffb4e2ed70) Importer(2089858483,b0f066a214c2f5e87bad3c948f4d605d)
Start importing Assets/GamerExtremo/RIP/Electric Puzzles_1.5/✅ New Folder/CIRCLE/CIRCLE BLACK using Guid(219d8646601a71847be606ffb4e2ed70) Importer(2089858483,b0f066a214c2f5e87bad3c948f4d605d) (ScriptedImporter) -> (artifact id: '01de2e14d1ba2a2fbb2ccd9a4a1b3301') in 0.0058533 seconds
Number of updated asset objects reloaded before import = 0Number of asset objects unloaded after import = 1

========================================================================
Received Import Request.
  Time since last request: 0.000122 seconds.
  path: Assets/GamerExtremo/RIP/Electric Puzzles_1.5/FIOS/verde/Pasta/c71.png
  artifactKey: Guid(5f30f87a0b822124688f20e62097e568) Importer(2089858483,b0f066a214c2f5e87bad3c948f4d605d)
Start importing Assets/GamerExtremo/RIP/Electric Puzzles_1.5/FIOS/verde/Pasta/c71.png using Guid(5f30f87a0b822124688f20e62097e568) Importer(2089858483,b0f066a214c2f5e87bad3c948f4d605d) (ScriptedImporter) -> (artifact id: '37758f53e9311bc555ead9d66a763f88') in 0.0193043 seconds
Number of updated asset objects reloaded before import = 0Number of asset objects unloaded after import = 3

========================================================================
Received Import Request.
  Time since last request: 0.942264 seconds.
  path: Assets/GamerExtremo/res/jS1.9.png
  artifactKey: Guid(e8072fb1a6f1d774b8923d927cc9d0e2) Importer(2089858483,b0f066a214c2f5e87bad3c948f4d605d)
Start importing Assets/GamerExtremo/res/jS1.9.png using Guid(e8072fb1a6f1d774b8923d927cc9d0e2) Importer(2089858483,b0f066a214c2f5e87bad3c948f4d605d) (ScriptedImporter) -> (artifact id: '2409f98b4fd62014b641384a584f2278') in 0.0377156 seconds
Number of updated asset objects reloaded before import = 0Number of asset objects unloaded after import = 3

========================================================================
Received Import Request.
  Time since last request: 0.000029 seconds.
  path: Assets/GamerExtremo/RIP/Electric Puzzles_1.5/res/Dd1.png
  artifactKey: Guid(d3631958006f4664587ca9aaa54c2b2c) Importer(2089858483,b0f066a214c2f5e87bad3c948f4d605d)
Start importing Assets/GamerExtremo/RIP/Electric Puzzles_1.5/res/Dd1.png using Guid(d3631958006f4664587ca9aaa54c2b2c) Importer(2089858483,b0f066a214c2f5e87bad3c948f4d605d) (ScriptedImporter) -> (artifact id: '714cd532ee087eb0fa7cd7dd2034b513') in 0.0257693 seconds
Number of updated asset objects reloaded before import = 0Number of asset objects unloaded after import = 3

========================================================================
Received Import Request.
  Time since last request: 0.000041 seconds.
  path: Assets/GamerExtremo/RIP/Electric Puzzles_1.5/res/VN.xml
  artifactKey: Guid(8953db420b95b064385c8d11032497a4) Importer(2089858483,b0f066a214c2f5e87bad3c948f4d605d)
Start importing Assets/GamerExtremo/RIP/Electric Puzzles_1.5/res/VN.xml using Guid(8953db420b95b064385c8d11032497a4) Importer(2089858483,b0f066a214c2f5e87bad3c948f4d605d) (ScriptedImporter) -> (artifact id: '8f363001855b2c14aa7400d9a10f47f7') in 0.0092037 seconds
Number of updated asset objects reloaded before import = 0Number of asset objects unloaded after import = 1

========================================================================
Received Import Request.
  Time since last request: 0.000238 seconds.
  path: Assets/GamerExtremo/RIP/Electric Puzzles_1.5/res/cW1.png
  artifactKey: Guid(5604abe26640afc4fa9a89b507a34128) Importer(2089858483,b0f066a214c2f5e87bad3c948f4d605d)
Start importing Assets/GamerExtremo/RIP/Electric Puzzles_1.5/res/cW1.png using Guid(5604abe26640afc4fa9a89b507a34128) Importer(2089858483,b0f066a214c2f5e87bad3c948f4d605d) (ScriptedImporter) -> (artifact id: '8f2b6fd5ea68986afbc4da36139e72fd') in 0.0220938 seconds
Number of updated asset objects reloaded before import = 0Number of asset objects unloaded after import = 3

========================================================================
Received Import Request.
  Time since last request: 0.000025 seconds.
  path: Assets/GamerExtremo/ExitGame.cs
  artifactKey: Guid(0e639b19ee3e9ba4eb978c76cd6207e4) Importer(2089858483,b0f066a214c2f5e87bad3c948f4d605d)
Start importing Assets/GamerExtremo/ExitGame.cs using Guid(0e639b19ee3e9ba4eb978c76cd6207e4) Importer(2089858483,b0f066a214c2f5e87bad3c948f4d605d) (ScriptedImporter) -> (artifact id: '6f071894c711fe6fbb32c8b2fd85a455') in 0.0086058 seconds
Number of updated asset objects reloaded before import = 0Number of asset objects unloaded after import = 0

========================================================================
Received Import Request.
  Time since last request: 0.000298 seconds.
  path: Assets/GamerExtremo/RIP/Electric Puzzles_1.5/✅ New Folder/CIRCLE/CIRCLE WHITE/KH.9.png
  artifactKey: Guid(f9ebaeece7b68b94f8a17b678190eb2b) Importer(2089858483,b0f066a214c2f5e87bad3c948f4d605d)
Start importing Assets/GamerExtremo/RIP/Electric Puzzles_1.5/✅ New Folder/CIRCLE/CIRCLE WHITE/KH.9.png using Guid(f9ebaeece7b68b94f8a17b678190eb2b) Importer(2089858483,b0f066a214c2f5e87bad3c948f4d605d) (ScriptedImporter) -> (artifact id: '1346cb7f3a30de1c87a557ce1721ff42') in 0.0202511 seconds
Number of updated asset objects reloaded before import = 0Number of asset objects unloaded after import = 3

========================================================================
Received Import Request.
  Time since last request: 0.000036 seconds.
  path: Assets/GamerExtremo/Pictures/Exemplos/1001787941.png
  artifactKey: Guid(0bfa2b96772c0d44da215e3c00a23815) Importer(2089858483,b0f066a214c2f5e87bad3c948f4d605d)
Start importing Assets/GamerExtremo/Pictures/Exemplos/1001787941.png using Guid(0bfa2b96772c0d44da215e3c00a23815) Importer(2089858483,b0f066a214c2f5e87bad3c948f4d605d) (ScriptedImporter) -> (artifact id: '1ff131e735d1168969be5aef40f0cfed') in 0.032851 seconds
Number of updated asset objects reloaded before import = 0Number of asset objects unloaded after import = 1

========================================================================
Received Import Request.
  Time since last request: 0.000110 seconds.
  path: Assets/GamerExtremo/RIP/Electric Puzzles_1.5/Pictures/wire_straight_block.png
  artifactKey: Guid(a10bc21c4c70c1a4d929d3741d5105a7) Importer(2089858483,b0f066a214c2f5e87bad3c948f4d605d)
Start importing Assets/GamerExtremo/RIP/Electric Puzzles_1.5/Pictures/wire_straight_block.png using Guid(a10bc21c4c70c1a4d929d3741d5105a7) Importer(2089858483,b0f066a214c2f5e87bad3c948f4d605d) (ScriptedImporter) -> (artifact id: '0b803eb20e8f9bd5ba3bda9c7566e3dd') in 0.016827 seconds
Number of updated asset objects reloaded before import = 0Number of asset objects unloaded after import = 3

========================================================================
Received Import Request.
  Time since last request: 0.000024 seconds.
  path: Assets/GamerExtremo/res/58.png
  artifactKey: Guid(d6c3cde9c2e696545aaf71f4087b8676) Importer(2089858483,b0f066a214c2f5e87bad3c948f4d605d)
Start importing Assets/GamerExtremo/res/58.png using Guid(d6c3cde9c2e696545aaf71f4087b8676) Importer(2089858483,b0f066a214c2f5e87bad3c948f4d605d) (ScriptedImporter) -> (artifact id: '5b12b1a18dd9ce03f6ce956c50985090') in 0.0160335 seconds
Number of updated asset objects reloaded before import = 0Number of asset objects unloaded after import = 3

========================================================================
Received Import Request.
  Time since last request: 0.000023 seconds.
  path: Assets/GamerExtremo/res/nI.9.png
  artifactKey: Guid(4c2b912a9f8c7c24c850d79e1a6a803b) Importer(2089858483,b0f066a214c2f5e87bad3c948f4d605d)
Start importing Assets/GamerExtremo/res/nI.9.png using Guid(4c2b912a9f8c7c24c850d79e1a6a803b) Importer(2089858483,b0f066a214c2f5e87bad3c948f4d605d) (ScriptedImporter) -> (artifact id: '8db43ca045f7a0cc042fb787ab1e11e4') in 0.0145659 seconds
Number of updated asset objects reloaded before import = 0Number of asset objects unloaded after import = 3

========================================================================
Received Import Request.
  Time since last request: 0.000024 seconds.
  path: Assets/GamerExtremo/RIP/Electric Puzzles_1.5/✅ New Folder/CIRCLE/CIRCLE RED +PLUSS CENTER/8F.png
  artifactKey: Guid(d737eec51b178f64dbfbbbd043b7bed6) Importer(2089858483,b0f066a214c2f5e87bad3c948f4d605d)
Start importing Assets/GamerExtremo/RIP/Electric Puzzles_1.5/✅ New Folder/CIRCLE/CIRCLE RED +PLUSS CENTER/8F.png using Guid(d737eec51b178f64dbfbbbd043b7bed6) Importer(2089858483,b0f066a214c2f5e87bad3c948f4d605d) (ScriptedImporter) -> (artifact id: '753b2c1d5864ee12497f7d3f065acc58') in 0.0215027 seconds
Number of updated asset objects reloaded before import = 0Number of asset objects unloaded after import = 3

========================================================================
Received Import Request.
  Time since last request: 0.000022 seconds.
  path: Assets/GamerExtremo/RIP/Electric Puzzles_1.5/FIOS/fio fundo verde claro/oq.png
  artifactKey: Guid(b995205c305d97846a08c57b66b62afb) Importer(2089858483,b0f066a214c2f5e87bad3c948f4d605d)
Start importing Assets/GamerExtremo/RIP/Electric Puzzles_1.5/FIOS/fio fundo verde claro/oq.png using Guid(b995205c305d97846a08c57b66b62afb) Importer(2089858483,b0f066a214c2f5e87bad3c948f4d605d) (ScriptedImporter) -> (artifact id: 'b4680bb505cc2d2f61d6f8f0807c973d') in 0.0164931 seconds
Number of updated asset objects reloaded before import = 0Number of asset objects unloaded after import = 3

========================================================================
Received Import Request.
  Time since last request: 0.000039 seconds.
  path: Assets/GamerExtremo/RIP/Electric Puzzles_1.5/res/MF.9.png
  artifactKey: Guid(7ae4f5cc3dab8ea4eb9d8a90a2c9967f) Importer(2089858483,b0f066a214c2f5e87bad3c948f4d605d)
Start importing Assets/GamerExtremo/RIP/Electric Puzzles_1.5/res/MF.9.png using Guid(7ae4f5cc3dab8ea4eb9d8a90a2c9967f) Importer(2089858483,b0f066a214c2f5e87bad3c948f4d605d) (ScriptedImporter) -> (artifact id: '7ccdd4a858cb9674842e2bfeb6f022cb') in 0.0159313 seconds
Number of updated asset objects reloaded before import = 0Number of asset objects unloaded after import = 3

========================================================================
Received Import Request.
  Time since last request: 0.000031 seconds.
  path: Assets/GamerExtremo/res/D_.9.png
  artifactKey: Guid(957a89a0d2a8a7943a67e45aae9668a4) Importer(2089858483,b0f066a214c2f5e87bad3c948f4d605d)
Start importing Assets/GamerExtremo/res/D_.9.png using Guid(957a89a0d2a8a7943a67e45aae9668a4) Importer(2089858483,b0f066a214c2f5e87bad3c948f4d605d) (ScriptedImporter) -> (artifact id: 'f5ad32a99ead8ce86ec6680f701fdc14') in 0.0139241 seconds
Number of updated asset objects reloaded before import = 0Number of asset objects unloaded after import = 3

========================================================================
Received Import Request.
  Time since last request: 0.000033 seconds.
  path: Assets/GamerExtremo/res/oO.9.png
  artifactKey: Guid(cfc150c78b3ee0642b29f75aecf67c76) Importer(2089858483,b0f066a214c2f5e87bad3c948f4d605d)
Start importing Assets/GamerExtremo/res/oO.9.png using Guid(cfc150c78b3ee0642b29f75aecf67c76) Importer(2089858483,b0f066a214c2f5e87bad3c948f4d605d) (ScriptedImporter) -> (artifact id: '3b9d08b410eec0f9b0ad91127a4c07c4') in 0.0200509 seconds
Number of updated asset objects reloaded before import = 0Number of asset objects unloaded after import = 3

========================================================================
Received Import Request.
  Time since last request: 0.000025 seconds.
  path: Assets/GamerExtremo/RIP/Electric Puzzles_1.5/✅ New Folder/XML/4_.xml
  artifactKey: Guid(44234401250a0264bad853eb5d148c2c) Importer(2089858483,b0f066a214c2f5e87bad3c948f4d605d)
Start importing Assets/GamerExtremo/RIP/Electric Puzzles_1.5/✅ New Folder/XML/4_.xml using Guid(44234401250a0264bad853eb5d148c2c) Importer(2089858483,b0f066a214c2f5e87bad3c948f4d605d) (ScriptedImporter) -> (artifact id: '4c142c7ac02a8ec8ba36db285263f787') in 0.0102605 seconds
Number of updated asset objects reloaded before import = 0Number of asset objects unloaded after import = 1

========================================================================
Received Import Request.
  Time since last request: 0.000027 seconds.
  path: Assets/GamerExtremo/res/A1.xml
  artifactKey: Guid(5a68f3103b3053a468cd01a758f31770) Importer(2089858483,b0f066a214c2f5e87bad3c948f4d605d)
Start importing Assets/GamerExtremo/res/A1.xml using Guid(5a68f3103b3053a468cd01a758f31770) Importer(2089858483,b0f066a214c2f5e87bad3c948f4d605d) (ScriptedImporter) -> (artifact id: 'f43d790324d10c88acd4c2a6a7206641') in 0.0073076 seconds
Number of updated asset objects reloaded before import = 0Number of asset objects unloaded after import = 1

========================================================================
Received Import Request.
  Time since last request: 0.000110 seconds.
  path: Assets/GamerExtremo/RIP/Electric Puzzles_1.5/FIOS/TL direita/JN.png
  artifactKey: Guid(05021e5a869a68746b74b7cdcdf202d2) Importer(2089858483,b0f066a214c2f5e87bad3c948f4d605d)
Start importing Assets/GamerExtremo/RIP/Electric Puzzles_1.5/FIOS/TL direita/JN.png using Guid(05021e5a869a68746b74b7cdcdf202d2) Importer(2089858483,b0f066a214c2f5e87bad3c948f4d605d) (ScriptedImporter) -> (artifact id: '4eaeee52b6b39f946d533127616b54db') in 0.017386 seconds
Number of updated asset objects reloaded before import = 0Number of asset objects unloaded after import = 3

========================================================================
Received Import Request.
  Time since last request: 0.000026 seconds.
  path: Assets/GamerExtremo/RIP/Electric Puzzles_1.5/✅ New Folder/PHONE
  artifactKey: Guid(5fa111c77a322f6408961baf0846aadf) Importer(2089858483,b0f066a214c2f5e87bad3c948f4d605d)
Start importing Assets/GamerExtremo/RIP/Electric Puzzles_1.5/✅ New Folder/PHONE using Guid(5fa111c77a322f6408961baf0846aadf) Importer(2089858483,b0f066a214c2f5e87bad3c948f4d605d) (ScriptedImporter) -> (artifact id: 'edc4cd979a91113fac26469128622c0c') in 0.0051195 seconds
Number of updated asset objects reloaded before import = 0Number of asset objects unloaded after import = 1

========================================================================
Received Import Request.
  Time since last request: 0.000127 seconds.
  path: Assets/GamerExtremo/res/g-.png
  artifactKey: Guid(0830854dd9cd84140b005e60df6d94df) Importer(2089858483,b0f066a214c2f5e87bad3c948f4d605d)
Start importing Assets/GamerExtremo/res/g-.png using Guid(0830854dd9cd84140b005e60df6d94df) Importer(2089858483,b0f066a214c2f5e87bad3c948f4d605d) (ScriptedImporter) -> (artifact id: 'd48a77c49fa52f7bd88cb0c22b789568') in 0.0139379 seconds
Number of updated asset objects reloaded before import = 0Number of asset objects unloaded after import = 3

========================================================================
Received Import Request.
  Time since last request: 0.000023 seconds.
  path: Assets/GamerExtremo/res/_q1.png
  artifactKey: Guid(87b9635f47f85194896532a2cba97b88) Importer(2089858483,b0f066a214c2f5e87bad3c948f4d605d)
Start importing Assets/GamerExtremo/res/_q1.png using Guid(87b9635f47f85194896532a2cba97b88) Importer(2089858483,b0f066a214c2f5e87bad3c948f4d605d) (ScriptedImporter) -> (artifact id: '7f851daa4c187bbb2171157fe9d28c28') in 0.0136297 seconds
Number of updated asset objects reloaded before import = 0Number of asset objects unloaded after import = 3

========================================================================
Received Import Request.
  Time since last request: 0.000020 seconds.
  path: Assets/GamerExtremo/res/Du.png
  artifactKey: Guid(da430b973ca7c39439e6af9de7561a1c) Importer(2089858483,b0f066a214c2f5e87bad3c948f4d605d)
Start importing Assets/GamerExtremo/res/Du.png using Guid(da430b973ca7c39439e6af9de7561a1c) Importer(2089858483,b0f066a214c2f5e87bad3c948f4d605d) (ScriptedImporter) -> (artifact id: 'ca4f747b115a4f6370fa6a6f6831d210') in 0.0141961 seconds
Number of updated asset objects reloaded before import = 0Number of asset objects unloaded after import = 3

========================================================================
Received Import Request.
  Time since last request: 0.000022 seconds.
  path: Assets/GamerExtremo/RIP/Electric Puzzles_1.5/✅ New Folder/XML/k8.xml
  artifactKey: Guid(98cbb52f486ce69498eb086147f257d5) Importer(2089858483,b0f066a214c2f5e87bad3c948f4d605d)
Start importing Assets/GamerExtremo/RIP/Electric Puzzles_1.5/✅ New Folder/XML/k8.xml using Guid(98cbb52f486ce69498eb086147f257d5) Importer(2089858483,b0f066a214c2f5e87bad3c948f4d605d) (ScriptedImporter) -> (artifact id: '9c8cf2d8a7b774eb8e647fbb6acda496') in 0.007653 seconds
Number of updated asset objects reloaded before import = 0Number of asset objects unloaded after import = 1

========================================================================
Received Import Request.
  Time since last request: 0.000092 seconds.
  path: Assets/GamerExtremo/res/AE.png
  artifactKey: Guid(0e0d7292ee5d38848beb7d22fd02b754) Importer(2089858483,b0f066a214c2f5e87bad3c948f4d605d)
Start importing Assets/GamerExtremo/res/AE.png using Guid(0e0d7292ee5d38848beb7d22fd02b754) Importer(2089858483,b0f066a214c2f5e87bad3c948f4d605d) (ScriptedImporter) -> (artifact id: '221d4ed7b9b28a73d782378d414530ea') in 0.0153629 seconds
Number of updated asset objects reloaded before import = 0Number of asset objects unloaded after import = 3

========================================================================
Received Import Request.
  Time since last request: 0.000024 seconds.
  path: Assets/GamerExtremo/res/5T.xml
  artifactKey: Guid(bc11c0cb0e6319646991119bc202005e) Importer(2089858483,b0f066a214c2f5e87bad3c948f4d605d)
Start importing Assets/GamerExtremo/res/5T.xml using Guid(bc11c0cb0e6319646991119bc202005e) Importer(2089858483,b0f066a214c2f5e87bad3c948f4d605d) (ScriptedImporter) -> (artifact id: '2721df932cb14bd78968ecf85d80786c') in 0.0079946 seconds
Number of updated asset objects reloaded before import = 0Number of asset objects unloaded after import = 1

========================================================================
Received Import Request.
  Time since last request: 0.000025 seconds.
  path: Assets/GamerExtremo/RIP/Electric Puzzles_1.5/✅ New Folder/XML/vZ.xml
  artifactKey: Guid(bba8c8c0186dbec4682f9bae03efac75) Importer(2089858483,b0f066a214c2f5e87bad3c948f4d605d)
Start importing Assets/GamerExtremo/RIP/Electric Puzzles_1.5/✅ New Folder/XML/vZ.xml using Guid(bba8c8c0186dbec4682f9bae03efac75) Importer(2089858483,b0f066a214c2f5e87bad3c948f4d605d) (ScriptedImporter) -> (artifact id: '2fc6856116d410dcb650b01eced974fa') in 0.0066107 seconds
Number of updated asset objects reloaded before import = 0Number of asset objects unloaded after import = 1

========================================================================
Received Import Request.
  Time since last request: 0.000127 seconds.
  path: Assets/GamerExtremo/RIP/Electric Puzzles_1.5/✅ New Folder/BACK/eo.png
  artifactKey: Guid(51f99cd7c711f7c4082b6229a9d34b1d) Importer(2089858483,b0f066a214c2f5e87bad3c948f4d605d)
Start importing Assets/GamerExtremo/RIP/Electric Puzzles_1.5/✅ New Folder/BACK/eo.png using Guid(51f99cd7c711f7c4082b6229a9d34b1d) Importer(2089858483,b0f066a214c2f5e87bad3c948f4d605d) (ScriptedImporter) -> (artifact id: 'e6373760d44dcf2a976550403139883d') in 0.016608 seconds
Number of updated asset objects reloaded before import = 0Number of asset objects unloaded after import = 3

========================================================================
Received Import Request.
  Time since last request: 0.000021 seconds.
  path: Assets/GamerExtremo/res/color-v21/abc_btn_colored_borderless_text_material.xml
  artifactKey: Guid(91adb0b96470fa142ae4f20cdadb05ed) Importer(2089858483,b0f066a214c2f5e87bad3c948f4d605d)
Start importing Assets/GamerExtremo/res/color-v21/abc_btn_colored_borderless_text_material.xml using Guid(91adb0b96470fa142ae4f20cdadb05ed) Importer(2089858483,b0f066a214c2f5e87bad3c948f4d605d) (ScriptedImporter) -> (artifact id: '451824cba3cb4bbecb63947ad205732d') in 0.006811 seconds
Number of updated asset objects reloaded before import = 0Number of asset objects unloaded after import = 1

========================================================================
Received Import Request.
  Time since last request: 0.000159 seconds.
  path: Assets/GamerExtremo/RIP/Electric Puzzles_1.5/✅ New Folder/CHAVE DE BOCA/IE.png
  artifactKey: Guid(3fc71fe2474628448b5514755ff9ebbd) Importer(2089858483,b0f066a214c2f5e87bad3c948f4d605d)
Start importing Assets/GamerExtremo/RIP/Electric Puzzles_1.5/✅ New Folder/CHAVE DE BOCA/IE.png using Guid(3fc71fe2474628448b5514755ff9ebbd) Importer(2089858483,b0f066a214c2f5e87bad3c948f4d605d) (ScriptedImporter) -> (artifact id: '7fc86cda0323e5c1f8ee7d46c9427c81') in 0.0143302 seconds
Number of updated asset objects reloaded before import = 0Number of asset objects unloaded after import = 3

========================================================================
Received Import Request.
  Time since last request: 0.000023 seconds.
  path: Assets/GamerExtremo/RIP/Electric Puzzles_1.5/res/JG.png
  artifactKey: Guid(1ad78b2bc43a7ae4c926ce4931758e87) Importer(2089858483,b0f066a214c2f5e87bad3c948f4d605d)
Start importing Assets/GamerExtremo/RIP/Electric Puzzles_1.5/res/JG.png using Guid(1ad78b2bc43a7ae4c926ce4931758e87) Importer(2089858483,b0f066a214c2f5e87bad3c948f4d605d) (ScriptedImporter) -> (artifact id: '05d248e937cf76b13e0e71734c9f3024') in 0.0134185 seconds
Number of updated asset objects reloaded before import = 0Number of asset objects unloaded after import = 3

========================================================================
Received Import Request.
  Time since last request: 0.000027 seconds.
  path: Assets/GamerExtremo/res/Ff.png
  artifactKey: Guid(9e8a5e4cb9b709e4ab871600f106b5f2) Importer(2089858483,b0f066a214c2f5e87bad3c948f4d605d)
Start importing Assets/GamerExtremo/res/Ff.png using Guid(9e8a5e4cb9b709e4ab871600f106b5f2) Importer(2089858483,b0f066a214c2f5e87bad3c948f4d605d) (ScriptedImporter) -> (artifact id: '161fc9177dd74eea903149dc26e275f0') in 0.0142973 seconds
Number of updated asset objects reloaded before import = 0Number of asset objects unloaded after import = 3

========================================================================
Received Import Request.
  Time since last request: 0.000032 seconds.
  path: Assets/GamerExtremo/RIP/Electric Puzzles_1.5/res/R-.png
  artifactKey: Guid(d2ac145984fb39f42baede48d6a97a91) Importer(2089858483,b0f066a214c2f5e87bad3c948f4d605d)
Start importing Assets/GamerExtremo/RIP/Electric Puzzles_1.5/res/R-.png using Guid(d2ac145984fb39f42baede48d6a97a91) Importer(2089858483,b0f066a214c2f5e87bad3c948f4d605d) (ScriptedImporter) -> (artifact id: '4964991207ec0b705ba1b117083ccc56') in 0.014087 seconds
Number of updated asset objects reloaded before import = 0Number of asset objects unloaded after import = 3

========================================================================
Received Import Request.
  Time since last request: 0.000022 seconds.
  path: Assets/GamerExtremo/res/XE.png
  artifactKey: Guid(4298d599c3ffc114281cae80bc85b66f) Importer(2089858483,b0f066a214c2f5e87bad3c948f4d605d)
Start importing Assets/GamerExtremo/res/XE.png using Guid(4298d599c3ffc114281cae80bc85b66f) Importer(2089858483,b0f066a214c2f5e87bad3c948f4d605d) (ScriptedImporter) -> (artifact id: 'c1f7712747b002ff6cad5222f9e361b2') in 0.0142514 seconds
Number of updated asset objects reloaded before import = 0Number of asset objects unloaded after import = 3

========================================================================
Received Import Request.
  Time since last request: 0.000025 seconds.
  path: Assets/GamerExtremo/RIP/Electric Puzzles_1.5/res/DV.xml
  artifactKey: Guid(499e98ff212e99a4dbea09ebfc61ab93) Importer(2089858483,b0f066a214c2f5e87bad3c948f4d605d)
Start importing Assets/GamerExtremo/RIP/Electric Puzzles_1.5/res/DV.xml using Guid(499e98ff212e99a4dbea09ebfc61ab93) Importer(2089858483,b0f066a214c2f5e87bad3c948f4d605d) (ScriptedImporter) -> (artifact id: 'c59aa412e50bbc2e5b72213220065ffa') in 0.0078233 seconds
Number of updated asset objects reloaded before import = 0Number of asset objects unloaded after import = 1

========================================================================
Received Import Request.
  Time since last request: 0.000065 seconds.
  path: Assets/GamerExtremo/RIP/Electric Puzzles_1.5/res/27.xml
  artifactKey: Guid(b700089a50d7e52449739feb9d87bffa) Importer(2089858483,b0f066a214c2f5e87bad3c948f4d605d)
Start importing Assets/GamerExtremo/RIP/Electric Puzzles_1.5/res/27.xml using Guid(b700089a50d7e52449739feb9d87bffa) Importer(2089858483,b0f066a214c2f5e87bad3c948f4d605d) (ScriptedImporter) -> (artifact id: 'cdad745c943f7acc172797349ed86cb1') in 0.0072971 seconds
Number of updated asset objects reloaded before import = 0Number of asset objects unloaded after import = 1

========================================================================
Received Import Request.
  Time since last request: 0.000173 seconds.
  path: Assets/GamerExtremo/RIP/Electric Puzzles_1.5/✅ New Folder/GOTA/1/jW.png
  artifactKey: Guid(c339bab91bc45de409d0a30d5f06cf1f) Importer(2089858483,b0f066a214c2f5e87bad3c948f4d605d)
Start importing Assets/GamerExtremo/RIP/Electric Puzzles_1.5/✅ New Folder/GOTA/1/jW.png using Guid(c339bab91bc45de409d0a30d5f06cf1f) Importer(2089858483,b0f066a214c2f5e87bad3c948f4d605d) (ScriptedImporter) -> (artifact id: 'bff2b53552b0e4a34a31e94ec96af6a9') in 0.0150219 seconds
Number of updated asset objects reloaded before import = 0Number of asset objects unloaded after import = 3

========================================================================
Received Import Request.
  Time since last request: 0.000024 seconds.
  path: Assets/GamerExtremo/RIP/Electric Puzzles_1.5/res/Gt.xml
  artifactKey: Guid(c7318847c82675241bd871d16a0a0858) Importer(2089858483,b0f066a214c2f5e87bad3c948f4d605d)
Start importing Assets/GamerExtremo/RIP/Electric Puzzles_1.5/res/Gt.xml using Guid(c7318847c82675241bd871d16a0a0858) Importer(2089858483,b0f066a214c2f5e87bad3c948f4d605d) (ScriptedImporter) -> (artifact id: '0ae59460b4f1fe89f9d7c50f7a6eee67') in 0.0063565 seconds
Number of updated asset objects reloaded before import = 0Number of asset objects unloaded after import = 1

========================================================================
Received Import Request.
  Time since last request: 0.000193 seconds.
  path: Assets/GamerExtremo/RIP/Electric Puzzles_1.5/FIOS/black/Pasta/9X.9.png
  artifactKey: Guid(07252a5636a7abd43936c639177b43ac) Importer(2089858483,b0f066a214c2f5e87bad3c948f4d605d)
Start importing Assets/GamerExtremo/RIP/Electric Puzzles_1.5/FIOS/black/Pasta/9X.9.png using Guid(07252a5636a7abd43936c639177b43ac) Importer(2089858483,b0f066a214c2f5e87bad3c948f4d605d) (ScriptedImporter) -> (artifact id: 'd52d07b7703ad99a0f1ea9a1ec6faf3b') in 0.0160806 seconds
Number of updated asset objects reloaded before import = 0Number of asset objects unloaded after import = 3

========================================================================
Received Import Request.
  Time since last request: 0.000024 seconds.
  path: Assets/GamerExtremo/res/GC.xml
  artifactKey: Guid(1ad8c9af052373e4fb9e491cc1a64288) Importer(2089858483,b0f066a214c2f5e87bad3c948f4d605d)
Start importing Assets/GamerExtremo/res/GC.xml using Guid(1ad8c9af052373e4fb9e491cc1a64288) Importer(2089858483,b0f066a214c2f5e87bad3c948f4d605d) (ScriptedImporter) -> (artifact id: '101a21aef667c6477f091f78baa371d2') in 0.0074672 seconds
Number of updated asset objects reloaded before import = 0Number of asset objects unloaded after import = 1

========================================================================
Received Import Request.
  Time since last request: 0.000079 seconds.
  path: Assets/GamerExtremo/res/GB.png
  artifactKey: Guid(858a84e8f56491a47bd8092a2135a50e) Importer(2089858483,b0f066a214c2f5e87bad3c948f4d605d)
Start importing Assets/GamerExtremo/res/GB.png using Guid(858a84e8f56491a47bd8092a2135a50e) Importer(2089858483,b0f066a214c2f5e87bad3c948f4d605d) (ScriptedImporter) -> (artifact id: 'e9f2f943213ac4a50dfc9d4e94ec3b5f') in 0.0182966 seconds
Number of updated asset objects reloaded before import = 0Number of asset objects unloaded after import = 3

========================================================================
Received Import Request.
  Time since last request: 0.000024 seconds.
  path: Assets/GamerExtremo/res/EA.9.png
  artifactKey: Guid(422a4ef11795e4146976035f581de64f) Importer(2089858483,b0f066a214c2f5e87bad3c948f4d605d)
Start importing Assets/GamerExtremo/res/EA.9.png using Guid(422a4ef11795e4146976035f581de64f) Importer(2089858483,b0f066a214c2f5e87bad3c948f4d605d) (ScriptedImporter) -> (artifact id: '4b23664760d78605e3075a4d85017d9e') in 0.0161446 seconds
Number of updated asset objects reloaded before import = 0Number of asset objects unloaded after import = 3

========================================================================
Received Import Request.
  Time since last request: 0.000023 seconds.
  path: Assets/GamerExtremo/RIP/Electric Puzzles_1.5/res/vL.9.png
  artifactKey: Guid(eb0f5b013f631624bb97013d597b6733) Importer(2089858483,b0f066a214c2f5e87bad3c948f4d605d)
Start importing Assets/GamerExtremo/RIP/Electric Puzzles_1.5/res/vL.9.png using Guid(eb0f5b013f631624bb97013d597b6733) Importer(2089858483,b0f066a214c2f5e87bad3c948f4d605d) (ScriptedImporter) -> (artifact id: '454b0efd537f3f947c58210559abfe58') in 0.0182793 seconds
Number of updated asset objects reloaded before import = 0Number of asset objects unloaded after import = 3

========================================================================
Received Import Request.
  Time since last request: 0.000026 seconds.
  path: Assets/GamerExtremo/RIP/Electric Puzzles_1.5/✅ New Folder/EYES/E/3E.png
  artifactKey: Guid(521c256c6dc489b48bad1366805e7cb9) Importer(2089858483,b0f066a214c2f5e87bad3c948f4d605d)
Start importing Assets/GamerExtremo/RIP/Electric Puzzles_1.5/✅ New Folder/EYES/E/3E.png using Guid(521c256c6dc489b48bad1366805e7cb9) Importer(2089858483,b0f066a214c2f5e87bad3c948f4d605d) (ScriptedImporter) -> (artifact id: '39963811fbcdd5886376f10d9fd3c4e9') in 0.0192807 seconds
Number of updated asset objects reloaded before import = 0Number of asset objects unloaded after import = 3

========================================================================
Received Import Request.
  Time since last request: 0.000022 seconds.
  path: Assets/GamerExtremo/res/V2.png
  artifactKey: Guid(8f52203defe83f247a0d1f203caf68a2) Importer(2089858483,b0f066a214c2f5e87bad3c948f4d605d)
Start importing Assets/GamerExtremo/res/V2.png using Guid(8f52203defe83f247a0d1f203caf68a2) Importer(2089858483,b0f066a214c2f5e87bad3c948f4d605d) (ScriptedImporter) -> (artifact id: 'f9bc2cb01361275e7718248e71b899c6') in 0.0179977 seconds
Number of updated asset objects reloaded before import = 0Number of asset objects unloaded after import = 3

========================================================================
Received Import Request.
  Time since last request: 0.000022 seconds.
  path: Assets/GamerExtremo/res/cL.xml
  artifactKey: Guid(4c537067f77750f408b9181b137e6d66) Importer(2089858483,b0f066a214c2f5e87bad3c948f4d605d)
Start importing Assets/GamerExtremo/res/cL.xml using Guid(4c537067f77750f408b9181b137e6d66) Importer(2089858483,b0f066a214c2f5e87bad3c948f4d605d) (ScriptedImporter) -> (artifact id: '562f13de99b0f02dbdd5472129489619') in 0.0063879 seconds
Number of updated asset objects reloaded before import = 0Number of asset objects unloaded after import = 1

========================================================================
Received Import Request.
  Time since last request: 0.000118 seconds.
  path: Assets/GamerExtremo/RIP/Electric Puzzles_1.5/res/hz.png
  artifactKey: Guid(2669e91d696002648b3654b01db9bb59) Importer(2089858483,b0f066a214c2f5e87bad3c948f4d605d)
Start importing Assets/GamerExtremo/RIP/Electric Puzzles_1.5/res/hz.png using Guid(2669e91d696002648b3654b01db9bb59) Importer(2089858483,b0f066a214c2f5e87bad3c948f4d605d) (ScriptedImporter) -> (artifact id: '3cdff4b6a9e76229e0870fcf056f53ff') in 0.0149331 seconds
Number of updated asset objects reloaded before import = 0Number of asset objects unloaded after import = 3

========================================================================
Received Import Request.
  Time since last request: 0.000029 seconds.
  path: Assets/GamerExtremo/res/Ac.xml
  artifactKey: Guid(b7e562cab7aa41a41a149e7055d22e97) Importer(2089858483,b0f066a214c2f5e87bad3c948f4d605d)
Start importing Assets/GamerExtremo/res/Ac.xml using Guid(b7e562cab7aa41a41a149e7055d22e97) Importer(2089858483,b0f066a214c2f5e87bad3c948f4d605d) (ScriptedImporter) -> (artifact id: '0f82ad60b255b28ecea18e2efd979f30') in 0.0066977 seconds
Number of updated asset objects reloaded before import = 0Number of asset objects unloaded after import = 1

========================================================================
Received Import Request.
  Time since last request: 0.000033 seconds.
  path: Assets/GamerExtremo/res/aG.xml
  artifactKey: Guid(f3433eeaafe14384f9713d323026627f) Importer(2089858483,b0f066a214c2f5e87bad3c948f4d605d)
Start importing Assets/GamerExtremo/res/aG.xml using Guid(f3433eeaafe14384f9713d323026627f) Importer(2089858483,b0f066a214c2f5e87bad3c948f4d605d) (ScriptedImporter) -> (artifact id: '6f8d78f40f1ebdd6f1c343f89a4af380') in 0.0057799 seconds
Number of updated asset objects reloaded before import = 0Number of asset objects unloaded after import = 1

========================================================================
Received Import Request.
  Time since last request: 0.000078 seconds.
  path: Assets/GamerExtremo/Resources/Enemy2/skeleton_2_walk (8).png
  artifactKey: Guid(d2603d90c976fc2419db266e0077d1f2) Importer(2089858483,b0f066a214c2f5e87bad3c948f4d605d)
Start importing Assets/GamerExtremo/Resources/Enemy2/skeleton_2_walk (8).png using Guid(d2603d90c976fc2419db266e0077d1f2) Importer(2089858483,b0f066a214c2f5e87bad3c948f4d605d) (ScriptedImporter) -> (artifact id: '091704b4d18f9b3f1190b21bf0ce7fb4') in 0.0150331 seconds
Number of updated asset objects reloaded before import = 0Number of asset objects unloaded after import = 3

========================================================================
Received Import Request.
  Time since last request: 0.000024 seconds.
  path: Assets/GamerExtremo/res/PF.xml
  artifactKey: Guid(6ec17d9fd3cb8ae4fb95c1bc2d8ea9eb) Importer(2089858483,b0f066a214c2f5e87bad3c948f4d605d)
Start importing Assets/GamerExtremo/res/PF.xml using Guid(6ec17d9fd3cb8ae4fb95c1bc2d8ea9eb) Importer(2089858483,b0f066a214c2f5e87bad3c948f4d605d) (ScriptedImporter) -> (artifact id: 'd34aaec19b29b3dba114ede8aafd3d68') in 0.0066547 seconds
Number of updated asset objects reloaded before import = 0Number of asset objects unloaded after import = 1

========================================================================
Received Import Request.
  Time since last request: 0.000113 seconds.
  path: Assets/GamerExtremo/RIP/Electric Puzzles_1.5/✅ New Folder/XML/nz.xml
  artifactKey: Guid(8f2e78fe8580cef41a4aaac6af3f5af4) Importer(2089858483,b0f066a214c2f5e87bad3c948f4d605d)
Start importing Assets/GamerExtremo/RIP/Electric Puzzles_1.5/✅ New Folder/XML/nz.xml using Guid(8f2e78fe8580cef41a4aaac6af3f5af4) Importer(2089858483,b0f066a214c2f5e87bad3c948f4d605d) (ScriptedImporter) -> (artifact id: 'e725e9a5ecc78d3f0ff6d36224285574') in 0.0067337 seconds
Number of updated asset objects reloaded before import = 0Number of asset objects unloaded after import = 1

========================================================================
Received Import Request.
  Time since last request: 0.000103 seconds.
  path: Assets/GamerExtremo/res/h4.xml
  artifactKey: Guid(048478eb8f218dd40838c3da3664d08e) Importer(2089858483,b0f066a214c2f5e87bad3c948f4d605d)
Start importing Assets/GamerExtremo/res/h4.xml using Guid(048478eb8f218dd40838c3da3664d08e) Importer(2089858483,b0f066a214c2f5e87bad3c948f4d605d) (ScriptedImporter) -> (artifact id: '179f813a280220eafdabc815c298c4b7') in 0.0066551 seconds
Number of updated asset objects reloaded before import = 0Number of asset objects unloaded after import = 1

========================================================================
Received Import Request.
  Time since last request: 0.000093 seconds.
  path: Assets/GamerExtremo/RIP/Electric Puzzles_1.5/✅ New Folder/CIRCLE/CIRCLE  L  IN CENTER/kG.png
  artifactKey: Guid(8015ce3e3e4b36745ad3ebcb4d16db30) Importer(2089858483,b0f066a214c2f5e87bad3c948f4d605d)
Start importing Assets/GamerExtremo/RIP/Electric Puzzles_1.5/✅ New Folder/CIRCLE/CIRCLE  L  IN CENTER/kG.png using Guid(8015ce3e3e4b36745ad3ebcb4d16db30) Importer(2089858483,b0f066a214c2f5e87bad3c948f4d605d) (ScriptedImporter) -> (artifact id: '2f864a5793180c4a095b21e6c7668902') in 0.0149184 seconds
Number of updated asset objects reloaded before import = 0Number of asset objects unloaded after import = 3

========================================================================
Received Import Request.
  Time since last request: 0.000023 seconds.
  path: Assets/GamerExtremo/RIP/Electric Puzzles_1.5/FIOS/diagonal L/-0.png
  artifactKey: Guid(c015021c0667614489f21cc8982f1a31) Importer(2089858483,b0f066a214c2f5e87bad3c948f4d605d)
Start importing Assets/GamerExtremo/RIP/Electric Puzzles_1.5/FIOS/diagonal L/-0.png using Guid(c015021c0667614489f21cc8982f1a31) Importer(2089858483,b0f066a214c2f5e87bad3c948f4d605d) (ScriptedImporter) -> (artifact id: '6a09b6aa55e3df0505c4f8c1bd8cb34f') in 0.0156408 seconds
Number of updated asset objects reloaded before import = 0Number of asset objects unloaded after import = 3

========================================================================
Received Import Request.
  Time since last request: 0.000022 seconds.
  path: Assets/GamerExtremo/res/_q.png
  artifactKey: Guid(57b978ce5bac2964c81cba58be8a3d95) Importer(2089858483,b0f066a214c2f5e87bad3c948f4d605d)
Start importing Assets/GamerExtremo/res/_q.png using Guid(57b978ce5bac2964c81cba58be8a3d95) Importer(2089858483,b0f066a214c2f5e87bad3c948f4d605d) (ScriptedImporter) -> (artifact id: 'a9860090c114cd22ef5fc642a1335135') in 0.0140069 seconds
Number of updated asset objects reloaded before import = 0Number of asset objects unloaded after import = 3

========================================================================
Received Import Request.
  Time since last request: 0.000025 seconds.
  path: Assets/GamerExtremo/RIP/Electric Puzzles_1.5/res/8F.png
  artifactKey: Guid(d23357c4be83ae344b1d23a1f3fe4f7e) Importer(2089858483,b0f066a214c2f5e87bad3c948f4d605d)
Start importing Assets/GamerExtremo/RIP/Electric Puzzles_1.5/res/8F.png using Guid(d23357c4be83ae344b1d23a1f3fe4f7e) Importer(2089858483,b0f066a214c2f5e87bad3c948f4d605d) (ScriptedImporter) -> (artifact id: '5bdaa0e0192cf5126778f24edfa6b2d4') in 0.0127995 seconds
Number of updated asset objects reloaded before import = 0Number of asset objects unloaded after import = 3

========================================================================
Received Import Request.
  Time since last request: 0.000020 seconds.
  path: Assets/GamerExtremo/RIP/Electric Puzzles_1.5/SQUARE/5 Square verde claro/yL.png
  artifactKey: Guid(78760c1022a783946ad4b497ec87398e) Importer(2089858483,b0f066a214c2f5e87bad3c948f4d605d)
Start importing Assets/GamerExtremo/RIP/Electric Puzzles_1.5/SQUARE/5 Square verde claro/yL.png using Guid(78760c1022a783946ad4b497ec87398e) Importer(2089858483,b0f066a214c2f5e87bad3c948f4d605d) (ScriptedImporter) -> (artifact id: 'ecc2b8d832ccb1fa56da98855d43c6f6') in 0.014805 seconds
Number of updated asset objects reloaded before import = 0Number of asset objects unloaded after import = 3

========================================================================
Received Import Request.
  Time since last request: 0.000024 seconds.
  path: Assets/GamerExtremo/RIP/Electric Puzzles_1.5/✅ New Folder/CIRCLE/CIRCLE ORANGE/6j.png
  artifactKey: Guid(8a0c1c86d02591c4aa65380db0fee978) Importer(2089858483,b0f066a214c2f5e87bad3c948f4d605d)
Start importing Assets/GamerExtremo/RIP/Electric Puzzles_1.5/✅ New Folder/CIRCLE/CIRCLE ORANGE/6j.png using Guid(8a0c1c86d02591c4aa65380db0fee978) Importer(2089858483,b0f066a214c2f5e87bad3c948f4d605d) (ScriptedImporter) -> (artifact id: 'b87d1171408157b0b560dfa84aeeeecb') in 0.0179928 seconds
Number of updated asset objects reloaded before import = 0Number of asset objects unloaded after import = 3

========================================================================
Received Import Request.
  Time since last request: 0.000021 seconds.
  path: Assets/GamerExtremo/RIP/Electric Puzzles_1.5/✅ New Folder/BULB/0m.png
  artifactKey: Guid(01e3ce81b3ec9c44ba270f0775ba2b1e) Importer(2089858483,b0f066a214c2f5e87bad3c948f4d605d)
Start importing Assets/GamerExtremo/RIP/Electric Puzzles_1.5/✅ New Folder/BULB/0m.png using Guid(01e3ce81b3ec9c44ba270f0775ba2b1e) Importer(2089858483,b0f066a214c2f5e87bad3c948f4d605d) (ScriptedImporter) -> (artifact id: '7e8bc3fca0e829af784591e683adc22c') in 0.0172317 seconds
Number of updated asset objects reloaded before import = 0Number of asset objects unloaded after import = 3

========================================================================
Received Import Request.
  Time since last request: 0.000021 seconds.
  path: Assets/GamerExtremo/RIP/Electric Puzzles_1.5/✅ New Folder/CHAVE DE BOCA/-z.png
  artifactKey: Guid(00111cb3599c7494eaebbc976d92dfea) Importer(2089858483,b0f066a214c2f5e87bad3c948f4d605d)
Start importing Assets/GamerExtremo/RIP/Electric Puzzles_1.5/✅ New Folder/CHAVE DE BOCA/-z.png using Guid(00111cb3599c7494eaebbc976d92dfea) Importer(2089858483,b0f066a214c2f5e87bad3c948f4d605d) (ScriptedImporter) -> (artifact id: 'be574821ea61d21f1c1d3182f52b3c2d') in 0.0154187 seconds
Number of updated asset objects reloaded before import = 0Number of asset objects unloaded after import = 3

========================================================================
Received Import Request.
  Time since last request: 0.000040 seconds.
  path: Assets/GamerExtremo/RIP/Electric Puzzles_1.5/✅ New Folder/TOMADAS/R0.png
  artifactKey: Guid(3c5340de93766124495a4de9f63d10d7) Importer(2089858483,b0f066a214c2f5e87bad3c948f4d605d)
Start importing Assets/GamerExtremo/RIP/Electric Puzzles_1.5/✅ New Folder/TOMADAS/R0.png using Guid(3c5340de93766124495a4de9f63d10d7) Importer(2089858483,b0f066a214c2f5e87bad3c948f4d605d) (ScriptedImporter) -> (artifact id: '73b19e9041a58ed40fc7e0b48c041144') in 0.0161563 seconds
Number of updated asset objects reloaded before import = 0Number of asset objects unloaded after import = 3

========================================================================
Received Import Request.
  Time since last request: 0.000028 seconds.
  path: Assets/GamerExtremo/RIP/Electric Puzzles_1.5/✅ New Folder/XML/9T1.xml
  artifactKey: Guid(924d6d2655461bf4e82a69267ff01dd1) Importer(2089858483,b0f066a214c2f5e87bad3c948f4d605d)
Start importing Assets/GamerExtremo/RIP/Electric Puzzles_1.5/✅ New Folder/XML/9T1.xml using Guid(924d6d2655461bf4e82a69267ff01dd1) Importer(2089858483,b0f066a214c2f5e87bad3c948f4d605d) (ScriptedImporter) -> (artifact id: '802c242c779456fbd9fb954ab9e761dc') in 0.0086726 seconds
Number of updated asset objects reloaded before import = 0Number of asset objects unloaded after import = 1

========================================================================
Received Import Request.
  Time since last request: 0.000081 seconds.
  path: Assets/GamerExtremo/RIP/Electric Puzzles_1.5/FIOS/T/Da.png
  artifactKey: Guid(59529badf24c58d45837e1311fb5d956) Importer(2089858483,b0f066a214c2f5e87bad3c948f4d605d)
Start importing Assets/GamerExtremo/RIP/Electric Puzzles_1.5/FIOS/T/Da.png using Guid(59529badf24c58d45837e1311fb5d956) Importer(2089858483,b0f066a214c2f5e87bad3c948f4d605d) (ScriptedImporter) -> (artifact id: 'ac97e7d089f39be5b529b8596f491dc5') in 0.0169507 seconds
Number of updated asset objects reloaded before import = 0Number of asset objects unloaded after import = 3

========================================================================
Received Import Request.
  Time since last request: 0.000025 seconds.
  path: Assets/GamerExtremo/RIP/Electric Puzzles_1.5/✅ New Folder/SETUP/pY.png
  artifactKey: Guid(babf6e6fca8a21546a608db5c633fde4) Importer(2089858483,b0f066a214c2f5e87bad3c948f4d605d)
Start importing Assets/GamerExtremo/RIP/Electric Puzzles_1.5/✅ New Folder/SETUP/pY.png using Guid(babf6e6fca8a21546a608db5c633fde4) Importer(2089858483,b0f066a214c2f5e87bad3c948f4d605d) (ScriptedImporter) -> (artifact id: '997d2aa331ebde40bd1dc44c1ba64337') in 0.0146976 seconds
Number of updated asset objects reloaded before import = 0Number of asset objects unloaded after import = 3

========================================================================
Received Import Request.
  Time since last request: 0.000024 seconds.
  path: Assets/GamerExtremo/RIP/Electric Puzzles_1.5/res/L_.png
  artifactKey: Guid(540b24f5c406cb447b12aa6d39595fbc) Importer(2089858483,b0f066a214c2f5e87bad3c948f4d605d)
Start importing Assets/GamerExtremo/RIP/Electric Puzzles_1.5/res/L_.png using Guid(540b24f5c406cb447b12aa6d39595fbc) Importer(2089858483,b0f066a214c2f5e87bad3c948f4d605d) (ScriptedImporter) -> (artifact id: '250487aa566df310ff52990381f6e007') in 0.0170152 seconds
Number of updated asset objects reloaded before import = 0Number of asset objects unloaded after import = 3

========================================================================
Received Import Request.
  Time since last request: 0.000020 seconds.
  path: Assets/GamerExtremo/Resources/Sounds/ButtonPress.wav
  artifactKey: Guid(f4d12117033ff2b438dff41cc7ad8214) Importer(2089858483,b0f066a214c2f5e87bad3c948f4d605d)
Start importing Assets/GamerExtremo/Resources/Sounds/ButtonPress.wav using Guid(f4d12117033ff2b438dff41cc7ad8214) Importer(2089858483,b0f066a214c2f5e87bad3c948f4d605d) (ScriptedImporter) -> (artifact id: '1edf07883aa887be62bb949dd88714c1') in 0.0519684 seconds
Number of updated asset objects reloaded before import = 0Number of asset objects unloaded after import = 1

========================================================================
Received Import Request.
  Time since last request: 0.000023 seconds.
  path: Assets/GamerExtremo/RIP/Electric Puzzles_1.5/res/7C.9.png
  artifactKey: Guid(da480bce09ffa5e4e903d810f30f087d) Importer(2089858483,b0f066a214c2f5e87bad3c948f4d605d)
Start importing Assets/GamerExtremo/RIP/Electric Puzzles_1.5/res/7C.9.png using Guid(da480bce09ffa5e4e903d810f30f087d) Importer(2089858483,b0f066a214c2f5e87bad3c948f4d605d) (ScriptedImporter) -> (artifact id: '5ced0a106afe9f6a30a5a41a655ae4e8') in 0.0150179 seconds
Number of updated asset objects reloaded before import = 0Number of asset objects unloaded after import = 3

========================================================================
Received Import Request.
  Time since last request: 0.000019 seconds.
  path: Assets/GamerExtremo/RIP/Electric Puzzles_1.5/✅ New Folder/XML/Jl.xml
  artifactKey: Guid(dc323225bda213e4791f543e84f39a3d) Importer(2089858483,b0f066a214c2f5e87bad3c948f4d605d)
Start importing Assets/GamerExtremo/RIP/Electric Puzzles_1.5/✅ New Folder/XML/Jl.xml using Guid(dc323225bda213e4791f543e84f39a3d) Importer(2089858483,b0f066a214c2f5e87bad3c948f4d605d) (ScriptedImporter) -> (artifact id: '9f92524efe2c4ccc34b7556e98bca806') in 0.006695 seconds
Number of updated asset objects reloaded before import = 0Number of asset objects unloaded after import = 1

========================================================================
Received Import Request.
  Time since last request: 0.000122 seconds.
  path: Assets/GamerExtremo/RIP/Electric Puzzles_1.5/SQUARE/cinza/Pg.9.png
  artifactKey: Guid(360229f20947a62468ba6de79c76419e) Importer(2089858483,b0f066a214c2f5e87bad3c948f4d605d)
Start importing Assets/GamerExtremo/RIP/Electric Puzzles_1.5/SQUARE/cinza/Pg.9.png using Guid(360229f20947a62468ba6de79c76419e) Importer(2089858483,b0f066a214c2f5e87bad3c948f4d605d) (ScriptedImporter) -> (artifact id: '372ba8ee53c6d355c6a8ff5ba2ef5f6f') in 0.0170828 seconds
Number of updated asset objects reloaded before import = 0Number of asset objects unloaded after import = 3

========================================================================
Received Import Request.
  Time since last request: 0.000021 seconds.
  path: Assets/GamerExtremo/RIP/Electric Puzzles_1.5/res/Ec.png
  artifactKey: Guid(e05e0c9570032344ea7e9bcdb53caf0c) Importer(2089858483,b0f066a214c2f5e87bad3c948f4d605d)
Start importing Assets/GamerExtremo/RIP/Electric Puzzles_1.5/res/Ec.png using Guid(e05e0c9570032344ea7e9bcdb53caf0c) Importer(2089858483,b0f066a214c2f5e87bad3c948f4d605d) (ScriptedImporter) -> (artifact id: 'e0207e66a1ed6409d7a38b847eda195c') in 0.0144706 seconds
Number of updated asset objects reloaded before import = 0Number of asset objects unloaded after import = 3

========================================================================
Received Import Request.
  Time since last request: 0.000028 seconds.
  path: Assets/GamerExtremo/RIP/Electric Puzzles_1.5/✅ New Folder/XML/iQ.xml
  artifactKey: Guid(ca96a6abfa800e344a92bdf15316ba1c) Importer(2089858483,b0f066a214c2f5e87bad3c948f4d605d)
Start importing Assets/GamerExtremo/RIP/Electric Puzzles_1.5/✅ New Folder/XML/iQ.xml using Guid(ca96a6abfa800e344a92bdf15316ba1c) Importer(2089858483,b0f066a214c2f5e87bad3c948f4d605d) (ScriptedImporter) -> (artifact id: 'b58e096e7729c3ad2a11ce381c6929f3') in 0.0078697 seconds
Number of updated asset objects reloaded before import = 0Number of asset objects unloaded after import = 1

========================================================================
Received Import Request.
  Time since last request: 0.000076 seconds.
  path: Assets/GamerExtremo/RIP/Electric Puzzles_1.5/✅ New Folder/CIRCLE/CIRCLE  1  IN CENTER/NP.png
  artifactKey: Guid(ace4c3408ed23da4fac8bccafb6c03fe) Importer(2089858483,b0f066a214c2f5e87bad3c948f4d605d)
Start importing Assets/GamerExtremo/RIP/Electric Puzzles_1.5/✅ New Folder/CIRCLE/CIRCLE  1  IN CENTER/NP.png using Guid(ace4c3408ed23da4fac8bccafb6c03fe) Importer(2089858483,b0f066a214c2f5e87bad3c948f4d605d) (ScriptedImporter) -> (artifact id: 'af9ec71542f974f594c2afbf42b5aedf') in 0.0145874 seconds
Number of updated asset objects reloaded before import = 0Number of asset objects unloaded after import = 3

========================================================================
Received Import Request.
  Time since last request: 0.000022 seconds.
  path: Assets/GamerExtremo/RIP/Electric Puzzles_1.5/res/Tv.png
  artifactKey: Guid(cd0faa18f4be1cd42aa04659b9e898d5) Importer(2089858483,b0f066a214c2f5e87bad3c948f4d605d)
Start importing Assets/GamerExtremo/RIP/Electric Puzzles_1.5/res/Tv.png using Guid(cd0faa18f4be1cd42aa04659b9e898d5) Importer(2089858483,b0f066a214c2f5e87bad3c948f4d605d) (ScriptedImporter) -> (artifact id: 'cda3aff686ffdab6e15814f65b88c0cd') in 0.0155544 seconds
Number of updated asset objects reloaded before import = 0Number of asset objects unloaded after import = 3

========================================================================
Received Import Request.
  Time since last request: 0.000028 seconds.
  path: Assets/GamerExtremo/RIP/Electric Puzzles_1.5/res/46.xml
  artifactKey: Guid(15a98b951337dc14fa6ea3e91ff3facf) Importer(2089858483,b0f066a214c2f5e87bad3c948f4d605d)
Start importing Assets/GamerExtremo/RIP/Electric Puzzles_1.5/res/46.xml using Guid(15a98b951337dc14fa6ea3e91ff3facf) Importer(2089858483,b0f066a214c2f5e87bad3c948f4d605d) (ScriptedImporter) -> (artifact id: '4d82a859d90e4753b24488ba800eceb2') in 0.0061377 seconds
Number of updated asset objects reloaded before import = 0Number of asset objects unloaded after import = 1

========================================================================
Received Import Request.
  Time since last request: 0.000098 seconds.
  path: Assets/GamerExtremo/res/V7.xml
  artifactKey: Guid(c5a34bee2cceb824a81243a299f007c4) Importer(2089858483,b0f066a214c2f5e87bad3c948f4d605d)
Start importing Assets/GamerExtremo/res/V7.xml using Guid(c5a34bee2cceb824a81243a299f007c4) Importer(2089858483,b0f066a214c2f5e87bad3c948f4d605d) (ScriptedImporter) -> (artifact id: '3e30055623cc37490748a02f64f51cb1') in 0.0080551 seconds
Number of updated asset objects reloaded before import = 0Number of asset objects unloaded after import = 1

========================================================================
Received Import Request.
  Time since last request: 0.000052 seconds.
  path: Assets/GamerExtremo/Pictures/and_gate.png
  artifactKey: Guid(195bac1a232ea824d89d5a048e88b8c5) Importer(2089858483,b0f066a214c2f5e87bad3c948f4d605d)
Start importing Assets/GamerExtremo/Pictures/and_gate.png using Guid(195bac1a232ea824d89d5a048e88b8c5) Importer(2089858483,b0f066a214c2f5e87bad3c948f4d605d) (ScriptedImporter) -> (artifact id: 'd207c0bfa5ce0d88fbe5f5ccfa7acd24') in 0.0228022 seconds
Number of updated asset objects reloaded before import = 0Number of asset objects unloaded after import = 3

========================================================================
Received Import Request.
  Time since last request: 0.000023 seconds.
  path: Assets/GamerExtremo/RIP/Electric Puzzles_1.5/✅ New Folder/UPDATE/TIME/Pg.png
  artifactKey: Guid(d915edc1f9307ca4982b83b83b55cbac) Importer(2089858483,b0f066a214c2f5e87bad3c948f4d605d)
Start importing Assets/GamerExtremo/RIP/Electric Puzzles_1.5/✅ New Folder/UPDATE/TIME/Pg.png using Guid(d915edc1f9307ca4982b83b83b55cbac) Importer(2089858483,b0f066a214c2f5e87bad3c948f4d605d) (ScriptedImporter) -> (artifact id: '5fa16ae35b36284ba175e8545061470d') in 0.0160766 seconds
Number of updated asset objects reloaded before import = 0Number of asset objects unloaded after import = 3

========================================================================
Received Import Request.
  Time since last request: 0.000022 seconds.
  path: Assets/GamerExtremo/RIP/Electric Puzzles_1.5/res/5c.png
  artifactKey: Guid(49fa0c4d37e099f4c85bbaef261090e3) Importer(2089858483,b0f066a214c2f5e87bad3c948f4d605d)
Start importing Assets/GamerExtremo/RIP/Electric Puzzles_1.5/res/5c.png using Guid(49fa0c4d37e099f4c85bbaef261090e3) Importer(2089858483,b0f066a214c2f5e87bad3c948f4d605d) (ScriptedImporter) -> (artifact id: '56e46f15273e6e930d5552a3286074a2') in 0.0176279 seconds
Number of updated asset objects reloaded before import = 0Number of asset objects unloaded after import = 3

========================================================================
Received Import Request.
  Time since last request: 0.000042 seconds.
  path: Assets/GamerExtremo/RIP/Electric Puzzles_1.5/res/7N1.xml
  artifactKey: Guid(2ca97e83c4b8cb64b9f8e4f13ff3d0d1) Importer(2089858483,b0f066a214c2f5e87bad3c948f4d605d)
Start importing Assets/GamerExtremo/RIP/Electric Puzzles_1.5/res/7N1.xml using Guid(2ca97e83c4b8cb64b9f8e4f13ff3d0d1) Importer(2089858483,b0f066a214c2f5e87bad3c948f4d605d) (ScriptedImporter) -> (artifact id: 'b3e299f0c8268165242d6cd960adc1c5') in 0.0073855 seconds
Number of updated asset objects reloaded before import = 0Number of asset objects unloaded after import = 1

========================================================================
Received Import Request.
  Time since last request: 0.000626 seconds.
  path: Assets/GamerExtremo/RIP/Electric Puzzles_1.5/res/color/abc_tint_btn_checkable.xml
  artifactKey: Guid(887097b0222b0274fbd6536aafb50121) Importer(2089858483,b0f066a214c2f5e87bad3c948f4d605d)
Start importing Assets/GamerExtremo/RIP/Electric Puzzles_1.5/res/color/abc_tint_btn_checkable.xml using Guid(887097b0222b0274fbd6536aafb50121) Importer(2089858483,b0f066a214c2f5e87bad3c948f4d605d) (ScriptedImporter) -> (artifact id: '0d33a5dda96e312a525c0b644c93ed04') in 0.0111746 seconds
Number of updated asset objects reloaded before import = 0Number of asset objects unloaded after import = 1

========================================================================
Received Import Request.
  Time since last request: 0.000054 seconds.
  path: Assets/GamerExtremo/RIP/Electric Puzzles_1.5/Pictures/wireslevel1.png
  artifactKey: Guid(7203e8490e4ee10459129a57dc3506b8) Importer(2089858483,b0f066a214c2f5e87bad3c948f4d605d)
Start importing Assets/GamerExtremo/RIP/Electric Puzzles_1.5/Pictures/wireslevel1.png using Guid(7203e8490e4ee10459129a57dc3506b8) Importer(2089858483,b0f066a214c2f5e87bad3c948f4d605d) (ScriptedImporter) -> (artifact id: '8e96d1c1884229f61b584e9f9d9abed3') in 0.0199757 seconds
Number of updated asset objects reloaded before import = 0Number of asset objects unloaded after import = 3

========================================================================
Received Import Request.
  Time since last request: 0.000029 seconds.
  path: Assets/GamerExtremo/res/kG.png
  artifactKey: Guid(75c869683fc6e8a409e0b24aab29d287) Importer(2089858483,b0f066a214c2f5e87bad3c948f4d605d)
Start importing Assets/GamerExtremo/res/kG.png using Guid(75c869683fc6e8a409e0b24aab29d287) Importer(2089858483,b0f066a214c2f5e87bad3c948f4d605d) (ScriptedImporter) -> (artifact id: '172a06d0b0d70a743a07b595845bdf7c') in 0.0142237 seconds
Number of updated asset objects reloaded before import = 0Number of asset objects unloaded after import = 3

========================================================================
Received Import Request.
  Time since last request: 0.000024 seconds.
  path: Assets/GamerExtremo/Resources/Enemy1/skeleton_1_walk (11).png
  artifactKey: Guid(62684b4b569300a448690685f5a9554c) Importer(2089858483,b0f066a214c2f5e87bad3c948f4d605d)
Start importing Assets/GamerExtremo/Resources/Enemy1/skeleton_1_walk (11).png using Guid(62684b4b569300a448690685f5a9554c) Importer(2089858483,b0f066a214c2f5e87bad3c948f4d605d) (ScriptedImporter) -> (artifact id: '39535dfa0ea49ada7d344c5162435dcf') in 0.0211353 seconds
Number of updated asset objects reloaded before import = 0Number of asset objects unloaded after import = 3

========================================================================
Received Import Request.
  Time since last request: 0.000026 seconds.
  path: Assets/GamerExtremo/res/6U1.png
  artifactKey: Guid(cd552e16bad8a974ebbcd28ed006a3ef) Importer(2089858483,b0f066a214c2f5e87bad3c948f4d605d)
Start importing Assets/GamerExtremo/res/6U1.png using Guid(cd552e16bad8a974ebbcd28ed006a3ef) Importer(2089858483,b0f066a214c2f5e87bad3c948f4d605d) (ScriptedImporter) -> (artifact id: 'c8a5aaf21019d831683f7dbe58f0356c') in 0.0185189 seconds
Number of updated asset objects reloaded before import = 0Number of asset objects unloaded after import = 3

========================================================================
Received Import Request.
  Time since last request: 0.342875 seconds.
  path: Assets/GamerExtremo/RIP/Electric Puzzles_1.5/res/color-v23/abc_tint_default.xml
  artifactKey: Guid(e95f7cd32f4f00f4da0e338db0c48caa) Importer(2089858483,b0f066a214c2f5e87bad3c948f4d605d)
Start importing Assets/GamerExtremo/RIP/Electric Puzzles_1.5/res/color-v23/abc_tint_default.xml using Guid(e95f7cd32f4f00f4da0e338db0c48caa) Importer(2089858483,b0f066a214c2f5e87bad3c948f4d605d) (ScriptedImporter) -> (artifact id: 'd2410da603c4079fde1df1dcd3479983') in 0.0230154 seconds
Number of updated asset objects reloaded before import = 0Number of asset objects unloaded after import = 1

========================================================================
Received Import Request.
  Time since last request: 0.000104 seconds.
  path: Assets/GamerExtremo/RIP/Electric Puzzles_1.5/res/QJ.9.png
  artifactKey: Guid(f2bb7427642becf4cad12cb9bf2ecffa) Importer(2089858483,b0f066a214c2f5e87bad3c948f4d605d)
Start importing Assets/GamerExtremo/RIP/Electric Puzzles_1.5/res/QJ.9.png using Guid(f2bb7427642becf4cad12cb9bf2ecffa) Importer(2089858483,b0f066a214c2f5e87bad3c948f4d605d) (ScriptedImporter) -> (artifact id: '6855689bfa042f9fd61e7094d83a43aa') in 0.0233781 seconds
Number of updated asset objects reloaded before import = 0Number of asset objects unloaded after import = 3

========================================================================
Received Import Request.
  Time since last request: 0.000084 seconds.
  path: Assets/GamerExtremo/RIP/Electric Puzzles_1.5/res/EQ.xml
  artifactKey: Guid(ae50931827719a54c88e51de6f564712) Importer(2089858483,b0f066a214c2f5e87bad3c948f4d605d)
Start importing Assets/GamerExtremo/RIP/Electric Puzzles_1.5/res/EQ.xml using Guid(ae50931827719a54c88e51de6f564712) Importer(2089858483,b0f066a214c2f5e87bad3c948f4d605d) (ScriptedImporter) -> (artifact id: 'b13101abbf493fc4bca44f586c13a94b') in 0.0117994 seconds
Number of updated asset objects reloaded before import = 0Number of asset objects unloaded after import = 1

========================================================================
Received Import Request.
  Time since last request: 0.000241 seconds.
  path: Assets/GamerExtremo/RIP/Electric Puzzles_1.5/res/Tr.png
  artifactKey: Guid(0f22dcab8d1b76f43b0ac1a3d2debf06) Importer(2089858483,b0f066a214c2f5e87bad3c948f4d605d)
Start importing Assets/GamerExtremo/RIP/Electric Puzzles_1.5/res/Tr.png using Guid(0f22dcab8d1b76f43b0ac1a3d2debf06) Importer(2089858483,b0f066a214c2f5e87bad3c948f4d605d) (ScriptedImporter) -> (artifact id: '811397a5a4a3bc33b2abc4d94541b332') in 0.0200003 seconds
Number of updated asset objects reloaded before import = 0Number of asset objects unloaded after import = 3

========================================================================
Received Import Request.
  Time since last request: 0.000024 seconds.
  path: Assets/GamerExtremo/RIP/Electric Puzzles_1.5/res/qJ.png
  artifactKey: Guid(458de07baad654a47962e19925a25825) Importer(2089858483,b0f066a214c2f5e87bad3c948f4d605d)
Start importing Assets/GamerExtremo/RIP/Electric Puzzles_1.5/res/qJ.png using Guid(458de07baad654a47962e19925a25825) Importer(2089858483,b0f066a214c2f5e87bad3c948f4d605d) (ScriptedImporter) -> (artifact id: '3848b290d25d3f3a7f51f3328c7daed1') in 0.0180788 seconds
Number of updated asset objects reloaded before import = 0Number of asset objects unloaded after import = 3

========================================================================
Received Import Request.
  Time since last request: 0.000028 seconds.
  path: Assets/GamerExtremo/RIP/Electric Puzzles_1.5/✅ New Folder/DISQUETE/OX.png
  artifactKey: Guid(5500a14ccdc7f2946ae23565a52ce7c2) Importer(2089858483,b0f066a214c2f5e87bad3c948f4d605d)
Start importing Assets/GamerExtremo/RIP/Electric Puzzles_1.5/✅ New Folder/DISQUETE/OX.png using Guid(5500a14ccdc7f2946ae23565a52ce7c2) Importer(2089858483,b0f066a214c2f5e87bad3c948f4d605d) (ScriptedImporter) -> (artifact id: 'f6344ed7e616851b3e7479881ef6841f') in 0.0185243 seconds
Number of updated asset objects reloaded before import = 0Number of asset objects unloaded after import = 3

========================================================================
Received Import Request.
  Time since last request: 0.000037 seconds.
  path: Assets/GamerExtremo/RIP/Electric Puzzles_1.5/res/eT.9.png
  artifactKey: Guid(15ac501e5c16fa54fabdba451972f387) Importer(2089858483,b0f066a214c2f5e87bad3c948f4d605d)
Start importing Assets/GamerExtremo/RIP/Electric Puzzles_1.5/res/eT.9.png using Guid(15ac501e5c16fa54fabdba451972f387) Importer(2089858483,b0f066a214c2f5e87bad3c948f4d605d) (ScriptedImporter) -> (artifact id: '4d99274b9635fe935d71f28e907b6527') in 0.0142245 seconds
Number of updated asset objects reloaded before import = 0Number of asset objects unloaded after import = 3

========================================================================
Received Import Request.
  Time since last request: 0.000020 seconds.
  path: Assets/GamerExtremo/RIP/Electric Puzzles_1.5/res/No.9.png
  artifactKey: Guid(38ce8657a892c854795d1ae82ebc26ec) Importer(2089858483,b0f066a214c2f5e87bad3c948f4d605d)
Start importing Assets/GamerExtremo/RIP/Electric Puzzles_1.5/res/No.9.png using Guid(38ce8657a892c854795d1ae82ebc26ec) Importer(2089858483,b0f066a214c2f5e87bad3c948f4d605d) (ScriptedImporter) -> (artifact id: '19e5580e1532d0d74c2c3e39b880b713') in 0.0208704 seconds
Number of updated asset objects reloaded before import = 0Number of asset objects unloaded after import = 3

========================================================================
Received Import Request.
  Time since last request: 0.000027 seconds.
  path: Assets/GamerExtremo/RIP/Electric Puzzles_1.5/res/w0.png
  artifactKey: Guid(1a46e9c497c8fa841b3593b97ee0e1c3) Importer(2089858483,b0f066a214c2f5e87bad3c948f4d605d)
Start importing Assets/GamerExtremo/RIP/Electric Puzzles_1.5/res/w0.png using Guid(1a46e9c497c8fa841b3593b97ee0e1c3) Importer(2089858483,b0f066a214c2f5e87bad3c948f4d605d) (ScriptedImporter) -> (artifact id: 'efd84dfe2317ce58d3eb031ae8516d85') in 0.0252343 seconds
Number of updated asset objects reloaded before import = 0Number of asset objects unloaded after import = 3

========================================================================
Received Import Request.
  Time since last request: 0.000023 seconds.
  path: Assets/GamerExtremo/RIP/Electric Puzzles_1.5/FIOS/resistor/left/nl.png
  artifactKey: Guid(1295cc1d2b78e584f81ab2e358ff47a4) Importer(2089858483,b0f066a214c2f5e87bad3c948f4d605d)
Start importing Assets/GamerExtremo/RIP/Electric Puzzles_1.5/FIOS/resistor/left/nl.png using Guid(1295cc1d2b78e584f81ab2e358ff47a4) Importer(2089858483,b0f066a214c2f5e87bad3c948f4d605d) (ScriptedImporter) -> (artifact id: '05268b47028b7e85af7be6ab25e51077') in 0.0154571 seconds
Number of updated asset objects reloaded before import = 0Number of asset objects unloaded after import = 3

========================================================================
Received Import Request.
  Time since last request: 0.000021 seconds.
  path: Assets/GamerExtremo/RIP/Electric Puzzles_1.5/res/uL.9.png
  artifactKey: Guid(b70e691799f29f74ca16d427e7b9df40) Importer(2089858483,b0f066a214c2f5e87bad3c948f4d605d)
Start importing Assets/GamerExtremo/RIP/Electric Puzzles_1.5/res/uL.9.png using Guid(b70e691799f29f74ca16d427e7b9df40) Importer(2089858483,b0f066a214c2f5e87bad3c948f4d605d) (ScriptedImporter) -> (artifact id: 'd309ce8a389e1f3a66b94e0c91a63269') in 0.0188763 seconds
Number of updated asset objects reloaded before import = 0Number of asset objects unloaded after import = 3

========================================================================
Received Import Request.
  Time since last request: 0.000023 seconds.
  path: Assets/GamerExtremo/RIP/Electric Puzzles_1.5/✅ New Folder/XML
  artifactKey: Guid(69434a2f236f50443aa5c5cf6904d47b) Importer(2089858483,b0f066a214c2f5e87bad3c948f4d605d)
Start importing Assets/GamerExtremo/RIP/Electric Puzzles_1.5/✅ New Folder/XML using Guid(69434a2f236f50443aa5c5cf6904d47b) Importer(2089858483,b0f066a214c2f5e87bad3c948f4d605d) (ScriptedImporter) -> (artifact id: '26030bef3128b0b7d658ab398784b01a') in 0.004887 seconds
Number of updated asset objects reloaded before import = 0Number of asset objects unloaded after import = 1

========================================================================
Received Import Request.
  Time since last request: 0.000123 seconds.
  path: Assets/GamerExtremo/RIP/Electric Puzzles_1.5/res/5s.png
  artifactKey: Guid(7d8e3c2017b947b4b846111af8c81040) Importer(2089858483,b0f066a214c2f5e87bad3c948f4d605d)
Start importing Assets/GamerExtremo/RIP/Electric Puzzles_1.5/res/5s.png using Guid(7d8e3c2017b947b4b846111af8c81040) Importer(2089858483,b0f066a214c2f5e87bad3c948f4d605d) (ScriptedImporter) -> (artifact id: '3da7af7ffb29dc5591095c5a48e32b98') in 0.0145381 seconds
Number of updated asset objects reloaded before import = 0Number of asset objects unloaded after import = 3

========================================================================
Received Import Request.
  Time since last request: 0.000023 seconds.
  path: Assets/GamerExtremo/RIP/Electric Puzzles_1.5/res/NM.xml
  artifactKey: Guid(cc5cf409c6367ac458e0aba8ca261065) Importer(2089858483,b0f066a214c2f5e87bad3c948f4d605d)
Start importing Assets/GamerExtremo/RIP/Electric Puzzles_1.5/res/NM.xml using Guid(cc5cf409c6367ac458e0aba8ca261065) Importer(2089858483,b0f066a214c2f5e87bad3c948f4d605d) (ScriptedImporter) -> (artifact id: '9a1d238c9e0629d504b6ed529d6abfae') in 0.0067216 seconds
Number of updated asset objects reloaded before import = 0Number of asset objects unloaded after import = 1

========================================================================
Received Import Request.
  Time since last request: 0.000102 seconds.
  path: Assets/GamerExtremo/RIP/Electric Puzzles_1.5/✅ New Folder/CADEADO CLOSE/711.png
  artifactKey: Guid(8b9448ded3231a445b2b74179eab9b36) Importer(2089858483,b0f066a214c2f5e87bad3c948f4d605d)
Start importing Assets/GamerExtremo/RIP/Electric Puzzles_1.5/✅ New Folder/CADEADO CLOSE/711.png using Guid(8b9448ded3231a445b2b74179eab9b36) Importer(2089858483,b0f066a214c2f5e87bad3c948f4d605d) (ScriptedImporter) -> (artifact id: 'bf1c065f4b549276bb2e14b15dfd0682') in 0.01488 seconds
Number of updated asset objects reloaded before import = 0Number of asset objects unloaded after import = 3

========================================================================
Received Import Request.
  Time since last request: 0.000022 seconds.
  path: Assets/GamerExtremo/RIP/Electric Puzzles_1.5/✅ New Folder/TRASH/qa.png
  artifactKey: Guid(8585c415ecafa4b4c8d4e509490d395e) Importer(2089858483,b0f066a214c2f5e87bad3c948f4d605d)
Start importing Assets/GamerExtremo/RIP/Electric Puzzles_1.5/✅ New Folder/TRASH/qa.png using Guid(8585c415ecafa4b4c8d4e509490d395e) Importer(2089858483,b0f066a214c2f5e87bad3c948f4d605d) (ScriptedImporter) -> (artifact id: 'ce456d6548ff1b21bae39e2e781f1637') in 0.0157516 seconds
Number of updated asset objects reloaded before import = 0Number of asset objects unloaded after import = 3

========================================================================
Received Import Request.
  Time since last request: 0.000036 seconds.
  path: Assets/GamerExtremo/RIP/Electric Puzzles_1.5/✅ New Folder/CIRCLE/CIRCLE G/Gray/Eh.png
  artifactKey: Guid(e6c034262f571d4499af1db29d7fec60) Importer(2089858483,b0f066a214c2f5e87bad3c948f4d605d)
Start importing Assets/GamerExtremo/RIP/Electric Puzzles_1.5/✅ New Folder/CIRCLE/CIRCLE G/Gray/Eh.png using Guid(e6c034262f571d4499af1db29d7fec60) Importer(2089858483,b0f066a214c2f5e87bad3c948f4d605d) (ScriptedImporter) -> (artifact id: '46fdc40fdf2da291f6acdadcaaf8520c') in 0.0173909 seconds
Number of updated asset objects reloaded before import = 0Number of asset objects unloaded after import = 3

========================================================================
Received Import Request.
  Time since last request: 0.000023 seconds.
  path: Assets/GamerExtremo/res/MV.png
  artifactKey: Guid(2eed1567291f21d468e152742c1f83aa) Importer(2089858483,b0f066a214c2f5e87bad3c948f4d605d)
Start importing Assets/GamerExtremo/res/MV.png using Guid(2eed1567291f21d468e152742c1f83aa) Importer(2089858483,b0f066a214c2f5e87bad3c948f4d605d) (ScriptedImporter) -> (artifact id: '36d7fdf365c5c821921438216776a938') in 0.0156368 seconds
Number of updated asset objects reloaded before import = 0Number of asset objects unloaded after import = 3

========================================================================
Received Import Request.
  Time since last request: 0.000023 seconds.
  path: Assets/GamerExtremo/res/nz.xml
  artifactKey: Guid(2b4117eb1cf4b624b8c26585bffb18cc) Importer(2089858483,b0f066a214c2f5e87bad3c948f4d605d)
Start importing Assets/GamerExtremo/res/nz.xml using Guid(2b4117eb1cf4b624b8c26585bffb18cc) Importer(2089858483,b0f066a214c2f5e87bad3c948f4d605d) (ScriptedImporter) -> (artifact id: '18a9c598bd986dfba866f8d363be648d') in 0.0063088 seconds
Number of updated asset objects reloaded before import = 0Number of asset objects unloaded after import = 1

========================================================================
Received Import Request.
  Time since last request: 0.000097 seconds.
  path: Assets/GamerExtremo/RIP/Electric Puzzles_1.5/SQUARE/L no centro/JJ.9.png
  artifactKey: Guid(6975af3818719754eab6f5fb98d168c8) Importer(2089858483,b0f066a214c2f5e87bad3c948f4d605d)
Start importing Assets/GamerExtremo/RIP/Electric Puzzles_1.5/SQUARE/L no centro/JJ.9.png using Guid(6975af3818719754eab6f5fb98d168c8) Importer(2089858483,b0f066a214c2f5e87bad3c948f4d605d) (ScriptedImporter) -> (artifact id: 'e29bd941486896a89818d91df491e83e') in 0.0154716 seconds
Number of updated asset objects reloaded before import = 0Number of asset objects unloaded after import = 3

========================================================================
Received Import Request.
  Time since last request: 0.000023 seconds.
  path: Assets/GamerExtremo/RIP/Electric Puzzles_1.5/res/42.9.png
  artifactKey: Guid(9c394b8c96970a4478cc1992bc755532) Importer(2089858483,b0f066a214c2f5e87bad3c948f4d605d)
Start importing Assets/GamerExtremo/RIP/Electric Puzzles_1.5/res/42.9.png using Guid(9c394b8c96970a4478cc1992bc755532) Importer(2089858483,b0f066a214c2f5e87bad3c948f4d605d) (ScriptedImporter) -> (artifact id: '24284dc63dcf1f09b136528f115bb3e8') in 0.0150672 seconds
Number of updated asset objects reloaded before import = 0Number of asset objects unloaded after import = 3

========================================================================
Received Import Request.
  Time since last request: 0.000021 seconds.
  path: Assets/GamerExtremo/RIP/Electric Puzzles_1.5/res/color-v23/abc_tint_spinner.xml
  artifactKey: Guid(1790ecd42da78244ab8a4c2432941617) Importer(2089858483,b0f066a214c2f5e87bad3c948f4d605d)
Start importing Assets/GamerExtremo/RIP/Electric Puzzles_1.5/res/color-v23/abc_tint_spinner.xml using Guid(1790ecd42da78244ab8a4c2432941617) Importer(2089858483,b0f066a214c2f5e87bad3c948f4d605d) (ScriptedImporter) -> (artifact id: '881fccee00cbea9e4482c21d09cafcd9') in 0.0075044 seconds
Number of updated asset objects reloaded before import = 0Number of asset objects unloaded after import = 1

========================================================================
Received Import Request.
  Time since last request: 0.000024 seconds.
  path: Assets/GamerExtremo/RIP/Electric Puzzles_1.5/✅ New Folder/XML/Rp.xml
  artifactKey: Guid(226abeaa15dc63b459737d25b3f1d583) Importer(2089858483,b0f066a214c2f5e87bad3c948f4d605d)
Start importing Assets/GamerExtremo/RIP/Electric Puzzles_1.5/✅ New Folder/XML/Rp.xml using Guid(226abeaa15dc63b459737d25b3f1d583) Importer(2089858483,b0f066a214c2f5e87bad3c948f4d605d) (ScriptedImporter) -> (artifact id: '120ca5c9c1716d60928b238ba50c84ea') in 0.0066274 seconds
Number of updated asset objects reloaded before import = 0Number of asset objects unloaded after import = 1

========================================================================
Received Import Request.
  Time since last request: 0.000052 seconds.
  path: Assets/GamerExtremo/RIP/Electric Puzzles_1.5/✅ New Folder/DINHEIRO/BAR GOLD/Bu.png
  artifactKey: Guid(fdaf4d9dd4ddf534dad14f4d927904e7) Importer(2089858483,b0f066a214c2f5e87bad3c948f4d605d)
Start importing Assets/GamerExtremo/RIP/Electric Puzzles_1.5/✅ New Folder/DINHEIRO/BAR GOLD/Bu.png using Guid(fdaf4d9dd4ddf534dad14f4d927904e7) Importer(2089858483,b0f066a214c2f5e87bad3c948f4d605d) (ScriptedImporter) -> (artifact id: '6d6e1775807ca014565ea6ba1f7e8a96') in 0.0165777 seconds
Number of updated asset objects reloaded before import = 0Number of asset objects unloaded after import = 3

========================================================================
Received Import Request.
  Time since last request: 0.000021 seconds.
  path: Assets/GamerExtremo/res/VT.xml
  artifactKey: Guid(e09c7ec4ac9b04f45bc7eedbf32fcbfe) Importer(2089858483,b0f066a214c2f5e87bad3c948f4d605d)
Start importing Assets/GamerExtremo/res/VT.xml using Guid(e09c7ec4ac9b04f45bc7eedbf32fcbfe) Importer(2089858483,b0f066a214c2f5e87bad3c948f4d605d) (ScriptedImporter) -> (artifact id: 'c9ef84624f3214f42ba416bbe1cea063') in 0.0065151 seconds
Number of updated asset objects reloaded before import = 0Number of asset objects unloaded after import = 1

========================================================================
Received Import Request.
  Time since last request: 0.000078 seconds.
  path: Assets/GamerExtremo/RIP/Electric Puzzles_1.5/✅ New Folder/CIRCLE/CIRCLE WHITE/ut.9.png
  artifactKey: Guid(faa90c1f0b77f3548a7dfd0e27922216) Importer(2089858483,b0f066a214c2f5e87bad3c948f4d605d)
Start importing Assets/GamerExtremo/RIP/Electric Puzzles_1.5/✅ New Folder/CIRCLE/CIRCLE WHITE/ut.9.png using Guid(faa90c1f0b77f3548a7dfd0e27922216) Importer(2089858483,b0f066a214c2f5e87bad3c948f4d605d) (ScriptedImporter) -> (artifact id: '5c3775141bc0799f7f1ad27824b3dcf5') in 0.0174658 seconds
Number of updated asset objects reloaded before import = 0Number of asset objects unloaded after import = 3

========================================================================
Received Import Request.
  Time since last request: 0.000021 seconds.
  path: Assets/GamerExtremo/res/y-.xml
  artifactKey: Guid(8bccacc71c9d6944188dc91401c4174b) Importer(2089858483,b0f066a214c2f5e87bad3c948f4d605d)
Start importing Assets/GamerExtremo/res/y-.xml using Guid(8bccacc71c9d6944188dc91401c4174b) Importer(2089858483,b0f066a214c2f5e87bad3c948f4d605d) (ScriptedImporter) -> (artifact id: 'bd3fa41d37c4dc480624a9ca19e6e75b') in 0.0056485 seconds
Number of updated asset objects reloaded before import = 0Number of asset objects unloaded after import = 1

========================================================================
Received Import Request.
  Time since last request: 0.000071 seconds.
  path: Assets/GamerExtremo/RIP/Electric Puzzles_1.5/res/TY1.png
  artifactKey: Guid(56f9af7bfd8221b419547a13fe81025e) Importer(2089858483,b0f066a214c2f5e87bad3c948f4d605d)
Start importing Assets/GamerExtremo/RIP/Electric Puzzles_1.5/res/TY1.png using Guid(56f9af7bfd8221b419547a13fe81025e) Importer(2089858483,b0f066a214c2f5e87bad3c948f4d605d) (ScriptedImporter) -> (artifact id: '58bbfe0790ec44270458cc0c06c669a2') in 0.0133568 seconds
Number of updated asset objects reloaded before import = 0Number of asset objects unloaded after import = 3

========================================================================
Received Import Request.
  Time since last request: 0.000023 seconds.
  path: Assets/GamerExtremo/RIP/Electric Puzzles_1.5/res/Bq.png
  artifactKey: Guid(c21a50b040bfe944a91915dce8a20826) Importer(2089858483,b0f066a214c2f5e87bad3c948f4d605d)
Start importing Assets/GamerExtremo/RIP/Electric Puzzles_1.5/res/Bq.png using Guid(c21a50b040bfe944a91915dce8a20826) Importer(2089858483,b0f066a214c2f5e87bad3c948f4d605d) (ScriptedImporter) -> (artifact id: '22a84cb6c0d12db6d50e03b55bbd6b06') in 0.0174287 seconds
Number of updated asset objects reloaded before import = 0Number of asset objects unloaded after import = 3

========================================================================
Received Import Request.
  Time since last request: 0.000025 seconds.
  path: Assets/GamerExtremo/RIP/Electric Puzzles_1.5/res/V1.xml
  artifactKey: Guid(dc55b1795b853a946babe332cfc99e09) Importer(2089858483,b0f066a214c2f5e87bad3c948f4d605d)
Start importing Assets/GamerExtremo/RIP/Electric Puzzles_1.5/res/V1.xml using Guid(dc55b1795b853a946babe332cfc99e09) Importer(2089858483,b0f066a214c2f5e87bad3c948f4d605d) (ScriptedImporter) -> (artifact id: '0ab5accd62e7a33d397b990bdd8dd7ef') in 0.0066452 seconds
Number of updated asset objects reloaded before import = 0Number of asset objects unloaded after import = 1

========================================================================
Received Import Request.
  Time since last request: 0.000162 seconds.
  path: Assets/GamerExtremo/RIP/Electric Puzzles_1.5/✅ New Folder/CADEADO CLOSE/Bf.png
  artifactKey: Guid(7439cfea5d701d7439a243f46366c0ee) Importer(2089858483,b0f066a214c2f5e87bad3c948f4d605d)
Start importing Assets/GamerExtremo/RIP/Electric Puzzles_1.5/✅ New Folder/CADEADO CLOSE/Bf.png using Guid(7439cfea5d701d7439a243f46366c0ee) Importer(2089858483,b0f066a214c2f5e87bad3c948f4d605d) (ScriptedImporter) -> (artifact id: '9cb3e72f9612fcdae90d15c9f4bba8c8') in 0.0165588 seconds
Number of updated asset objects reloaded before import = 0Number of asset objects unloaded after import = 3

========================================================================
Received Import Request.
  Time since last request: 0.000024 seconds.
  path: Assets/GamerExtremo/Resources/Player/attack (6).png
  artifactKey: Guid(b2337e9b203dcf1458cf00f5c5045a0a) Importer(2089858483,b0f066a214c2f5e87bad3c948f4d605d)
Start importing Assets/GamerExtremo/Resources/Player/attack (6).png using Guid(b2337e9b203dcf1458cf00f5c5045a0a) Importer(2089858483,b0f066a214c2f5e87bad3c948f4d605d) (ScriptedImporter) -> (artifact id: '6afc217b716f0cc994ba7d1a6584b45e') in 0.0220538 seconds
Number of updated asset objects reloaded before import = 0Number of asset objects unloaded after import = 3

========================================================================
Received Import Request.
  Time since last request: 0.000024 seconds.
  path: Assets/GamerExtremo/RIP/Electric Puzzles_1.5/SQUARE/azul/SV.9.png
  artifactKey: Guid(7b8b6ad67661cd94e9ecee3682f1f550) Importer(2089858483,b0f066a214c2f5e87bad3c948f4d605d)
Start importing Assets/GamerExtremo/RIP/Electric Puzzles_1.5/SQUARE/azul/SV.9.png using Guid(7b8b6ad67661cd94e9ecee3682f1f550) Importer(2089858483,b0f066a214c2f5e87bad3c948f4d605d) (ScriptedImporter) -> (artifact id: 'c738c972dabd308fb148ce7739e06eb1') in 0.0157737 seconds
Number of updated asset objects reloaded before import = 0Number of asset objects unloaded after import = 3

========================================================================
Received Import Request.
  Time since last request: 0.000022 seconds.
  path: Assets/GamerExtremo/res/Ue.png
  artifactKey: Guid(397be42143a26e345a4aebc086d30abb) Importer(2089858483,b0f066a214c2f5e87bad3c948f4d605d)
Start importing Assets/GamerExtremo/res/Ue.png using Guid(397be42143a26e345a4aebc086d30abb) Importer(2089858483,b0f066a214c2f5e87bad3c948f4d605d) (ScriptedImporter) -> (artifact id: 'f0502c759c3e79a609811a10b10473bd') in 0.0140544 seconds
Number of updated asset objects reloaded before import = 0Number of asset objects unloaded after import = 3

========================================================================
Received Import Request.
  Time since last request: 0.000026 seconds.
  path: Assets/GamerExtremo/RIP/Electric Puzzles_1.5/Pictures/gateslevel5.png
  artifactKey: Guid(7bb2d99e8e09e424d8851e83ae274554) Importer(2089858483,b0f066a214c2f5e87bad3c948f4d605d)
Start importing Assets/GamerExtremo/RIP/Electric Puzzles_1.5/Pictures/gateslevel5.png using Guid(7bb2d99e8e09e424d8851e83ae274554) Importer(2089858483,b0f066a214c2f5e87bad3c948f4d605d) (ScriptedImporter) -> (artifact id: 'fac6a260be1ae30bb62c674c63d14ba4') in 0.01688 seconds
Number of updated asset objects reloaded before import = 0Number of asset objects unloaded after import = 3

========================================================================
Received Import Request.
  Time since last request: 0.000035 seconds.
  path: Assets/GamerExtremo/RIP/Electric Puzzles_1.5/✅ New Folder/PHONE/1/Ck.png
  artifactKey: Guid(7ff3264817de941419f482617cf222a1) Importer(2089858483,b0f066a214c2f5e87bad3c948f4d605d)
Start importing Assets/GamerExtremo/RIP/Electric Puzzles_1.5/✅ New Folder/PHONE/1/Ck.png using Guid(7ff3264817de941419f482617cf222a1) Importer(2089858483,b0f066a214c2f5e87bad3c948f4d605d) (ScriptedImporter) -> (artifact id: 'd599174a9749615be808da4f007db6b1') in 0.0197678 seconds
Number of updated asset objects reloaded before import = 0Number of asset objects unloaded after import = 3

========================================================================
Received Import Request.
  Time since last request: 0.000035 seconds.
  path: Assets/GamerExtremo/res/td.png
  artifactKey: Guid(1cc1c830fbe063643824f6f179d64454) Importer(2089858483,b0f066a214c2f5e87bad3c948f4d605d)
Start importing Assets/GamerExtremo/res/td.png using Guid(1cc1c830fbe063643824f6f179d64454) Importer(2089858483,b0f066a214c2f5e87bad3c948f4d605d) (ScriptedImporter) -> (artifact id: '880f831ef0874992caeaeb9832854398') in 0.0166875 seconds
Number of updated asset objects reloaded before import = 0Number of asset objects unloaded after import = 3

========================================================================
Received Import Request.
  Time since last request: 0.000025 seconds.
  path: Assets/GamerExtremo/RIP/Electric Puzzles_1.5/✅ New Folder/CIRCLE/CIRCLE +PLUSS  -MINUS/IH.png
  artifactKey: Guid(916066a43863fb049a812daa324bb67e) Importer(2089858483,b0f066a214c2f5e87bad3c948f4d605d)
Start importing Assets/GamerExtremo/RIP/Electric Puzzles_1.5/✅ New Folder/CIRCLE/CIRCLE +PLUSS  -MINUS/IH.png using Guid(916066a43863fb049a812daa324bb67e) Importer(2089858483,b0f066a214c2f5e87bad3c948f4d605d) (ScriptedImporter) -> (artifact id: '819767d39933128b7537f6bc2c478c84') in 0.016126 seconds
Number of updated asset objects reloaded before import = 0Number of asset objects unloaded after import = 3

========================================================================
Received Import Request.
  Time since last request: 0.000023 seconds.
  path: Assets/GamerExtremo/res/Bq.png
  artifactKey: Guid(6940b6419ba5e83459df0713996487fc) Importer(2089858483,b0f066a214c2f5e87bad3c948f4d605d)
Start importing Assets/GamerExtremo/res/Bq.png using Guid(6940b6419ba5e83459df0713996487fc) Importer(2089858483,b0f066a214c2f5e87bad3c948f4d605d) (ScriptedImporter) -> (artifact id: '6fff65021b6583a1305fe6e95b388ea5') in 0.0139646 seconds
Number of updated asset objects reloaded before import = 0Number of asset objects unloaded after import = 3

========================================================================
Received Import Request.
  Time since last request: 0.000023 seconds.
  path: Assets/GamerExtremo/RIP/Electric Puzzles_1.5/✅ New Folder/CIRCLE/CIRCCLE BLACK EMPTY/zE.png
  artifactKey: Guid(aee4b14c0a26b854d97f5c1e6611de7a) Importer(2089858483,b0f066a214c2f5e87bad3c948f4d605d)
Start importing Assets/GamerExtremo/RIP/Electric Puzzles_1.5/✅ New Folder/CIRCLE/CIRCCLE BLACK EMPTY/zE.png using Guid(aee4b14c0a26b854d97f5c1e6611de7a) Importer(2089858483,b0f066a214c2f5e87bad3c948f4d605d) (ScriptedImporter) -> (artifact id: '81a6a105a48430125a21d6d7b56cfd2c') in 0.0159289 seconds
Number of updated asset objects reloaded before import = 0Number of asset objects unloaded after import = 3

========================================================================
Received Import Request.
  Time since last request: 0.000053 seconds.
  path: Assets/GamerExtremo/RIP/Electric Puzzles_1.5/res/80.png
  artifactKey: Guid(a045edc3ac56e854dbe44c6be9af3296) Importer(2089858483,b0f066a214c2f5e87bad3c948f4d605d)
Start importing Assets/GamerExtremo/RIP/Electric Puzzles_1.5/res/80.png using Guid(a045edc3ac56e854dbe44c6be9af3296) Importer(2089858483,b0f066a214c2f5e87bad3c948f4d605d) (ScriptedImporter) -> (artifact id: '52dd4cb288e4d174f1d6da142ad704f0') in 0.0177345 seconds
Number of updated asset objects reloaded before import = 0Number of asset objects unloaded after import = 3

========================================================================
Received Import Request.
  Time since last request: 0.000022 seconds.
  path: Assets/GamerExtremo/RIP/Electric Puzzles_1.5/res/YW.xml
  artifactKey: Guid(ad2ef1689b1f157489f15475e31dd021) Importer(2089858483,b0f066a214c2f5e87bad3c948f4d605d)
Start importing Assets/GamerExtremo/RIP/Electric Puzzles_1.5/res/YW.xml using Guid(ad2ef1689b1f157489f15475e31dd021) Importer(2089858483,b0f066a214c2f5e87bad3c948f4d605d) (ScriptedImporter) -> (artifact id: '128bd9d5c49b1a929ca5d13ef5330124') in 0.0070446 seconds
Number of updated asset objects reloaded before import = 0Number of asset objects unloaded after import = 1

========================================================================
Received Import Request.
  Time since last request: 0.000070 seconds.
  path: Assets/GamerExtremo/RIP/Electric Puzzles_1.5/res/En.png
  artifactKey: Guid(22555f7d63e658d4c80cf2fdf0d94166) Importer(2089858483,b0f066a214c2f5e87bad3c948f4d605d)
Start importing Assets/GamerExtremo/RIP/Electric Puzzles_1.5/res/En.png using Guid(22555f7d63e658d4c80cf2fdf0d94166) Importer(2089858483,b0f066a214c2f5e87bad3c948f4d605d) (ScriptedImporter) -> (artifact id: 'd92c0d83149e685ef8f447d7e2fcc5c3') in 0.0150611 seconds
Number of updated asset objects reloaded before import = 0Number of asset objects unloaded after import = 3

========================================================================
Received Import Request.
  Time since last request: 0.000024 seconds.
  path: Assets/GamerExtremo/RIP/Electric Puzzles_1.5/res/TK.xml
  artifactKey: Guid(e9e035932c9317643a960b822a55a3ab) Importer(2089858483,b0f066a214c2f5e87bad3c948f4d605d)
Start importing Assets/GamerExtremo/RIP/Electric Puzzles_1.5/res/TK.xml using Guid(e9e035932c9317643a960b822a55a3ab) Importer(2089858483,b0f066a214c2f5e87bad3c948f4d605d) (ScriptedImporter) -> (artifact id: 'e79e4894f12713cc9204fa88fad4c7fd') in 0.0069754 seconds
Number of updated asset objects reloaded before import = 0Number of asset objects unloaded after import = 1

========================================================================
Received Import Request.
  Time since last request: 0.000143 seconds.
  path: Assets/GamerExtremo/res/7I.9.png
  artifactKey: Guid(8f4678fdeb7ab4346a6be5bfa3fa6032) Importer(2089858483,b0f066a214c2f5e87bad3c948f4d605d)
Start importing Assets/GamerExtremo/res/7I.9.png using Guid(8f4678fdeb7ab4346a6be5bfa3fa6032) Importer(2089858483,b0f066a214c2f5e87bad3c948f4d605d) (ScriptedImporter) -> (artifact id: 'ab50b863c038e047cbd295ee72f19a7c') in 0.0152445 seconds
Number of updated asset objects reloaded before import = 0Number of asset objects unloaded after import = 3

========================================================================
Received Import Request.
  Time since last request: 0.000023 seconds.
  path: Assets/GamerExtremo/RIP/Electric Puzzles_1.5/Pictures/slidinglevel1.png
  artifactKey: Guid(24249b4a19b85f84d976ba8d643662d6) Importer(2089858483,b0f066a214c2f5e87bad3c948f4d605d)
Start importing Assets/GamerExtremo/RIP/Electric Puzzles_1.5/Pictures/slidinglevel1.png using Guid(24249b4a19b85f84d976ba8d643662d6) Importer(2089858483,b0f066a214c2f5e87bad3c948f4d605d) (ScriptedImporter) -> (artifact id: 'fa2bb28d22b411183f36e1774ba222a7') in 0.0159478 seconds
Number of updated asset objects reloaded before import = 0Number of asset objects unloaded after import = 3

========================================================================
Received Import Request.
  Time since last request: 0.000021 seconds.
  path: Assets/GamerExtremo/RIP/Electric Puzzles_1.5/res/K5.xml
  artifactKey: Guid(6e368f64dcf4a3143998760560529453) Importer(2089858483,b0f066a214c2f5e87bad3c948f4d605d)
Start importing Assets/GamerExtremo/RIP/Electric Puzzles_1.5/res/K5.xml using Guid(6e368f64dcf4a3143998760560529453) Importer(2089858483,b0f066a214c2f5e87bad3c948f4d605d) (ScriptedImporter) -> (artifact id: '6e406608d8ecd21e8516720320a587f8') in 0.0058048 seconds
Number of updated asset objects reloaded before import = 0Number of asset objects unloaded after import = 1

========================================================================
Received Import Request.
  Time since last request: 0.000079 seconds.
  path: Assets/GamerExtremo/res/color/switch_thumb_material_light.xml
  artifactKey: Guid(2cea0afe655e9ce41a05392540a49f66) Importer(2089858483,b0f066a214c2f5e87bad3c948f4d605d)
Start importing Assets/GamerExtremo/res/color/switch_thumb_material_light.xml using Guid(2cea0afe655e9ce41a05392540a49f66) Importer(2089858483,b0f066a214c2f5e87bad3c948f4d605d) (ScriptedImporter) -> (artifact id: 'fa2d21763d01cff4ce11ade7ae2adc07') in 0.0071556 seconds
Number of updated asset objects reloaded before import = 0Number of asset objects unloaded after import = 1

========================================================================
Received Import Request.
  Time since last request: 0.000090 seconds.
  path: Assets/GamerExtremo/RIP/Electric Puzzles_1.5/✅ New Folder/XML/df.xml
  artifactKey: Guid(badff188863100e44b9300204c98bb3f) Importer(2089858483,b0f066a214c2f5e87bad3c948f4d605d)
Start importing Assets/GamerExtremo/RIP/Electric Puzzles_1.5/✅ New Folder/XML/df.xml using Guid(badff188863100e44b9300204c98bb3f) Importer(2089858483,b0f066a214c2f5e87bad3c948f4d605d) (ScriptedImporter) -> (artifact id: '9666ff5925cf3bf4f6d37157f3b16959') in 0.0080836 seconds
Number of updated asset objects reloaded before import = 0Number of asset objects unloaded after import = 1

========================================================================
Received Import Request.
  Time since last request: 0.000113 seconds.
  path: Assets/GamerExtremo/RIP/Electric Puzzles_1.5/✅ New Folder/CIRCLE/CIRCLE  1  IN CENTER/k4.png
  artifactKey: Guid(2f0fa222a2e899b4691f86b927404e16) Importer(2089858483,b0f066a214c2f5e87bad3c948f4d605d)
Start importing Assets/GamerExtremo/RIP/Electric Puzzles_1.5/✅ New Folder/CIRCLE/CIRCLE  1  IN CENTER/k4.png using Guid(2f0fa222a2e899b4691f86b927404e16) Importer(2089858483,b0f066a214c2f5e87bad3c948f4d605d) (ScriptedImporter) -> (artifact id: 'b9c669916825e03f33f2fff0cbedeca3') in 0.0143418 seconds
Number of updated asset objects reloaded before import = 0Number of asset objects unloaded after import = 3

========================================================================
Received Import Request.
  Time since last request: 0.000024 seconds.
  path: Assets/GamerExtremo/RIP/Electric Puzzles_1.5/✅ New Folder/CIRCLE/CIRCLE BLACK/s0.png
  artifactKey: Guid(9447ae9b9461e9c44a1d5b3950eb57dd) Importer(2089858483,b0f066a214c2f5e87bad3c948f4d605d)
Start importing Assets/GamerExtremo/RIP/Electric Puzzles_1.5/✅ New Folder/CIRCLE/CIRCLE BLACK/s0.png using Guid(9447ae9b9461e9c44a1d5b3950eb57dd) Importer(2089858483,b0f066a214c2f5e87bad3c948f4d605d) (ScriptedImporter) -> (artifact id: 'd0368e0b3e497511d168c51c4f8495b5') in 0.0177259 seconds
Number of updated asset objects reloaded before import = 0Number of asset objects unloaded after import = 3

========================================================================
Received Import Request.
  Time since last request: 0.000029 seconds.
  path: Assets/GamerExtremo/RIP/Electric Puzzles_1.5/✅ New Folder/INTERROGACAO
  artifactKey: Guid(2c863a54fa759ce4aaee0b9f87fea166) Importer(2089858483,b0f066a214c2f5e87bad3c948f4d605d)
Start importing Assets/GamerExtremo/RIP/Electric Puzzles_1.5/✅ New Folder/INTERROGACAO using Guid(2c863a54fa759ce4aaee0b9f87fea166) Importer(2089858483,b0f066a214c2f5e87bad3c948f4d605d) (ScriptedImporter) -> (artifact id: '85e8eee571593b5b90fe0b74d94a2f66') in 0.0062888 seconds
Number of updated asset objects reloaded before import = 0Number of asset objects unloaded after import = 1

========================================================================
Received Import Request.
  Time since last request: 0.000039 seconds.
  path: Assets/GamerExtremo/RIP/Electric Puzzles_1.5/res/V7.xml
  artifactKey: Guid(18f8b0309504db44186ec29c969b1dc6) Importer(2089858483,b0f066a214c2f5e87bad3c948f4d605d)
Start importing Assets/GamerExtremo/RIP/Electric Puzzles_1.5/res/V7.xml using Guid(18f8b0309504db44186ec29c969b1dc6) Importer(2089858483,b0f066a214c2f5e87bad3c948f4d605d) (ScriptedImporter) -> (artifact id: '4eff3d1c9188ebb61c4b134eedb5a4c4') in 0.0063957 seconds
Number of updated asset objects reloaded before import = 0Number of asset objects unloaded after import = 1

========================================================================
Received Import Request.
  Time since last request: 0.000332 seconds.
  path: Assets/GamerExtremo/RIP/Electric Puzzles_1.5/✅ New Folder/CADEADO CLOSE/HN.png
  artifactKey: Guid(c9a57cfc35139d94aa7749d622282c1d) Importer(2089858483,b0f066a214c2f5e87bad3c948f4d605d)
Start importing Assets/GamerExtremo/RIP/Electric Puzzles_1.5/✅ New Folder/CADEADO CLOSE/HN.png using Guid(c9a57cfc35139d94aa7749d622282c1d) Importer(2089858483,b0f066a214c2f5e87bad3c948f4d605d) (ScriptedImporter) -> (artifact id: '97633544608626218a8c6739901bfc81') in 0.0157621 seconds
Number of updated asset objects reloaded before import = 0Number of asset objects unloaded after import = 3

========================================================================
Received Import Request.
  Time since last request: 0.000090 seconds.
  path: Assets/GamerExtremo/RIP/Electric Puzzles_1.5/✅ New Folder/XML/1k.xml
  artifactKey: Guid(6598b1817faa6184db1c1b5978c9aa57) Importer(2089858483,b0f066a214c2f5e87bad3c948f4d605d)
Start importing Assets/GamerExtremo/RIP/Electric Puzzles_1.5/✅ New Folder/XML/1k.xml using Guid(6598b1817faa6184db1c1b5978c9aa57) Importer(2089858483,b0f066a214c2f5e87bad3c948f4d605d) (ScriptedImporter) -> (artifact id: 'c4db350abd131503ac7f1c7a1bc1b053') in 0.0095017 seconds
Number of updated asset objects reloaded before import = 0Number of asset objects unloaded after import = 1

========================================================================
Received Import Request.
  Time since last request: 0.000087 seconds.
  path: Assets/GamerExtremo/RIP/Electric Puzzles_1.5/✅ New Folder/CIRCLE/CIRCLE ADS/hg.png
  artifactKey: Guid(3bca874d8582f6c4c8df303654496de1) Importer(2089858483,b0f066a214c2f5e87bad3c948f4d605d)
Start importing Assets/GamerExtremo/RIP/Electric Puzzles_1.5/✅ New Folder/CIRCLE/CIRCLE ADS/hg.png using Guid(3bca874d8582f6c4c8df303654496de1) Importer(2089858483,b0f066a214c2f5e87bad3c948f4d605d) (ScriptedImporter) -> (artifact id: '844f054f64c2ff7ca4a4094a1891af1c') in 0.0140102 seconds
Number of updated asset objects reloaded before import = 0Number of asset objects unloaded after import = 3

========================================================================
Received Import Request.
  Time since last request: 0.000024 seconds.
  path: Assets/GamerExtremo/RIP/Electric Puzzles_1.5/res/M4.png
  artifactKey: Guid(0805ac8ac3991e140bbb1f1f3d85479e) Importer(2089858483,b0f066a214c2f5e87bad3c948f4d605d)
Start importing Assets/GamerExtremo/RIP/Electric Puzzles_1.5/res/M4.png using Guid(0805ac8ac3991e140bbb1f1f3d85479e) Importer(2089858483,b0f066a214c2f5e87bad3c948f4d605d) (ScriptedImporter) -> (artifact id: '57d1d839a823e1673225fb06fdb0ea40') in 0.0139192 seconds
Number of updated asset objects reloaded before import = 0Number of asset objects unloaded after import = 3

========================================================================
Received Import Request.
  Time since last request: 0.000024 seconds.
  path: Assets/GamerExtremo/res/27.xml
  artifactKey: Guid(aaf8d2e8b7946d3449c2138f1533a846) Importer(2089858483,b0f066a214c2f5e87bad3c948f4d605d)
Start importing Assets/GamerExtremo/res/27.xml using Guid(aaf8d2e8b7946d3449c2138f1533a846) Importer(2089858483,b0f066a214c2f5e87bad3c948f4d605d) (ScriptedImporter) -> (artifact id: 'a4b8f3b28e70147d060a6da9090736ea') in 0.0063591 seconds
Number of updated asset objects reloaded before import = 0Number of asset objects unloaded after import = 1

========================================================================
Received Import Request.
  Time since last request: 0.000024 seconds.
  path: Assets/GamerExtremo/res/nA.png
  artifactKey: Guid(26eaafd4edfc8af42832fe873e42e01a) Importer(2089858483,b0f066a214c2f5e87bad3c948f4d605d)
Start importing Assets/GamerExtremo/res/nA.png using Guid(26eaafd4edfc8af42832fe873e42e01a) Importer(2089858483,b0f066a214c2f5e87bad3c948f4d605d) (ScriptedImporter) -> (artifact id: 'f9f7451bae36c8bf1dbd8d4a6e0e5316') in 0.0173072 seconds
Number of updated asset objects reloaded before import = 0Number of asset objects unloaded after import = 3

========================================================================
Received Import Request.
  Time since last request: 0.000022 seconds.
  path: Assets/GamerExtremo/RIP/Electric Puzzles_1.5/res/VR.png
  artifactKey: Guid(b4e6ad27ead07574091491db56da545b) Importer(2089858483,b0f066a214c2f5e87bad3c948f4d605d)
Start importing Assets/GamerExtremo/RIP/Electric Puzzles_1.5/res/VR.png using Guid(b4e6ad27ead07574091491db56da545b) Importer(2089858483,b0f066a214c2f5e87bad3c948f4d605d) (ScriptedImporter) -> (artifact id: '08b5dc0b3f128b083d5e6fda334c1c13') in 0.0161927 seconds
Number of updated asset objects reloaded before import = 0Number of asset objects unloaded after import = 3

========================================================================
Received Import Request.
  Time since last request: 0.000021 seconds.
  path: Assets/GamerExtremo/RIP/Electric Puzzles_1.5/✅ New Folder/TOMADAS/Y9.png
  artifactKey: Guid(88b55f3a430bcf446a6445d9ec218a14) Importer(2089858483,b0f066a214c2f5e87bad3c948f4d605d)
Start importing Assets/GamerExtremo/RIP/Electric Puzzles_1.5/✅ New Folder/TOMADAS/Y9.png using Guid(88b55f3a430bcf446a6445d9ec218a14) Importer(2089858483,b0f066a214c2f5e87bad3c948f4d605d) (ScriptedImporter) -> (artifact id: '8a3da98266368c40502edca493630a41') in 0.015888 seconds
Number of updated asset objects reloaded before import = 0Number of asset objects unloaded after import = 3

========================================================================
Received Import Request.
  Time since last request: 0.000021 seconds.
  path: Assets/GamerExtremo/RIP/Electric Puzzles_1.5/res/Pg.9.png
  artifactKey: Guid(87e92adc4c480944e920819a8f289ebb) Importer(2089858483,b0f066a214c2f5e87bad3c948f4d605d)
Start importing Assets/GamerExtremo/RIP/Electric Puzzles_1.5/res/Pg.9.png using Guid(87e92adc4c480944e920819a8f289ebb) Importer(2089858483,b0f066a214c2f5e87bad3c948f4d605d) (ScriptedImporter) -> (artifact id: '87a650482d391b11968d84010e68217c') in 0.0140567 seconds
Number of updated asset objects reloaded before import = 0Number of asset objects unloaded after import = 3

========================================================================
Received Import Request.
  Time since last request: 0.000023 seconds.
  path: Assets/GamerExtremo/RIP/Electric Puzzles_1.5/res/o_.png
  artifactKey: Guid(a32ea2fd57d33a149ab2ef69bce82679) Importer(2089858483,b0f066a214c2f5e87bad3c948f4d605d)
Start importing Assets/GamerExtremo/RIP/Electric Puzzles_1.5/res/o_.png using Guid(a32ea2fd57d33a149ab2ef69bce82679) Importer(2089858483,b0f066a214c2f5e87bad3c948f4d605d) (ScriptedImporter) -> (artifact id: 'f6815200d4b6def0d878f8c4000c6969') in 0.0149281 seconds
Number of updated asset objects reloaded before import = 0Number of asset objects unloaded after import = 3

========================================================================
Received Import Request.
  Time since last request: 0.000023 seconds.
  path: Assets/GamerExtremo/RIP/Electric Puzzles_1.5/res/pO1.png
  artifactKey: Guid(a3431beac8dc5b14085d4459673dd59a) Importer(2089858483,b0f066a214c2f5e87bad3c948f4d605d)
Start importing Assets/GamerExtremo/RIP/Electric Puzzles_1.5/res/pO1.png using Guid(a3431beac8dc5b14085d4459673dd59a) Importer(2089858483,b0f066a214c2f5e87bad3c948f4d605d) (ScriptedImporter) -> (artifact id: '3e3aecdb293c8422d562487ef3928b72') in 0.017454 seconds
Number of updated asset objects reloaded before import = 0Number of asset objects unloaded after import = 3

========================================================================
Received Import Request.
  Time since last request: 0.000026 seconds.
  path: Assets/GamerExtremo/Resources/Bat/bat_walk (2).png
  artifactKey: Guid(4ff79c99b2549374fa5e4da9fa3308b6) Importer(2089858483,b0f066a214c2f5e87bad3c948f4d605d)
Start importing Assets/GamerExtremo/Resources/Bat/bat_walk (2).png using Guid(4ff79c99b2549374fa5e4da9fa3308b6) Importer(2089858483,b0f066a214c2f5e87bad3c948f4d605d) (ScriptedImporter) -> (artifact id: 'f9fe29d993a575721eb3ceed70ae50cb') in 0.017264 seconds
Number of updated asset objects reloaded before import = 0Number of asset objects unloaded after import = 3

========================================================================
Received Import Request.
  Time since last request: 0.000022 seconds.
  path: Assets/GamerExtremo/RIP/Electric Puzzles_1.5/res/RJ.png
  artifactKey: Guid(a5749c9af17804849a7c86ce2928ed9d) Importer(2089858483,b0f066a214c2f5e87bad3c948f4d605d)
Start importing Assets/GamerExtremo/RIP/Electric Puzzles_1.5/res/RJ.png using Guid(a5749c9af17804849a7c86ce2928ed9d) Importer(2089858483,b0f066a214c2f5e87bad3c948f4d605d) (ScriptedImporter) -> (artifact id: 'd8bf91ecf8c5ae923e34f0510e0e6501') in 0.0142105 seconds
Number of updated asset objects reloaded before import = 0Number of asset objects unloaded after import = 3

========================================================================
Received Import Request.
  Time since last request: 0.000028 seconds.
  path: Assets/GamerExtremo/RIP/Electric Puzzles_1.5/res/-V.png
  artifactKey: Guid(959d3a6c1823cca4596df028e9012ef4) Importer(2089858483,b0f066a214c2f5e87bad3c948f4d605d)
Start importing Assets/GamerExtremo/RIP/Electric Puzzles_1.5/res/-V.png using Guid(959d3a6c1823cca4596df028e9012ef4) Importer(2089858483,b0f066a214c2f5e87bad3c948f4d605d) (ScriptedImporter) -> (artifact id: 'e6b30939cfdd387dd46b09da87e03c87') in 0.0181862 seconds
Number of updated asset objects reloaded before import = 0Number of asset objects unloaded after import = 3

========================================================================
Received Import Request.
  Time since last request: 0.000051 seconds.
  path: Assets/GamerExtremo/RIP/Electric Puzzles_1.5/✅ New Folder/CIRCLE/CIRCLE BLUE -MINUS CENTER/6i.png
  artifactKey: Guid(dccd0ddde0917ef42859d494e9f3b0cb) Importer(2089858483,b0f066a214c2f5e87bad3c948f4d605d)
Start importing Assets/GamerExtremo/RIP/Electric Puzzles_1.5/✅ New Folder/CIRCLE/CIRCLE BLUE -MINUS CENTER/6i.png using Guid(dccd0ddde0917ef42859d494e9f3b0cb) Importer(2089858483,b0f066a214c2f5e87bad3c948f4d605d) (ScriptedImporter) -> (artifact id: '39f4231550e9c33db444ea54ff397dd6') in 0.0221726 seconds
Number of updated asset objects reloaded before import = 0Number of asset objects unloaded after import = 3

========================================================================
Received Import Request.
  Time since last request: 0.000059 seconds.
  path: Assets/GamerExtremo/res/DZ.xml
  artifactKey: Guid(00d853c8f75040e439288c391d5da80c) Importer(2089858483,b0f066a214c2f5e87bad3c948f4d605d)
Start importing Assets/GamerExtremo/res/DZ.xml using Guid(00d853c8f75040e439288c391d5da80c) Importer(2089858483,b0f066a214c2f5e87bad3c948f4d605d) (ScriptedImporter) -> (artifact id: '84d567c3daa4642e5695a7db0d34e774') in 0.0072015 seconds
Number of updated asset objects reloaded before import = 0Number of asset objects unloaded after import = 1

========================================================================
Received Import Request.
  Time since last request: 0.000118 seconds.
  path: Assets/GamerExtremo/RIP/Electric Puzzles_1.5/✅ New Folder/TRASH/c8.png
  artifactKey: Guid(ab82ea982ec0a3f49b8d4f90e326deac) Importer(2089858483,b0f066a214c2f5e87bad3c948f4d605d)
Start importing Assets/GamerExtremo/RIP/Electric Puzzles_1.5/✅ New Folder/TRASH/c8.png using Guid(ab82ea982ec0a3f49b8d4f90e326deac) Importer(2089858483,b0f066a214c2f5e87bad3c948f4d605d) (ScriptedImporter) -> (artifact id: '9482c1fb1a166ebd5898ccc54fee046f') in 0.0154616 seconds
Number of updated asset objects reloaded before import = 0Number of asset objects unloaded after import = 3

========================================================================
Received Import Request.
  Time since last request: 0.000023 seconds.
  path: Assets/GamerExtremo/res/q_.png
  artifactKey: Guid(05e5c6632c681594383117bfa6f48dcf) Importer(2089858483,b0f066a214c2f5e87bad3c948f4d605d)
Start importing Assets/GamerExtremo/res/q_.png using Guid(05e5c6632c681594383117bfa6f48dcf) Importer(2089858483,b0f066a214c2f5e87bad3c948f4d605d) (ScriptedImporter) -> (artifact id: '88141c7b7ef9eb408ddb2c659b918ff8') in 0.0160996 seconds
Number of updated asset objects reloaded before import = 0Number of asset objects unloaded after import = 3

========================================================================
Received Import Request.
  Time since last request: 0.000027 seconds.
  path: Assets/GamerExtremo/RIP/Electric Puzzles_1.5/Pictures/or_gate.png
  artifactKey: Guid(9cd325374804c7c44aa779e8fb8554b3) Importer(2089858483,b0f066a214c2f5e87bad3c948f4d605d)
Start importing Assets/GamerExtremo/RIP/Electric Puzzles_1.5/Pictures/or_gate.png using Guid(9cd325374804c7c44aa779e8fb8554b3) Importer(2089858483,b0f066a214c2f5e87bad3c948f4d605d) (ScriptedImporter) -> (artifact id: '5196949287e5f0033ca59c987f5b5cc9') in 0.015923 seconds
Number of updated asset objects reloaded before import = 0Number of asset objects unloaded after import = 3

========================================================================
Received Import Request.
  Time since last request: 0.000021 seconds.
  path: Assets/GamerExtremo/RIP/Electric Puzzles_1.5/✅ New Folder/GOTA/2/-N1.png
  artifactKey: Guid(d8c99ea2c4c925c43b199eae7f48351b) Importer(2089858483,b0f066a214c2f5e87bad3c948f4d605d)
Start importing Assets/GamerExtremo/RIP/Electric Puzzles_1.5/✅ New Folder/GOTA/2/-N1.png using Guid(d8c99ea2c4c925c43b199eae7f48351b) Importer(2089858483,b0f066a214c2f5e87bad3c948f4d605d) (ScriptedImporter) -> (artifact id: 'd1f3fb3ad914e833a1c0425a8bd0a73a') in 0.0155429 seconds
Number of updated asset objects reloaded before import = 0Number of asset objects unloaded after import = 3

========================================================================
Received Import Request.
  Time since last request: 0.000024 seconds.
  path: Assets/GamerExtremo/RIP/Electric Puzzles_1.5/FIOS/retangulo horizontal/Pasta/uL.9.png
  artifactKey: Guid(063eb68b501e17546bff1ccb77adc860) Importer(2089858483,b0f066a214c2f5e87bad3c948f4d605d)
Start importing Assets/GamerExtremo/RIP/Electric Puzzles_1.5/FIOS/retangulo horizontal/Pasta/uL.9.png using Guid(063eb68b501e17546bff1ccb77adc860) Importer(2089858483,b0f066a214c2f5e87bad3c948f4d605d) (ScriptedImporter) -> (artifact id: 'dd9622e5d8d65e5b04a13b419c8e94b5') in 0.0158148 seconds
Number of updated asset objects reloaded before import = 0Number of asset objects unloaded after import = 3

========================================================================
Received Import Request.
  Time since last request: 0.305323 seconds.
  path: Assets/GamerExtremo/RIP/Electric Puzzles_1.5/SQUARE/4 Square verde/U-.9.png
  artifactKey: Guid(0c3d5361e1b2a7f479d18af52d327b9c) Importer(2089858483,b0f066a214c2f5e87bad3c948f4d605d)
Start importing Assets/GamerExtremo/RIP/Electric Puzzles_1.5/SQUARE/4 Square verde/U-.9.png using Guid(0c3d5361e1b2a7f479d18af52d327b9c) Importer(2089858483,b0f066a214c2f5e87bad3c948f4d605d) (ScriptedImporter) -> (artifact id: '47563e37fb3aa755e0ff40983d70eec9') in 0.0318708 seconds
Number of updated asset objects reloaded before import = 0Number of asset objects unloaded after import = 3

========================================================================
Received Import Request.
  Time since last request: 0.000024 seconds.
  path: Assets/GamerExtremo/res/fV.png
  artifactKey: Guid(ef923deb4f2d3f4418cf9a08e678637c) Importer(2089858483,b0f066a214c2f5e87bad3c948f4d605d)
Start importing Assets/GamerExtremo/res/fV.png using Guid(ef923deb4f2d3f4418cf9a08e678637c) Importer(2089858483,b0f066a214c2f5e87bad3c948f4d605d) (ScriptedImporter) -> (artifact id: '95f0b21308c7bbc3d1088ce9e25ae488') in 0.020633 seconds
Number of updated asset objects reloaded before import = 0Number of asset objects unloaded after import = 3

========================================================================
Received Import Request.
  Time since last request: 0.000025 seconds.
  path: Assets/GamerExtremo/RIP/Electric Puzzles_1.5/res/0Z.png
  artifactKey: Guid(2ca906b1a6366b14d87b601bb5275976) Importer(2089858483,b0f066a214c2f5e87bad3c948f4d605d)
Start importing Assets/GamerExtremo/RIP/Electric Puzzles_1.5/res/0Z.png using Guid(2ca906b1a6366b14d87b601bb5275976) Importer(2089858483,b0f066a214c2f5e87bad3c948f4d605d) (ScriptedImporter) -> (artifact id: 'e058fd3d73577c9a0c38c403e234c8f2') in 0.0240681 seconds
Number of updated asset objects reloaded before import = 0Number of asset objects unloaded after import = 3

========================================================================
Received Import Request.
  Time since last request: 0.000031 seconds.
  path: Assets/GamerExtremo/RIP/Electric Puzzles_1.5/FIOS/retangulo horizontal
  artifactKey: Guid(c5a8eb2cb84ab4d489c01e7b1e777542) Importer(2089858483,b0f066a214c2f5e87bad3c948f4d605d)
Start importing Assets/GamerExtremo/RIP/Electric Puzzles_1.5/FIOS/retangulo horizontal using Guid(c5a8eb2cb84ab4d489c01e7b1e777542) Importer(2089858483,b0f066a214c2f5e87bad3c948f4d605d) (ScriptedImporter) -> (artifact id: '2d8befffea8cc20e10b65409748239a0') in 0.0113546 seconds
Number of updated asset objects reloaded before import = 0Number of asset objects unloaded after import = 1

========================================================================
Received Import Request.
  Time since last request: 0.000024 seconds.
  path: Assets/GamerExtremo/RIP/Electric Puzzles_1.5/✅ New Folder/XML/5T.xml
  artifactKey: Guid(c17bb9db304ae6449813e6e9a71ba48a) Importer(2089858483,b0f066a214c2f5e87bad3c948f4d605d)
Start importing Assets/GamerExtremo/RIP/Electric Puzzles_1.5/✅ New Folder/XML/5T.xml using Guid(c17bb9db304ae6449813e6e9a71ba48a) Importer(2089858483,b0f066a214c2f5e87bad3c948f4d605d) (ScriptedImporter) -> (artifact id: 'f83d52bf12b5adae418134f51046ef6e') in 0.0090776 seconds
Number of updated asset objects reloaded before import = 0Number of asset objects unloaded after import = 1

========================================================================
Received Import Request.
  Time since last request: 0.000192 seconds.
  path: Assets/GamerExtremo/RIP/Electric Puzzles_1.5/res/y6.xml
  artifactKey: Guid(c4d254d2fd8ecc54daf555294fa2768b) Importer(2089858483,b0f066a214c2f5e87bad3c948f4d605d)
Start importing Assets/GamerExtremo/RIP/Electric Puzzles_1.5/res/y6.xml using Guid(c4d254d2fd8ecc54daf555294fa2768b) Importer(2089858483,b0f066a214c2f5e87bad3c948f4d605d) (ScriptedImporter) -> (artifact id: '7eeadb7a33302e2f52e982ebaecd481c') in 0.0141176 seconds
Number of updated asset objects reloaded before import = 0Number of asset objects unloaded after import = 1

========================================================================
Received Import Request.
  Time since last request: 0.000103 seconds.
  path: Assets/GamerExtremo/RIP/Electric Puzzles_1.5/res/yn.png
  artifactKey: Guid(3db6569d5756788469ccfc6ed1295730) Importer(2089858483,b0f066a214c2f5e87bad3c948f4d605d)
Start importing Assets/GamerExtremo/RIP/Electric Puzzles_1.5/res/yn.png using Guid(3db6569d5756788469ccfc6ed1295730) Importer(2089858483,b0f066a214c2f5e87bad3c948f4d605d) (ScriptedImporter) -> (artifact id: 'c618905e02ebd647b5c9444d060b2f73') in 0.0272179 seconds
Number of updated asset objects reloaded before import = 0Number of asset objects unloaded after import = 3

========================================================================
Received Import Request.
  Time since last request: 0.000023 seconds.
  path: Assets/GamerExtremo/res/Qd.xml
  artifactKey: Guid(fd237b5bc445dfa40bd104ae4325bff7) Importer(2089858483,b0f066a214c2f5e87bad3c948f4d605d)
Start importing Assets/GamerExtremo/res/Qd.xml using Guid(fd237b5bc445dfa40bd104ae4325bff7) Importer(2089858483,b0f066a214c2f5e87bad3c948f4d605d) (ScriptedImporter) -> (artifact id: '6101a94576c902e0e66446be0d0444d4') in 0.0060789 seconds
Number of updated asset objects reloaded before import = 0Number of asset objects unloaded after import = 1

========================================================================
Received Import Request.
  Time since last request: 0.000091 seconds.
  path: Assets/GamerExtremo/res/n2.png
  artifactKey: Guid(5fcd08c7add9d0942987861c26c3ced8) Importer(2089858483,b0f066a214c2f5e87bad3c948f4d605d)
Start importing Assets/GamerExtremo/res/n2.png using Guid(5fcd08c7add9d0942987861c26c3ced8) Importer(2089858483,b0f066a214c2f5e87bad3c948f4d605d) (ScriptedImporter) -> (artifact id: 'b6ca3d9ca38fc13c74968efe2d529d84') in 0.0151453 seconds
Number of updated asset objects reloaded before import = 0Number of asset objects unloaded after import = 3

========================================================================
Received Import Request.
  Time since last request: 0.000025 seconds.
  path: Assets/GamerExtremo/res/fn.png
  artifactKey: Guid(e14d178d84b52fe46abd2136fe4d274a) Importer(2089858483,b0f066a214c2f5e87bad3c948f4d605d)
Start importing Assets/GamerExtremo/res/fn.png using Guid(e14d178d84b52fe46abd2136fe4d274a) Importer(2089858483,b0f066a214c2f5e87bad3c948f4d605d) (ScriptedImporter) -> (artifact id: '7717aeec3348dd441b734c63afea9c3d') in 0.0163082 seconds
Number of updated asset objects reloaded before import = 0Number of asset objects unloaded after import = 3

========================================================================
Received Import Request.
  Time since last request: 0.000025 seconds.
  path: Assets/GamerExtremo/RIP/Electric Puzzles_1.5/res/0c.9.png
  artifactKey: Guid(3491b990ed246574490f37d90f9ec9aa) Importer(2089858483,b0f066a214c2f5e87bad3c948f4d605d)
Start importing Assets/GamerExtremo/RIP/Electric Puzzles_1.5/res/0c.9.png using Guid(3491b990ed246574490f37d90f9ec9aa) Importer(2089858483,b0f066a214c2f5e87bad3c948f4d605d) (ScriptedImporter) -> (artifact id: 'def2ba93d45fd1a6587c5985086083cc') in 0.0162037 seconds
Number of updated asset objects reloaded before import = 0Number of asset objects unloaded after import = 3

========================================================================
Received Import Request.
  Time since last request: 0.000035 seconds.
  path: Assets/GamerExtremo/Resources/Player/run (10).png
  artifactKey: Guid(538bf719a43cd20469fbaf05654fbbd1) Importer(2089858483,b0f066a214c2f5e87bad3c948f4d605d)
Start importing Assets/GamerExtremo/Resources/Player/run (10).png using Guid(538bf719a43cd20469fbaf05654fbbd1) Importer(2089858483,b0f066a214c2f5e87bad3c948f4d605d) (ScriptedImporter) -> (artifact id: '8a83140dcfaa1ebcd8f5a053df641b91') in 0.0153865 seconds
Number of updated asset objects reloaded before import = 0Number of asset objects unloaded after import = 3

========================================================================
Received Import Request.
  Time since last request: 0.000023 seconds.
  path: Assets/GamerExtremo/res/BJ.xml
  artifactKey: Guid(b94aa63c6d94fdd4d8ec1a929c865339) Importer(2089858483,b0f066a214c2f5e87bad3c948f4d605d)
Start importing Assets/GamerExtremo/res/BJ.xml using Guid(b94aa63c6d94fdd4d8ec1a929c865339) Importer(2089858483,b0f066a214c2f5e87bad3c948f4d605d) (ScriptedImporter) -> (artifact id: '8414ae1799c85cf0de007c18a694bf1c') in 0.0071225 seconds
Number of updated asset objects reloaded before import = 0Number of asset objects unloaded after import = 1

========================================================================
Received Import Request.
  Time since last request: 0.000084 seconds.
  path: Assets/GamerExtremo/Resources/Player/walk (7).png
  artifactKey: Guid(c105329a7b42f3a42938bac3c135b728) Importer(2089858483,b0f066a214c2f5e87bad3c948f4d605d)
Start importing Assets/GamerExtremo/Resources/Player/walk (7).png using Guid(c105329a7b42f3a42938bac3c135b728) Importer(2089858483,b0f066a214c2f5e87bad3c948f4d605d) (ScriptedImporter) -> (artifact id: '15d4b8e0b5c7182ff07569c30acb0352') in 0.0209916 seconds
Number of updated asset objects reloaded before import = 0Number of asset objects unloaded after import = 3

========================================================================
Received Import Request.
  Time since last request: 0.000022 seconds.
  path: Assets/GamerExtremo/RIP/Electric Puzzles_1.5/✅ New Folder/BULB/uo.png
  artifactKey: Guid(069d4e1adc29a67459ef6b78fcd710cf) Importer(2089858483,b0f066a214c2f5e87bad3c948f4d605d)
Start importing Assets/GamerExtremo/RIP/Electric Puzzles_1.5/✅ New Folder/BULB/uo.png using Guid(069d4e1adc29a67459ef6b78fcd710cf) Importer(2089858483,b0f066a214c2f5e87bad3c948f4d605d) (ScriptedImporter) -> (artifact id: '117149c4bbb5c1f56e3afe918fa1a6bc') in 0.015633 seconds
Number of updated asset objects reloaded before import = 0Number of asset objects unloaded after import = 3

========================================================================
Received Import Request.
  Time since last request: 0.000023 seconds.
  path: Assets/GamerExtremo/RIP/Electric Puzzles_1.5/✅ New Folder/CIRCLE/CIRCLE WHITE
  artifactKey: Guid(3696e5581878d2e48aa4df045583369d) Importer(2089858483,b0f066a214c2f5e87bad3c948f4d605d)
Start importing Assets/GamerExtremo/RIP/Electric Puzzles_1.5/✅ New Folder/CIRCLE/CIRCLE WHITE using Guid(3696e5581878d2e48aa4df045583369d) Importer(2089858483,b0f066a214c2f5e87bad3c948f4d605d) (ScriptedImporter) -> (artifact id: '27c1ebf89791fa7c9b0eceefe0ab86ff') in 0.00563 seconds
Number of updated asset objects reloaded before import = 0Number of asset objects unloaded after import = 1

========================================================================
Received Import Request.
  Time since last request: 0.000129 seconds.
  path: Assets/GamerExtremo/RIP/Electric Puzzles_1.5/✅ New Folder/XML/3A.xml
  artifactKey: Guid(1867003440b16f1448dfe8c5b1680117) Importer(2089858483,b0f066a214c2f5e87bad3c948f4d605d)
Start importing Assets/GamerExtremo/RIP/Electric Puzzles_1.5/✅ New Folder/XML/3A.xml using Guid(1867003440b16f1448dfe8c5b1680117) Importer(2089858483,b0f066a214c2f5e87bad3c948f4d605d) (ScriptedImporter) -> (artifact id: '675f69c55f7a1759aa5bef6a46b04269') in 0.0055551 seconds
Number of updated asset objects reloaded before import = 0Number of asset objects unloaded after import = 1

========================================================================
Received Import Request.
  Time since last request: 0.000123 seconds.
  path: Assets/GamerExtremo/RIP/Electric Puzzles_1.5/FIOS/black/uu.9.png
  artifactKey: Guid(401e70e053d46094cbc4630489597e6d) Importer(2089858483,b0f066a214c2f5e87bad3c948f4d605d)
Start importing Assets/GamerExtremo/RIP/Electric Puzzles_1.5/FIOS/black/uu.9.png using Guid(401e70e053d46094cbc4630489597e6d) Importer(2089858483,b0f066a214c2f5e87bad3c948f4d605d) (ScriptedImporter) -> (artifact id: '5d4f148af6476fc631e5f2e62731fe6b') in 0.0145494 seconds
Number of updated asset objects reloaded before import = 0Number of asset objects unloaded after import = 3

========================================================================
Received Import Request.
  Time since last request: 0.000023 seconds.
  path: Assets/GamerExtremo/res/8F.png
  artifactKey: Guid(58cae232c2f305545853c290a795e9e6) Importer(2089858483,b0f066a214c2f5e87bad3c948f4d605d)
Start importing Assets/GamerExtremo/res/8F.png using Guid(58cae232c2f305545853c290a795e9e6) Importer(2089858483,b0f066a214c2f5e87bad3c948f4d605d) (ScriptedImporter) -> (artifact id: '420a2a7ce8eeec332cfa8c0405029b16') in 0.0142109 seconds
Number of updated asset objects reloaded before import = 0Number of asset objects unloaded after import = 3

========================================================================
Received Import Request.
  Time since last request: 0.000021 seconds.
  path: Assets/GamerExtremo/RIP/Electric Puzzles_1.5/✅ New Folder/XML/0w.xml
  artifactKey: Guid(1f9b01302bd0e194381f124aa36d3cea) Importer(2089858483,b0f066a214c2f5e87bad3c948f4d605d)
Start importing Assets/GamerExtremo/RIP/Electric Puzzles_1.5/✅ New Folder/XML/0w.xml using Guid(1f9b01302bd0e194381f124aa36d3cea) Importer(2089858483,b0f066a214c2f5e87bad3c948f4d605d) (ScriptedImporter) -> (artifact id: 'a12dbec997f66cdac2674e364cfaa7ba') in 0.0071593 seconds
Number of updated asset objects reloaded before import = 0Number of asset objects unloaded after import = 1

========================================================================
Received Import Request.
  Time since last request: 0.000074 seconds.
  path: Assets/GamerExtremo/RIP/Electric Puzzles_1.5/res/Ov.png
  artifactKey: Guid(6750c75b74e6d3741ab78cccb0261c05) Importer(2089858483,b0f066a214c2f5e87bad3c948f4d605d)
Start importing Assets/GamerExtremo/RIP/Electric Puzzles_1.5/res/Ov.png using Guid(6750c75b74e6d3741ab78cccb0261c05) Importer(2089858483,b0f066a214c2f5e87bad3c948f4d605d) (ScriptedImporter) -> (artifact id: 'a5f8d8385c2c761cab56fd45ad1f684a') in 0.0146261 seconds
Number of updated asset objects reloaded before import = 0Number of asset objects unloaded after import = 3

========================================================================
Received Import Request.
  Time since last request: 0.000022 seconds.
  path: Assets/GamerExtremo/res/cN.png
  artifactKey: Guid(65f01df585934fb438b902fcff8c98a2) Importer(2089858483,b0f066a214c2f5e87bad3c948f4d605d)
Start importing Assets/GamerExtremo/res/cN.png using Guid(65f01df585934fb438b902fcff8c98a2) Importer(2089858483,b0f066a214c2f5e87bad3c948f4d605d) (ScriptedImporter) -> (artifact id: '9bb2cf780471ace8974385b6867e308d') in 0.0169801 seconds
Number of updated asset objects reloaded before import = 0Number of asset objects unloaded after import = 3

========================================================================
Received Import Request.
  Time since last request: 0.000023 seconds.
  path: Assets/GamerExtremo/RIP/Electric Puzzles_1.5/res/fO.png
  artifactKey: Guid(b3d241bbe5cac484288e4223d89521ad) Importer(2089858483,b0f066a214c2f5e87bad3c948f4d605d)
Start importing Assets/GamerExtremo/RIP/Electric Puzzles_1.5/res/fO.png using Guid(b3d241bbe5cac484288e4223d89521ad) Importer(2089858483,b0f066a214c2f5e87bad3c948f4d605d) (ScriptedImporter) -> (artifact id: 'a8eb90415f6803308950dd772325a948') in 0.0143535 seconds
Number of updated asset objects reloaded before import = 0Number of asset objects unloaded after import = 3

========================================================================
Received Import Request.
  Time since last request: 0.000023 seconds.
  path: Assets/GamerExtremo/Resources/Enemy1/skeleton_1_attack (7).png
  artifactKey: Guid(ea2facbfefeca024eb4069b462898201) Importer(2089858483,b0f066a214c2f5e87bad3c948f4d605d)
Start importing Assets/GamerExtremo/Resources/Enemy1/skeleton_1_attack (7).png using Guid(ea2facbfefeca024eb4069b462898201) Importer(2089858483,b0f066a214c2f5e87bad3c948f4d605d) (ScriptedImporter) -> (artifact id: '6f302b817908a8dc9abd5d37a2c09dd0') in 0.0150783 seconds
Number of updated asset objects reloaded before import = 0Number of asset objects unloaded after import = 3

========================================================================
Received Import Request.
  Time since last request: 0.000022 seconds.
  path: Assets/GamerExtremo/res/G7.png
  artifactKey: Guid(369ebe1bc1bf3914490f3398cd2b4c67) Importer(2089858483,b0f066a214c2f5e87bad3c948f4d605d)
Start importing Assets/GamerExtremo/res/G7.png using Guid(369ebe1bc1bf3914490f3398cd2b4c67) Importer(2089858483,b0f066a214c2f5e87bad3c948f4d605d) (ScriptedImporter) -> (artifact id: '69f6d10082ceca2bcc767b70178f02d0') in 0.0140001 seconds
Number of updated asset objects reloaded before import = 0Number of asset objects unloaded after import = 3

========================================================================
Received Import Request.
  Time since last request: 0.000023 seconds.
  path: Assets/GamerExtremo/Resources/Enemy2/skeleton_2_attack (3).png
  artifactKey: Guid(0d618e7d842058c4ea528c93fcbd060c) Importer(2089858483,b0f066a214c2f5e87bad3c948f4d605d)
Start importing Assets/GamerExtremo/Resources/Enemy2/skeleton_2_attack (3).png using Guid(0d618e7d842058c4ea528c93fcbd060c) Importer(2089858483,b0f066a214c2f5e87bad3c948f4d605d) (ScriptedImporter) -> (artifact id: 'cdc9eae74556aa6d0795ed86bdfe5de6') in 0.0190867 seconds
Number of updated asset objects reloaded before import = 0Number of asset objects unloaded after import = 3

========================================================================
Received Import Request.
  Time since last request: 0.000026 seconds.
  path: Assets/GamerExtremo/res/D1.png
  artifactKey: Guid(24c37911eaca965459071549c42caa45) Importer(2089858483,b0f066a214c2f5e87bad3c948f4d605d)
Start importing Assets/GamerExtremo/res/D1.png using Guid(24c37911eaca965459071549c42caa45) Importer(2089858483,b0f066a214c2f5e87bad3c948f4d605d) (ScriptedImporter) -> (artifact id: 'ba0739f9611dac176d1062d122d1bd28') in 0.0144377 seconds
Number of updated asset objects reloaded before import = 0Number of asset objects unloaded after import = 3

========================================================================
Received Import Request.
  Time since last request: 0.000034 seconds.
  path: Assets/GamerExtremo/res/5J.9.png
  artifactKey: Guid(65ad5003796ab394b9d689d19b42eb50) Importer(2089858483,b0f066a214c2f5e87bad3c948f4d605d)
Start importing Assets/GamerExtremo/res/5J.9.png using Guid(65ad5003796ab394b9d689d19b42eb50) Importer(2089858483,b0f066a214c2f5e87bad3c948f4d605d) (ScriptedImporter) -> (artifact id: '21c43e75190cd71a35dd36e386f8f5a3') in 0.0144136 seconds
Number of updated asset objects reloaded before import = 0Number of asset objects unloaded after import = 3

========================================================================
Received Import Request.
  Time since last request: 0.000021 seconds.
  path: Assets/GamerExtremo/RIP/Electric Puzzles_1.5/res/0k.png
  artifactKey: Guid(6c0263aeb115bbf42a78848889d42865) Importer(2089858483,b0f066a214c2f5e87bad3c948f4d605d)
Start importing Assets/GamerExtremo/RIP/Electric Puzzles_1.5/res/0k.png using Guid(6c0263aeb115bbf42a78848889d42865) Importer(2089858483,b0f066a214c2f5e87bad3c948f4d605d) (ScriptedImporter) -> (artifact id: '29cd96300b71e7a787cdf5e8c062180a') in 0.0156268 seconds
Number of updated asset objects reloaded before import = 0Number of asset objects unloaded after import = 3

========================================================================
Received Import Request.
  Time since last request: 0.000023 seconds.
  path: Assets/GamerExtremo/RIP/Electric Puzzles_1.5/FIOS/black/Pasta/gj.9.png
  artifactKey: Guid(f7c77bd8a0a560e4ea1b484b03f19e79) Importer(2089858483,b0f066a214c2f5e87bad3c948f4d605d)
Start importing Assets/GamerExtremo/RIP/Electric Puzzles_1.5/FIOS/black/Pasta/gj.9.png using Guid(f7c77bd8a0a560e4ea1b484b03f19e79) Importer(2089858483,b0f066a214c2f5e87bad3c948f4d605d) (ScriptedImporter) -> (artifact id: '21ffdb10a259cc7e09daa28475c6ec68') in 0.015028 seconds
Number of updated asset objects reloaded before import = 0Number of asset objects unloaded after import = 3

========================================================================
Received Import Request.
  Time since last request: 0.000021 seconds.
  path: Assets/GamerExtremo/RIP/Electric Puzzles_1.5/res/VW.png
  artifactKey: Guid(f871d8b989444784c88e0415a91c93b8) Importer(2089858483,b0f066a214c2f5e87bad3c948f4d605d)
Start importing Assets/GamerExtremo/RIP/Electric Puzzles_1.5/res/VW.png using Guid(f871d8b989444784c88e0415a91c93b8) Importer(2089858483,b0f066a214c2f5e87bad3c948f4d605d) (ScriptedImporter) -> (artifact id: 'a55fe41efde14a5c5febd026dfbbcf49') in 0.0193607 seconds
Number of updated asset objects reloaded before import = 0Number of asset objects unloaded after import = 3

========================================================================
Received Import Request.
  Time since last request: 0.000023 seconds.
  path: Assets/GamerExtremo/res/color-v23/abc_tint_spinner.xml
  artifactKey: Guid(4cdf0a3818002d4459ece60d9c302a0d) Importer(2089858483,b0f066a214c2f5e87bad3c948f4d605d)
Start importing Assets/GamerExtremo/res/color-v23/abc_tint_spinner.xml using Guid(4cdf0a3818002d4459ece60d9c302a0d) Importer(2089858483,b0f066a214c2f5e87bad3c948f4d605d) (ScriptedImporter) -> (artifact id: 'ff9665cb6cd4bbd920175256571fcdb8') in 0.005872 seconds
Number of updated asset objects reloaded before import = 0Number of asset objects unloaded after import = 1

========================================================================
Received Import Request.
  Time since last request: 0.000102 seconds.
  path: Assets/GamerExtremo/res/p8.png
  artifactKey: Guid(75820e71347caf848b145b027f2b6acf) Importer(2089858483,b0f066a214c2f5e87bad3c948f4d605d)
Start importing Assets/GamerExtremo/res/p8.png using Guid(75820e71347caf848b145b027f2b6acf) Importer(2089858483,b0f066a214c2f5e87bad3c948f4d605d) (ScriptedImporter) -> (artifact id: '0777bc8e098ee8a544c769fc650916fa') in 0.0153831 seconds
Number of updated asset objects reloaded before import = 0Number of asset objects unloaded after import = 3

========================================================================
Received Import Request.
  Time since last request: 0.000026 seconds.
  path: Assets/GamerExtremo/RIP/Electric Puzzles_1.5/✅ New Folder/UPDATE/ANTI TIME/mu.png
  artifactKey: Guid(2b1b0272a8ded9e44a57ff8f44ce6229) Importer(2089858483,b0f066a214c2f5e87bad3c948f4d605d)
Start importing Assets/GamerExtremo/RIP/Electric Puzzles_1.5/✅ New Folder/UPDATE/ANTI TIME/mu.png using Guid(2b1b0272a8ded9e44a57ff8f44ce6229) Importer(2089858483,b0f066a214c2f5e87bad3c948f4d605d) (ScriptedImporter) -> (artifact id: '52d01a8e57af0bd3384558c0a53122f6') in 0.0149378 seconds
Number of updated asset objects reloaded before import = 0Number of asset objects unloaded after import = 3

========================================================================
Received Import Request.
  Time since last request: 0.000026 seconds.
  path: Assets/GamerExtremo/Resources/Enemy1/skeleton_1_attack (1).png
  artifactKey: Guid(6eda98189ced8ae45b819424d1215dff) Importer(2089858483,b0f066a214c2f5e87bad3c948f4d605d)
Start importing Assets/GamerExtremo/Resources/Enemy1/skeleton_1_attack (1).png using Guid(6eda98189ced8ae45b819424d1215dff) Importer(2089858483,b0f066a214c2f5e87bad3c948f4d605d) (ScriptedImporter) -> (artifact id: 'db0f222ebd9739d30d46cfeb70ce6f90') in 0.0165804 seconds
Number of updated asset objects reloaded before import = 0Number of asset objects unloaded after import = 3

========================================================================
Received Import Request.
  Time since last request: 0.000023 seconds.
  path: Assets/GamerExtremo/res/D6.png
  artifactKey: Guid(4642604e762540e4f838f2ed2671e9b1) Importer(2089858483,b0f066a214c2f5e87bad3c948f4d605d)
Start importing Assets/GamerExtremo/res/D6.png using Guid(4642604e762540e4f838f2ed2671e9b1) Importer(2089858483,b0f066a214c2f5e87bad3c948f4d605d) (ScriptedImporter) -> (artifact id: 'ad89f79e6ee9dc2d83ff82f310dd9c49') in 0.0142896 seconds
Number of updated asset objects reloaded before import = 0Number of asset objects unloaded after import = 3

========================================================================
Received Import Request.
  Time since last request: 0.000023 seconds.
  path: Assets/GamerExtremo/RIP/Electric Puzzles_1.5/Pictures/gateslevel13.png
  artifactKey: Guid(b9adbcf290342ba4c94ac28feebd630b) Importer(2089858483,b0f066a214c2f5e87bad3c948f4d605d)
Start importing Assets/GamerExtremo/RIP/Electric Puzzles_1.5/Pictures/gateslevel13.png using Guid(b9adbcf290342ba4c94ac28feebd630b) Importer(2089858483,b0f066a214c2f5e87bad3c948f4d605d) (ScriptedImporter) -> (artifact id: '4ad54bc05cf9a5ad73f91b198b13029d') in 0.0163189 seconds
Number of updated asset objects reloaded before import = 0Number of asset objects unloaded after import = 3

========================================================================
Received Import Request.
  Time since last request: 0.000021 seconds.
  path: Assets/GamerExtremo/RIP/Electric Puzzles_1.5/✅ New Folder/XML/pU.xml
  artifactKey: Guid(bc7a93474b9a2b349aaae7c153789a81) Importer(2089858483,b0f066a214c2f5e87bad3c948f4d605d)
Start importing Assets/GamerExtremo/RIP/Electric Puzzles_1.5/✅ New Folder/XML/pU.xml using Guid(bc7a93474b9a2b349aaae7c153789a81) Importer(2089858483,b0f066a214c2f5e87bad3c948f4d605d) (ScriptedImporter) -> (artifact id: 'e50157bf63ec7dfd378ac525a06fc713') in 0.0074531 seconds
Number of updated asset objects reloaded before import = 0Number of asset objects unloaded after import = 1

========================================================================
Received Import Request.
  Time since last request: 0.000023 seconds.
  path: Assets/GamerExtremo/res/iR.9.png
  artifactKey: Guid(b48667c217b0a75468eec24c142a7c9f) Importer(2089858483,b0f066a214c2f5e87bad3c948f4d605d)
Start importing Assets/GamerExtremo/res/iR.9.png using Guid(b48667c217b0a75468eec24c142a7c9f) Importer(2089858483,b0f066a214c2f5e87bad3c948f4d605d) (ScriptedImporter) -> (artifact id: '0dc54191c01337d3c82624bfe1c09703') in 0.0137889 seconds
Number of updated asset objects reloaded before import = 0Number of asset objects unloaded after import = 3

========================================================================
Received Import Request.
  Time since last request: 0.000024 seconds.
  path: Assets/GamerExtremo/RIP/Electric Puzzles_1.5/Pictures/Paisagens/baixados (3).jpg
  artifactKey: Guid(8eda9de1b6cd06646b81802f118fd78b) Importer(2089858483,b0f066a214c2f5e87bad3c948f4d605d)
Start importing Assets/GamerExtremo/RIP/Electric Puzzles_1.5/Pictures/Paisagens/baixados (3).jpg using Guid(8eda9de1b6cd06646b81802f118fd78b) Importer(2089858483,b0f066a214c2f5e87bad3c948f4d605d) (ScriptedImporter) -> (artifact id: 'fc0ee7a67a15cc24fb3993146c7223e4') in 0.0160981 seconds
Number of updated asset objects reloaded before import = 0Number of asset objects unloaded after import = 3

========================================================================
Received Import Request.
  Time since last request: 0.000025 seconds.
  path: Assets/GamerExtremo/RIP/Electric Puzzles_1.5/FIOS/verde
  artifactKey: Guid(70b8a26920ea61d4f818a8c3ba117e79) Importer(2089858483,b0f066a214c2f5e87bad3c948f4d605d)
Start importing Assets/GamerExtremo/RIP/Electric Puzzles_1.5/FIOS/verde using Guid(70b8a26920ea61d4f818a8c3ba117e79) Importer(2089858483,b0f066a214c2f5e87bad3c948f4d605d) (ScriptedImporter) -> (artifact id: '54b55044ff94854d5e652f435d4370cc') in 0.0060516 seconds
Number of updated asset objects reloaded before import = 0Number of asset objects unloaded after import = 1

========================================================================
Received Import Request.
  Time since last request: 0.000128 seconds.
  path: Assets/GamerExtremo/RIP/Electric Puzzles_1.5/✅ New Folder/EYES
  artifactKey: Guid(0ce56f6720fa90047b62d78f3f2a62e3) Importer(2089858483,b0f066a214c2f5e87bad3c948f4d605d)
Start importing Assets/GamerExtremo/RIP/Electric Puzzles_1.5/✅ New Folder/EYES using Guid(0ce56f6720fa90047b62d78f3f2a62e3) Importer(2089858483,b0f066a214c2f5e87bad3c948f4d605d) (ScriptedImporter) -> (artifact id: '0dcf1ba26cead36f26f1abe5fabf54b1') in 0.0047781 seconds
Number of updated asset objects reloaded before import = 0Number of asset objects unloaded after import = 1

========================================================================
Received Import Request.
  Time since last request: 0.000079 seconds.
  path: Assets/GamerExtremo/RIP/Electric Puzzles_1.5/Pictures/battery.png
  artifactKey: Guid(67e8ea49e7d1a734e990f5bd2b251dea) Importer(2089858483,b0f066a214c2f5e87bad3c948f4d605d)
Start importing Assets/GamerExtremo/RIP/Electric Puzzles_1.5/Pictures/battery.png using Guid(67e8ea49e7d1a734e990f5bd2b251dea) Importer(2089858483,b0f066a214c2f5e87bad3c948f4d605d) (ScriptedImporter) -> (artifact id: '777682af5b28acae2e1213d79cccd2d7') in 0.0146288 seconds
Number of updated asset objects reloaded before import = 0Number of asset objects unloaded after import = 3

========================================================================
Received Import Request.
  Time since last request: 0.000022 seconds.
  path: Assets/GamerExtremo/RIP/Electric Puzzles_1.5/res/NG.png
  artifactKey: Guid(4b4b64e386c4963478a83c6c0c966eb5) Importer(2089858483,b0f066a214c2f5e87bad3c948f4d605d)
Start importing Assets/GamerExtremo/RIP/Electric Puzzles_1.5/res/NG.png using Guid(4b4b64e386c4963478a83c6c0c966eb5) Importer(2089858483,b0f066a214c2f5e87bad3c948f4d605d) (ScriptedImporter) -> (artifact id: 'a7805611dd9b9fdf1d8eff5de266fa32') in 0.0142065 seconds
Number of updated asset objects reloaded before import = 0Number of asset objects unloaded after import = 3

========================================================================
Received Import Request.
  Time since last request: 0.000021 seconds.
  path: Assets/GamerExtremo/res/nl.png
  artifactKey: Guid(b70cbd6dd6e272d4090c38b23dc36827) Importer(2089858483,b0f066a214c2f5e87bad3c948f4d605d)
Start importing Assets/GamerExtremo/res/nl.png using Guid(b70cbd6dd6e272d4090c38b23dc36827) Importer(2089858483,b0f066a214c2f5e87bad3c948f4d605d) (ScriptedImporter) -> (artifact id: '62fab77e66fc169d19df9b59244fae7f') in 0.0163761 seconds
Number of updated asset objects reloaded before import = 0Number of asset objects unloaded after import = 3

========================================================================
Received Import Request.
  Time since last request: 0.000038 seconds.
  path: Assets/GamerExtremo/RIP/Electric Puzzles_1.5/✅ New Folder/XML/4z.xml
  artifactKey: Guid(0790cc7e801445648bdfa3922f9f3014) Importer(2089858483,b0f066a214c2f5e87bad3c948f4d605d)
Start importing Assets/GamerExtremo/RIP/Electric Puzzles_1.5/✅ New Folder/XML/4z.xml using Guid(0790cc7e801445648bdfa3922f9f3014) Importer(2089858483,b0f066a214c2f5e87bad3c948f4d605d) (ScriptedImporter) -> (artifact id: 'ad1efc1f8798e524157ed82feb93bbbc') in 0.0067253 seconds
Number of updated asset objects reloaded before import = 0Number of asset objects unloaded after import = 1

========================================================================
Received Import Request.
  Time since last request: 0.000099 seconds.
  path: Assets/GamerExtremo/RIP/Electric Puzzles_1.5/res/XS.png
  artifactKey: Guid(8f1b0d8d4e7b7124eb648952631ed318) Importer(2089858483,b0f066a214c2f5e87bad3c948f4d605d)
Start importing Assets/GamerExtremo/RIP/Electric Puzzles_1.5/res/XS.png using Guid(8f1b0d8d4e7b7124eb648952631ed318) Importer(2089858483,b0f066a214c2f5e87bad3c948f4d605d) (ScriptedImporter) -> (artifact id: '3b9e6d9218880500961ebcd6163d48d6') in 0.0143562 seconds
Number of updated asset objects reloaded before import = 0Number of asset objects unloaded after import = 3

========================================================================
Received Import Request.
  Time since last request: 0.000023 seconds.
  path: Assets/GamerExtremo/RIP/Electric Puzzles_1.5/res/S7.png
  artifactKey: Guid(b94be530f76228241b8be0f16385b855) Importer(2089858483,b0f066a214c2f5e87bad3c948f4d605d)
Start importing Assets/GamerExtremo/RIP/Electric Puzzles_1.5/res/S7.png using Guid(b94be530f76228241b8be0f16385b855) Importer(2089858483,b0f066a214c2f5e87bad3c948f4d605d) (ScriptedImporter) -> (artifact id: 'f336db1c4bea110bd77a142d0d2e2f27') in 0.0153075 seconds
Number of updated asset objects reloaded before import = 0Number of asset objects unloaded after import = 3

========================================================================
Received Import Request.
  Time since last request: 0.000022 seconds.
  path: Assets/GamerExtremo/res/aU.png
  artifactKey: Guid(dcbba877fe84135429240d333030787a) Importer(2089858483,b0f066a214c2f5e87bad3c948f4d605d)
Start importing Assets/GamerExtremo/res/aU.png using Guid(dcbba877fe84135429240d333030787a) Importer(2089858483,b0f066a214c2f5e87bad3c948f4d605d) (ScriptedImporter) -> (artifact id: '00efb920e3c5f0c11657198d3023aa64') in 0.0149492 seconds
Number of updated asset objects reloaded before import = 0Number of asset objects unloaded after import = 3

========================================================================
Received Import Request.
  Time since last request: 0.000023 seconds.
  path: Assets/GamerExtremo/RIP/Electric Puzzles_1.5/res/R0.png
  artifactKey: Guid(b2537827c8fb70c40bed95ad5fa3e342) Importer(2089858483,b0f066a214c2f5e87bad3c948f4d605d)
Start importing Assets/GamerExtremo/RIP/Electric Puzzles_1.5/res/R0.png using Guid(b2537827c8fb70c40bed95ad5fa3e342) Importer(2089858483,b0f066a214c2f5e87bad3c948f4d605d) (ScriptedImporter) -> (artifact id: '862f940a6eb23a84ca4e8f4df91814cf') in 0.018754 seconds
Number of updated asset objects reloaded before import = 0Number of asset objects unloaded after import = 3

========================================================================
Received Import Request.
  Time since last request: 0.000026 seconds.
  path: Assets/GamerExtremo/RIP/Electric Puzzles_1.5/✅ New Folder/GOTA/2/2P.png
  artifactKey: Guid(70dcbc3cf9b7b02459fb0b6239b66396) Importer(2089858483,b0f066a214c2f5e87bad3c948f4d605d)
Start importing Assets/GamerExtremo/RIP/Electric Puzzles_1.5/✅ New Folder/GOTA/2/2P.png using Guid(70dcbc3cf9b7b02459fb0b6239b66396) Importer(2089858483,b0f066a214c2f5e87bad3c948f4d605d) (ScriptedImporter) -> (artifact id: 'c1990bb105de5e34c6280d9875eaa5ff') in 0.0180138 seconds
Number of updated asset objects reloaded before import = 0Number of asset objects unloaded after import = 3

========================================================================
Received Import Request.
  Time since last request: 0.000050 seconds.
  path: Assets/GamerExtremo/RIP/Electric Puzzles_1.5/✅ New Folder/DIAGONAL LEFT/kp.png
  artifactKey: Guid(d4716f360e7ea98459628ade8e6f2a2d) Importer(2089858483,b0f066a214c2f5e87bad3c948f4d605d)
Start importing Assets/GamerExtremo/RIP/Electric Puzzles_1.5/✅ New Folder/DIAGONAL LEFT/kp.png using Guid(d4716f360e7ea98459628ade8e6f2a2d) Importer(2089858483,b0f066a214c2f5e87bad3c948f4d605d) (ScriptedImporter) -> (artifact id: 'bf2f4b7734311e6a3331e1edb9c34872') in 0.0219447 seconds
Number of updated asset objects reloaded before import = 0Number of asset objects unloaded after import = 3

========================================================================
Received Import Request.
  Time since last request: 0.000027 seconds.
  path: Assets/GamerExtremo/RIP/Electric Puzzles_1.5/✅ New Folder/SOM/Uj.mp3
  artifactKey: Guid(ba3c16980f224424aa8d81b833f91242) Importer(2089858483,b0f066a214c2f5e87bad3c948f4d605d)
Start importing Assets/GamerExtremo/RIP/Electric Puzzles_1.5/✅ New Folder/SOM/Uj.mp3 using Guid(ba3c16980f224424aa8d81b833f91242) Importer(2089858483,b0f066a214c2f5e87bad3c948f4d605d) (ScriptedImporter) -> (artifact id: 'f9eb391614a87e2d548054b3c4fc984e') in 0.0254055 seconds
Number of updated asset objects reloaded before import = 0Number of asset objects unloaded after import = 1

========================================================================
Received Import Request.
  Time since last request: 0.000022 seconds.
  path: Assets/GamerExtremo/res/4_1.xml
  artifactKey: Guid(686955cc17f1d5c41940812c8482a352) Importer(2089858483,b0f066a214c2f5e87bad3c948f4d605d)
Start importing Assets/GamerExtremo/res/4_1.xml using Guid(686955cc17f1d5c41940812c8482a352) Importer(2089858483,b0f066a214c2f5e87bad3c948f4d605d) (ScriptedImporter) -> (artifact id: 'bdb94b24ef8a8f7c3ef184a53746dfe2') in 0.0072646 seconds
Number of updated asset objects reloaded before import = 0Number of asset objects unloaded after import = 1

========================================================================
Received Import Request.
  Time since last request: 0.000107 seconds.
  path: Assets/GamerExtremo/RIP/Electric Puzzles_1.5/✅ New Folder/XML/rz.xml
  artifactKey: Guid(7c82f13a67520e040b0caaf51728ba2f) Importer(2089858483,b0f066a214c2f5e87bad3c948f4d605d)
Start importing Assets/GamerExtremo/RIP/Electric Puzzles_1.5/✅ New Folder/XML/rz.xml using Guid(7c82f13a67520e040b0caaf51728ba2f) Importer(2089858483,b0f066a214c2f5e87bad3c948f4d605d) (ScriptedImporter) -> (artifact id: '6773a9d310d01978036b2131eba9d770') in 0.0077787 seconds
Number of updated asset objects reloaded before import = 0Number of asset objects unloaded after import = 1

========================================================================
Received Import Request.
  Time since last request: 0.000147 seconds.
  path: Assets/GamerExtremo/RIP/Electric Puzzles_1.5/res/yx.png
  artifactKey: Guid(fdfb72754b7aea54dad9f1defa51f87d) Importer(2089858483,b0f066a214c2f5e87bad3c948f4d605d)
Start importing Assets/GamerExtremo/RIP/Electric Puzzles_1.5/res/yx.png using Guid(fdfb72754b7aea54dad9f1defa51f87d) Importer(2089858483,b0f066a214c2f5e87bad3c948f4d605d) (ScriptedImporter) -> (artifact id: '94cfff9ff46b2cd449f77964c72e1237') in 0.0152366 seconds
Number of updated asset objects reloaded before import = 0Number of asset objects unloaded after import = 3

========================================================================
Received Import Request.
  Time since last request: 0.000023 seconds.
  path: Assets/GamerExtremo/Pictures/Paisagens/baixados (4).jpg
  artifactKey: Guid(0af3fd38be5cf04479efbe32223e0cbc) Importer(2089858483,b0f066a214c2f5e87bad3c948f4d605d)
Start importing Assets/GamerExtremo/Pictures/Paisagens/baixados (4).jpg using Guid(0af3fd38be5cf04479efbe32223e0cbc) Importer(2089858483,b0f066a214c2f5e87bad3c948f4d605d) (ScriptedImporter) -> (artifact id: 'a230ab202f6b6ed572425d3343c89730') in 0.017307 seconds
Number of updated asset objects reloaded before import = 0Number of asset objects unloaded after import = 3

========================================================================
Received Import Request.
  Time since last request: 0.000121 seconds.
  path: Assets/GamerExtremo/RIP/Electric Puzzles_1.5/Pictures/switcheslevel1.png
  artifactKey: Guid(bccdf7e29fb669442afd4bffb8478c6e) Importer(2089858483,b0f066a214c2f5e87bad3c948f4d605d)
Start importing Assets/GamerExtremo/RIP/Electric Puzzles_1.5/Pictures/switcheslevel1.png using Guid(bccdf7e29fb669442afd4bffb8478c6e) Importer(2089858483,b0f066a214c2f5e87bad3c948f4d605d) (ScriptedImporter) -> (artifact id: '770ed0f865f6a02c492086da0305a998') in 0.01685 seconds
Number of updated asset objects reloaded before import = 0Number of asset objects unloaded after import = 3

========================================================================
Received Import Request.
  Time since last request: 0.000025 seconds.
  path: Assets/GamerExtremo/RIP/Electric Puzzles_1.5/res/color/abc_primary_text_material_dark.xml
  artifactKey: Guid(9308fe09f7a554d4da10ec5f1ffe6e63) Importer(2089858483,b0f066a214c2f5e87bad3c948f4d605d)
Start importing Assets/GamerExtremo/RIP/Electric Puzzles_1.5/res/color/abc_primary_text_material_dark.xml using Guid(9308fe09f7a554d4da10ec5f1ffe6e63) Importer(2089858483,b0f066a214c2f5e87bad3c948f4d605d) (ScriptedImporter) -> (artifact id: '4a2a4cd0d7146a7968fb49ff2baef216') in 0.0092227 seconds
Number of updated asset objects reloaded before import = 0Number of asset objects unloaded after import = 1

========================================================================
Received Import Request.
  Time since last request: 0.000107 seconds.
  path: Assets/GamerExtremo/res/Jl.xml
  artifactKey: Guid(bc445e93c1a895a4786057df531369f9) Importer(2089858483,b0f066a214c2f5e87bad3c948f4d605d)
Start importing Assets/GamerExtremo/res/Jl.xml using Guid(bc445e93c1a895a4786057df531369f9) Importer(2089858483,b0f066a214c2f5e87bad3c948f4d605d) (ScriptedImporter) -> (artifact id: '517df454cbcce5417379abf53eb670dc') in 0.005877 seconds
Number of updated asset objects reloaded before import = 0Number of asset objects unloaded after import = 1

========================================================================
Received Import Request.
  Time since last request: 0.000073 seconds.
  path: Assets/GamerExtremo/Resources/Sounds/Retro UI Sounds/Bonus/ui_inventory.wav
  artifactKey: Guid(b73832a9c6642ef4488f13d5c5606de7) Importer(2089858483,b0f066a214c2f5e87bad3c948f4d605d)
Start importing Assets/GamerExtremo/Resources/Sounds/Retro UI Sounds/Bonus/ui_inventory.wav using Guid(b73832a9c6642ef4488f13d5c5606de7) Importer(2089858483,b0f066a214c2f5e87bad3c948f4d605d) (ScriptedImporter) -> (artifact id: '3db108e750ad34f74c94957b5935129a') in 0.0279417 seconds
Number of updated asset objects reloaded before import = 0Number of asset objects unloaded after import = 1

========================================================================
Received Import Request.
  Time since last request: 0.000100 seconds.
  path: Assets/GamerExtremo/RIP/Electric Puzzles_1.5/✅ New Folder/XML/RH.xml
  artifactKey: Guid(a3eeee1d7ffc0794288d3406a60afd82) Importer(2089858483,b0f066a214c2f5e87bad3c948f4d605d)
Start importing Assets/GamerExtremo/RIP/Electric Puzzles_1.5/✅ New Folder/XML/RH.xml using Guid(a3eeee1d7ffc0794288d3406a60afd82) Importer(2089858483,b0f066a214c2f5e87bad3c948f4d605d) (ScriptedImporter) -> (artifact id: 'dd828c60aa6b9c47d136bf8bcaa00cf8') in 0.0066872 seconds
Number of updated asset objects reloaded before import = 0Number of asset objects unloaded after import = 1

========================================================================
Received Import Request.
  Time since last request: 0.000138 seconds.
  path: Assets/GamerExtremo/RIP/Electric Puzzles_1.5/res/A1.png
  artifactKey: Guid(12f42005d44309c42b45fde22b4ea805) Importer(2089858483,b0f066a214c2f5e87bad3c948f4d605d)
Start importing Assets/GamerExtremo/RIP/Electric Puzzles_1.5/res/A1.png using Guid(12f42005d44309c42b45fde22b4ea805) Importer(2089858483,b0f066a214c2f5e87bad3c948f4d605d) (ScriptedImporter) -> (artifact id: 'f22c455796e90ef307ec6626c777ca60') in 0.0138551 seconds
Number of updated asset objects reloaded before import = 0Number of asset objects unloaded after import = 3

========================================================================
Received Import Request.
  Time since last request: 0.000020 seconds.
  path: Assets/GamerExtremo/res/BE.xml
  artifactKey: Guid(5c93298c776f3d549bf709d0f816dbcc) Importer(2089858483,b0f066a214c2f5e87bad3c948f4d605d)
Start importing Assets/GamerExtremo/res/BE.xml using Guid(5c93298c776f3d549bf709d0f816dbcc) Importer(2089858483,b0f066a214c2f5e87bad3c948f4d605d) (ScriptedImporter) -> (artifact id: 'c69cc67ecd6d3e1af88520af1b136ce7') in 0.0061652 seconds
Number of updated asset objects reloaded before import = 0Number of asset objects unloaded after import = 1

========================================================================
Received Import Request.
  Time since last request: 0.000172 seconds.
  path: Assets/GamerExtremo/RIP/Electric Puzzles_1.5/SQUARE/5 Square verde claro/Vq.png
  artifactKey: Guid(1ec969f676a11044882ac9c4b1c162ac) Importer(2089858483,b0f066a214c2f5e87bad3c948f4d605d)
Start importing Assets/GamerExtremo/RIP/Electric Puzzles_1.5/SQUARE/5 Square verde claro/Vq.png using Guid(1ec969f676a11044882ac9c4b1c162ac) Importer(2089858483,b0f066a214c2f5e87bad3c948f4d605d) (ScriptedImporter) -> (artifact id: '8f5722169bbea5e4ddd56fad83221704') in 0.0139703 seconds
Number of updated asset objects reloaded before import = 0Number of asset objects unloaded after import = 3

========================================================================
Received Import Request.
  Time since last request: 0.000023 seconds.
  path: Assets/GamerExtremo/RIP/Electric Puzzles_1.5/res/ci.xml
  artifactKey: Guid(eb827ef548a538a4b9086d938e5f7b98) Importer(2089858483,b0f066a214c2f5e87bad3c948f4d605d)
Start importing Assets/GamerExtremo/RIP/Electric Puzzles_1.5/res/ci.xml using Guid(eb827ef548a538a4b9086d938e5f7b98) Importer(2089858483,b0f066a214c2f5e87bad3c948f4d605d) (ScriptedImporter) -> (artifact id: 'c2d7e8abc2b06200ed134a9394a3893b') in 0.0062857 seconds
Number of updated asset objects reloaded before import = 0Number of asset objects unloaded after import = 1

========================================================================
Received Import Request.
  Time since last request: 0.000021 seconds.
  path: Assets/GamerExtremo/RIP/Electric Puzzles_1.5/res/4u.xml
  artifactKey: Guid(ffec9cc2d128e3a4597f8c0788a303d7) Importer(2089858483,b0f066a214c2f5e87bad3c948f4d605d)
Start importing Assets/GamerExtremo/RIP/Electric Puzzles_1.5/res/4u.xml using Guid(ffec9cc2d128e3a4597f8c0788a303d7) Importer(2089858483,b0f066a214c2f5e87bad3c948f4d605d) (ScriptedImporter) -> (artifact id: 'bd7459f9094f279a2a9574400b7f2f13') in 0.0055624 seconds
Number of updated asset objects reloaded before import = 0Number of asset objects unloaded after import = 1

========================================================================
Received Import Request.
  Time since last request: 0.000022 seconds.
  path: Assets/GamerExtremo/res/aH.png
  artifactKey: Guid(d4f68960d8270984986de5e8df9ad552) Importer(2089858483,b0f066a214c2f5e87bad3c948f4d605d)
Start importing Assets/GamerExtremo/res/aH.png using Guid(d4f68960d8270984986de5e8df9ad552) Importer(2089858483,b0f066a214c2f5e87bad3c948f4d605d) (ScriptedImporter) -> (artifact id: '81792aaa4fb6bf7b9552fe792b8b174e') in 0.0153353 seconds
Number of updated asset objects reloaded before import = 0Number of asset objects unloaded after import = 3

========================================================================
Received Import Request.
  Time since last request: 0.000023 seconds.
  path: Assets/GamerExtremo/RIP/Electric Puzzles_1.5/res/ev.9.png
  artifactKey: Guid(acd84ff7f33322e4bb8ff50c53e615d3) Importer(2089858483,b0f066a214c2f5e87bad3c948f4d605d)
Start importing Assets/GamerExtremo/RIP/Electric Puzzles_1.5/res/ev.9.png using Guid(acd84ff7f33322e4bb8ff50c53e615d3) Importer(2089858483,b0f066a214c2f5e87bad3c948f4d605d) (ScriptedImporter) -> (artifact id: '4c48396d68034e6c8df59989a93f6641') in 0.0158822 seconds
Number of updated asset objects reloaded before import = 0Number of asset objects unloaded after import = 3

========================================================================
Received Import Request.
  Time since last request: 0.000023 seconds.
  path: Assets/GamerExtremo/Resources/Player/jump (2).png
  artifactKey: Guid(f51bf9cbc4bb62a4ba1d3d88f0aa846c) Importer(2089858483,b0f066a214c2f5e87bad3c948f4d605d)
Start importing Assets/GamerExtremo/Resources/Player/jump (2).png using Guid(f51bf9cbc4bb62a4ba1d3d88f0aa846c) Importer(2089858483,b0f066a214c2f5e87bad3c948f4d605d) (ScriptedImporter) -> (artifact id: 'a699acc1e88f9398be88cb643f76ed43') in 0.0164538 seconds
Number of updated asset objects reloaded before import = 0Number of asset objects unloaded after import = 3

========================================================================
Received Import Request.
  Time since last request: 0.000028 seconds.
  path: Assets/GamerExtremo/res/Su.9.png
  artifactKey: Guid(60e6e7e2560bc5f4390b188cf938f499) Importer(2089858483,b0f066a214c2f5e87bad3c948f4d605d)
Start importing Assets/GamerExtremo/res/Su.9.png using Guid(60e6e7e2560bc5f4390b188cf938f499) Importer(2089858483,b0f066a214c2f5e87bad3c948f4d605d) (ScriptedImporter) -> (artifact id: '5c437520a08e4f4b47f7ddb653de5d7e') in 0.0149122 seconds
Number of updated asset objects reloaded before import = 0Number of asset objects unloaded after import = 3

========================================================================
Received Import Request.
  Time since last request: 0.000037 seconds.
  path: Assets/GamerExtremo/RIP/Electric Puzzles_1.5/res/7g.png
  artifactKey: Guid(bd28c7880500e0146af7b7d34f13d2e3) Importer(2089858483,b0f066a214c2f5e87bad3c948f4d605d)
Start importing Assets/GamerExtremo/RIP/Electric Puzzles_1.5/res/7g.png using Guid(bd28c7880500e0146af7b7d34f13d2e3) Importer(2089858483,b0f066a214c2f5e87bad3c948f4d605d) (ScriptedImporter) -> (artifact id: 'f87fbc95f4090fc8e320597449e4a146') in 0.0141493 seconds
Number of updated asset objects reloaded before import = 0Number of asset objects unloaded after import = 3

========================================================================
Received Import Request.
  Time since last request: 0.000027 seconds.
  path: Assets/GamerExtremo/RIP/Electric Puzzles_1.5/res/LO.png
  artifactKey: Guid(d5ae45d8df7587042b5dca208da4b93c) Importer(2089858483,b0f066a214c2f5e87bad3c948f4d605d)
Start importing Assets/GamerExtremo/RIP/Electric Puzzles_1.5/res/LO.png using Guid(d5ae45d8df7587042b5dca208da4b93c) Importer(2089858483,b0f066a214c2f5e87bad3c948f4d605d) (ScriptedImporter) -> (artifact id: '02564434cd9c6308e9f446b8db12b10c') in 0.0160188 seconds
Number of updated asset objects reloaded before import = 0Number of asset objects unloaded after import = 3

========================================================================
Received Import Request.
  Time since last request: 0.000023 seconds.
  path: Assets/GamerExtremo/RIP/Electric Puzzles_1.5/res/rs.png
  artifactKey: Guid(508902e0d33684e45826175ab353d6a3) Importer(2089858483,b0f066a214c2f5e87bad3c948f4d605d)
Start importing Assets/GamerExtremo/RIP/Electric Puzzles_1.5/res/rs.png using Guid(508902e0d33684e45826175ab353d6a3) Importer(2089858483,b0f066a214c2f5e87bad3c948f4d605d) (ScriptedImporter) -> (artifact id: 'a6b913e559b808eb422817fea1256a05') in 0.0182235 seconds
Number of updated asset objects reloaded before import = 0Number of asset objects unloaded after import = 3

========================================================================
Received Import Request.
  Time since last request: 0.000023 seconds.
  path: Assets/GamerExtremo/RIP/Electric Puzzles_1.5/FIOS/branco/yH.9.png
  artifactKey: Guid(5ed033818aa42df44ab74c7abad134f0) Importer(2089858483,b0f066a214c2f5e87bad3c948f4d605d)
Start importing Assets/GamerExtremo/RIP/Electric Puzzles_1.5/FIOS/branco/yH.9.png using Guid(5ed033818aa42df44ab74c7abad134f0) Importer(2089858483,b0f066a214c2f5e87bad3c948f4d605d) (ScriptedImporter) -> (artifact id: 'df2520b4aba2e6d57c5123dbc6ead284') in 0.0150072 seconds
Number of updated asset objects reloaded before import = 0Number of asset objects unloaded after import = 3

========================================================================
Received Import Request.
  Time since last request: 0.000022 seconds.
  path: Assets/GamerExtremo/RIP/Electric Puzzles_1.5/res/Wh.png
  artifactKey: Guid(ec900dcde08e6f545ac3f781fef0e673) Importer(2089858483,b0f066a214c2f5e87bad3c948f4d605d)
Start importing Assets/GamerExtremo/RIP/Electric Puzzles_1.5/res/Wh.png using Guid(ec900dcde08e6f545ac3f781fef0e673) Importer(2089858483,b0f066a214c2f5e87bad3c948f4d605d) (ScriptedImporter) -> (artifact id: '0e3a08b510a8f5f55048deeda9c20d1b') in 0.0136276 seconds
Number of updated asset objects reloaded before import = 0Number of asset objects unloaded after import = 3

========================================================================
Received Import Request.
  Time since last request: 0.000024 seconds.
  path: Assets/GamerExtremo/RIP/Electric Puzzles_1.5/res/bt.xml
  artifactKey: Guid(f9f992e2981d72a4eb0cde02eb68ab88) Importer(2089858483,b0f066a214c2f5e87bad3c948f4d605d)
Start importing Assets/GamerExtremo/RIP/Electric Puzzles_1.5/res/bt.xml using Guid(f9f992e2981d72a4eb0cde02eb68ab88) Importer(2089858483,b0f066a214c2f5e87bad3c948f4d605d) (ScriptedImporter) -> (artifact id: '7d828b12324ea9c49fa44d705a94d8ee') in 0.00536 seconds
Number of updated asset objects reloaded before import = 0Number of asset objects unloaded after import = 1

========================================================================
Received Import Request.
  Time since last request: 0.000080 seconds.
  path: Assets/GamerExtremo/RIP/Electric Puzzles_1.5/res/Ck.png
  artifactKey: Guid(c95412e2ad424004d99979db55bd58aa) Importer(2089858483,b0f066a214c2f5e87bad3c948f4d605d)
Start importing Assets/GamerExtremo/RIP/Electric Puzzles_1.5/res/Ck.png using Guid(c95412e2ad424004d99979db55bd58aa) Importer(2089858483,b0f066a214c2f5e87bad3c948f4d605d) (ScriptedImporter) -> (artifact id: '5078f440f223e20f4a8db94ec4172b23') in 0.0141089 seconds
Number of updated asset objects reloaded before import = 0Number of asset objects unloaded after import = 3

========================================================================
Received Import Request.
  Time since last request: 0.000026 seconds.
  path: Assets/GamerExtremo/RIP/Electric Puzzles_1.5/res/4Z.png
  artifactKey: Guid(2d632c1618615b942959e2f8773b9b60) Importer(2089858483,b0f066a214c2f5e87bad3c948f4d605d)
Start importing Assets/GamerExtremo/RIP/Electric Puzzles_1.5/res/4Z.png using Guid(2d632c1618615b942959e2f8773b9b60) Importer(2089858483,b0f066a214c2f5e87bad3c948f4d605d) (ScriptedImporter) -> (artifact id: '5286c52870e3616142690fb91e324af3') in 0.0147864 seconds
Number of updated asset objects reloaded before import = 0Number of asset objects unloaded after import = 3

========================================================================
Received Import Request.
  Time since last request: 0.000024 seconds.
  path: Assets/GamerExtremo/Resources/Player/defend (1).png
  artifactKey: Guid(3d10f436c9a21a54daa59792e07dced0) Importer(2089858483,b0f066a214c2f5e87bad3c948f4d605d)
Start importing Assets/GamerExtremo/Resources/Player/defend (1).png using Guid(3d10f436c9a21a54daa59792e07dced0) Importer(2089858483,b0f066a214c2f5e87bad3c948f4d605d) (ScriptedImporter) -> (artifact id: 'fa13fa187f71fec21d6be431d752be15') in 0.0104556 seconds
Number of updated asset objects reloaded before import = 0Number of asset objects unloaded after import = 3

========================================================================
Received Import Request.
  Time since last request: 0.000023 seconds.
  path: Assets/GamerExtremo/RIP/Electric Puzzles_1.5/✅ New Folder/SETUP
  artifactKey: Guid(0361121c008dab84da78057c7d0d047d) Importer(2089858483,b0f066a214c2f5e87bad3c948f4d605d)
Start importing Assets/GamerExtremo/RIP/Electric Puzzles_1.5/✅ New Folder/SETUP using Guid(0361121c008dab84da78057c7d0d047d) Importer(2089858483,b0f066a214c2f5e87bad3c948f4d605d) (ScriptedImporter) -> (artifact id: 'f3edfe29498db9493bdb5211dd99f886') in 0.0054629 seconds
Number of updated asset objects reloaded before import = 0Number of asset objects unloaded after import = 1

========================================================================
Received Import Request.
  Time since last request: 0.000138 seconds.
  path: Assets/GamerExtremo/RIP/Electric Puzzles_1.5/✅ New Folder/XML/VM.xml
  artifactKey: Guid(9140ef98253036144bddde69b1bd30a3) Importer(2089858483,b0f066a214c2f5e87bad3c948f4d605d)
Start importing Assets/GamerExtremo/RIP/Electric Puzzles_1.5/✅ New Folder/XML/VM.xml using Guid(9140ef98253036144bddde69b1bd30a3) Importer(2089858483,b0f066a214c2f5e87bad3c948f4d605d) (ScriptedImporter) -> (artifact id: 'be382494e6cf670e8ed121499ee38e6a') in 0.0052734 seconds
Number of updated asset objects reloaded before import = 0Number of asset objects unloaded after import = 1

========================================================================
Received Import Request.
  Time since last request: 0.000195 seconds.
  path: Assets/GamerExtremo/RIP/Electric Puzzles_1.5/res/4D.png
  artifactKey: Guid(3726c77e84172d54a9c10210352eaab1) Importer(2089858483,b0f066a214c2f5e87bad3c948f4d605d)
Start importing Assets/GamerExtremo/RIP/Electric Puzzles_1.5/res/4D.png using Guid(3726c77e84172d54a9c10210352eaab1) Importer(2089858483,b0f066a214c2f5e87bad3c948f4d605d) (ScriptedImporter) -> (artifact id: 'c3124267b36735a727a56edaee397ffd') in 0.0113953 seconds
Number of updated asset objects reloaded before import = 0Number of asset objects unloaded after import = 3

========================================================================
Received Import Request.
  Time since last request: 0.000067 seconds.
  path: Assets/GamerExtremo/Resources/Sounds/Coin.mp3
  artifactKey: Guid(ae5b212918180c54a92ec2ce749b92c1) Importer(2089858483,b0f066a214c2f5e87bad3c948f4d605d)
Start importing Assets/GamerExtremo/Resources/Sounds/Coin.mp3 using Guid(ae5b212918180c54a92ec2ce749b92c1) Importer(2089858483,b0f066a214c2f5e87bad3c948f4d605d) (ScriptedImporter) -> (artifact id: '7e191ec8285ea08ed2ce0ed714fce32f') in 0.0419328 seconds
Number of updated asset objects reloaded before import = 0Number of asset objects unloaded after import = 1

========================================================================
Received Import Request.
  Time since last request: 0.000049 seconds.
  path: Assets/GamerExtremo/RIP/Electric Puzzles_1.5/✅ New Folder/XML/y-.xml
  artifactKey: Guid(b0726613463144745b1d27cbf87bcecb) Importer(2089858483,b0f066a214c2f5e87bad3c948f4d605d)
Start importing Assets/GamerExtremo/RIP/Electric Puzzles_1.5/✅ New Folder/XML/y-.xml using Guid(b0726613463144745b1d27cbf87bcecb) Importer(2089858483,b0f066a214c2f5e87bad3c948f4d605d) (ScriptedImporter) -> (artifact id: 'cab79e1361de6cd0b15e40b88a04a082') in 0.0064829 seconds
Number of updated asset objects reloaded before import = 0Number of asset objects unloaded after import = 1

========================================================================
Received Import Request.
  Time since last request: 0.000170 seconds.
  path: Assets/GamerExtremo/res/xC.png
  artifactKey: Guid(9347e393a6718494cbf17febc71b9fe3) Importer(2089858483,b0f066a214c2f5e87bad3c948f4d605d)
Start importing Assets/GamerExtremo/res/xC.png using Guid(9347e393a6718494cbf17febc71b9fe3) Importer(2089858483,b0f066a214c2f5e87bad3c948f4d605d) (ScriptedImporter) -> (artifact id: '1c3e5e13d33cb7d2b262f145ad6f848b') in 0.0100413 seconds
Number of updated asset objects reloaded before import = 0Number of asset objects unloaded after import = 3

========================================================================
Received Import Request.
  Time since last request: 0.000025 seconds.
  path: Assets/GamerExtremo/res/color/abc_background_cache_hint_selector_material_dark.xml
  artifactKey: Guid(0f1124cb127a5ef4195ba959b7867108) Importer(2089858483,b0f066a214c2f5e87bad3c948f4d605d)
Start importing Assets/GamerExtremo/res/color/abc_background_cache_hint_selector_material_dark.xml using Guid(0f1124cb127a5ef4195ba959b7867108) Importer(2089858483,b0f066a214c2f5e87bad3c948f4d605d) (ScriptedImporter) -> (artifact id: '1a39f2ba52f238859113c9ed6d68d436') in 0.0063882 seconds
Number of updated asset objects reloaded before import = 0Number of asset objects unloaded after import = 1

========================================================================
Received Import Request.
  Time since last request: 0.000221 seconds.
  path: Assets/GamerExtremo/Resources/Indicators/indicator_01.png
  artifactKey: Guid(0a83416efbbb56b4c941afa8a9397233) Importer(2089858483,b0f066a214c2f5e87bad3c948f4d605d)
Start importing Assets/GamerExtremo/Resources/Indicators/indicator_01.png using Guid(0a83416efbbb56b4c941afa8a9397233) Importer(2089858483,b0f066a214c2f5e87bad3c948f4d605d) (ScriptedImporter) -> (artifact id: 'b5700d5eb388edda174b92518f230cba') in 0.0142521 seconds
Number of updated asset objects reloaded before import = 0Number of asset objects unloaded after import = 3

========================================================================
Received Import Request.
  Time since last request: 0.000025 seconds.
  path: Assets/GamerExtremo/RIP/Electric Puzzles_1.5/SQUARE/cinza/0x.9.png
  artifactKey: Guid(27906a1c92f7674409b2df5773754cbc) Importer(2089858483,b0f066a214c2f5e87bad3c948f4d605d)
Start importing Assets/GamerExtremo/RIP/Electric Puzzles_1.5/SQUARE/cinza/0x.9.png using Guid(27906a1c92f7674409b2df5773754cbc) Importer(2089858483,b0f066a214c2f5e87bad3c948f4d605d) (ScriptedImporter) -> (artifact id: '6f9f1a6a1df0b8bc547f8994b7bfd235') in 0.0107166 seconds
Number of updated asset objects reloaded before import = 0Number of asset objects unloaded after import = 3

========================================================================
Received Import Request.
  Time since last request: 0.000029 seconds.
  path: Assets/GamerExtremo/RIP/Electric Puzzles_1.5/SQUARE/retangulo azul branco/ZL.9.png
  artifactKey: Guid(f27ba6d47acae084399a475472e708fa) Importer(2089858483,b0f066a214c2f5e87bad3c948f4d605d)
Start importing Assets/GamerExtremo/RIP/Electric Puzzles_1.5/SQUARE/retangulo azul branco/ZL.9.png using Guid(f27ba6d47acae084399a475472e708fa) Importer(2089858483,b0f066a214c2f5e87bad3c948f4d605d) (ScriptedImporter) -> (artifact id: '590f9756cace355a1e1e5ad0a5a963af') in 0.0161177 seconds
Number of updated asset objects reloaded before import = 0Number of asset objects unloaded after import = 3

========================================================================
Received Import Request.
  Time since last request: 0.000019 seconds.
  path: Assets/GamerExtremo/res/SV.9.png
  artifactKey: Guid(eac153fe8492e2243b9d5e43684bde75) Importer(2089858483,b0f066a214c2f5e87bad3c948f4d605d)
Start importing Assets/GamerExtremo/res/SV.9.png using Guid(eac153fe8492e2243b9d5e43684bde75) Importer(2089858483,b0f066a214c2f5e87bad3c948f4d605d) (ScriptedImporter) -> (artifact id: '81a8c1e455b41de7715acbcd7d23036a') in 0.0116493 seconds
Number of updated asset objects reloaded before import = 0Number of asset objects unloaded after import = 3

========================================================================
Received Import Request.
  Time since last request: 0.000021 seconds.
  path: Assets/GamerExtremo/RIP/Electric Puzzles_1.5/FIOS/resistor/down/VR.png
  artifactKey: Guid(e6018a07c2f2a2549a25f681656ef0e5) Importer(2089858483,b0f066a214c2f5e87bad3c948f4d605d)
Start importing Assets/GamerExtremo/RIP/Electric Puzzles_1.5/FIOS/resistor/down/VR.png using Guid(e6018a07c2f2a2549a25f681656ef0e5) Importer(2089858483,b0f066a214c2f5e87bad3c948f4d605d) (ScriptedImporter) -> (artifact id: 'baa3f13cc9dae2431050ba03136a3f54') in 0.0093101 seconds
Number of updated asset objects reloaded before import = 0Number of asset objects unloaded after import = 3

========================================================================
Received Import Request.
  Time since last request: 0.000024 seconds.
  path: Assets/GamerExtremo/RIP/Electric Puzzles_1.5/✅ New Folder/PHONE/1/aU.png
  artifactKey: Guid(753e46624d10db44fb6ec02f5fc9e911) Importer(2089858483,b0f066a214c2f5e87bad3c948f4d605d)
Start importing Assets/GamerExtremo/RIP/Electric Puzzles_1.5/✅ New Folder/PHONE/1/aU.png using Guid(753e46624d10db44fb6ec02f5fc9e911) Importer(2089858483,b0f066a214c2f5e87bad3c948f4d605d) (ScriptedImporter) -> (artifact id: 'fdae148869fbeef7567a43a113ec6cc6') in 0.0097067 seconds
Number of updated asset objects reloaded before import = 0Number of asset objects unloaded after import = 3

========================================================================
Received Import Request.
  Time since last request: 0.000036 seconds.
  path: Assets/GamerExtremo/Resources/Sounds/ButtonHover.wav
  artifactKey: Guid(2169ee8b5eb7d3348b9589d45e181dab) Importer(2089858483,b0f066a214c2f5e87bad3c948f4d605d)
Start importing Assets/GamerExtremo/Resources/Sounds/ButtonHover.wav using Guid(2169ee8b5eb7d3348b9589d45e181dab) Importer(2089858483,b0f066a214c2f5e87bad3c948f4d605d) (ScriptedImporter) -> (artifact id: '1c89c663b717e1e2a37614229b238a4a') in 0.0262151 seconds
Number of updated asset objects reloaded before import = 0Number of asset objects unloaded after import = 1

========================================================================
Received Import Request.
  Time since last request: 0.000022 seconds.
  path: Assets/GamerExtremo
  artifactKey: Guid(473ac469168be8e42a4a730a09c0d662) Importer(2089858483,b0f066a214c2f5e87bad3c948f4d605d)
Start importing Assets/GamerExtremo using Guid(473ac469168be8e42a4a730a09c0d662) Importer(2089858483,b0f066a214c2f5e87bad3c948f4d605d) (ScriptedImporter) -> (artifact id: '6841268786dd32a1055802f39057f894') in 0.0032862 seconds
Number of updated asset objects reloaded before import = 0Number of asset objects unloaded after import = 1

========================================================================
Received Import Request.
  Time since last request: 0.000099 seconds.
  path: Assets/GamerExtremo/res/LO.png
  artifactKey: Guid(7432223440b1dcf4dada7b0a55803ce8) Importer(2089858483,b0f066a214c2f5e87bad3c948f4d605d)
Start importing Assets/GamerExtremo/res/LO.png using Guid(7432223440b1dcf4dada7b0a55803ce8) Importer(2089858483,b0f066a214c2f5e87bad3c948f4d605d) (ScriptedImporter) -> (artifact id: '213de98c562a3c81455e66ef1e04f252') in 0.0117865 seconds
Number of updated asset objects reloaded before import = 0Number of asset objects unloaded after import = 3

========================================================================
Received Import Request.
  Time since last request: 0.000020 seconds.
  path: Assets/GamerExtremo/RIP/Electric Puzzles_1.5/FIOS/retangulo horizontal/62.9.png
  artifactKey: Guid(3c272f36f83817a4a949b7e3398dd9cc) Importer(2089858483,b0f066a214c2f5e87bad3c948f4d605d)
Start importing Assets/GamerExtremo/RIP/Electric Puzzles_1.5/FIOS/retangulo horizontal/62.9.png using Guid(3c272f36f83817a4a949b7e3398dd9cc) Importer(2089858483,b0f066a214c2f5e87bad3c948f4d605d) (ScriptedImporter) -> (artifact id: '76abd6f91fdb67ce0a7d960934553807') in 0.012788 seconds
Number of updated asset objects reloaded before import = 0Number of asset objects unloaded after import = 3

========================================================================
Received Import Request.
  Time since last request: 0.000021 seconds.
  path: Assets/GamerExtremo/res/uL.9.png
  artifactKey: Guid(1b8a074b455915f4fb2830d68845742d) Importer(2089858483,b0f066a214c2f5e87bad3c948f4d605d)
Start importing Assets/GamerExtremo/res/uL.9.png using Guid(1b8a074b455915f4fb2830d68845742d) Importer(2089858483,b0f066a214c2f5e87bad3c948f4d605d) (ScriptedImporter) -> (artifact id: 'd50841b4736d2b358bc192529e237c11') in 0.0140875 seconds
Number of updated asset objects reloaded before import = 0Number of asset objects unloaded after import = 3

========================================================================
Received Import Request.
  Time since last request: 0.000027 seconds.
  path: Assets/GamerExtremo/RIP/Electric Puzzles_1.5/res/be.png
  artifactKey: Guid(d8864dda84525624ca490b2bc87892a7) Importer(2089858483,b0f066a214c2f5e87bad3c948f4d605d)
Start importing Assets/GamerExtremo/RIP/Electric Puzzles_1.5/res/be.png using Guid(d8864dda84525624ca490b2bc87892a7) Importer(2089858483,b0f066a214c2f5e87bad3c948f4d605d) (ScriptedImporter) -> (artifact id: '91909787db7917ae1e1c119be8dfb6ff') in 0.0163692 seconds
Number of updated asset objects reloaded before import = 0Number of asset objects unloaded after import = 3

========================================================================
Received Import Request.
  Time since last request: 0.000043 seconds.
  path: Assets/GamerExtremo/res/tw.png
  artifactKey: Guid(888fa7894e4cd2d44a5ca553cc3efd6c) Importer(2089858483,b0f066a214c2f5e87bad3c948f4d605d)
Start importing Assets/GamerExtremo/res/tw.png using Guid(888fa7894e4cd2d44a5ca553cc3efd6c) Importer(2089858483,b0f066a214c2f5e87bad3c948f4d605d) (ScriptedImporter) -> (artifact id: '1c9b2c4e6a7fee13fb468c4a1a5e8918') in 0.0110776 seconds
Number of updated asset objects reloaded before import = 0Number of asset objects unloaded after import = 3

========================================================================
Received Import Request.
  Time since last request: 0.000023 seconds.
  path: Assets/GamerExtremo/RIP/Electric Puzzles_1.5/res/it.png
  artifactKey: Guid(b4e15ca9e252a68448fe472993db4e71) Importer(2089858483,b0f066a214c2f5e87bad3c948f4d605d)
Start importing Assets/GamerExtremo/RIP/Electric Puzzles_1.5/res/it.png using Guid(b4e15ca9e252a68448fe472993db4e71) Importer(2089858483,b0f066a214c2f5e87bad3c948f4d605d) (ScriptedImporter) -> (artifact id: '581f2351144126004c204cc68aba10e1') in 0.0099046 seconds
Number of updated asset objects reloaded before import = 0Number of asset objects unloaded after import = 3

========================================================================
Received Import Request.
  Time since last request: 0.000021 seconds.
  path: Assets/GamerExtremo/RIP/Electric Puzzles_1.5/FIOS/esquema/Gd.png
  artifactKey: Guid(d3419dc5f442de54e9572b946ccae07c) Importer(2089858483,b0f066a214c2f5e87bad3c948f4d605d)
Start importing Assets/GamerExtremo/RIP/Electric Puzzles_1.5/FIOS/esquema/Gd.png using Guid(d3419dc5f442de54e9572b946ccae07c) Importer(2089858483,b0f066a214c2f5e87bad3c948f4d605d) (ScriptedImporter) -> (artifact id: '59a1efa62ed1b8c48fc4ddb33842a872') in 0.0081996 seconds
Number of updated asset objects reloaded before import = 0Number of asset objects unloaded after import = 3

========================================================================
Received Import Request.
  Time since last request: 0.000029 seconds.
  path: Assets/GamerExtremo/RIP/Electric Puzzles_1.5/✅ New Folder/PLAY/4D.png
  artifactKey: Guid(6b58bf2169f657f4986e54796b453e1e) Importer(2089858483,b0f066a214c2f5e87bad3c948f4d605d)
Start importing Assets/GamerExtremo/RIP/Electric Puzzles_1.5/✅ New Folder/PLAY/4D.png using Guid(6b58bf2169f657f4986e54796b453e1e) Importer(2089858483,b0f066a214c2f5e87bad3c948f4d605d) (ScriptedImporter) -> (artifact id: '103fa4feeee13df3735d22b76d26ae84') in 0.0080914 seconds
Number of updated asset objects reloaded before import = 0Number of asset objects unloaded after import = 3

========================================================================
Received Import Request.
  Time since last request: 0.000023 seconds.
  path: Assets/GamerExtremo/RIP/Electric Puzzles_1.5/res/cr.xml
  artifactKey: Guid(bd3dabd769d598b4088ca54aa990f5b0) Importer(2089858483,b0f066a214c2f5e87bad3c948f4d605d)
Start importing Assets/GamerExtremo/RIP/Electric Puzzles_1.5/res/cr.xml using Guid(bd3dabd769d598b4088ca54aa990f5b0) Importer(2089858483,b0f066a214c2f5e87bad3c948f4d605d) (ScriptedImporter) -> (artifact id: '678404a61bca9a1b76d2518d23864521') in 0.0038133 seconds
Number of updated asset objects reloaded before import = 0Number of asset objects unloaded after import = 1

========================================================================
Received Import Request.
  Time since last request: 0.000182 seconds.
  path: Assets/GamerExtremo/RIP/Electric Puzzles_1.5/Pictures/gateslevel17.png
  artifactKey: Guid(dee82514c47990545a6607f99644b54c) Importer(2089858483,b0f066a214c2f5e87bad3c948f4d605d)
Start importing Assets/GamerExtremo/RIP/Electric Puzzles_1.5/Pictures/gateslevel17.png using Guid(dee82514c47990545a6607f99644b54c) Importer(2089858483,b0f066a214c2f5e87bad3c948f4d605d) (ScriptedImporter) -> (artifact id: '74cce6811d345e1d7ec8083fac386b4f') in 0.0127136 seconds
Number of updated asset objects reloaded before import = 0Number of asset objects unloaded after import = 3

========================================================================
Received Import Request.
  Time since last request: 0.000019 seconds.
  path: Assets/GamerExtremo/res/8b.png
  artifactKey: Guid(a604b2f8ad80f134aad8440878c22679) Importer(2089858483,b0f066a214c2f5e87bad3c948f4d605d)
Start importing Assets/GamerExtremo/res/8b.png using Guid(a604b2f8ad80f134aad8440878c22679) Importer(2089858483,b0f066a214c2f5e87bad3c948f4d605d) (ScriptedImporter) -> (artifact id: '8281934492835928998d56ce8d0a9ec1') in 0.0087794 seconds
Number of updated asset objects reloaded before import = 0Number of asset objects unloaded after import = 3

========================================================================
Received Import Request.
  Time since last request: 0.000073 seconds.
  path: Assets/GamerExtremo/RIP/Electric Puzzles_1.5/res/AE.png
  artifactKey: Guid(dbe86f9250b7884408a9b8ce6cd49b19) Importer(2089858483,b0f066a214c2f5e87bad3c948f4d605d)
Start importing Assets/GamerExtremo/RIP/Electric Puzzles_1.5/res/AE.png using Guid(dbe86f9250b7884408a9b8ce6cd49b19) Importer(2089858483,b0f066a214c2f5e87bad3c948f4d605d) (ScriptedImporter) -> (artifact id: 'd7ae99554c4d541262b0a7d452769b79') in 0.0082741 seconds
Number of updated asset objects reloaded before import = 0Number of asset objects unloaded after import = 3

========================================================================
Received Import Request.
  Time since last request: 0.000017 seconds.
  path: Assets/GamerExtremo/res/ke.png
  artifactKey: Guid(e7c97eaed4c51404e896a5b9371f0d83) Importer(2089858483,b0f066a214c2f5e87bad3c948f4d605d)
Start importing Assets/GamerExtremo/res/ke.png using Guid(e7c97eaed4c51404e896a5b9371f0d83) Importer(2089858483,b0f066a214c2f5e87bad3c948f4d605d) (ScriptedImporter) -> (artifact id: 'e402ae1697d8ba38b6679709d7509cba') in 0.0092051 seconds
Number of updated asset objects reloaded before import = 0Number of asset objects unloaded after import = 3

========================================================================
Received Import Request.
  Time since last request: 0.000020 seconds.
  path: Assets/GamerExtremo/RIP/Electric Puzzles_1.5/SQUARE/Square Branco/ej.9.png
  artifactKey: Guid(412def6b93120794892df1c5d97ce815) Importer(2089858483,b0f066a214c2f5e87bad3c948f4d605d)
Start importing Assets/GamerExtremo/RIP/Electric Puzzles_1.5/SQUARE/Square Branco/ej.9.png using Guid(412def6b93120794892df1c5d97ce815) Importer(2089858483,b0f066a214c2f5e87bad3c948f4d605d) (ScriptedImporter) -> (artifact id: 'f3691440dbe740c94dd34013f1a24080') in 0.0095511 seconds
Number of updated asset objects reloaded before import = 0Number of asset objects unloaded after import = 3

========================================================================
Received Import Request.
  Time since last request: 0.000018 seconds.
  path: Assets/GamerExtremo/Resources/Enemy2/skeleton_2_attack (2).png
  artifactKey: Guid(bf217a19bc61cce4ea7957dd8a53e843) Importer(2089858483,b0f066a214c2f5e87bad3c948f4d605d)
Start importing Assets/GamerExtremo/Resources/Enemy2/skeleton_2_attack (2).png using Guid(bf217a19bc61cce4ea7957dd8a53e843) Importer(2089858483,b0f066a214c2f5e87bad3c948f4d605d) (ScriptedImporter) -> (artifact id: '297a04c9e806d7430d5d935f86cdbabe') in 0.0087108 seconds
Number of updated asset objects reloaded before import = 0Number of asset objects unloaded after import = 3

========================================================================
Received Import Request.
  Time since last request: 0.000036 seconds.
  path: Assets/GamerExtremo/res/color/switch_thumb_material_dark.xml
  artifactKey: Guid(79ef187842bd01249a52076f9eeced93) Importer(2089858483,b0f066a214c2f5e87bad3c948f4d605d)
Start importing Assets/GamerExtremo/res/color/switch_thumb_material_dark.xml using Guid(79ef187842bd01249a52076f9eeced93) Importer(2089858483,b0f066a214c2f5e87bad3c948f4d605d) (ScriptedImporter) -> (artifact id: 'd02e2fb2bf7a34df60dd646208977cd4') in 0.0043211 seconds
Number of updated asset objects reloaded before import = 0Number of asset objects unloaded after import = 1

========================================================================
Received Import Request.
  Time since last request: 0.000185 seconds.
  path: Assets/GamerExtremo/Resources/Player/idle (4).png
  artifactKey: Guid(ff87c22212fb2404faf7cfdd09ea1d55) Importer(2089858483,b0f066a214c2f5e87bad3c948f4d605d)
Start importing Assets/GamerExtremo/Resources/Player/idle (4).png using Guid(ff87c22212fb2404faf7cfdd09ea1d55) Importer(2089858483,b0f066a214c2f5e87bad3c948f4d605d) (ScriptedImporter) -> (artifact id: '2e53b1a1f0fe14f451fc6924a916b58b') in 0.009226 seconds
Number of updated asset objects reloaded before import = 0Number of asset objects unloaded after import = 3

========================================================================
Received Import Request.
  Time since last request: 0.000034 seconds.
  path: Assets/GamerExtremo/RIP/Electric Puzzles_1.5/✅ New Folder/EYES/E/28.png
  artifactKey: Guid(5a48c35c8cd24634d93ce93bdfa3ed3c) Importer(2089858483,b0f066a214c2f5e87bad3c948f4d605d)
Start importing Assets/GamerExtremo/RIP/Electric Puzzles_1.5/✅ New Folder/EYES/E/28.png using Guid(5a48c35c8cd24634d93ce93bdfa3ed3c) Importer(2089858483,b0f066a214c2f5e87bad3c948f4d605d) (ScriptedImporter) -> (artifact id: '66fda83d99419c9ca842b9f272871d14') in 0.0089005 seconds
Number of updated asset objects reloaded before import = 0Number of asset objects unloaded after import = 3

========================================================================
Received Import Request.
  Time since last request: 0.000020 seconds.
  path: Assets/GamerExtremo/RIP/Electric Puzzles_1.5/✅ New Folder/XML/9s.xml
  artifactKey: Guid(38f80bf387291c84a88476701674cb44) Importer(2089858483,b0f066a214c2f5e87bad3c948f4d605d)
Start importing Assets/GamerExtremo/RIP/Electric Puzzles_1.5/✅ New Folder/XML/9s.xml using Guid(38f80bf387291c84a88476701674cb44) Importer(2089858483,b0f066a214c2f5e87bad3c948f4d605d) (ScriptedImporter) -> (artifact id: '1952b2921f06b1b1ff45339b2a32107d') in 0.0035778 seconds
Number of updated asset objects reloaded before import = 0Number of asset objects unloaded after import = 1

========================================================================
Received Import Request.
  Time since last request: 0.000080 seconds.
  path: Assets/GamerExtremo/Resources/Player/walk (10).png
  artifactKey: Guid(29db66b0ee333d642a0286e00b513a91) Importer(2089858483,b0f066a214c2f5e87bad3c948f4d605d)
Start importing Assets/GamerExtremo/Resources/Player/walk (10).png using Guid(29db66b0ee333d642a0286e00b513a91) Importer(2089858483,b0f066a214c2f5e87bad3c948f4d605d) (ScriptedImporter) -> (artifact id: 'e9dd3e7ccfb8c15e3019815e3ddd63f9') in 0.0083781 seconds
Number of updated asset objects reloaded before import = 0Number of asset objects unloaded after import = 3

========================================================================
Received Import Request.
  Time since last request: 0.000098 seconds.
  path: Assets/GamerExtremo/RIP/Electric Puzzles_1.5/res/EZ.xml
  artifactKey: Guid(4c4c874d66a59e249b9f6b1cdce7fb95) Importer(2089858483,b0f066a214c2f5e87bad3c948f4d605d)
Start importing Assets/GamerExtremo/RIP/Electric Puzzles_1.5/res/EZ.xml using Guid(4c4c874d66a59e249b9f6b1cdce7fb95) Importer(2089858483,b0f066a214c2f5e87bad3c948f4d605d) (ScriptedImporter) -> (artifact id: 'f52951902f2867a407ed815b2904e542') in 0.0042162 seconds
Number of updated asset objects reloaded before import = 0Number of asset objects unloaded after import = 1

========================================================================
Received Import Request.
  Time since last request: 0.000033 seconds.
  path: Assets/GamerExtremo/RIP/Electric Puzzles_1.5/res/Ke.xml
  artifactKey: Guid(f4d6ce99dc2490d4b931052828b9030a) Importer(2089858483,b0f066a214c2f5e87bad3c948f4d605d)
Start importing Assets/GamerExtremo/RIP/Electric Puzzles_1.5/res/Ke.xml using Guid(f4d6ce99dc2490d4b931052828b9030a) Importer(2089858483,b0f066a214c2f5e87bad3c948f4d605d) (ScriptedImporter) -> (artifact id: '43d595573ac5dd594a2b7ae56b4c2723') in 0.0035531 seconds
Number of updated asset objects reloaded before import = 0Number of asset objects unloaded after import = 1

========================================================================
Received Import Request.
  Time since last request: 0.000165 seconds.
  path: Assets/GamerExtremo/RIP/Electric Puzzles_1.5/✅ New Folder/XML/aM.xml
  artifactKey: Guid(e0dffbbb299fc2d41ab7f5f2300deb79) Importer(2089858483,b0f066a214c2f5e87bad3c948f4d605d)
Start importing Assets/GamerExtremo/RIP/Electric Puzzles_1.5/✅ New Folder/XML/aM.xml using Guid(e0dffbbb299fc2d41ab7f5f2300deb79) Importer(2089858483,b0f066a214c2f5e87bad3c948f4d605d) (ScriptedImporter) -> (artifact id: '07b9ab79a49438c10bd2a6e886ac10f7') in 0.0042408 seconds
Number of updated asset objects reloaded before import = 0Number of asset objects unloaded after import = 1

========================================================================
Received Import Request.
  Time since last request: 0.000095 seconds.
  path: Assets/GamerExtremo/Pictures/block.png
  artifactKey: Guid(66c11532db3d2fc4a926c1814df24cd4) Importer(2089858483,b0f066a214c2f5e87bad3c948f4d605d)
Start importing Assets/GamerExtremo/Pictures/block.png using Guid(66c11532db3d2fc4a926c1814df24cd4) Importer(2089858483,b0f066a214c2f5e87bad3c948f4d605d) (ScriptedImporter) -> (artifact id: '635c02d60881df47a24dc51f8ef2be78') in 0.0106573 seconds
Number of updated asset objects reloaded before import = 0Number of asset objects unloaded after import = 3

========================================================================
Received Import Request.
  Time since last request: 0.000023 seconds.
  path: Assets/GamerExtremo/res/63.png
  artifactKey: Guid(16f4e2c7c41305f46af6fcaa6aa242c9) Importer(2089858483,b0f066a214c2f5e87bad3c948f4d605d)
Start importing Assets/GamerExtremo/res/63.png using Guid(16f4e2c7c41305f46af6fcaa6aa242c9) Importer(2089858483,b0f066a214c2f5e87bad3c948f4d605d) (ScriptedImporter) -> (artifact id: '11869405426c5afc8c3e3a43b159e3da') in 0.0085401 seconds
Number of updated asset objects reloaded before import = 0Number of asset objects unloaded after import = 3

========================================================================
Received Import Request.
  Time since last request: 0.000019 seconds.
  path: Assets/GamerExtremo/res/vC.png
  artifactKey: Guid(219a9f32cd20ff44b9851acf03ecdb4c) Importer(2089858483,b0f066a214c2f5e87bad3c948f4d605d)
Start importing Assets/GamerExtremo/res/vC.png using Guid(219a9f32cd20ff44b9851acf03ecdb4c) Importer(2089858483,b0f066a214c2f5e87bad3c948f4d605d) (ScriptedImporter) -> (artifact id: '6e2f5a1b02baa12dbc62fd94eb0c5899') in 0.0076345 seconds
Number of updated asset objects reloaded before import = 0Number of asset objects unloaded after import = 3

========================================================================
Received Import Request.
  Time since last request: 0.000017 seconds.
  path: Assets/GamerExtremo/RIP/Electric Puzzles_1.5/✅ New Folder/BULB/ke.png
  artifactKey: Guid(44f2ca2ec7677a84fb12cc58e066bf2f) Importer(2089858483,b0f066a214c2f5e87bad3c948f4d605d)
Start importing Assets/GamerExtremo/RIP/Electric Puzzles_1.5/✅ New Folder/BULB/ke.png using Guid(44f2ca2ec7677a84fb12cc58e066bf2f) Importer(2089858483,b0f066a214c2f5e87bad3c948f4d605d) (ScriptedImporter) -> (artifact id: '0ea349bc61218040dae90fbf2f9d8ffa') in 0.0082737 seconds
Number of updated asset objects reloaded before import = 0Number of asset objects unloaded after import = 3

========================================================================
Received Import Request.
  Time since last request: 0.000020 seconds.
  path: Assets/GamerExtremo/RIP/Electric Puzzles_1.5/res/kG.png
  artifactKey: Guid(77cd4fd2e54df0c49869df26a1fc1b39) Importer(2089858483,b0f066a214c2f5e87bad3c948f4d605d)
Start importing Assets/GamerExtremo/RIP/Electric Puzzles_1.5/res/kG.png using Guid(77cd4fd2e54df0c49869df26a1fc1b39) Importer(2089858483,b0f066a214c2f5e87bad3c948f4d605d) (ScriptedImporter) -> (artifact id: '8c33bce29ce8d3c619bdda0f4630282e') in 0.0089395 seconds
Number of updated asset objects reloaded before import = 0Number of asset objects unloaded after import = 3

========================================================================
Received Import Request.
  Time since last request: 0.000046 seconds.
  path: Assets/GamerExtremo/RIP/Electric Puzzles_1.5/✅ New Folder/BULB 2/H0.png
  artifactKey: Guid(ebe2a3f5c5b56f945948862a8893ffee) Importer(2089858483,b0f066a214c2f5e87bad3c948f4d605d)
Start importing Assets/GamerExtremo/RIP/Electric Puzzles_1.5/✅ New Folder/BULB 2/H0.png using Guid(ebe2a3f5c5b56f945948862a8893ffee) Importer(2089858483,b0f066a214c2f5e87bad3c948f4d605d) (ScriptedImporter) -> (artifact id: 'e370d888b5b3563bf6fbd698dc79c4de') in 0.008541 seconds
Number of updated asset objects reloaded before import = 0Number of asset objects unloaded after import = 3

========================================================================
Received Import Request.
  Time since last request: 0.000018 seconds.
  path: Assets/GamerExtremo/res/Bl.xml
  artifactKey: Guid(d57712122f7e6c7488a0876e218eca13) Importer(2089858483,b0f066a214c2f5e87bad3c948f4d605d)
Start importing Assets/GamerExtremo/res/Bl.xml using Guid(d57712122f7e6c7488a0876e218eca13) Importer(2089858483,b0f066a214c2f5e87bad3c948f4d605d) (ScriptedImporter) -> (artifact id: '008f3130d57a3d92c1636edf5363e8ca') in 0.0037747 seconds
Number of updated asset objects reloaded before import = 0Number of asset objects unloaded after import = 1

========================================================================
Received Import Request.
  Time since last request: 0.000057 seconds.
  path: Assets/GamerExtremo/RIP/Electric Puzzles_1.5/res/OZ.png
  artifactKey: Guid(5f2aac69882a72e4fbe9d5a8cbc19434) Importer(2089858483,b0f066a214c2f5e87bad3c948f4d605d)
Start importing Assets/GamerExtremo/RIP/Electric Puzzles_1.5/res/OZ.png using Guid(5f2aac69882a72e4fbe9d5a8cbc19434) Importer(2089858483,b0f066a214c2f5e87bad3c948f4d605d) (ScriptedImporter) -> (artifact id: 'bf700fd19ccc12281af6254319c29ae1') in 0.0082911 seconds
Number of updated asset objects reloaded before import = 0Number of asset objects unloaded after import = 3

========================================================================
Received Import Request.
  Time since last request: 0.000016 seconds.
  path: Assets/GamerExtremo/res/lK.png
  artifactKey: Guid(4bdf1fcd3cf2f754f9a10e2751398995) Importer(2089858483,b0f066a214c2f5e87bad3c948f4d605d)
Start importing Assets/GamerExtremo/res/lK.png using Guid(4bdf1fcd3cf2f754f9a10e2751398995) Importer(2089858483,b0f066a214c2f5e87bad3c948f4d605d) (ScriptedImporter) -> (artifact id: '193c05626c0e4b8009275c922d182f9f') in 0.0074744 seconds
Number of updated asset objects reloaded before import = 0Number of asset objects unloaded after import = 3

========================================================================
Received Import Request.
  Time since last request: 0.000020 seconds.
  path: Assets/GamerExtremo/Resources/Bat/bat_dead.png
  artifactKey: Guid(902fe92909da29c4a84a6d6f6bb33c3a) Importer(2089858483,b0f066a214c2f5e87bad3c948f4d605d)
Start importing Assets/GamerExtremo/Resources/Bat/bat_dead.png using Guid(902fe92909da29c4a84a6d6f6bb33c3a) Importer(2089858483,b0f066a214c2f5e87bad3c948f4d605d) (ScriptedImporter) -> (artifact id: '262ae6fd81f6756d60af091d11d9b5cf') in 0.0073922 seconds
Number of updated asset objects reloaded before import = 0Number of asset objects unloaded after import = 3

========================================================================
Received Import Request.
  Time since last request: 0.000027 seconds.
  path: Assets/GamerExtremo/res/color-v23/abc_tint_default.xml
  artifactKey: Guid(2a1fc0ba98b81f84f829796f9e669e42) Importer(2089858483,b0f066a214c2f5e87bad3c948f4d605d)
Start importing Assets/GamerExtremo/res/color-v23/abc_tint_default.xml using Guid(2a1fc0ba98b81f84f829796f9e669e42) Importer(2089858483,b0f066a214c2f5e87bad3c948f4d605d) (ScriptedImporter) -> (artifact id: '02bd084ebb99681096207ba3bcb91616') in 0.003349 seconds
Number of updated asset objects reloaded before import = 0Number of asset objects unloaded after import = 1

========================================================================
Received Import Request.
  Time since last request: 0.000125 seconds.
  path: Assets/GamerExtremo/RIP/Electric Puzzles_1.5/res/I3.9.png
  artifactKey: Guid(bf18ec03ecd04da479642cd76f0c5d02) Importer(2089858483,b0f066a214c2f5e87bad3c948f4d605d)
Start importing Assets/GamerExtremo/RIP/Electric Puzzles_1.5/res/I3.9.png using Guid(bf18ec03ecd04da479642cd76f0c5d02) Importer(2089858483,b0f066a214c2f5e87bad3c948f4d605d) (ScriptedImporter) -> (artifact id: '39763f4c56b5cdfe37b7b43e0f2af8a7') in 0.0093197 seconds
Number of updated asset objects reloaded before import = 0Number of asset objects unloaded after import = 3

========================================================================
Received Import Request.
  Time since last request: 0.000017 seconds.
  path: Assets/GamerExtremo/res/DS.png
  artifactKey: Guid(df16ca9f0ce7f1d438309d30974745ad) Importer(2089858483,b0f066a214c2f5e87bad3c948f4d605d)
Start importing Assets/GamerExtremo/res/DS.png using Guid(df16ca9f0ce7f1d438309d30974745ad) Importer(2089858483,b0f066a214c2f5e87bad3c948f4d605d) (ScriptedImporter) -> (artifact id: '13f7b79e8f7d52f54f70ae8647dc0b54') in 0.0072395 seconds
Number of updated asset objects reloaded before import = 0Number of asset objects unloaded after import = 3

========================================================================
Received Import Request.
  Time since last request: 0.000021 seconds.
  path: Assets/GamerExtremo/RIP/Electric Puzzles_1.5/res/7o.9.png
  artifactKey: Guid(5e131ea71d6fa554d9cff250e2a9744a) Importer(2089858483,b0f066a214c2f5e87bad3c948f4d605d)
Start importing Assets/GamerExtremo/RIP/Electric Puzzles_1.5/res/7o.9.png using Guid(5e131ea71d6fa554d9cff250e2a9744a) Importer(2089858483,b0f066a214c2f5e87bad3c948f4d605d) (ScriptedImporter) -> (artifact id: '8192ab362ad639661323dcfff6bdd89e') in 0.010657 seconds
Number of updated asset objects reloaded before import = 0Number of asset objects unloaded after import = 3

========================================================================
Received Import Request.
  Time since last request: 0.000020 seconds.
  path: Assets/GamerExtremo/RIP/Electric Puzzles_1.5/res/us.9.png
  artifactKey: Guid(b0af7ef90f66daf4b9b443665791751e) Importer(2089858483,b0f066a214c2f5e87bad3c948f4d605d)
Start importing Assets/GamerExtremo/RIP/Electric Puzzles_1.5/res/us.9.png using Guid(b0af7ef90f66daf4b9b443665791751e) Importer(2089858483,b0f066a214c2f5e87bad3c948f4d605d) (ScriptedImporter) -> (artifact id: '5f9384081a927b9dedf51b0c91c769a0') in 0.0095633 seconds
Number of updated asset objects reloaded before import = 0Number of asset objects unloaded after import = 3

========================================================================
Received Import Request.
  Time since last request: 0.000017 seconds.
  path: Assets/GamerExtremo/RIP/Electric Puzzles_1.5/SQUARE/azul/hh.9.png
  artifactKey: Guid(e49bad3ee6368794f99543c4554b6f1d) Importer(2089858483,b0f066a214c2f5e87bad3c948f4d605d)
Start importing Assets/GamerExtremo/RIP/Electric Puzzles_1.5/SQUARE/azul/hh.9.png using Guid(e49bad3ee6368794f99543c4554b6f1d) Importer(2089858483,b0f066a214c2f5e87bad3c948f4d605d) (ScriptedImporter) -> (artifact id: '6067ac3cb6c6cf873e8eba33c17c1919') in 0.0080548 seconds
Number of updated asset objects reloaded before import = 0Number of asset objects unloaded after import = 3

========================================================================
Received Import Request.
  Time since last request: 0.000015 seconds.
  path: Assets/GamerExtremo/RIP/Electric Puzzles_1.5/res/uQ.png
  artifactKey: Guid(73ab8fb7c433a784aa3d1d135624e275) Importer(2089858483,b0f066a214c2f5e87bad3c948f4d605d)
Start importing Assets/GamerExtremo/RIP/Electric Puzzles_1.5/res/uQ.png using Guid(73ab8fb7c433a784aa3d1d135624e275) Importer(2089858483,b0f066a214c2f5e87bad3c948f4d605d) (ScriptedImporter) -> (artifact id: '5f229de6963af9ea3ce7fa3e62265f10') in 0.0103469 seconds
Number of updated asset objects reloaded before import = 0Number of asset objects unloaded after import = 3

========================================================================
Received Import Request.
  Time since last request: 0.000017 seconds.
  path: Assets/GamerExtremo/RIP/Electric Puzzles_1.5/✅ New Folder/CHAVE DE BOCA/6U1.png
  artifactKey: Guid(35a84ebe9aa4b8a41adac9e2722db47c) Importer(2089858483,b0f066a214c2f5e87bad3c948f4d605d)
Start importing Assets/GamerExtremo/RIP/Electric Puzzles_1.5/✅ New Folder/CHAVE DE BOCA/6U1.png using Guid(35a84ebe9aa4b8a41adac9e2722db47c) Importer(2089858483,b0f066a214c2f5e87bad3c948f4d605d) (ScriptedImporter) -> (artifact id: '02e7c64152311ae827a42987f529b03a') in 0.0071452 seconds
Number of updated asset objects reloaded before import = 0Number of asset objects unloaded after import = 3

========================================================================
Received Import Request.
  Time since last request: 0.000016 seconds.
  path: Assets/GamerExtremo/RIP/Electric Puzzles_1.5/res/Hu.png
  artifactKey: Guid(5ebcf391030757d42aefc61955fe2039) Importer(2089858483,b0f066a214c2f5e87bad3c948f4d605d)
Start importing Assets/GamerExtremo/RIP/Electric Puzzles_1.5/res/Hu.png using Guid(5ebcf391030757d42aefc61955fe2039) Importer(2089858483,b0f066a214c2f5e87bad3c948f4d605d) (ScriptedImporter) -> (artifact id: 'd229fbcbe91ae815debea6d0d5618b6f') in 0.0065507 seconds
Number of updated asset objects reloaded before import = 0Number of asset objects unloaded after import = 3

========================================================================
Received Import Request.
  Time since last request: 0.000016 seconds.
  path: Assets/GamerExtremo/RIP/Electric Puzzles_1.5/res/4b.png
  artifactKey: Guid(c37b7963ab2a4884e90bba126de28ad5) Importer(2089858483,b0f066a214c2f5e87bad3c948f4d605d)
Start importing Assets/GamerExtremo/RIP/Electric Puzzles_1.5/res/4b.png using Guid(c37b7963ab2a4884e90bba126de28ad5) Importer(2089858483,b0f066a214c2f5e87bad3c948f4d605d) (ScriptedImporter) -> (artifact id: '731b94c8d614e10be3f496f4558b40d6') in 0.007345 seconds
Number of updated asset objects reloaded before import = 0Number of asset objects unloaded after import = 3

========================================================================
Received Import Request.
  Time since last request: 0.000025 seconds.
  path: Assets/GamerExtremo/res/color-v23/abc_tint_seek_thumb.xml
  artifactKey: Guid(96d7c86236be49c43bfa10e049f65840) Importer(2089858483,b0f066a214c2f5e87bad3c948f4d605d)
Start importing Assets/GamerExtremo/res/color-v23/abc_tint_seek_thumb.xml using Guid(96d7c86236be49c43bfa10e049f65840) Importer(2089858483,b0f066a214c2f5e87bad3c948f4d605d) (ScriptedImporter) -> (artifact id: '8c9a33534c28f12349afb3153d108685') in 0.0042998 seconds
Number of updated asset objects reloaded before import = 0Number of asset objects unloaded after import = 1

========================================================================
Received Import Request.
  Time since last request: 0.000053 seconds.
  path: Assets/GamerExtremo/RIP/Electric Puzzles_1.5/res/M7.xml
  artifactKey: Guid(d6b4aa8845adc0244b0da7be45e392ea) Importer(2089858483,b0f066a214c2f5e87bad3c948f4d605d)
Start importing Assets/GamerExtremo/RIP/Electric Puzzles_1.5/res/M7.xml using Guid(d6b4aa8845adc0244b0da7be45e392ea) Importer(2089858483,b0f066a214c2f5e87bad3c948f4d605d) (ScriptedImporter) -> (artifact id: 'f6363af4beed19d123014e2ab73747e8') in 0.0033995 seconds
Number of updated asset objects reloaded before import = 0Number of asset objects unloaded after import = 1

========================================================================
Received Import Request.
  Time since last request: 0.000132 seconds.
  path: Assets/GamerExtremo/RIP/Electric Puzzles_1.5/res/Ac.xml
  artifactKey: Guid(ba43112330a3f9941af99d897e11f99f) Importer(2089858483,b0f066a214c2f5e87bad3c948f4d605d)
Start importing Assets/GamerExtremo/RIP/Electric Puzzles_1.5/res/Ac.xml using Guid(ba43112330a3f9941af99d897e11f99f) Importer(2089858483,b0f066a214c2f5e87bad3c948f4d605d) (ScriptedImporter) -> (artifact id: '4857913513b8351c573a7105f6ca0c21') in 0.0030281 seconds
Number of updated asset objects reloaded before import = 0Number of asset objects unloaded after import = 1

========================================================================
Received Import Request.
  Time since last request: 0.000126 seconds.
  path: Assets/GamerExtremo/RIP/Electric Puzzles_1.5/res/JF.png
  artifactKey: Guid(dc9c67532ea9386429ea81878f0f1368) Importer(2089858483,b0f066a214c2f5e87bad3c948f4d605d)
Start importing Assets/GamerExtremo/RIP/Electric Puzzles_1.5/res/JF.png using Guid(dc9c67532ea9386429ea81878f0f1368) Importer(2089858483,b0f066a214c2f5e87bad3c948f4d605d) (ScriptedImporter) -> (artifact id: 'af04278f3bbaa312a969b8e548c91b29') in 0.0077727 seconds
Number of updated asset objects reloaded before import = 0Number of asset objects unloaded after import = 3

========================================================================
Received Import Request.
  Time since last request: 0.000018 seconds.
  path: Assets/GamerExtremo/RIP/Electric Puzzles_1.5/✅ New Folder/CHAVE DE BOCA/6U.png
  artifactKey: Guid(96064f043edc9694386abc78239a7d81) Importer(2089858483,b0f066a214c2f5e87bad3c948f4d605d)
Start importing Assets/GamerExtremo/RIP/Electric Puzzles_1.5/✅ New Folder/CHAVE DE BOCA/6U.png using Guid(96064f043edc9694386abc78239a7d81) Importer(2089858483,b0f066a214c2f5e87bad3c948f4d605d) (ScriptedImporter) -> (artifact id: 'f45bd45ccaace12da67fa3204a2fc805') in 0.0073693 seconds
Number of updated asset objects reloaded before import = 0Number of asset objects unloaded after import = 3

========================================================================
Received Import Request.
  Time since last request: 0.000016 seconds.
  path: Assets/GamerExtremo/RIP/Electric Puzzles_1.5/SQUARE/7 Android face/yn.png
  artifactKey: Guid(6e64b69955e7b9e4e91c334fa8f751c6) Importer(2089858483,b0f066a214c2f5e87bad3c948f4d605d)
Start importing Assets/GamerExtremo/RIP/Electric Puzzles_1.5/SQUARE/7 Android face/yn.png using Guid(6e64b69955e7b9e4e91c334fa8f751c6) Importer(2089858483,b0f066a214c2f5e87bad3c948f4d605d) (ScriptedImporter) -> (artifact id: '2a6d16f453ccafa4810bf4eb73248e1d') in 0.0074241 seconds
Number of updated asset objects reloaded before import = 0Number of asset objects unloaded after import = 3

========================================================================
Received Import Request.
  Time since last request: 0.000016 seconds.
  path: Assets/GamerExtremo/res/sg.9.png
  artifactKey: Guid(205e5d27942ac9d4296c3739dd9d6eba) Importer(2089858483,b0f066a214c2f5e87bad3c948f4d605d)
Start importing Assets/GamerExtremo/res/sg.9.png using Guid(205e5d27942ac9d4296c3739dd9d6eba) Importer(2089858483,b0f066a214c2f5e87bad3c948f4d605d) (ScriptedImporter) -> (artifact id: '97d6a3443dbc99d65650949d7ee2fdfa') in 0.0082412 seconds
Number of updated asset objects reloaded before import = 0Number of asset objects unloaded after import = 3

========================================================================
Received Import Request.
  Time since last request: 0.000037 seconds.
  path: Assets/GamerExtremo/res/-p.png
  artifactKey: Guid(673d5effeaf76ab4cab6394d4cca9f87) Importer(2089858483,b0f066a214c2f5e87bad3c948f4d605d)
Start importing Assets/GamerExtremo/res/-p.png using Guid(673d5effeaf76ab4cab6394d4cca9f87) Importer(2089858483,b0f066a214c2f5e87bad3c948f4d605d) (ScriptedImporter) -> (artifact id: '00f3c2b1fb474e9d3fcc8bba2d3eca8b') in 0.0103388 seconds
Number of updated asset objects reloaded before import = 0Number of asset objects unloaded after import = 3

========================================================================
Received Import Request.
  Time since last request: 0.000016 seconds.
  path: Assets/GamerExtremo/RIP/Electric Puzzles_1.5/✅ New Folder/CIRCLE/CIRCLE CENTER BLACK/eR.png
  artifactKey: Guid(fb5720df88a8208439ec0e057d7a96d3) Importer(2089858483,b0f066a214c2f5e87bad3c948f4d605d)
Start importing Assets/GamerExtremo/RIP/Electric Puzzles_1.5/✅ New Folder/CIRCLE/CIRCLE CENTER BLACK/eR.png using Guid(fb5720df88a8208439ec0e057d7a96d3) Importer(2089858483,b0f066a214c2f5e87bad3c948f4d605d) (ScriptedImporter) -> (artifact id: '368960e8209145e4aaa287e8f445df9e') in 0.0081684 seconds
Number of updated asset objects reloaded before import = 0Number of asset objects unloaded after import = 3

========================================================================
Received Import Request.
  Time since last request: 0.000018 seconds.
  path: Assets/GamerExtremo/RIP/Electric Puzzles_1.5/✅ New Folder/CIRCLE/CIRCLE GRAY EMPTY/DO.png
  artifactKey: Guid(b07252f8bb4a6ee4b88a63385f7dfb4e) Importer(2089858483,b0f066a214c2f5e87bad3c948f4d605d)
Start importing Assets/GamerExtremo/RIP/Electric Puzzles_1.5/✅ New Folder/CIRCLE/CIRCLE GRAY EMPTY/DO.png using Guid(b07252f8bb4a6ee4b88a63385f7dfb4e) Importer(2089858483,b0f066a214c2f5e87bad3c948f4d605d) (ScriptedImporter) -> (artifact id: '035a56640e71c19fab2fa456e5a403c8') in 0.0071358 seconds
Number of updated asset objects reloaded before import = 0Number of asset objects unloaded after import = 3

========================================================================
Received Import Request.
  Time since last request: 0.000019 seconds.
  path: Assets/GamerExtremo/RIP/Electric Puzzles_1.5/✅ New Folder/CIRCLE/CIRCLE ADS/-H.png
  artifactKey: Guid(e9f929bd9fca025479c9080336f87c4f) Importer(2089858483,b0f066a214c2f5e87bad3c948f4d605d)
Start importing Assets/GamerExtremo/RIP/Electric Puzzles_1.5/✅ New Folder/CIRCLE/CIRCLE ADS/-H.png using Guid(e9f929bd9fca025479c9080336f87c4f) Importer(2089858483,b0f066a214c2f5e87bad3c948f4d605d) (ScriptedImporter) -> (artifact id: '30e14dc8076001f0ebdca32ca017a5e1') in 0.0080036 seconds
Number of updated asset objects reloaded before import = 0Number of asset objects unloaded after import = 3

========================================================================
Received Import Request.
  Time since last request: 0.000022 seconds.
  path: Assets/GamerExtremo/res/a0.xml
  artifactKey: Guid(6e0f353b574b52f4fa4650ffa2f9c3c5) Importer(2089858483,b0f066a214c2f5e87bad3c948f4d605d)
Start importing Assets/GamerExtremo/res/a0.xml using Guid(6e0f353b574b52f4fa4650ffa2f9c3c5) Importer(2089858483,b0f066a214c2f5e87bad3c948f4d605d) (ScriptedImporter) -> (artifact id: '3986e6578204c31c346f263df0ec8c55') in 0.003289 seconds
Number of updated asset objects reloaded before import = 0Number of asset objects unloaded after import = 1

========================================================================
Received Import Request.
  Time since last request: 0.000076 seconds.
  path: Assets/GamerExtremo/RIP/Electric Puzzles_1.5/✅ New Folder/THREE POINTS/Oc.png
  artifactKey: Guid(2c4c86cc93343b24db719cd032ca45b2) Importer(2089858483,b0f066a214c2f5e87bad3c948f4d605d)
Start importing Assets/GamerExtremo/RIP/Electric Puzzles_1.5/✅ New Folder/THREE POINTS/Oc.png using Guid(2c4c86cc93343b24db719cd032ca45b2) Importer(2089858483,b0f066a214c2f5e87bad3c948f4d605d) (ScriptedImporter) -> (artifact id: '787a8a1488cd945932d6caa981c163d6') in 0.0076167 seconds
Number of updated asset objects reloaded before import = 0Number of asset objects unloaded after import = 3

========================================================================
Received Import Request.
  Time since last request: 0.000021 seconds.
  path: Assets/GamerExtremo/RIP/Electric Puzzles_1.5/res/Xx.xml
  artifactKey: Guid(5fccf28a3b211774b84f3c0d1f9281c8) Importer(2089858483,b0f066a214c2f5e87bad3c948f4d605d)
Start importing Assets/GamerExtremo/RIP/Electric Puzzles_1.5/res/Xx.xml using Guid(5fccf28a3b211774b84f3c0d1f9281c8) Importer(2089858483,b0f066a214c2f5e87bad3c948f4d605d) (ScriptedImporter) -> (artifact id: 'c8a6b04e659589a0f5980dc2ba38421f') in 0.0039764 seconds
Number of updated asset objects reloaded before import = 0Number of asset objects unloaded after import = 1

========================================================================
Received Import Request.
  Time since last request: 0.000124 seconds.
  path: Assets/GamerExtremo/RIP/Electric Puzzles_1.5/✅ New Folder/CIRCLE/CIRCLE WHITE/zV.9.png
  artifactKey: Guid(d278d0feceb2be24f9e8fb2c80ab7d8f) Importer(2089858483,b0f066a214c2f5e87bad3c948f4d605d)
Start importing Assets/GamerExtremo/RIP/Electric Puzzles_1.5/✅ New Folder/CIRCLE/CIRCLE WHITE/zV.9.png using Guid(d278d0feceb2be24f9e8fb2c80ab7d8f) Importer(2089858483,b0f066a214c2f5e87bad3c948f4d605d) (ScriptedImporter) -> (artifact id: 'd889ce299af2bb36261277c316d04d57') in 0.0094299 seconds
Number of updated asset objects reloaded before import = 0Number of asset objects unloaded after import = 3

========================================================================
Received Import Request.
  Time since last request: 0.000023 seconds.
  path: Assets/GamerExtremo/RIP/Electric Puzzles_1.5/res/-N1.png
  artifactKey: Guid(e6c071f74758af94a82a6a0abb14d361) Importer(2089858483,b0f066a214c2f5e87bad3c948f4d605d)
Start importing Assets/GamerExtremo/RIP/Electric Puzzles_1.5/res/-N1.png using Guid(e6c071f74758af94a82a6a0abb14d361) Importer(2089858483,b0f066a214c2f5e87bad3c948f4d605d) (ScriptedImporter) -> (artifact id: 'c23f4d4c21f6fa666b970a87a4da3efa') in 0.0103768 seconds
Number of updated asset objects reloaded before import = 0Number of asset objects unloaded after import = 3

========================================================================
Received Import Request.
  Time since last request: 0.000021 seconds.
  path: Assets/GamerExtremo/res/Zn.png
  artifactKey: Guid(8165872b53283194296fb7cd4887bcf9) Importer(2089858483,b0f066a214c2f5e87bad3c948f4d605d)
Start importing Assets/GamerExtremo/res/Zn.png using Guid(8165872b53283194296fb7cd4887bcf9) Importer(2089858483,b0f066a214c2f5e87bad3c948f4d605d) (ScriptedImporter) -> (artifact id: '64c1d1dac3b267566bccec3daa88165a') in 0.0087832 seconds
Number of updated asset objects reloaded before import = 0Number of asset objects unloaded after import = 3

========================================================================
Received Import Request.
  Time since last request: 0.000026 seconds.
  path: Assets/GamerExtremo/RIP/Electric Puzzles_1.5/✅ New Folder/CAM/zL.png
  artifactKey: Guid(47de690ac2d93df4c80427e383976d3e) Importer(2089858483,b0f066a214c2f5e87bad3c948f4d605d)
Start importing Assets/GamerExtremo/RIP/Electric Puzzles_1.5/✅ New Folder/CAM/zL.png using Guid(47de690ac2d93df4c80427e383976d3e) Importer(2089858483,b0f066a214c2f5e87bad3c948f4d605d) (ScriptedImporter) -> (artifact id: '2c1118482cb0736c578a802a5a0d5a9d') in 0.0093754 seconds
Number of updated asset objects reloaded before import = 0Number of asset objects unloaded after import = 3

========================================================================
Received Import Request.
  Time since last request: 0.000019 seconds.
  path: Assets/GamerExtremo/RIP/Electric Puzzles_1.5/res/jS.9.png
  artifactKey: Guid(67f215d8374c1eb42933bb62165d3c94) Importer(2089858483,b0f066a214c2f5e87bad3c948f4d605d)
Start importing Assets/GamerExtremo/RIP/Electric Puzzles_1.5/res/jS.9.png using Guid(67f215d8374c1eb42933bb62165d3c94) Importer(2089858483,b0f066a214c2f5e87bad3c948f4d605d) (ScriptedImporter) -> (artifact id: '5bbd85335eeecf467452b8f9d0570e24') in 0.0090674 seconds
Number of updated asset objects reloaded before import = 0Number of asset objects unloaded after import = 3

========================================================================
Received Import Request.
  Time since last request: 0.000023 seconds.
  path: Assets/GamerExtremo/Pictures/resistor2.png
  artifactKey: Guid(56d5eaa109fb39c4e8f5200512bee0d7) Importer(2089858483,b0f066a214c2f5e87bad3c948f4d605d)
Start importing Assets/GamerExtremo/Pictures/resistor2.png using Guid(56d5eaa109fb39c4e8f5200512bee0d7) Importer(2089858483,b0f066a214c2f5e87bad3c948f4d605d) (ScriptedImporter) -> (artifact id: 'a470fd3a6350c78111cd169de27d9668') in 0.0086791 seconds
Number of updated asset objects reloaded before import = 0Number of asset objects unloaded after import = 3

========================================================================
Received Import Request.
  Time since last request: 0.000022 seconds.
  path: Assets/GamerExtremo/Resources/Player/jump_attack (6).png
  artifactKey: Guid(769c14895a7801f48ae52e42327e80a1) Importer(2089858483,b0f066a214c2f5e87bad3c948f4d605d)
Start importing Assets/GamerExtremo/Resources/Player/jump_attack (6).png using Guid(769c14895a7801f48ae52e42327e80a1) Importer(2089858483,b0f066a214c2f5e87bad3c948f4d605d) (ScriptedImporter) -> (artifact id: 'cc8347057e1b67b1d67358e22e2441ac') in 0.0127622 seconds
Number of updated asset objects reloaded before import = 0Number of asset objects unloaded after import = 3

========================================================================
Received Import Request.
  Time since last request: 0.000019 seconds.
  path: Assets/GamerExtremo/RIP/Electric Puzzles_1.5/✅ New Folder/BACK/YC.png
  artifactKey: Guid(7be6d5e65b871ca4e99560c36e1ffc3c) Importer(2089858483,b0f066a214c2f5e87bad3c948f4d605d)
Start importing Assets/GamerExtremo/RIP/Electric Puzzles_1.5/✅ New Folder/BACK/YC.png using Guid(7be6d5e65b871ca4e99560c36e1ffc3c) Importer(2089858483,b0f066a214c2f5e87bad3c948f4d605d) (ScriptedImporter) -> (artifact id: 'da29412ea0ecb305b78bf29fd4b121bd') in 0.0078594 seconds
Number of updated asset objects reloaded before import = 0Number of asset objects unloaded after import = 3

========================================================================
Received Import Request.
  Time since last request: 0.000030 seconds.
  path: Assets/GamerExtremo/RIP/Electric Puzzles_1.5/✅ New Folder/TWO POINTS/hz.png
  artifactKey: Guid(e5e63c1ca4d6c5e4f9ef2ae278da8b54) Importer(2089858483,b0f066a214c2f5e87bad3c948f4d605d)
Start importing Assets/GamerExtremo/RIP/Electric Puzzles_1.5/✅ New Folder/TWO POINTS/hz.png using Guid(e5e63c1ca4d6c5e4f9ef2ae278da8b54) Importer(2089858483,b0f066a214c2f5e87bad3c948f4d605d) (ScriptedImporter) -> (artifact id: '40135e9fde79a836e9a039604a1619ee') in 0.0098325 seconds
Number of updated asset objects reloaded before import = 0Number of asset objects unloaded after import = 3

========================================================================
Received Import Request.
  Time since last request: 0.000031 seconds.
  path: Assets/GamerExtremo/RIP/Electric Puzzles_1.5/res/Ue.png
  artifactKey: Guid(673164e4b4ddaa04196cd8e8d912348d) Importer(2089858483,b0f066a214c2f5e87bad3c948f4d605d)
Start importing Assets/GamerExtremo/RIP/Electric Puzzles_1.5/res/Ue.png using Guid(673164e4b4ddaa04196cd8e8d912348d) Importer(2089858483,b0f066a214c2f5e87bad3c948f4d605d) (ScriptedImporter) -> (artifact id: 'ea88d759bb86f2c4af4947b71c97bf22') in 0.0089543 seconds
Number of updated asset objects reloaded before import = 0Number of asset objects unloaded after import = 3

========================================================================
Received Import Request.
  Time since last request: 0.000019 seconds.
  path: Assets/GamerExtremo/res/ho.png
  artifactKey: Guid(5ae37a26f0d198b49b1f53914985578e) Importer(2089858483,b0f066a214c2f5e87bad3c948f4d605d)
Start importing Assets/GamerExtremo/res/ho.png using Guid(5ae37a26f0d198b49b1f53914985578e) Importer(2089858483,b0f066a214c2f5e87bad3c948f4d605d) (ScriptedImporter) -> (artifact id: 'd40415cf2078ce203769bcb19590a38b') in 0.0078646 seconds
Number of updated asset objects reloaded before import = 0Number of asset objects unloaded after import = 3

========================================================================
Received Import Request.
  Time since last request: 0.000031 seconds.
  path: Assets/GamerExtremo/Resources/CollectableItems/Coin_00/coin_00_colect.png
  artifactKey: Guid(f8a51226364b04a47b312189be7f3954) Importer(2089858483,b0f066a214c2f5e87bad3c948f4d605d)
Start importing Assets/GamerExtremo/Resources/CollectableItems/Coin_00/coin_00_colect.png using Guid(f8a51226364b04a47b312189be7f3954) Importer(2089858483,b0f066a214c2f5e87bad3c948f4d605d) (ScriptedImporter) -> (artifact id: '04976ef413b1350577affb86982a072b') in 0.0178523 seconds
Number of updated asset objects reloaded before import = 0Number of asset objects unloaded after import = 10

========================================================================
Received Import Request.
  Time since last request: 0.000018 seconds.
  path: Assets/GamerExtremo/Resources/CollectableItems
  artifactKey: Guid(42f4f3b6a6dd4d74ebf10aa38df724f3) Importer(2089858483,b0f066a214c2f5e87bad3c948f4d605d)
Start importing Assets/GamerExtremo/Resources/CollectableItems using Guid(42f4f3b6a6dd4d74ebf10aa38df724f3) Importer(2089858483,b0f066a214c2f5e87bad3c948f4d605d) (ScriptedImporter) -> (artifact id: '23f379b8ef340d279bfd593df67aa0d3') in 0.0028307 seconds
Number of updated asset objects reloaded before import = 0Number of asset objects unloaded after import = 1

========================================================================
Received Import Request.
  Time since last request: 0.000137 seconds.
  path: Assets/GamerExtremo/Resources/Enemy1/skeleton_1_walk (6).png
  artifactKey: Guid(810ccc7c1e1a7b646835054ebe322c55) Importer(2089858483,b0f066a214c2f5e87bad3c948f4d605d)
Start importing Assets/GamerExtremo/Resources/Enemy1/skeleton_1_walk (6).png using Guid(810ccc7c1e1a7b646835054ebe322c55) Importer(2089858483,b0f066a214c2f5e87bad3c948f4d605d) (ScriptedImporter) -> (artifact id: '2d9b231d5601b333238c5cadbb088fdb') in 0.0109552 seconds
Number of updated asset objects reloaded before import = 0Number of asset objects unloaded after import = 3

========================================================================
Received Import Request.
  Time since last request: 0.000020 seconds.
  path: Assets/GamerExtremo/res/-T.png
  artifactKey: Guid(9ab38cfca1704694ca6b9f262deeb7bb) Importer(2089858483,b0f066a214c2f5e87bad3c948f4d605d)
Start importing Assets/GamerExtremo/res/-T.png using Guid(9ab38cfca1704694ca6b9f262deeb7bb) Importer(2089858483,b0f066a214c2f5e87bad3c948f4d605d) (ScriptedImporter) -> (artifact id: '0be620c39b4ad629b06b5cfad0bd20c0') in 0.0088864 seconds
Number of updated asset objects reloaded before import = 0Number of asset objects unloaded after import = 3

========================================================================
Received Import Request.
  Time since last request: 0.000024 seconds.
  path: Assets/GamerExtremo/res/X3.9.png
  artifactKey: Guid(797199cf8ed07e24b91c8917e23db3a1) Importer(2089858483,b0f066a214c2f5e87bad3c948f4d605d)
Start importing Assets/GamerExtremo/res/X3.9.png using Guid(797199cf8ed07e24b91c8917e23db3a1) Importer(2089858483,b0f066a214c2f5e87bad3c948f4d605d) (ScriptedImporter) -> (artifact id: '34c00441a02cb77b12527b77604f2013') in 0.0085123 seconds
Number of updated asset objects reloaded before import = 0Number of asset objects unloaded after import = 3

========================================================================
Received Import Request.
  Time since last request: 0.000043 seconds.
  path: Assets/GamerExtremo/RIP/Electric Puzzles_1.5/res/g-.png
  artifactKey: Guid(b45dbba4715c08e47a1f5581c07a4fe1) Importer(2089858483,b0f066a214c2f5e87bad3c948f4d605d)
Start importing Assets/GamerExtremo/RIP/Electric Puzzles_1.5/res/g-.png using Guid(b45dbba4715c08e47a1f5581c07a4fe1) Importer(2089858483,b0f066a214c2f5e87bad3c948f4d605d) (ScriptedImporter) -> (artifact id: 'ae349d339fcc89b686a517abd45edf21') in 0.0066776 seconds
Number of updated asset objects reloaded before import = 0Number of asset objects unloaded after import = 3

========================================================================
Received Import Request.
  Time since last request: 0.000017 seconds.
  path: Assets/GamerExtremo/res/3u.png
  artifactKey: Guid(db16edf367a2aee4dbcb9ee570bc0fe7) Importer(2089858483,b0f066a214c2f5e87bad3c948f4d605d)
Start importing Assets/GamerExtremo/res/3u.png using Guid(db16edf367a2aee4dbcb9ee570bc0fe7) Importer(2089858483,b0f066a214c2f5e87bad3c948f4d605d) (ScriptedImporter) -> (artifact id: '9fbe0d3e81b7cef7209a998ea492a6c7') in 0.0098863 seconds
Number of updated asset objects reloaded before import = 0Number of asset objects unloaded after import = 3

========================================================================
Received Import Request.
  Time since last request: 0.000017 seconds.
  path: Assets/GamerExtremo/RIP/Electric Puzzles_1.5/Pictures/bulb.png
  artifactKey: Guid(f70f2c54bfdc3a9489425c3183c781bd) Importer(2089858483,b0f066a214c2f5e87bad3c948f4d605d)
Start importing Assets/GamerExtremo/RIP/Electric Puzzles_1.5/Pictures/bulb.png using Guid(f70f2c54bfdc3a9489425c3183c781bd) Importer(2089858483,b0f066a214c2f5e87bad3c948f4d605d) (ScriptedImporter) -> (artifact id: 'b6a7171895109366c91614cdf0d0fa76') in 0.0078716 seconds
Number of updated asset objects reloaded before import = 0Number of asset objects unloaded after import = 3

========================================================================
Received Import Request.
  Time since last request: 0.000040 seconds.
  path: Assets/GamerExtremo/res/r3.png
  artifactKey: Guid(cb6ebaf634fb5ef418572e5f83f39d1b) Importer(2089858483,b0f066a214c2f5e87bad3c948f4d605d)
Start importing Assets/GamerExtremo/res/r3.png using Guid(cb6ebaf634fb5ef418572e5f83f39d1b) Importer(2089858483,b0f066a214c2f5e87bad3c948f4d605d) (ScriptedImporter) -> (artifact id: '44a8dbc785bb500c1543eee9f6b1e885') in 0.0085114 seconds
Number of updated asset objects reloaded before import = 0Number of asset objects unloaded after import = 3

========================================================================
Received Import Request.
  Time since last request: 0.000021 seconds.
  path: Assets/GamerExtremo/RIP/Electric Puzzles_1.5/✅ New Folder/XML/zp.xml
  artifactKey: Guid(4cae2cce5117b7d49ab254312853f7eb) Importer(2089858483,b0f066a214c2f5e87bad3c948f4d605d)
Start importing Assets/GamerExtremo/RIP/Electric Puzzles_1.5/✅ New Folder/XML/zp.xml using Guid(4cae2cce5117b7d49ab254312853f7eb) Importer(2089858483,b0f066a214c2f5e87bad3c948f4d605d) (ScriptedImporter) -> (artifact id: '0b814b1eefe9ac5af9005c97187541b6') in 0.0063076 seconds
Number of updated asset objects reloaded before import = 0Number of asset objects unloaded after import = 1

========================================================================
Received Import Request.
  Time since last request: 0.000121 seconds.
  path: Assets/GamerExtremo/RIP/Electric Puzzles_1.5/res/t8.xml
  artifactKey: Guid(98d833a6a776ab5409e6ecfd327eb60f) Importer(2089858483,b0f066a214c2f5e87bad3c948f4d605d)
Start importing Assets/GamerExtremo/RIP/Electric Puzzles_1.5/res/t8.xml using Guid(98d833a6a776ab5409e6ecfd327eb60f) Importer(2089858483,b0f066a214c2f5e87bad3c948f4d605d) (ScriptedImporter) -> (artifact id: 'a9943e70d60af0cd2b3d6014dd72927c') in 0.0037563 seconds
Number of updated asset objects reloaded before import = 0Number of asset objects unloaded after import = 1

========================================================================
Received Import Request.
  Time since last request: 0.000118 seconds.
  path: Assets/GamerExtremo/RIP/Electric Puzzles_1.5/res/Sa.xml
  artifactKey: Guid(4768c94a477f1264aac86a01be610b5a) Importer(2089858483,b0f066a214c2f5e87bad3c948f4d605d)
Start importing Assets/GamerExtremo/RIP/Electric Puzzles_1.5/res/Sa.xml using Guid(4768c94a477f1264aac86a01be610b5a) Importer(2089858483,b0f066a214c2f5e87bad3c948f4d605d) (ScriptedImporter) -> (artifact id: '19409e74876b95a6221ee2243ec04638') in 0.0035258 seconds
Number of updated asset objects reloaded before import = 0Number of asset objects unloaded after import = 1

========================================================================
Received Import Request.
  Time since last request: 0.000139 seconds.
  path: Assets/GamerExtremo/RIP/Electric Puzzles_1.5/FIOS/TL direita/hD.png
  artifactKey: Guid(ffdfc3bb1ad8115468bcd79dd63212f3) Importer(2089858483,b0f066a214c2f5e87bad3c948f4d605d)
Start importing Assets/GamerExtremo/RIP/Electric Puzzles_1.5/FIOS/TL direita/hD.png using Guid(ffdfc3bb1ad8115468bcd79dd63212f3) Importer(2089858483,b0f066a214c2f5e87bad3c948f4d605d) (ScriptedImporter) -> (artifact id: '9e6c40ffe39bc65c7d08b8aa33296ca4') in 0.0080591 seconds
Number of updated asset objects reloaded before import = 0Number of asset objects unloaded after import = 3

========================================================================
Received Import Request.
  Time since last request: 0.000022 seconds.
  path: Assets/GamerExtremo/RIP/Electric Puzzles_1.5/FIOS/verde/Du.png
  artifactKey: Guid(ff7a3d091ccc38d4bac4d4a007a9187c) Importer(2089858483,b0f066a214c2f5e87bad3c948f4d605d)
Start importing Assets/GamerExtremo/RIP/Electric Puzzles_1.5/FIOS/verde/Du.png using Guid(ff7a3d091ccc38d4bac4d4a007a9187c) Importer(2089858483,b0f066a214c2f5e87bad3c948f4d605d) (ScriptedImporter) -> (artifact id: 'e77f2d52b0236513a19dcf2ab0bd3d8c') in 0.0077909 seconds
Number of updated asset objects reloaded before import = 0Number of asset objects unloaded after import = 3

========================================================================
Received Import Request.
  Time since last request: 0.000028 seconds.
  path: Assets/GamerExtremo/res/ZL.9.png
  artifactKey: Guid(0e4ce0d805e491742ac413947580d8e6) Importer(2089858483,b0f066a214c2f5e87bad3c948f4d605d)
Start importing Assets/GamerExtremo/res/ZL.9.png using Guid(0e4ce0d805e491742ac413947580d8e6) Importer(2089858483,b0f066a214c2f5e87bad3c948f4d605d) (ScriptedImporter) -> (artifact id: '6c9fb16d0717f9de457d348e14c6b753') in 0.0089924 seconds
Number of updated asset objects reloaded before import = 0Number of asset objects unloaded after import = 3

========================================================================
Received Import Request.
  Time since last request: 0.000019 seconds.
  path: Assets/GamerExtremo/res/5V.png
  artifactKey: Guid(483890232bcb8a14794d2d2a558a2e5c) Importer(2089858483,b0f066a214c2f5e87bad3c948f4d605d)
Start importing Assets/GamerExtremo/res/5V.png using Guid(483890232bcb8a14794d2d2a558a2e5c) Importer(2089858483,b0f066a214c2f5e87bad3c948f4d605d) (ScriptedImporter) -> (artifact id: '950c7eb5e19a807f9f8308bbeaa8569c') in 0.007869 seconds
Number of updated asset objects reloaded before import = 0Number of asset objects unloaded after import = 3

========================================================================
Received Import Request.
  Time since last request: 0.000017 seconds.
  path: Assets/GamerExtremo/RIP/Electric Puzzles_1.5/✅ New Folder/XML/VT.xml
  artifactKey: Guid(943e4a72e08273c4882c52e2e4a8efe7) Importer(2089858483,b0f066a214c2f5e87bad3c948f4d605d)
Start importing Assets/GamerExtremo/RIP/Electric Puzzles_1.5/✅ New Folder/XML/VT.xml using Guid(943e4a72e08273c4882c52e2e4a8efe7) Importer(2089858483,b0f066a214c2f5e87bad3c948f4d605d) (ScriptedImporter) -> (artifact id: 'ec6888f1848dc3b23cd1f9a505accf4f') in 0.0042013 seconds
Number of updated asset objects reloaded before import = 0Number of asset objects unloaded after import = 1

========================================================================
Received Import Request.
  Time since last request: 0.000085 seconds.
  path: Assets/GamerExtremo/Resources/Sounds
  artifactKey: Guid(09cde3b01b1b4fc4b8d8ea0661f738b7) Importer(2089858483,b0f066a214c2f5e87bad3c948f4d605d)
Start importing Assets/GamerExtremo/Resources/Sounds using Guid(09cde3b01b1b4fc4b8d8ea0661f738b7) Importer(2089858483,b0f066a214c2f5e87bad3c948f4d605d) (ScriptedImporter) -> (artifact id: 'd4fc31db2a2822b2a6eddf24c0574947') in 0.003305 seconds
Number of updated asset objects reloaded before import = 0Number of asset objects unloaded after import = 1

========================================================================
Received Import Request.
  Time since last request: 0.000144 seconds.
  path: Assets/GamerExtremo/RIP/Electric Puzzles_1.5/Pictures/ground 1.png
  artifactKey: Guid(4d18fd31dfe9fed4ca9762716b45da7b) Importer(2089858483,b0f066a214c2f5e87bad3c948f4d605d)
Start importing Assets/GamerExtremo/RIP/Electric Puzzles_1.5/Pictures/ground 1.png using Guid(4d18fd31dfe9fed4ca9762716b45da7b) Importer(2089858483,b0f066a214c2f5e87bad3c948f4d605d) (ScriptedImporter) -> (artifact id: '0dcdace4623e7ea3f0f9ca699dff75c2') in 0.0143688 seconds
Number of updated asset objects reloaded before import = 0Number of asset objects unloaded after import = 5

========================================================================
Received Import Request.
  Time since last request: 0.000018 seconds.
  path: Assets/GamerExtremo/RIP/Electric Puzzles_1.5/res/0K.xml
  artifactKey: Guid(3b975f9fba7c0c7438a5fbd680145685) Importer(2089858483,b0f066a214c2f5e87bad3c948f4d605d)
Start importing Assets/GamerExtremo/RIP/Electric Puzzles_1.5/res/0K.xml using Guid(3b975f9fba7c0c7438a5fbd680145685) Importer(2089858483,b0f066a214c2f5e87bad3c948f4d605d) (ScriptedImporter) -> (artifact id: 'ffb684212ddb0b4bcddd35dbae88ce3d') in 0.0037027 seconds
Number of updated asset objects reloaded before import = 0Number of asset objects unloaded after import = 1

========================================================================
Received Import Request.
  Time since last request: 0.000147 seconds.
  path: Assets/GamerExtremo/RIP/Electric Puzzles_1.5/res/8t.xml
  artifactKey: Guid(719c07ff449b9d24c95c63e4e44be14b) Importer(2089858483,b0f066a214c2f5e87bad3c948f4d605d)
Start importing Assets/GamerExtremo/RIP/Electric Puzzles_1.5/res/8t.xml using Guid(719c07ff449b9d24c95c63e4e44be14b) Importer(2089858483,b0f066a214c2f5e87bad3c948f4d605d) (ScriptedImporter) -> (artifact id: 'e0133d1b0fcf5caeb68a598f0e718db2') in 0.0035368 seconds
Number of updated asset objects reloaded before import = 0Number of asset objects unloaded after import = 1

========================================================================
Received Import Request.
  Time since last request: 0.000105 seconds.
  path: Assets/GamerExtremo/RIP/Electric Puzzles_1.5/res/Qt.xml
  artifactKey: Guid(1683bf209cadeff4eb3b1350909ec708) Importer(2089858483,b0f066a214c2f5e87bad3c948f4d605d)
Start importing Assets/GamerExtremo/RIP/Electric Puzzles_1.5/res/Qt.xml using Guid(1683bf209cadeff4eb3b1350909ec708) Importer(2089858483,b0f066a214c2f5e87bad3c948f4d605d) (ScriptedImporter) -> (artifact id: '4a51eaea0d43eb83874b487c9c7a7803') in 0.003395 seconds
Number of updated asset objects reloaded before import = 0Number of asset objects unloaded after import = 1

========================================================================
Received Import Request.
  Time since last request: 0.000152 seconds.
  path: Assets/GamerExtremo/res/k8.xml
  artifactKey: Guid(a6c3cb46097b3ed42a5da32e83c228ad) Importer(2089858483,b0f066a214c2f5e87bad3c948f4d605d)
Start importing Assets/GamerExtremo/res/k8.xml using Guid(a6c3cb46097b3ed42a5da32e83c228ad) Importer(2089858483,b0f066a214c2f5e87bad3c948f4d605d) (ScriptedImporter) -> (artifact id: 'c07bd76c0ca11e20fe6d9c4ffb891893') in 0.0035079 seconds
Number of updated asset objects reloaded before import = 0Number of asset objects unloaded after import = 1

========================================================================
Received Import Request.
  Time since last request: 0.000089 seconds.
  path: Assets/GamerExtremo/res/zV.9.png
  artifactKey: Guid(2d3ea62a83a4759409b6131f9620761e) Importer(2089858483,b0f066a214c2f5e87bad3c948f4d605d)
Start importing Assets/GamerExtremo/res/zV.9.png using Guid(2d3ea62a83a4759409b6131f9620761e) Importer(2089858483,b0f066a214c2f5e87bad3c948f4d605d) (ScriptedImporter) -> (artifact id: '5d16971303d231072e28eb2705368d97') in 0.007375 seconds
Number of updated asset objects reloaded before import = 0Number of asset objects unloaded after import = 3

========================================================================
Received Import Request.
  Time since last request: 0.000015 seconds.
  path: Assets/GamerExtremo/res/Nq.png
  artifactKey: Guid(fca84e6ef064c624d9d5c4c41487f786) Importer(2089858483,b0f066a214c2f5e87bad3c948f4d605d)
Start importing Assets/GamerExtremo/res/Nq.png using Guid(fca84e6ef064c624d9d5c4c41487f786) Importer(2089858483,b0f066a214c2f5e87bad3c948f4d605d) (ScriptedImporter) -> (artifact id: '10db27acc7188a979bec4f750bf2dea4') in 0.0095474 seconds
Number of updated asset objects reloaded before import = 0Number of asset objects unloaded after import = 3

========================================================================
Received Import Request.
  Time since last request: 0.000027 seconds.
  path: Assets/GamerExtremo/RIP/Electric Puzzles_1.5/res/aU.9.png
  artifactKey: Guid(b7c00c89c97c93a498ad58a1eb557419) Importer(2089858483,b0f066a214c2f5e87bad3c948f4d605d)
Start importing Assets/GamerExtremo/RIP/Electric Puzzles_1.5/res/aU.9.png using Guid(b7c00c89c97c93a498ad58a1eb557419) Importer(2089858483,b0f066a214c2f5e87bad3c948f4d605d) (ScriptedImporter) -> (artifact id: '4f58c8bea457769e9fd0de20c468eaf1') in 0.0109264 seconds
Number of updated asset objects reloaded before import = 0Number of asset objects unloaded after import = 3

========================================================================
Received Import Request.
  Time since last request: 0.000021 seconds.
  path: Assets/GamerExtremo/res/HY.png
  artifactKey: Guid(500b543ef563e304e9686e1e71339ea1) Importer(2089858483,b0f066a214c2f5e87bad3c948f4d605d)
Start importing Assets/GamerExtremo/res/HY.png using Guid(500b543ef563e304e9686e1e71339ea1) Importer(2089858483,b0f066a214c2f5e87bad3c948f4d605d) (ScriptedImporter) -> (artifact id: 'f9ac6881df1275d4e5058fc5b5e0e9e1') in 0.0099505 seconds
Number of updated asset objects reloaded before import = 0Number of asset objects unloaded after import = 3

========================================================================
Received Import Request.
  Time since last request: 0.000018 seconds.
  path: Assets/GamerExtremo/res/OM.png
  artifactKey: Guid(baef04e609db4204c9f363735113e0d8) Importer(2089858483,b0f066a214c2f5e87bad3c948f4d605d)
Start importing Assets/GamerExtremo/res/OM.png using Guid(baef04e609db4204c9f363735113e0d8) Importer(2089858483,b0f066a214c2f5e87bad3c948f4d605d) (ScriptedImporter) -> (artifact id: '006a66275b3bd706254ecaef51eb091d') in 0.0088482 seconds
Number of updated asset objects reloaded before import = 0Number of asset objects unloaded after import = 3

========================================================================
Received Import Request.
  Time since last request: 0.000020 seconds.
  path: Assets/GamerExtremo/res/Tn.xml
  artifactKey: Guid(4b201c362c286994ea265ea8a36dae02) Importer(2089858483,b0f066a214c2f5e87bad3c948f4d605d)
Start importing Assets/GamerExtremo/res/Tn.xml using Guid(4b201c362c286994ea265ea8a36dae02) Importer(2089858483,b0f066a214c2f5e87bad3c948f4d605d) (ScriptedImporter) -> (artifact id: '9c29cedadd9008c844d8b5cb3b28356c') in 0.0028638 seconds
Number of updated asset objects reloaded before import = 0Number of asset objects unloaded after import = 1

========================================================================
Received Import Request.
  Time since last request: 0.000127 seconds.
  path: Assets/GamerExtremo/RIP/Electric Puzzles_1.5/✅ New Folder/BULB/rM1.png
  artifactKey: Guid(08aa1872225b1eb4a87b1399f2decf3a) Importer(2089858483,b0f066a214c2f5e87bad3c948f4d605d)
Start importing Assets/GamerExtremo/RIP/Electric Puzzles_1.5/✅ New Folder/BULB/rM1.png using Guid(08aa1872225b1eb4a87b1399f2decf3a) Importer(2089858483,b0f066a214c2f5e87bad3c948f4d605d) (ScriptedImporter) -> (artifact id: '9f826247338474035412b42cfd8292ff') in 0.0078573 seconds
Number of updated asset objects reloaded before import = 0Number of asset objects unloaded after import = 3

========================================================================
Received Import Request.
  Time since last request: 0.000019 seconds.
  path: Assets/GamerExtremo/res/4D.png
  artifactKey: Guid(68801ae2d14c90746b5fc5b4cafc2e46) Importer(2089858483,b0f066a214c2f5e87bad3c948f4d605d)
Start importing Assets/GamerExtremo/res/4D.png using Guid(68801ae2d14c90746b5fc5b4cafc2e46) Importer(2089858483,b0f066a214c2f5e87bad3c948f4d605d) (ScriptedImporter) -> (artifact id: '74af6666ad95713fb74058de72b11cfa') in 0.0068141 seconds
Number of updated asset objects reloaded before import = 0Number of asset objects unloaded after import = 3

========================================================================
Received Import Request.
  Time since last request: 0.000018 seconds.
  path: Assets/GamerExtremo/RIP/Electric Puzzles_1.5/res/7G.xml
  artifactKey: Guid(26b618426d988864f9a376c66c939c34) Importer(2089858483,b0f066a214c2f5e87bad3c948f4d605d)
Start importing Assets/GamerExtremo/RIP/Electric Puzzles_1.5/res/7G.xml using Guid(26b618426d988864f9a376c66c939c34) Importer(2089858483,b0f066a214c2f5e87bad3c948f4d605d) (ScriptedImporter) -> (artifact id: '49ef9ac75ae9e6d1730468a46ad4d3a8') in 0.0038746 seconds
Number of updated asset objects reloaded before import = 0Number of asset objects unloaded after import = 1

========================================================================
Received Import Request.
  Time since last request: 0.000120 seconds.
  path: Assets/GamerExtremo/RIP/Electric Puzzles_1.5/res/D5.png
  artifactKey: Guid(4b3733e043480524ea572ac161345cb1) Importer(2089858483,b0f066a214c2f5e87bad3c948f4d605d)
Start importing Assets/GamerExtremo/RIP/Electric Puzzles_1.5/res/D5.png using Guid(4b3733e043480524ea572ac161345cb1) Importer(2089858483,b0f066a214c2f5e87bad3c948f4d605d) (ScriptedImporter) -> (artifact id: '49722bf60ce201a296dfe523de1e3333') in 0.0111346 seconds
Number of updated asset objects reloaded before import = 0Number of asset objects unloaded after import = 3

========================================================================
Received Import Request.
  Time since last request: 0.000023 seconds.
  path: Assets/GamerExtremo/RIP/Electric Puzzles_1.5/res/gK.9.png
  artifactKey: Guid(b2ef88d4fbc8e674ea10ba8e4a44ca04) Importer(2089858483,b0f066a214c2f5e87bad3c948f4d605d)
Start importing Assets/GamerExtremo/RIP/Electric Puzzles_1.5/res/gK.9.png using Guid(b2ef88d4fbc8e674ea10ba8e4a44ca04) Importer(2089858483,b0f066a214c2f5e87bad3c948f4d605d) (ScriptedImporter) -> (artifact id: 'bce0f11c7b1fef1eb3465f3cc911f3e8') in 0.0091666 seconds
Number of updated asset objects reloaded before import = 0Number of asset objects unloaded after import = 3

========================================================================
Received Import Request.
  Time since last request: 0.000020 seconds.
  path: Assets/GamerExtremo/RIP/Electric Puzzles_1.5/res/RV.png
  artifactKey: Guid(4fb251570a308b64ca0c542d995b1afc) Importer(2089858483,b0f066a214c2f5e87bad3c948f4d605d)
Start importing Assets/GamerExtremo/RIP/Electric Puzzles_1.5/res/RV.png using Guid(4fb251570a308b64ca0c542d995b1afc) Importer(2089858483,b0f066a214c2f5e87bad3c948f4d605d) (ScriptedImporter) -> (artifact id: 'b2c9c618939380acd9ba0724e130ff2e') in 0.0096609 seconds
Number of updated asset objects reloaded before import = 0Number of asset objects unloaded after import = 3

========================================================================
Received Import Request.
  Time since last request: 0.000021 seconds.
  path: Assets/GamerExtremo/RIP/Electric Puzzles_1.5/res/KM.png
  artifactKey: Guid(78c418ed47b1ca84b84db0143f82eca7) Importer(2089858483,b0f066a214c2f5e87bad3c948f4d605d)
Start importing Assets/GamerExtremo/RIP/Electric Puzzles_1.5/res/KM.png using Guid(78c418ed47b1ca84b84db0143f82eca7) Importer(2089858483,b0f066a214c2f5e87bad3c948f4d605d) (ScriptedImporter) -> (artifact id: '867e403dd72c4b424a53cee912764838') in 0.0100201 seconds
Number of updated asset objects reloaded before import = 0Number of asset objects unloaded after import = 3

========================================================================
Received Import Request.
  Time since last request: 0.000041 seconds.
  path: Assets/GamerExtremo/RIP/Electric Puzzles_1.5/FIOS/diagonal L/IA.png
  artifactKey: Guid(d33cfb06ba69f114eb17ec041114f77b) Importer(2089858483,b0f066a214c2f5e87bad3c948f4d605d)
Start importing Assets/GamerExtremo/RIP/Electric Puzzles_1.5/FIOS/diagonal L/IA.png using Guid(d33cfb06ba69f114eb17ec041114f77b) Importer(2089858483,b0f066a214c2f5e87bad3c948f4d605d) (ScriptedImporter) -> (artifact id: 'acf0fa4076bc17d4737f2909b53bf88c') in 0.0075472 seconds
Number of updated asset objects reloaded before import = 0Number of asset objects unloaded after import = 3

========================================================================
Received Import Request.
  Time since last request: 0.000021 seconds.
  path: Assets/GamerExtremo/res/Nf.png
  artifactKey: Guid(1344bfb2ef886c84ab580d03251ab6ad) Importer(2089858483,b0f066a214c2f5e87bad3c948f4d605d)
Start importing Assets/GamerExtremo/res/Nf.png using Guid(1344bfb2ef886c84ab580d03251ab6ad) Importer(2089858483,b0f066a214c2f5e87bad3c948f4d605d) (ScriptedImporter) -> (artifact id: 'c20326e47b3b6004e82b0e194aa62e43') in 0.0091776 seconds
Number of updated asset objects reloaded before import = 0Number of asset objects unloaded after import = 3

========================================================================
Received Import Request.
  Time since last request: 0.000029 seconds.
  path: Assets/GamerExtremo/RIP/Electric Puzzles_1.5/✅ New Folder/PLAY/0k.png
  artifactKey: Guid(1126faa6ffa50014bb8c01d6bf5cc377) Importer(2089858483,b0f066a214c2f5e87bad3c948f4d605d)
Start importing Assets/GamerExtremo/RIP/Electric Puzzles_1.5/✅ New Folder/PLAY/0k.png using Guid(1126faa6ffa50014bb8c01d6bf5cc377) Importer(2089858483,b0f066a214c2f5e87bad3c948f4d605d) (ScriptedImporter) -> (artifact id: 'cbb4b21393adb7d49af29a5916ffde1a') in 0.0077506 seconds
Number of updated asset objects reloaded before import = 0Number of asset objects unloaded after import = 3

========================================================================
Received Import Request.
  Time since last request: 0.000030 seconds.
  path: Assets/GamerExtremo/RIP/Electric Puzzles_1.5/FIOS/branco/uj.9.png
  artifactKey: Guid(9c48eb01d50526941aea38434114cf14) Importer(2089858483,b0f066a214c2f5e87bad3c948f4d605d)
Start importing Assets/GamerExtremo/RIP/Electric Puzzles_1.5/FIOS/branco/uj.9.png using Guid(9c48eb01d50526941aea38434114cf14) Importer(2089858483,b0f066a214c2f5e87bad3c948f4d605d) (ScriptedImporter) -> (artifact id: 'a961baf2e6803cec15f3c39d0ce1dd7e') in 0.0095494 seconds
Number of updated asset objects reloaded before import = 0Number of asset objects unloaded after import = 3

========================================================================
Received Import Request.
  Time since last request: 0.000020 seconds.
  path: Assets/GamerExtremo/RIP/Electric Puzzles_1.5/res/sg.9.png
  artifactKey: Guid(a4100f3f3830a164a83623a3e011c591) Importer(2089858483,b0f066a214c2f5e87bad3c948f4d605d)
Start importing Assets/GamerExtremo/RIP/Electric Puzzles_1.5/res/sg.9.png using Guid(a4100f3f3830a164a83623a3e011c591) Importer(2089858483,b0f066a214c2f5e87bad3c948f4d605d) (ScriptedImporter) -> (artifact id: '0f9d255995a39da41aa2a1ada27a6ee0') in 0.0080262 seconds
Number of updated asset objects reloaded before import = 0Number of asset objects unloaded after import = 3

========================================================================
Received Import Request.
  Time since last request: 0.000027 seconds.
  path: Assets/GamerExtremo/res/T_.png
  artifactKey: Guid(e86e55c71f7c25e4fbe5a564edeeac90) Importer(2089858483,b0f066a214c2f5e87bad3c948f4d605d)
Start importing Assets/GamerExtremo/res/T_.png using Guid(e86e55c71f7c25e4fbe5a564edeeac90) Importer(2089858483,b0f066a214c2f5e87bad3c948f4d605d) (ScriptedImporter) -> (artifact id: '70bb082f3513d5e67e11bc95c84725b1') in 0.0066754 seconds
Number of updated asset objects reloaded before import = 0Number of asset objects unloaded after import = 3

========================================================================
Received Import Request.
  Time since last request: 0.000016 seconds.
  path: Assets/GamerExtremo/RIP/Electric Puzzles_1.5/✅ New Folder/CIRCLE/CIRCLE CENTER BLACK/Th.png
  artifactKey: Guid(c87b8c60e6a18fe4eb9f6fba69b364c2) Importer(2089858483,b0f066a214c2f5e87bad3c948f4d605d)
Start importing Assets/GamerExtremo/RIP/Electric Puzzles_1.5/✅ New Folder/CIRCLE/CIRCLE CENTER BLACK/Th.png using Guid(c87b8c60e6a18fe4eb9f6fba69b364c2) Importer(2089858483,b0f066a214c2f5e87bad3c948f4d605d) (ScriptedImporter) -> (artifact id: '5a2fc16cc5c8b4efbf0d27ac12d63346') in 0.0116418 seconds
Number of updated asset objects reloaded before import = 0Number of asset objects unloaded after import = 3

========================================================================
Received Import Request.
  Time since last request: 0.000020 seconds.
  path: Assets/GamerExtremo/RIP/Electric Puzzles_1.5/✅ New Folder/UPDATE/TIME
  artifactKey: Guid(577eab245392bce48b298f976e534a7b) Importer(2089858483,b0f066a214c2f5e87bad3c948f4d605d)
Start importing Assets/GamerExtremo/RIP/Electric Puzzles_1.5/✅ New Folder/UPDATE/TIME using Guid(577eab245392bce48b298f976e534a7b) Importer(2089858483,b0f066a214c2f5e87bad3c948f4d605d) (ScriptedImporter) -> (artifact id: '6eac71539c69aae3f2ca24d9a5dcaec0') in 0.0028222 seconds
Number of updated asset objects reloaded before import = 0Number of asset objects unloaded after import = 1

========================================================================
Received Import Request.
  Time since last request: 0.000140 seconds.
  path: Assets/GamerExtremo/RIP/Electric Puzzles_1.5/res/NZ.9.png
  artifactKey: Guid(526662d0caa5fb84eba1297342297b69) Importer(2089858483,b0f066a214c2f5e87bad3c948f4d605d)
Start importing Assets/GamerExtremo/RIP/Electric Puzzles_1.5/res/NZ.9.png using Guid(526662d0caa5fb84eba1297342297b69) Importer(2089858483,b0f066a214c2f5e87bad3c948f4d605d) (ScriptedImporter) -> (artifact id: 'fa071bc44addd916af167bbdda595a08') in 0.0091039 seconds
Number of updated asset objects reloaded before import = 0Number of asset objects unloaded after import = 3

========================================================================
Received Import Request.
  Time since last request: 0.000016 seconds.
  path: Assets/GamerExtremo/RIP/Electric Puzzles_1.5/res/lL.png
  artifactKey: Guid(687cce51669b4f940a666ff5d6495477) Importer(2089858483,b0f066a214c2f5e87bad3c948f4d605d)
Start importing Assets/GamerExtremo/RIP/Electric Puzzles_1.5/res/lL.png using Guid(687cce51669b4f940a666ff5d6495477) Importer(2089858483,b0f066a214c2f5e87bad3c948f4d605d) (ScriptedImporter) -> (artifact id: '29d51d38fd6ac914016504300538ad78') in 0.1052806 seconds
Number of updated asset objects reloaded before import = 0Number of asset objects unloaded after import = 3

========================================================================
Received Import Request.
  Time since last request: 0.000015 seconds.
  path: Assets/GamerExtremo/res/uQ.png
  artifactKey: Guid(ed1e32463a4142140b994e625a76faf4) Importer(2089858483,b0f066a214c2f5e87bad3c948f4d605d)
Start importing Assets/GamerExtremo/res/uQ.png using Guid(ed1e32463a4142140b994e625a76faf4) Importer(2089858483,b0f066a214c2f5e87bad3c948f4d605d) (ScriptedImporter) -> (artifact id: '6915699e2b0cf06ae14ff492aec61bdd') in 0.0093592 seconds
Number of updated asset objects reloaded before import = 0Number of asset objects unloaded after import = 3

========================================================================
Received Import Request.
  Time since last request: 0.000048 seconds.
  path: Assets/GamerExtremo/res/gj.9.png
  artifactKey: Guid(a5d26dced6b0b6349b1e9be90c6b2ad7) Importer(2089858483,b0f066a214c2f5e87bad3c948f4d605d)
Start importing Assets/GamerExtremo/res/gj.9.png using Guid(a5d26dced6b0b6349b1e9be90c6b2ad7) Importer(2089858483,b0f066a214c2f5e87bad3c948f4d605d) (ScriptedImporter) -> (artifact id: '075a410ef4716510bead30f9fcf20073') in 0.0074065 seconds
Number of updated asset objects reloaded before import = 0Number of asset objects unloaded after import = 3

========================================================================
Received Import Request.
  Time since last request: 0.000019 seconds.
  path: Assets/GamerExtremo/res/A1.png
  artifactKey: Guid(13030a9372a131f41be4698829ec35be) Importer(2089858483,b0f066a214c2f5e87bad3c948f4d605d)
Start importing Assets/GamerExtremo/res/A1.png using Guid(13030a9372a131f41be4698829ec35be) Importer(2089858483,b0f066a214c2f5e87bad3c948f4d605d) (ScriptedImporter) -> (artifact id: '6c3f334ed58f194702722d730c34fc40') in 0.0077765 seconds
Number of updated asset objects reloaded before import = 0Number of asset objects unloaded after import = 3

========================================================================
Received Import Request.
  Time since last request: 0.000015 seconds.
  path: Assets/GamerExtremo/RIP/Electric Puzzles_1.5/res/color-v23/abc_color_highlight_material.xml
  artifactKey: Guid(8877397ae5d28464e830da3a225ee1f9) Importer(2089858483,b0f066a214c2f5e87bad3c948f4d605d)
Start importing Assets/GamerExtremo/RIP/Electric Puzzles_1.5/res/color-v23/abc_color_highlight_material.xml using Guid(8877397ae5d28464e830da3a225ee1f9) Importer(2089858483,b0f066a214c2f5e87bad3c948f4d605d) (ScriptedImporter) -> (artifact id: '38b27017fdfacf4ecd2603057e714823') in 0.0047119 seconds
Number of updated asset objects reloaded before import = 0Number of asset objects unloaded after import = 1

========================================================================
Received Import Request.
  Time since last request: 0.000160 seconds.
  path: Assets/GamerExtremo/res/L5.png
  artifactKey: Guid(b245b4240f07f5e45a7025ab4befc978) Importer(2089858483,b0f066a214c2f5e87bad3c948f4d605d)
Start importing Assets/GamerExtremo/res/L5.png using Guid(b245b4240f07f5e45a7025ab4befc978) Importer(2089858483,b0f066a214c2f5e87bad3c948f4d605d) (ScriptedImporter) -> (artifact id: '0af73b8e5c773747f88e6a4cc1ed4760') in 0.1124903 seconds
Number of updated asset objects reloaded before import = 0Number of asset objects unloaded after import = 3

========================================================================
Received Import Request.
  Time since last request: 0.000050 seconds.
  path: Assets/GamerExtremo/RIP/Electric Puzzles_1.5/res/Vt.mp3
  artifactKey: Guid(c5e5198fcece5d941a47cfbb711b9447) Importer(2089858483,b0f066a214c2f5e87bad3c948f4d605d)
Start importing Assets/GamerExtremo/RIP/Electric Puzzles_1.5/res/Vt.mp3 using Guid(c5e5198fcece5d941a47cfbb711b9447) Importer(2089858483,b0f066a214c2f5e87bad3c948f4d605d) (ScriptedImporter) -> (artifact id: '41cfdbfe81e524afdae698d7e069f914') in 0.036044 seconds
Number of updated asset objects reloaded before import = 0Number of asset objects unloaded after import = 1

========================================================================
Received Import Request.
  Time since last request: 0.000162 seconds.
  path: Assets/GamerExtremo/RIP/Electric Puzzles_1.5/res/Zq.png
  artifactKey: Guid(f171453049aee0e40974e7684deddc56) Importer(2089858483,b0f066a214c2f5e87bad3c948f4d605d)
Start importing Assets/GamerExtremo/RIP/Electric Puzzles_1.5/res/Zq.png using Guid(f171453049aee0e40974e7684deddc56) Importer(2089858483,b0f066a214c2f5e87bad3c948f4d605d) (ScriptedImporter) -> (artifact id: 'e753da58ce8d81c5984cf77425059fde') in 0.0764562 seconds
Number of updated asset objects reloaded before import = 0Number of asset objects unloaded after import = 3

========================================================================
Received Import Request.
  Time since last request: 0.000097 seconds.
  path: Assets/GamerExtremo/res/dP1.png
  artifactKey: Guid(56b61b15cd3adcc4ab540cdf724cb35b) Importer(2089858483,b0f066a214c2f5e87bad3c948f4d605d)
Start importing Assets/GamerExtremo/res/dP1.png using Guid(56b61b15cd3adcc4ab540cdf724cb35b) Importer(2089858483,b0f066a214c2f5e87bad3c948f4d605d) (ScriptedImporter) -> (artifact id: '0191c69fe1f330cdb70225f60bfe54e0') in 0.0112147 seconds
Number of updated asset objects reloaded before import = 0Number of asset objects unloaded after import = 3

========================================================================
Received Import Request.
  Time since last request: 0.000018 seconds.
  path: Assets/GamerExtremo/res/i_.png
  artifactKey: Guid(c78eb2683f4b7f0409f230c9f6e210f0) Importer(2089858483,b0f066a214c2f5e87bad3c948f4d605d)
Start importing Assets/GamerExtremo/res/i_.png using Guid(c78eb2683f4b7f0409f230c9f6e210f0) Importer(2089858483,b0f066a214c2f5e87bad3c948f4d605d) (ScriptedImporter) -> (artifact id: '4fa56d5d64ce9088526e5d9ab6d9b5a0') in 0.1021853 seconds
Number of updated asset objects reloaded before import = 0Number of asset objects unloaded after import = 3

========================================================================
Received Import Request.
  Time since last request: 0.000104 seconds.
  path: Assets/GamerExtremo/RIP/Electric Puzzles_1.5/FIOS/verde/AE.png
  artifactKey: Guid(a983b3858d6a24641901325999233e5a) Importer(2089858483,b0f066a214c2f5e87bad3c948f4d605d)
Start importing Assets/GamerExtremo/RIP/Electric Puzzles_1.5/FIOS/verde/AE.png using Guid(a983b3858d6a24641901325999233e5a) Importer(2089858483,b0f066a214c2f5e87bad3c948f4d605d) (ScriptedImporter) -> (artifact id: '6619304adfbaf85de6ca7c7e63f1fed7') in 0.006798 seconds
Number of updated asset objects reloaded before import = 0Number of asset objects unloaded after import = 3

========================================================================
Received Import Request.
  Time since last request: 0.000039 seconds.
  path: Assets/GamerExtremo/RIP/Electric Puzzles_1.5/res/Lf.xml
  artifactKey: Guid(28c056abdb977a543944a8dbd5c7eebd) Importer(2089858483,b0f066a214c2f5e87bad3c948f4d605d)
Start importing Assets/GamerExtremo/RIP/Electric Puzzles_1.5/res/Lf.xml using Guid(28c056abdb977a543944a8dbd5c7eebd) Importer(2089858483,b0f066a214c2f5e87bad3c948f4d605d) (ScriptedImporter) -> (artifact id: '70bc22cdbba48cd165133e465bf9a358') in 0.0032444 seconds
Number of updated asset objects reloaded before import = 0Number of asset objects unloaded after import = 1

========================================================================
Received Import Request.
  Time since last request: 0.000150 seconds.
  path: Assets/GamerExtremo/RIP/Electric Puzzles_1.5/res/Vq.png
  artifactKey: Guid(0ffd880527ed2634ba05d5452b886e5d) Importer(2089858483,b0f066a214c2f5e87bad3c948f4d605d)
Start importing Assets/GamerExtremo/RIP/Electric Puzzles_1.5/res/Vq.png using Guid(0ffd880527ed2634ba05d5452b886e5d) Importer(2089858483,b0f066a214c2f5e87bad3c948f4d605d) (ScriptedImporter) -> (artifact id: '9ba874d391c0dc258816b19af354315e') in 0.1100063 seconds
Number of updated asset objects reloaded before import = 0Number of asset objects unloaded after import = 3

========================================================================
Received Import Request.
  Time since last request: 0.000138 seconds.
  path: Assets/GamerExtremo/Resources/Enemy1/skeleton_1_walk (4).png
  artifactKey: Guid(d38c090e26f3a2c42bc4df577e2269d3) Importer(2089858483,b0f066a214c2f5e87bad3c948f4d605d)
Start importing Assets/GamerExtremo/Resources/Enemy1/skeleton_1_walk (4).png using Guid(d38c090e26f3a2c42bc4df577e2269d3) Importer(2089858483,b0f066a214c2f5e87bad3c948f4d605d) (ScriptedImporter) -> (artifact id: '8d677af191d1ea1b0633382db1f84fa4') in 0.0115096 seconds
Number of updated asset objects reloaded before import = 0Number of asset objects unloaded after import = 3

========================================================================
Received Import Request.
  Time since last request: 0.000164 seconds.
  path: Assets/GamerExtremo/RIP/Electric Puzzles_1.5/SQUARE/black/C_.9.png
  artifactKey: Guid(9e3bd548b5ded4347a01cf0e7a6aca29) Importer(2089858483,b0f066a214c2f5e87bad3c948f4d605d)
Start importing Assets/GamerExtremo/RIP/Electric Puzzles_1.5/SQUARE/black/C_.9.png using Guid(9e3bd548b5ded4347a01cf0e7a6aca29) Importer(2089858483,b0f066a214c2f5e87bad3c948f4d605d) (ScriptedImporter) -> (artifact id: '52fd43750861028a93f0f6f7348331e5') in 0.0084383 seconds
Number of updated asset objects reloaded before import = 0Number of asset objects unloaded after import = 3

========================================================================
Received Import Request.
  Time since last request: 0.000039 seconds.
  path: Assets/GamerExtremo/res/VL.png
  artifactKey: Guid(43f3b73501fa83d4bb3c12c03d4422cf) Importer(2089858483,b0f066a214c2f5e87bad3c948f4d605d)
Start importing Assets/GamerExtremo/res/VL.png using Guid(43f3b73501fa83d4bb3c12c03d4422cf) Importer(2089858483,b0f066a214c2f5e87bad3c948f4d605d) (ScriptedImporter) -> (artifact id: 'db2d29d0587832dbf229417b85175250') in 0.0068513 seconds
Number of updated asset objects reloaded before import = 0Number of asset objects unloaded after import = 3

========================================================================
Received Import Request.
  Time since last request: 0.000018 seconds.
  path: Assets/GamerExtremo/res/color-v23/abc_color_highlight_material.xml
  artifactKey: Guid(4e903e57e4a11a943b0b3c747cf7c2de) Importer(2089858483,b0f066a214c2f5e87bad3c948f4d605d)
Start importing Assets/GamerExtremo/res/color-v23/abc_color_highlight_material.xml using Guid(4e903e57e4a11a943b0b3c747cf7c2de) Importer(2089858483,b0f066a214c2f5e87bad3c948f4d605d) (ScriptedImporter) -> (artifact id: '5462488806df2a979abd041be57a3e90') in 0.0033318 seconds
Number of updated asset objects reloaded before import = 0Number of asset objects unloaded after import = 1

========================================================================
Received Import Request.
  Time since last request: 0.000170 seconds.
  path: Assets/GamerExtremo/RIP/Electric Puzzles_1.5/FIOS/black
  artifactKey: Guid(1cdc80bebe543e346bb659e5a5f089cf) Importer(2089858483,b0f066a214c2f5e87bad3c948f4d605d)
Start importing Assets/GamerExtremo/RIP/Electric Puzzles_1.5/FIOS/black using Guid(1cdc80bebe543e346bb659e5a5f089cf) Importer(2089858483,b0f066a214c2f5e87bad3c948f4d605d) (ScriptedImporter) -> (artifact id: 'b261e55153151e983228bd8f6de39be9') in 0.1031802 seconds
Number of updated asset objects reloaded before import = 0Number of asset objects unloaded after import = 1

========================================================================
Received Import Request.
  Time since last request: 0.000101 seconds.
  path: Assets/GamerExtremo/RIP/Electric Puzzles_1.5/res/6i.png
  artifactKey: Guid(a5b40b801fc77804cbce72bb610424f2) Importer(2089858483,b0f066a214c2f5e87bad3c948f4d605d)
Start importing Assets/GamerExtremo/RIP/Electric Puzzles_1.5/res/6i.png using Guid(a5b40b801fc77804cbce72bb610424f2) Importer(2089858483,b0f066a214c2f5e87bad3c948f4d605d) (ScriptedImporter) -> (artifact id: 'b2b8cc9fafd964db5f7dbfb9ae5200f0') in 0.0081272 seconds
Number of updated asset objects reloaded before import = 0Number of asset objects unloaded after import = 3

========================================================================
Received Import Request.
  Time since last request: 0.000017 seconds.
  path: Assets/GamerExtremo/RIP/Electric Puzzles_1.5/res/5J.9.png
  artifactKey: Guid(8e007923db8295a40b199afe1cf42f2c) Importer(2089858483,b0f066a214c2f5e87bad3c948f4d605d)
Start importing Assets/GamerExtremo/RIP/Electric Puzzles_1.5/res/5J.9.png using Guid(8e007923db8295a40b199afe1cf42f2c) Importer(2089858483,b0f066a214c2f5e87bad3c948f4d605d) (ScriptedImporter) -> (artifact id: 'cc5e99299718f328d3965f77bc99b64c') in 0.0069847 seconds
Number of updated asset objects reloaded before import = 0Number of asset objects unloaded after import = 3

========================================================================
Received Import Request.
  Time since last request: 0.000026 seconds.
  path: Assets/GamerExtremo/Pictures/wire_el_block.png
  artifactKey: Guid(74b9128ac01dfe0458342500ae4ba762) Importer(2089858483,b0f066a214c2f5e87bad3c948f4d605d)
Start importing Assets/GamerExtremo/Pictures/wire_el_block.png using Guid(74b9128ac01dfe0458342500ae4ba762) Importer(2089858483,b0f066a214c2f5e87bad3c948f4d605d) (ScriptedImporter) -> (artifact id: '6fb34e6b6a831cdd8b0ca26e80b96235') in 0.0075603 seconds
Number of updated asset objects reloaded before import = 0Number of asset objects unloaded after import = 3

========================================================================
Received Import Request.
  Time since last request: 0.000016 seconds.
  path: Assets/GamerExtremo/res/xQ.png
  artifactKey: Guid(14aae818cf20ed347b96365e8c69f072) Importer(2089858483,b0f066a214c2f5e87bad3c948f4d605d)
Start importing Assets/GamerExtremo/res/xQ.png using Guid(14aae818cf20ed347b96365e8c69f072) Importer(2089858483,b0f066a214c2f5e87bad3c948f4d605d) (ScriptedImporter) -> (artifact id: '3f9aaa3edf79ebf0cf31106ac4a2e5d3') in 0.0959011 seconds
Number of updated asset objects reloaded before import = 0Number of asset objects unloaded after import = 3

========================================================================
Received Import Request.
  Time since last request: 0.000114 seconds.
  path: Assets/GamerExtremo/RIP/Electric Puzzles_1.5/Pictures/wire_200 1.png
  artifactKey: Guid(e972d20eefbc3c64db113136e1a71408) Importer(2089858483,b0f066a214c2f5e87bad3c948f4d605d)
Start importing Assets/GamerExtremo/RIP/Electric Puzzles_1.5/Pictures/wire_200 1.png using Guid(e972d20eefbc3c64db113136e1a71408) Importer(2089858483,b0f066a214c2f5e87bad3c948f4d605d) (ScriptedImporter) -> (artifact id: '035bb48a6e8a4922b5bd4127aa0a4906') in 0.0165148 seconds
Number of updated asset objects reloaded before import = 0Number of asset objects unloaded after import = 3

========================================================================
Received Import Request.
  Time since last request: 0.000135 seconds.
  path: Assets/GamerExtremo/RIP/Electric Puzzles_1.5/res/U0.png
  artifactKey: Guid(ce071a3271d4727479f8e53bb0195596) Importer(2089858483,b0f066a214c2f5e87bad3c948f4d605d)
Start importing Assets/GamerExtremo/RIP/Electric Puzzles_1.5/res/U0.png using Guid(ce071a3271d4727479f8e53bb0195596) Importer(2089858483,b0f066a214c2f5e87bad3c948f4d605d) (ScriptedImporter) -> (artifact id: '709882ee8251538e4973b1992436469f') in 0.0901866 seconds
Number of updated asset objects reloaded before import = 0Number of asset objects unloaded after import = 3

========================================================================
Received Import Request.
  Time since last request: 0.000052 seconds.
  path: Assets/GamerExtremo/RIP/Electric Puzzles_1.5/✅ New Folder/SETA DOWN/Tj.9.png
  artifactKey: Guid(d5244d8e4bba708408d4df881c3efd1c) Importer(2089858483,b0f066a214c2f5e87bad3c948f4d605d)
Start importing Assets/GamerExtremo/RIP/Electric Puzzles_1.5/✅ New Folder/SETA DOWN/Tj.9.png using Guid(d5244d8e4bba708408d4df881c3efd1c) Importer(2089858483,b0f066a214c2f5e87bad3c948f4d605d) (ScriptedImporter) -> (artifact id: 'c5cdf585b0ef25c1f88596dc36c84b3f') in 0.1005036 seconds
Number of updated asset objects reloaded before import = 0Number of asset objects unloaded after import = 3

========================================================================
Received Import Request.
  Time since last request: 0.000027 seconds.
  path: Assets/GamerExtremo/RIP/Electric Puzzles_1.5/✅ New Folder/XML/oP.xml
  artifactKey: Guid(e84dec655bfdb504ebd82b18b46a6cc8) Importer(2089858483,b0f066a214c2f5e87bad3c948f4d605d)
Start importing Assets/GamerExtremo/RIP/Electric Puzzles_1.5/✅ New Folder/XML/oP.xml using Guid(e84dec655bfdb504ebd82b18b46a6cc8) Importer(2089858483,b0f066a214c2f5e87bad3c948f4d605d) (ScriptedImporter) -> (artifact id: 'ea11ac6ae91f222737285a70502d6632') in 0.0092868 seconds
Number of updated asset objects reloaded before import = 0Number of asset objects unloaded after import = 1

========================================================================
Received Import Request.
  Time since last request: 0.000044 seconds.
  path: Assets/GamerExtremo/RIP/Electric Puzzles_1.5/res/fM.9.png
  artifactKey: Guid(d354f62a7fd714e4aad7760841226ca7) Importer(2089858483,b0f066a214c2f5e87bad3c948f4d605d)
Start importing Assets/GamerExtremo/RIP/Electric Puzzles_1.5/res/fM.9.png using Guid(d354f62a7fd714e4aad7760841226ca7) Importer(2089858483,b0f066a214c2f5e87bad3c948f4d605d) (ScriptedImporter) -> (artifact id: 'd7a07249d4f3817a6191f0d943e8e690') in 0.0114924 seconds
Number of updated asset objects reloaded before import = 0Number of asset objects unloaded after import = 3

========================================================================
Received Import Request.
  Time since last request: 0.000019 seconds.
  path: Assets/GamerExtremo/RIP/Electric Puzzles_1.5/res/ej.9.png
  artifactKey: Guid(4df05e89a0801e1459276cff4121b077) Importer(2089858483,b0f066a214c2f5e87bad3c948f4d605d)
Start importing Assets/GamerExtremo/RIP/Electric Puzzles_1.5/res/ej.9.png using Guid(4df05e89a0801e1459276cff4121b077) Importer(2089858483,b0f066a214c2f5e87bad3c948f4d605d) (ScriptedImporter) -> (artifact id: '7dccf5c64c831992f9ffb9f23bdafc21') in 0.0107056 seconds
Number of updated asset objects reloaded before import = 0Number of asset objects unloaded after import = 3

========================================================================
Received Import Request.
  Time since last request: 0.000025 seconds.
  path: Assets/GamerExtremo/RIP/Electric Puzzles_1.5/✅ New Folder/SOM
  artifactKey: Guid(cd70a727e4e734f45997216db2f3a6f0) Importer(2089858483,b0f066a214c2f5e87bad3c948f4d605d)
Start importing Assets/GamerExtremo/RIP/Electric Puzzles_1.5/✅ New Folder/SOM using Guid(cd70a727e4e734f45997216db2f3a6f0) Importer(2089858483,b0f066a214c2f5e87bad3c948f4d605d) (ScriptedImporter) -> (artifact id: 'c4e0a544f4b55694595a2b700ecffa6c') in 0.0031813 seconds
Number of updated asset objects reloaded before import = 0Number of asset objects unloaded after import = 1

========================================================================
Received Import Request.
  Time since last request: 0.000182 seconds.
  path: Assets/GamerExtremo/RIP/Electric Puzzles_1.5/res/RD.png
  artifactKey: Guid(45aac4ad79ce5c94592aae4bcc145f4c) Importer(2089858483,b0f066a214c2f5e87bad3c948f4d605d)
Start importing Assets/GamerExtremo/RIP/Electric Puzzles_1.5/res/RD.png using Guid(45aac4ad79ce5c94592aae4bcc145f4c) Importer(2089858483,b0f066a214c2f5e87bad3c948f4d605d) (ScriptedImporter) -> (artifact id: '2b3c59deaedfebb2943526136efa3ef3') in 0.1004924 seconds
Number of updated asset objects reloaded before import = 0Number of asset objects unloaded after import = 3

========================================================================
Received Import Request.
  Time since last request: 0.000020 seconds.
  path: Assets/GamerExtremo/RIP/Electric Puzzles_1.5/res/9X.9.png
  artifactKey: Guid(5b49c3a016d020144b05f4307aca0d6e) Importer(2089858483,b0f066a214c2f5e87bad3c948f4d605d)
Start importing Assets/GamerExtremo/RIP/Electric Puzzles_1.5/res/9X.9.png using Guid(5b49c3a016d020144b05f4307aca0d6e) Importer(2089858483,b0f066a214c2f5e87bad3c948f4d605d) (ScriptedImporter) -> (artifact id: 'aaf03f1a4f33fe073ab94852e710af6a') in 0.0092883 seconds
Number of updated asset objects reloaded before import = 0Number of asset objects unloaded after import = 3

========================================================================
Received Import Request.
  Time since last request: 0.000021 seconds.
  path: Assets/GamerExtremo/RIP/Electric Puzzles_1.5/res/D1.png
  artifactKey: Guid(2a452bb1b17ce17499e35535fdd5258d) Importer(2089858483,b0f066a214c2f5e87bad3c948f4d605d)
Start importing Assets/GamerExtremo/RIP/Electric Puzzles_1.5/res/D1.png using Guid(2a452bb1b17ce17499e35535fdd5258d) Importer(2089858483,b0f066a214c2f5e87bad3c948f4d605d) (ScriptedImporter) -> (artifact id: 'd769c367b82a6094a4de82b7a9f661d8') in 0.0084422 seconds
Number of updated asset objects reloaded before import = 0Number of asset objects unloaded after import = 3

========================================================================
Received Import Request.
  Time since last request: 0.000043 seconds.
  path: Assets/GamerExtremo/RIP/Electric Puzzles_1.5/res/2x.png
  artifactKey: Guid(74ad5a89e0e0d144d9ee667bf6a4ccd9) Importer(2089858483,b0f066a214c2f5e87bad3c948f4d605d)
Start importing Assets/GamerExtremo/RIP/Electric Puzzles_1.5/res/2x.png using Guid(74ad5a89e0e0d144d9ee667bf6a4ccd9) Importer(2089858483,b0f066a214c2f5e87bad3c948f4d605d) (ScriptedImporter) -> (artifact id: '18f4b67cb71fac11431033603688e9b1') in 0.0946898 seconds
Number of updated asset objects reloaded before import = 0Number of asset objects unloaded after import = 3

========================================================================
Received Import Request.
  Time since last request: 0.000033 seconds.
  path: Assets/GamerExtremo/res/DY.png
  artifactKey: Guid(763851916693a6c41892d54989f6b14b) Importer(2089858483,b0f066a214c2f5e87bad3c948f4d605d)
Start importing Assets/GamerExtremo/res/DY.png using Guid(763851916693a6c41892d54989f6b14b) Importer(2089858483,b0f066a214c2f5e87bad3c948f4d605d) (ScriptedImporter) -> (artifact id: '3576d6d82e78245ab087d9bb1e2eb95f') in 0.0125372 seconds
Number of updated asset objects reloaded before import = 0Number of asset objects unloaded after import = 3

========================================================================
Received Import Request.
  Time since last request: 0.000048 seconds.
  path: Assets/GamerExtremo/RIP/Electric Puzzles_1.5/FIOS/TL/o1.png
  artifactKey: Guid(deaf67e4b80d91244b66c915d31b5264) Importer(2089858483,b0f066a214c2f5e87bad3c948f4d605d)
Start importing Assets/GamerExtremo/RIP/Electric Puzzles_1.5/FIOS/TL/o1.png using Guid(deaf67e4b80d91244b66c915d31b5264) Importer(2089858483,b0f066a214c2f5e87bad3c948f4d605d) (ScriptedImporter) -> (artifact id: 'c642df8a5577c18710598b43745198fa') in 0.0253179 seconds
Number of updated asset objects reloaded before import = 0Number of asset objects unloaded after import = 3

========================================================================
Received Import Request.
  Time since last request: 0.000025 seconds.
  path: Assets/GamerExtremo/RIP/Electric Puzzles_1.5/res/Yt.9.png
  artifactKey: Guid(60922a54789264f46985d6074e5a59d8) Importer(2089858483,b0f066a214c2f5e87bad3c948f4d605d)
Start importing Assets/GamerExtremo/RIP/Electric Puzzles_1.5/res/Yt.9.png using Guid(60922a54789264f46985d6074e5a59d8) Importer(2089858483,b0f066a214c2f5e87bad3c948f4d605d) (ScriptedImporter) -> (artifact id: 'eb4a983eebf51311004eb3ce8df7909d') in 0.0168202 seconds
Number of updated asset objects reloaded before import = 0Number of asset objects unloaded after import = 3

========================================================================
Received Import Request.
  Time since last request: 0.000035 seconds.
  path: Assets/GamerExtremo/res/Us.png
  artifactKey: Guid(a24157d4ccaaed34a9b4436e05cd4d25) Importer(2089858483,b0f066a214c2f5e87bad3c948f4d605d)
Start importing Assets/GamerExtremo/res/Us.png using Guid(a24157d4ccaaed34a9b4436e05cd4d25) Importer(2089858483,b0f066a214c2f5e87bad3c948f4d605d) (ScriptedImporter) -> (artifact id: '8905eac5017c3309d1918114237085a5') in 0.0895625 seconds
Number of updated asset objects reloaded before import = 0Number of asset objects unloaded after import = 3

========================================================================
Received Import Request.
  Time since last request: 0.000029 seconds.
  path: Assets/GamerExtremo/RIP/Electric Puzzles_1.5/FIOS/TL
  artifactKey: Guid(6307206f137df1c47aef01dc5e3d320c) Importer(2089858483,b0f066a214c2f5e87bad3c948f4d605d)
Start importing Assets/GamerExtremo/RIP/Electric Puzzles_1.5/FIOS/TL using Guid(6307206f137df1c47aef01dc5e3d320c) Importer(2089858483,b0f066a214c2f5e87bad3c948f4d605d) (ScriptedImporter) -> (artifact id: '4fd09498954444320583ced1e18bbd5c') in 0.0080609 seconds
Number of updated asset objects reloaded before import = 0Number of asset objects unloaded after import = 1

========================================================================
Received Import Request.
  Time since last request: 0.000271 seconds.
  path: Assets/GamerExtremo/RIP/Electric Puzzles_1.5/✅ New Folder/HOME/PQ.png
  artifactKey: Guid(8ecdc6bc059effa45989e6a37eaeaeb1) Importer(2089858483,b0f066a214c2f5e87bad3c948f4d605d)
Start importing Assets/GamerExtremo/RIP/Electric Puzzles_1.5/✅ New Folder/HOME/PQ.png using Guid(8ecdc6bc059effa45989e6a37eaeaeb1) Importer(2089858483,b0f066a214c2f5e87bad3c948f4d605d) (ScriptedImporter) -> (artifact id: '2034a44d66ce7bc4cf37fc0534e6a43b') in 0.0206578 seconds
Number of updated asset objects reloaded before import = 0Number of asset objects unloaded after import = 3

========================================================================
Received Import Request.
  Time since last request: 0.000022 seconds.
  path: Assets/GamerExtremo/RIP/Electric Puzzles_1.5/✅ New Folder/CAM/Ag.png
  artifactKey: Guid(915a7661a75985d49bae88748742599a) Importer(2089858483,b0f066a214c2f5e87bad3c948f4d605d)
Start importing Assets/GamerExtremo/RIP/Electric Puzzles_1.5/✅ New Folder/CAM/Ag.png using Guid(915a7661a75985d49bae88748742599a) Importer(2089858483,b0f066a214c2f5e87bad3c948f4d605d) (ScriptedImporter) -> (artifact id: '9af540228d95b8cb19fff11fe8a94b1a') in 0.0239441 seconds
Number of updated asset objects reloaded before import = 0Number of asset objects unloaded after import = 3

========================================================================
Received Import Request.
  Time since last request: 0.000277 seconds.
  path: Assets/GamerExtremo/res/xu1.png
  artifactKey: Guid(0f322ee2d98c92f41983ef9cbb08f79c) Importer(2089858483,b0f066a214c2f5e87bad3c948f4d605d)
Start importing Assets/GamerExtremo/res/xu1.png using Guid(0f322ee2d98c92f41983ef9cbb08f79c) Importer(2089858483,b0f066a214c2f5e87bad3c948f4d605d) (ScriptedImporter) -> (artifact id: '75e992515e98e879b828762267781d79') in 0.0178325 seconds
Number of updated asset objects reloaded before import = 0Number of asset objects unloaded after import = 3

========================================================================
Received Import Request.
  Time since last request: 0.000028 seconds.
  path: Assets/GamerExtremo/RIP/Electric Puzzles_1.5/SQUARE/4 Square verde/vL.9.png
  artifactKey: Guid(75cdcd4685b32eb4080691b6289d38d2) Importer(2089858483,b0f066a214c2f5e87bad3c948f4d605d)
Start importing Assets/GamerExtremo/RIP/Electric Puzzles_1.5/SQUARE/4 Square verde/vL.9.png using Guid(75cdcd4685b32eb4080691b6289d38d2) Importer(2089858483,b0f066a214c2f5e87bad3c948f4d605d) (ScriptedImporter) -> (artifact id: '69ea94016c8abfa11408ed74583990be') in 0.1162929 seconds
Number of updated asset objects reloaded before import = 0Number of asset objects unloaded after import = 3

========================================================================
Received Import Request.
  Time since last request: 0.000054 seconds.
  path: Assets/GamerExtremo/res/BL.9.png
  artifactKey: Guid(d0e378383ad7d654ab0dd3e75183eed3) Importer(2089858483,b0f066a214c2f5e87bad3c948f4d605d)
Start importing Assets/GamerExtremo/res/BL.9.png using Guid(d0e378383ad7d654ab0dd3e75183eed3) Importer(2089858483,b0f066a214c2f5e87bad3c948f4d605d) (ScriptedImporter) -> (artifact id: '861e62b6e8c56d193610c5b1897a4101') in 0.0168962 seconds
Number of updated asset objects reloaded before import = 0Number of asset objects unloaded after import = 3

========================================================================
Received Import Request.
  Time since last request: 0.000026 seconds.
  path: Assets/GamerExtremo/res/0K.xml
  artifactKey: Guid(e8f9f727ba4474142a314607fce94411) Importer(2089858483,b0f066a214c2f5e87bad3c948f4d605d)
Start importing Assets/GamerExtremo/res/0K.xml using Guid(e8f9f727ba4474142a314607fce94411) Importer(2089858483,b0f066a214c2f5e87bad3c948f4d605d) (ScriptedImporter) -> (artifact id: 'c4b789b1fb3f643f1605a92a600d51d3') in 0.058922 seconds
Number of updated asset objects reloaded before import = 0Number of asset objects unloaded after import = 1

========================================================================
Received Import Request.
  Time since last request: 0.000022 seconds.
  path: Assets/GamerExtremo/res/J2.png
  artifactKey: Guid(4c7ce38cf6af07f48b4a25385ac4614b) Importer(2089858483,b0f066a214c2f5e87bad3c948f4d605d)
Start importing Assets/GamerExtremo/res/J2.png using Guid(4c7ce38cf6af07f48b4a25385ac4614b) Importer(2089858483,b0f066a214c2f5e87bad3c948f4d605d) (ScriptedImporter) -> (artifact id: 'fe9cd3fe60e358c989f519df5efc42ad') in 0.1135659 seconds
Number of updated asset objects reloaded before import = 0Number of asset objects unloaded after import = 3

========================================================================
Received Import Request.
  Time since last request: 0.000025 seconds.
  path: Assets/GamerExtremo/RIP/Electric Puzzles_1.5/FIOS/fio fundo verde claro
  artifactKey: Guid(c4a412f89cfa2824cac7d32f6b06fcf8) Importer(2089858483,b0f066a214c2f5e87bad3c948f4d605d)
Start importing Assets/GamerExtremo/RIP/Electric Puzzles_1.5/FIOS/fio fundo verde claro using Guid(c4a412f89cfa2824cac7d32f6b06fcf8) Importer(2089858483,b0f066a214c2f5e87bad3c948f4d605d) (ScriptedImporter) -> (artifact id: 'c164f47b592c0c839ece99a5d83141cd') in 0.0064286 seconds
Number of updated asset objects reloaded before import = 0Number of asset objects unloaded after import = 1

========================================================================
Received Import Request.
  Time since last request: 0.000072 seconds.
  path: Assets/GamerExtremo/RIP/Electric Puzzles_1.5/SQUARE/retangulo azul branco/us.9.png
  artifactKey: Guid(2eb9f322592a1544d998db1aa0128574) Importer(2089858483,b0f066a214c2f5e87bad3c948f4d605d)
Start importing Assets/GamerExtremo/RIP/Electric Puzzles_1.5/SQUARE/retangulo azul branco/us.9.png using Guid(2eb9f322592a1544d998db1aa0128574) Importer(2089858483,b0f066a214c2f5e87bad3c948f4d605d) (ScriptedImporter) -> (artifact id: '345445134684e19e880d1d6fc9d42766') in 0.0173687 seconds
Number of updated asset objects reloaded before import = 0Number of asset objects unloaded after import = 3

========================================================================
Received Import Request.
  Time since last request: 0.000023 seconds.
  path: Assets/GamerExtremo/RIP/Electric Puzzles_1.5/res/_P.png
  artifactKey: Guid(a86e4c0ce5d0a8a4491d54990d8abeb7) Importer(2089858483,b0f066a214c2f5e87bad3c948f4d605d)
Start importing Assets/GamerExtremo/RIP/Electric Puzzles_1.5/res/_P.png using Guid(a86e4c0ce5d0a8a4491d54990d8abeb7) Importer(2089858483,b0f066a214c2f5e87bad3c948f4d605d) (ScriptedImporter) -> (artifact id: 'a5a197c7993eef61b1a7c837585697a6') in 0.1876694 seconds
Number of updated asset objects reloaded before import = 0Number of asset objects unloaded after import = 3

========================================================================
Received Import Request.
  Time since last request: 0.000076 seconds.
  path: Assets/GamerExtremo/RIP/Electric Puzzles_1.5/✅ New Folder/CAM/71.png
  artifactKey: Guid(db9e34db18cfe314698b773b60c65caa) Importer(2089858483,b0f066a214c2f5e87bad3c948f4d605d)
Start importing Assets/GamerExtremo/RIP/Electric Puzzles_1.5/✅ New Folder/CAM/71.png using Guid(db9e34db18cfe314698b773b60c65caa) Importer(2089858483,b0f066a214c2f5e87bad3c948f4d605d) (ScriptedImporter) -> (artifact id: '7b51520d907167d467f778f86a33e183') in 0.0223356 seconds
Number of updated asset objects reloaded before import = 0Number of asset objects unloaded after import = 3

========================================================================
Received Import Request.
  Time since last request: 0.000055 seconds.
  path: Assets/GamerExtremo/RIP/Electric Puzzles_1.5/✅ New Folder/CIRCLE/CIRCLE ADS/4Z.png
  artifactKey: Guid(708e17ad2e9842743ba8a577aa3e1bae) Importer(2089858483,b0f066a214c2f5e87bad3c948f4d605d)
Start importing Assets/GamerExtremo/RIP/Electric Puzzles_1.5/✅ New Folder/CIRCLE/CIRCLE ADS/4Z.png using Guid(708e17ad2e9842743ba8a577aa3e1bae) Importer(2089858483,b0f066a214c2f5e87bad3c948f4d605d) (ScriptedImporter) -> (artifact id: 'd067a67cd5bb85d41fce48712d1dc307') in 0.0155445 seconds
Number of updated asset objects reloaded before import = 0Number of asset objects unloaded after import = 3

========================================================================
Received Import Request.
  Time since last request: 0.000020 seconds.
  path: Assets/GamerExtremo/res/sj1.png
  artifactKey: Guid(f8719eb5530ac794ab57555fb87de6e7) Importer(2089858483,b0f066a214c2f5e87bad3c948f4d605d)
Start importing Assets/GamerExtremo/res/sj1.png using Guid(f8719eb5530ac794ab57555fb87de6e7) Importer(2089858483,b0f066a214c2f5e87bad3c948f4d605d) (ScriptedImporter) -> (artifact id: 'fd4fa817be4eed0ea95a28fee3319bda') in 0.0138557 seconds
Number of updated asset objects reloaded before import = 0Number of asset objects unloaded after import = 3

========================================================================
Received Import Request.
  Time since last request: 0.000227 seconds.
  path: Assets/GamerExtremo/RIP/Electric Puzzles_1.5/FIOS/esquema/8X.png
  artifactKey: Guid(07345cf3f4cd3564cb968b90e26bb682) Importer(2089858483,b0f066a214c2f5e87bad3c948f4d605d)
Start importing Assets/GamerExtremo/RIP/Electric Puzzles_1.5/FIOS/esquema/8X.png using Guid(07345cf3f4cd3564cb968b90e26bb682) Importer(2089858483,b0f066a214c2f5e87bad3c948f4d605d) (ScriptedImporter) -> (artifact id: '17c2cedc9f7db3cb7bdaf415bb03c96f') in 0.0142515 seconds
Number of updated asset objects reloaded before import = 0Number of asset objects unloaded after import = 3

========================================================================
Received Import Request.
  Time since last request: 0.000111 seconds.
  path: Assets/GamerExtremo/RIP/Electric Puzzles_1.5/res/5z.xml
  artifactKey: Guid(fd7c889a88c233b4eb3302124913bdb1) Importer(2089858483,b0f066a214c2f5e87bad3c948f4d605d)
Start importing Assets/GamerExtremo/RIP/Electric Puzzles_1.5/res/5z.xml using Guid(fd7c889a88c233b4eb3302124913bdb1) Importer(2089858483,b0f066a214c2f5e87bad3c948f4d605d) (ScriptedImporter) -> (artifact id: 'f9a74d29171d3423caebe23ad5dfca3d') in 0.0075782 seconds
Number of updated asset objects reloaded before import = 0Number of asset objects unloaded after import = 1

========================================================================
Received Import Request.
  Time since last request: 0.000019 seconds.
  path: Assets/GamerExtremo/Pictures/nor_gate.png
  artifactKey: Guid(7be0017384f3e00449f8e3d6afd935c3) Importer(2089858483,b0f066a214c2f5e87bad3c948f4d605d)
Start importing Assets/GamerExtremo/Pictures/nor_gate.png using Guid(7be0017384f3e00449f8e3d6afd935c3) Importer(2089858483,b0f066a214c2f5e87bad3c948f4d605d) (ScriptedImporter) -> (artifact id: '3ff71e7089720c64b76b98e0da786904') in 0.0078968 seconds
Number of updated asset objects reloaded before import = 0Number of asset objects unloaded after import = 3

========================================================================
Received Import Request.
  Time since last request: 0.000033 seconds.
  path: Assets/GamerExtremo/RIP/Electric Puzzles_1.5/res/rz.xml
  artifactKey: Guid(1a2dd85d732e0e84fb3d89ba96945c1f) Importer(2089858483,b0f066a214c2f5e87bad3c948f4d605d)
Start importing Assets/GamerExtremo/RIP/Electric Puzzles_1.5/res/rz.xml using Guid(1a2dd85d732e0e84fb3d89ba96945c1f) Importer(2089858483,b0f066a214c2f5e87bad3c948f4d605d) (ScriptedImporter) -> (artifact id: '7105020afdc0870fa680c954f6270894') in 0.0301585 seconds
Number of updated asset objects reloaded before import = 0Number of asset objects unloaded after import = 1

========================================================================
Received Import Request.
  Time since last request: 0.000104 seconds.
  path: Assets/GamerExtremo/RIP/Electric Puzzles_1.5/res/Ov1.png
  artifactKey: Guid(b27c5da7220df3f4bab1165eef302e31) Importer(2089858483,b0f066a214c2f5e87bad3c948f4d605d)
Start importing Assets/GamerExtremo/RIP/Electric Puzzles_1.5/res/Ov1.png using Guid(b27c5da7220df3f4bab1165eef302e31) Importer(2089858483,b0f066a214c2f5e87bad3c948f4d605d) (ScriptedImporter) -> (artifact id: '9fc62f1c8998990b0ccd668e063b05fb') in 0.0188958 seconds
Number of updated asset objects reloaded before import = 0Number of asset objects unloaded after import = 3

========================================================================
Received Import Request.
  Time since last request: 0.000020 seconds.
  path: Assets/GamerExtremo/RIP/Electric Puzzles_1.5/res/color/common_google_signin_btn_text_light.xml
  artifactKey: Guid(4aaa29fff904121438fecd9441763a4b) Importer(2089858483,b0f066a214c2f5e87bad3c948f4d605d)
Start importing Assets/GamerExtremo/RIP/Electric Puzzles_1.5/res/color/common_google_signin_btn_text_light.xml using Guid(4aaa29fff904121438fecd9441763a4b) Importer(2089858483,b0f066a214c2f5e87bad3c948f4d605d) (ScriptedImporter) -> (artifact id: 'f176d2ac555bb662653ca808ef0704cd') in 0.008001 seconds
Number of updated asset objects reloaded before import = 0Number of asset objects unloaded after import = 1

========================================================================
Received Import Request.
  Time since last request: 0.000033 seconds.
  path: Assets/GamerExtremo/RIP/Electric Puzzles_1.5/res/-H1.png
  artifactKey: Guid(9b837ce9b70d68e4cbb1e38e77b6e9cc) Importer(2089858483,b0f066a214c2f5e87bad3c948f4d605d)
Start importing Assets/GamerExtremo/RIP/Electric Puzzles_1.5/res/-H1.png using Guid(9b837ce9b70d68e4cbb1e38e77b6e9cc) Importer(2089858483,b0f066a214c2f5e87bad3c948f4d605d) (ScriptedImporter) -> (artifact id: '5f42155e6fd1bb20e5ea8ba1be744a96') in 0.0172149 seconds
Number of updated asset objects reloaded before import = 0Number of asset objects unloaded after import = 3

========================================================================
Received Import Request.
  Time since last request: 0.000031 seconds.
  path: Assets/GamerExtremo/res/vq.xml
  artifactKey: Guid(87254084e873ac042890319ec5ce6341) Importer(2089858483,b0f066a214c2f5e87bad3c948f4d605d)
Start importing Assets/GamerExtremo/res/vq.xml using Guid(87254084e873ac042890319ec5ce6341) Importer(2089858483,b0f066a214c2f5e87bad3c948f4d605d) (ScriptedImporter) -> (artifact id: 'bdd59f921ecd9825da2e6c0c0d4d5b6c') in 0.0094318 seconds
Number of updated asset objects reloaded before import = 0Number of asset objects unloaded after import = 1

========================================================================
Received Import Request.
  Time since last request: 0.000032 seconds.
  path: Assets/GamerExtremo/RIP/Electric Puzzles_1.5/res/BG.9.png
  artifactKey: Guid(a6ec4486f7c7d3247ad96060894a6112) Importer(2089858483,b0f066a214c2f5e87bad3c948f4d605d)
Start importing Assets/GamerExtremo/RIP/Electric Puzzles_1.5/res/BG.9.png using Guid(a6ec4486f7c7d3247ad96060894a6112) Importer(2089858483,b0f066a214c2f5e87bad3c948f4d605d) (ScriptedImporter) -> (artifact id: 'c3c1f5017c0c0e5689b42ad578ea6539') in 0.0193064 seconds
Number of updated asset objects reloaded before import = 0Number of asset objects unloaded after import = 3

========================================================================
Received Import Request.
  Time since last request: 0.000026 seconds.
  path: Assets/GamerExtremo/res/d5.9.png
  artifactKey: Guid(9819b337748d11240ad6270cae6418ea) Importer(2089858483,b0f066a214c2f5e87bad3c948f4d605d)
Start importing Assets/GamerExtremo/res/d5.9.png using Guid(9819b337748d11240ad6270cae6418ea) Importer(2089858483,b0f066a214c2f5e87bad3c948f4d605d) (ScriptedImporter) -> (artifact id: '6b0827835749e2aaaf55a83544ea27d6') in 0.0163231 seconds
Number of updated asset objects reloaded before import = 0Number of asset objects unloaded after import = 3

========================================================================
Received Import Request.
  Time since last request: 0.000025 seconds.
  path: Assets/GamerExtremo/res/AW.png
  artifactKey: Guid(da880ad435790804884b5f568d3c0542) Importer(2089858483,b0f066a214c2f5e87bad3c948f4d605d)
Start importing Assets/GamerExtremo/res/AW.png using Guid(da880ad435790804884b5f568d3c0542) Importer(2089858483,b0f066a214c2f5e87bad3c948f4d605d) (ScriptedImporter) -> (artifact id: 'dc8e6772be078adec03417f4b039f9de') in 0.0161179 seconds
Number of updated asset objects reloaded before import = 0Number of asset objects unloaded after import = 3

========================================================================
Received Import Request.
  Time since last request: 0.000048 seconds.
  path: Assets/GamerExtremo/res/QW.png
  artifactKey: Guid(c44cfeaea55c0ad48b8f4fad6064befe) Importer(2089858483,b0f066a214c2f5e87bad3c948f4d605d)
Start importing Assets/GamerExtremo/res/QW.png using Guid(c44cfeaea55c0ad48b8f4fad6064befe) Importer(2089858483,b0f066a214c2f5e87bad3c948f4d605d) (ScriptedImporter) -> (artifact id: 'a078b1310b7d9686a934068aff6d6acb') in 0.016963 seconds
Number of updated asset objects reloaded before import = 0Number of asset objects unloaded after import = 3

========================================================================
Received Import Request.
  Time since last request: 0.000230 seconds.
  path: Assets/GamerExtremo/RIP/Electric Puzzles_1.5/res/aM.xml
  artifactKey: Guid(204ae3b30a448f9419f8777d67eff033) Importer(2089858483,b0f066a214c2f5e87bad3c948f4d605d)
Start importing Assets/GamerExtremo/RIP/Electric Puzzles_1.5/res/aM.xml using Guid(204ae3b30a448f9419f8777d67eff033) Importer(2089858483,b0f066a214c2f5e87bad3c948f4d605d) (ScriptedImporter) -> (artifact id: '004983932fad9fdf4b7cd490a19e2c73') in 0.0094172 seconds
Number of updated asset objects reloaded before import = 0Number of asset objects unloaded after import = 1

========================================================================
Received Import Request.
  Time since last request: 0.000167 seconds.
  path: Assets/GamerExtremo/RIP/Electric Puzzles_1.5/res/Nf.png
  artifactKey: Guid(b7e6988b52eab63449d366501a9f0b9c) Importer(2089858483,b0f066a214c2f5e87bad3c948f4d605d)
Start importing Assets/GamerExtremo/RIP/Electric Puzzles_1.5/res/Nf.png using Guid(b7e6988b52eab63449d366501a9f0b9c) Importer(2089858483,b0f066a214c2f5e87bad3c948f4d605d) (ScriptedImporter) -> (artifact id: 'b52401fe37bf9bfbb19d36915bf9eef7') in 0.0157654 seconds
Number of updated asset objects reloaded before import = 0Number of asset objects unloaded after import = 3

========================================================================
Received Import Request.
  Time since last request: 0.000021 seconds.
  path: Assets/GamerExtremo/Resources/Enemy1/skeleton_1_walk (2).png
  artifactKey: Guid(f0b5b1bc42e823c47afcd972edb1d4b9) Importer(2089858483,b0f066a214c2f5e87bad3c948f4d605d)
Start importing Assets/GamerExtremo/Resources/Enemy1/skeleton_1_walk (2).png using Guid(f0b5b1bc42e823c47afcd972edb1d4b9) Importer(2089858483,b0f066a214c2f5e87bad3c948f4d605d) (ScriptedImporter) -> (artifact id: 'c7d00d69abd21dab6f43dac0d395c0a9') in 0.0117468 seconds
Number of updated asset objects reloaded before import = 0Number of asset objects unloaded after import = 3

========================================================================
Received Import Request.
  Time since last request: 0.000019 seconds.
  path: Assets/GamerExtremo/RIP/Electric Puzzles_1.5/FIOS/branco/H_.png
  artifactKey: Guid(b4b37d61eb7b0c045a96cc58e5eb9e2c) Importer(2089858483,b0f066a214c2f5e87bad3c948f4d605d)
Start importing Assets/GamerExtremo/RIP/Electric Puzzles_1.5/FIOS/branco/H_.png using Guid(b4b37d61eb7b0c045a96cc58e5eb9e2c) Importer(2089858483,b0f066a214c2f5e87bad3c948f4d605d) (ScriptedImporter) -> (artifact id: '544072da8143297dc203ca43c51baddc') in 0.011618 seconds
Number of updated asset objects reloaded before import = 0Number of asset objects unloaded after import = 3

========================================================================
Received Import Request.
  Time since last request: 0.000027 seconds.
  path: Assets/GamerExtremo/RIP/Electric Puzzles_1.5/✅ New Folder/SETA DOWN/aU.9.png
  artifactKey: Guid(06f71acda680f5e4993a30b751b909db) Importer(2089858483,b0f066a214c2f5e87bad3c948f4d605d)
Start importing Assets/GamerExtremo/RIP/Electric Puzzles_1.5/✅ New Folder/SETA DOWN/aU.9.png using Guid(06f71acda680f5e4993a30b751b909db) Importer(2089858483,b0f066a214c2f5e87bad3c948f4d605d) (ScriptedImporter) -> (artifact id: 'a443e0b390124776dea18c0441921010') in 0.0107423 seconds
Number of updated asset objects reloaded before import = 0Number of asset objects unloaded after import = 3

========================================================================
Received Import Request.
  Time since last request: 0.000021 seconds.
  path: Assets/GamerExtremo/RIP/Electric Puzzles_1.5/✅ New Folder/CHAVE DE BOCA/Yp.png
  artifactKey: Guid(ec5db6b946252414694ef50d0ae67d3d) Importer(2089858483,b0f066a214c2f5e87bad3c948f4d605d)
Start importing Assets/GamerExtremo/RIP/Electric Puzzles_1.5/✅ New Folder/CHAVE DE BOCA/Yp.png using Guid(ec5db6b946252414694ef50d0ae67d3d) Importer(2089858483,b0f066a214c2f5e87bad3c948f4d605d) (ScriptedImporter) -> (artifact id: '273fd4e908eeca6588297438f35c81f5') in 0.0165348 seconds
Number of updated asset objects reloaded before import = 0Number of asset objects unloaded after import = 3

========================================================================
Received Import Request.
  Time since last request: 0.000023 seconds.
  path: Assets/GamerExtremo/Resources/Interface/Control Buttons.png
  artifactKey: Guid(a8cb664d003f27a45a494ce3d455ae68) Importer(2089858483,b0f066a214c2f5e87bad3c948f4d605d)
Start importing Assets/GamerExtremo/Resources/Interface/Control Buttons.png using Guid(a8cb664d003f27a45a494ce3d455ae68) Importer(2089858483,b0f066a214c2f5e87bad3c948f4d605d) (ScriptedImporter) -> (artifact id: '09c83161bab78131f01caede076e69e5') in 0.0156086 seconds
Number of updated asset objects reloaded before import = 0Number of asset objects unloaded after import = 10

========================================================================
Received Import Request.
  Time since last request: 0.000019 seconds.
  path: Assets/GamerExtremo/RIP/Electric Puzzles_1.5/res/v0.png
  artifactKey: Guid(65778bfb71e6f3f43bb02d7e00aa0722) Importer(2089858483,b0f066a214c2f5e87bad3c948f4d605d)
Start importing Assets/GamerExtremo/RIP/Electric Puzzles_1.5/res/v0.png using Guid(65778bfb71e6f3f43bb02d7e00aa0722) Importer(2089858483,b0f066a214c2f5e87bad3c948f4d605d) (ScriptedImporter) -> (artifact id: '6cf0dba6d7b5080b3228bc44d1924852') in 0.0096249 seconds
Number of updated asset objects reloaded before import = 0Number of asset objects unloaded after import = 3

========================================================================
Received Import Request.
  Time since last request: 0.000021 seconds.
  path: Assets/GamerExtremo/RIP/Electric Puzzles_1.5/✅ New Folder/XML/Bl.xml
  artifactKey: Guid(fe7a89d63a15cbd48afbf5f80896d8f5) Importer(2089858483,b0f066a214c2f5e87bad3c948f4d605d)
Start importing Assets/GamerExtremo/RIP/Electric Puzzles_1.5/✅ New Folder/XML/Bl.xml using Guid(fe7a89d63a15cbd48afbf5f80896d8f5) Importer(2089858483,b0f066a214c2f5e87bad3c948f4d605d) (ScriptedImporter) -> (artifact id: '9371987ddc730e88f98bee61c1b17f17') in 0.003705 seconds
Number of updated asset objects reloaded before import = 0Number of asset objects unloaded after import = 1

========================================================================
Received Import Request.
  Time since last request: 0.000153 seconds.
  path: Assets/GamerExtremo/RIP/Electric Puzzles_1.5/res/7Q1.png
  artifactKey: Guid(ace6f374e20cb894e9819ec581fa773e) Importer(2089858483,b0f066a214c2f5e87bad3c948f4d605d)
Start importing Assets/GamerExtremo/RIP/Electric Puzzles_1.5/res/7Q1.png using Guid(ace6f374e20cb894e9819ec581fa773e) Importer(2089858483,b0f066a214c2f5e87bad3c948f4d605d) (ScriptedImporter) -> (artifact id: '2e8b03a364c3de57349a3a404d34fe6e') in 0.0093697 seconds
Number of updated asset objects reloaded before import = 0Number of asset objects unloaded after import = 3

========================================================================
Received Import Request.
  Time since last request: 0.000017 seconds.
  path: Assets/GamerExtremo/RIP/Electric Puzzles_1.5/SQUARE/Square Branco/New Folder/zw.9.png
  artifactKey: Guid(048d6931690e54a4ab105718b508bef5) Importer(2089858483,b0f066a214c2f5e87bad3c948f4d605d)
Start importing Assets/GamerExtremo/RIP/Electric Puzzles_1.5/SQUARE/Square Branco/New Folder/zw.9.png using Guid(048d6931690e54a4ab105718b508bef5) Importer(2089858483,b0f066a214c2f5e87bad3c948f4d605d) (ScriptedImporter) -> (artifact id: 'ae04243dc100b3e6b7ee2335a56e5456') in 0.0129807 seconds
Number of updated asset objects reloaded before import = 0Number of asset objects unloaded after import = 3

========================================================================
Received Import Request.
  Time since last request: 0.000039 seconds.
  path: Assets/GamerExtremo/res/pu.png
  artifactKey: Guid(d370954cab1a2444086af757a24fef80) Importer(2089858483,b0f066a214c2f5e87bad3c948f4d605d)
Start importing Assets/GamerExtremo/res/pu.png using Guid(d370954cab1a2444086af757a24fef80) Importer(2089858483,b0f066a214c2f5e87bad3c948f4d605d) (ScriptedImporter) -> (artifact id: '7d5cd69a7e0e03bd4dc6ad6c289b9d7c') in 0.0116539 seconds
Number of updated asset objects reloaded before import = 0Number of asset objects unloaded after import = 3

========================================================================
Received Import Request.
  Time since last request: 0.000025 seconds.
  path: Assets/GamerExtremo/RIP/Electric Puzzles_1.5/✅ New Folder/XML/BJ1.xml
  artifactKey: Guid(bb758f3775ceff447bb9ed7dbb8ebe0b) Importer(2089858483,b0f066a214c2f5e87bad3c948f4d605d)
Start importing Assets/GamerExtremo/RIP/Electric Puzzles_1.5/✅ New Folder/XML/BJ1.xml using Guid(bb758f3775ceff447bb9ed7dbb8ebe0b) Importer(2089858483,b0f066a214c2f5e87bad3c948f4d605d) (ScriptedImporter) -> (artifact id: '7a82f61e22ec0c8121427fcd0b003f0d') in 0.0037411 seconds
Number of updated asset objects reloaded before import = 0Number of asset objects unloaded after import = 1

========================================================================
Received Import Request.
  Time since last request: 0.000118 seconds.
  path: Assets/GamerExtremo/RIP/Electric Puzzles_1.5/✅ New Folder/TWO POINTS/9F.png
  artifactKey: Guid(44437dd1a654e894b88439e76e86281e) Importer(2089858483,b0f066a214c2f5e87bad3c948f4d605d)
Start importing Assets/GamerExtremo/RIP/Electric Puzzles_1.5/✅ New Folder/TWO POINTS/9F.png using Guid(44437dd1a654e894b88439e76e86281e) Importer(2089858483,b0f066a214c2f5e87bad3c948f4d605d) (ScriptedImporter) -> (artifact id: 'fcd1c3d4042c47b419f8db49c2f682fa') in 0.0126599 seconds
Number of updated asset objects reloaded before import = 0Number of asset objects unloaded after import = 3

========================================================================
Received Import Request.
  Time since last request: 0.000021 seconds.
  path: Assets/GamerExtremo/res/2j.xml
  artifactKey: Guid(8fcadfe7ab3f6a9459f2bada254fc448) Importer(2089858483,b0f066a214c2f5e87bad3c948f4d605d)
Start importing Assets/GamerExtremo/res/2j.xml using Guid(8fcadfe7ab3f6a9459f2bada254fc448) Importer(2089858483,b0f066a214c2f5e87bad3c948f4d605d) (ScriptedImporter) -> (artifact id: '3dc3ced0fb1675e80c8cda337abec312') in 0.004125 seconds
Number of updated asset objects reloaded before import = 0Number of asset objects unloaded after import = 1

========================================================================
Received Import Request.
  Time since last request: 0.000182 seconds.
  path: Assets/GamerExtremo/RIP/Electric Puzzles_1.5/res/Vd.png
  artifactKey: Guid(c2345a7929b82584385f7ffce3c5ba8b) Importer(2089858483,b0f066a214c2f5e87bad3c948f4d605d)
Start importing Assets/GamerExtremo/RIP/Electric Puzzles_1.5/res/Vd.png using Guid(c2345a7929b82584385f7ffce3c5ba8b) Importer(2089858483,b0f066a214c2f5e87bad3c948f4d605d) (ScriptedImporter) -> (artifact id: 'e9e91dbc7c60622d06c80a4167342d74') in 0.0091265 seconds
Number of updated asset objects reloaded before import = 0Number of asset objects unloaded after import = 3

========================================================================
Received Import Request.
  Time since last request: 0.000041 seconds.
  path: Assets/GamerExtremo/RIP/Electric Puzzles_1.5/✅ New Folder/CIRCLE/CIRCLE  1  IN CENTER/Fm.png
  artifactKey: Guid(437b14aac2b81114eafea8a401e163ad) Importer(2089858483,b0f066a214c2f5e87bad3c948f4d605d)
Start importing Assets/GamerExtremo/RIP/Electric Puzzles_1.5/✅ New Folder/CIRCLE/CIRCLE  1  IN CENTER/Fm.png using Guid(437b14aac2b81114eafea8a401e163ad) Importer(2089858483,b0f066a214c2f5e87bad3c948f4d605d) (ScriptedImporter) -> (artifact id: 'e55d4ba64741c12f7a30f1a1e8689f8b') in 0.0100617 seconds
Number of updated asset objects reloaded before import = 0Number of asset objects unloaded after import = 3

========================================================================
Received Import Request.
  Time since last request: 0.000027 seconds.
  path: Assets/GamerExtremo/res/tS.png
  artifactKey: Guid(d7665c60f58446d45b919d4a135e9fee) Importer(2089858483,b0f066a214c2f5e87bad3c948f4d605d)
Start importing Assets/GamerExtremo/res/tS.png using Guid(d7665c60f58446d45b919d4a135e9fee) Importer(2089858483,b0f066a214c2f5e87bad3c948f4d605d) (ScriptedImporter) -> (artifact id: 'f9eacd51d6fbe38f10671e41316ff4ae') in 0.0089231 seconds
Number of updated asset objects reloaded before import = 0Number of asset objects unloaded after import = 3

========================================================================
Received Import Request.
  Time since last request: 0.000021 seconds.
  path: Assets/GamerExtremo/res/zE.png
  artifactKey: Guid(c31a3480e2425d24abbe876a3512be52) Importer(2089858483,b0f066a214c2f5e87bad3c948f4d605d)
Start importing Assets/GamerExtremo/res/zE.png using Guid(c31a3480e2425d24abbe876a3512be52) Importer(2089858483,b0f066a214c2f5e87bad3c948f4d605d) (ScriptedImporter) -> (artifact id: '7bc466c1487275e9ebce4e11c8cee7eb') in 0.0082859 seconds
Number of updated asset objects reloaded before import = 0Number of asset objects unloaded after import = 3

========================================================================
Received Import Request.
  Time since last request: 0.000026 seconds.
  path: Assets/GamerExtremo/RIP/Electric Puzzles_1.5/res/i6.9.png
  artifactKey: Guid(e304053f27c65cd439b33e73fac1dfc2) Importer(2089858483,b0f066a214c2f5e87bad3c948f4d605d)
Start importing Assets/GamerExtremo/RIP/Electric Puzzles_1.5/res/i6.9.png using Guid(e304053f27c65cd439b33e73fac1dfc2) Importer(2089858483,b0f066a214c2f5e87bad3c948f4d605d) (ScriptedImporter) -> (artifact id: '8cfa11eccfd3d9cad94b9ee2812e238e') in 0.0108843 seconds
Number of updated asset objects reloaded before import = 0Number of asset objects unloaded after import = 3

========================================================================
Received Import Request.
  Time since last request: 0.000018 seconds.
  path: Assets/GamerExtremo/RIP/Electric Puzzles_1.5/SQUARE/Square Branco/New Folder/BQ.9.png
  artifactKey: Guid(970aee6032d7efb49bdb187e4a84e20e) Importer(2089858483,b0f066a214c2f5e87bad3c948f4d605d)
Start importing Assets/GamerExtremo/RIP/Electric Puzzles_1.5/SQUARE/Square Branco/New Folder/BQ.9.png using Guid(970aee6032d7efb49bdb187e4a84e20e) Importer(2089858483,b0f066a214c2f5e87bad3c948f4d605d) (ScriptedImporter) -> (artifact id: '8da15e9294baf469bb32af319dcfaf2e') in 0.0089353 seconds
Number of updated asset objects reloaded before import = 0Number of asset objects unloaded after import = 3

========================================================================
Received Import Request.
  Time since last request: 0.000018 seconds.
  path: Assets/GamerExtremo/RIP/Electric Puzzles_1.5/✅ New Folder/XML/ZN.xml
  artifactKey: Guid(bf74e1a997b475343ab5ca2715703a1d) Importer(2089858483,b0f066a214c2f5e87bad3c948f4d605d)
Start importing Assets/GamerExtremo/RIP/Electric Puzzles_1.5/✅ New Folder/XML/ZN.xml using Guid(bf74e1a997b475343ab5ca2715703a1d) Importer(2089858483,b0f066a214c2f5e87bad3c948f4d605d) (ScriptedImporter) -> (artifact id: '9c8d1875a4b0543437f982a7c6e3364a') in 0.0039784 seconds
Number of updated asset objects reloaded before import = 0Number of asset objects unloaded after import = 1

========================================================================
Received Import Request.
  Time since last request: 0.000117 seconds.
  path: Assets/GamerExtremo/res/9z.xml
  artifactKey: Guid(b47945909b7554a498a84db8eb5f89f2) Importer(2089858483,b0f066a214c2f5e87bad3c948f4d605d)
Start importing Assets/GamerExtremo/res/9z.xml using Guid(b47945909b7554a498a84db8eb5f89f2) Importer(2089858483,b0f066a214c2f5e87bad3c948f4d605d) (ScriptedImporter) -> (artifact id: 'dd10b847792e78031f158089401b33b7') in 0.0036598 seconds
Number of updated asset objects reloaded before import = 0Number of asset objects unloaded after import = 1

========================================================================
Received Import Request.
  Time since last request: 0.000043 seconds.
  path: Assets/GamerExtremo/RIP/Electric Puzzles_1.5/✅ New Folder/CIRCLE/CIRCLE  L  IN CENTER/M2.png
  artifactKey: Guid(9b7093f194ad2ba4995efa87e3fac6f6) Importer(2089858483,b0f066a214c2f5e87bad3c948f4d605d)
Start importing Assets/GamerExtremo/RIP/Electric Puzzles_1.5/✅ New Folder/CIRCLE/CIRCLE  L  IN CENTER/M2.png using Guid(9b7093f194ad2ba4995efa87e3fac6f6) Importer(2089858483,b0f066a214c2f5e87bad3c948f4d605d) (ScriptedImporter) -> (artifact id: 'f456879b7bd24b370a39e6c681ee7bb5') in 0.0082257 seconds
Number of updated asset objects reloaded before import = 0Number of asset objects unloaded after import = 3

========================================================================
Received Import Request.
  Time since last request: 0.000036 seconds.
  path: Assets/GamerExtremo/RIP/Electric Puzzles_1.5/res/mu.png
  artifactKey: Guid(47761d0253b348940bb6dc4596b337dd) Importer(2089858483,b0f066a214c2f5e87bad3c948f4d605d)
Start importing Assets/GamerExtremo/RIP/Electric Puzzles_1.5/res/mu.png using Guid(47761d0253b348940bb6dc4596b337dd) Importer(2089858483,b0f066a214c2f5e87bad3c948f4d605d) (ScriptedImporter) -> (artifact id: 'fdb44a9e7d1ed0b79e2b4a22fe800d99') in 0.0088908 seconds
Number of updated asset objects reloaded before import = 0Number of asset objects unloaded after import = 3

========================================================================
Received Import Request.
  Time since last request: 0.000018 seconds.
  path: Assets/GamerExtremo/RIP/Electric Puzzles_1.5/✅ New Folder/SETUP/Ak.png
  artifactKey: Guid(56899c6ff17b88b4cb2f983b86b1cac8) Importer(2089858483,b0f066a214c2f5e87bad3c948f4d605d)
Start importing Assets/GamerExtremo/RIP/Electric Puzzles_1.5/✅ New Folder/SETUP/Ak.png using Guid(56899c6ff17b88b4cb2f983b86b1cac8) Importer(2089858483,b0f066a214c2f5e87bad3c948f4d605d) (ScriptedImporter) -> (artifact id: 'e5896916b3b946fde9ebad5b32f8313b') in 0.0089069 seconds
Number of updated asset objects reloaded before import = 0Number of asset objects unloaded after import = 3

========================================================================
Received Import Request.
  Time since last request: 0.000016 seconds.
  path: Assets/GamerExtremo/RIP/Electric Puzzles_1.5/FIOS/resistor/left/Dw1.png
  artifactKey: Guid(5f1f20c3495a30044b558880cc8c4af6) Importer(2089858483,b0f066a214c2f5e87bad3c948f4d605d)
Start importing Assets/GamerExtremo/RIP/Electric Puzzles_1.5/FIOS/resistor/left/Dw1.png using Guid(5f1f20c3495a30044b558880cc8c4af6) Importer(2089858483,b0f066a214c2f5e87bad3c948f4d605d) (ScriptedImporter) -> (artifact id: '65c2b9512dabf6912a6fe498e5313444') in 0.0094076 seconds
Number of updated asset objects reloaded before import = 0Number of asset objects unloaded after import = 3

========================================================================
Received Import Request.
  Time since last request: 0.000018 seconds.
  path: Assets/GamerExtremo/res/f7.png
  artifactKey: Guid(75d29402885d0744e8ca023b4e68991e) Importer(2089858483,b0f066a214c2f5e87bad3c948f4d605d)
Start importing Assets/GamerExtremo/res/f7.png using Guid(75d29402885d0744e8ca023b4e68991e) Importer(2089858483,b0f066a214c2f5e87bad3c948f4d605d) (ScriptedImporter) -> (artifact id: 'ac4b76e9751a9d2b10b9ed8ebef80d59') in 0.0067428 seconds
Number of updated asset objects reloaded before import = 0Number of asset objects unloaded after import = 3

========================================================================
Received Import Request.
  Time since last request: 0.000018 seconds.
  path: Assets/GamerExtremo/res/bb.xml
  artifactKey: Guid(3083bd3ae080ced4c998c30f95856c4e) Importer(2089858483,b0f066a214c2f5e87bad3c948f4d605d)
Start importing Assets/GamerExtremo/res/bb.xml using Guid(3083bd3ae080ced4c998c30f95856c4e) Importer(2089858483,b0f066a214c2f5e87bad3c948f4d605d) (ScriptedImporter) -> (artifact id: '9568f24f0944878177ec1424e2ddfe16') in 0.0043872 seconds
Number of updated asset objects reloaded before import = 0Number of asset objects unloaded after import = 1

========================================================================
Received Import Request.
  Time since last request: 0.000126 seconds.
  path: Assets/GamerExtremo/RIP/Electric Puzzles_1.5/FIOS/resistor/left/SK.png
  artifactKey: Guid(9ec73aa3c1a8f4649a91acb3df9900ad) Importer(2089858483,b0f066a214c2f5e87bad3c948f4d605d)
Start importing Assets/GamerExtremo/RIP/Electric Puzzles_1.5/FIOS/resistor/left/SK.png using Guid(9ec73aa3c1a8f4649a91acb3df9900ad) Importer(2089858483,b0f066a214c2f5e87bad3c948f4d605d) (ScriptedImporter) -> (artifact id: '02d6fced3c4cd2fe3863cbc5995a1d4b') in 0.0084046 seconds
Number of updated asset objects reloaded before import = 0Number of asset objects unloaded after import = 3

========================================================================
Received Import Request.
  Time since last request: 0.000017 seconds.
  path: Assets/GamerExtremo/res/80.xml
  artifactKey: Guid(f75828ee425b1eb429114d0ca5348d99) Importer(2089858483,b0f066a214c2f5e87bad3c948f4d605d)
Start importing Assets/GamerExtremo/res/80.xml using Guid(f75828ee425b1eb429114d0ca5348d99) Importer(2089858483,b0f066a214c2f5e87bad3c948f4d605d) (ScriptedImporter) -> (artifact id: '091356536ce2487bf51d39ca928d11f0') in 0.0050971 seconds
Number of updated asset objects reloaded before import = 0Number of asset objects unloaded after import = 1

========================================================================
Received Import Request.
  Time since last request: 0.000022 seconds.
  path: Assets/GamerExtremo/RIP/Electric Puzzles_1.5/SQUARE/Vertical/3u.9.png
  artifactKey: Guid(e4b999e9d4a333e4fb68a643d654f8b2) Importer(2089858483,b0f066a214c2f5e87bad3c948f4d605d)
Start importing Assets/GamerExtremo/RIP/Electric Puzzles_1.5/SQUARE/Vertical/3u.9.png using Guid(e4b999e9d4a333e4fb68a643d654f8b2) Importer(2089858483,b0f066a214c2f5e87bad3c948f4d605d) (ScriptedImporter) -> (artifact id: '38db26d0efa8579c10943ccdd064c412') in 0.0093629 seconds
Number of updated asset objects reloaded before import = 0Number of asset objects unloaded after import = 3

========================================================================
Received Import Request.
  Time since last request: 0.000027 seconds.
  path: Assets/GamerExtremo/RIP/Electric Puzzles_1.5/FIOS/fio fundo verde claro/6H.png
  artifactKey: Guid(a3591eb83c07b1a4ebaf27b5e7f3ea44) Importer(2089858483,b0f066a214c2f5e87bad3c948f4d605d)
Start importing Assets/GamerExtremo/RIP/Electric Puzzles_1.5/FIOS/fio fundo verde claro/6H.png using Guid(a3591eb83c07b1a4ebaf27b5e7f3ea44) Importer(2089858483,b0f066a214c2f5e87bad3c948f4d605d) (ScriptedImporter) -> (artifact id: 'ea4e10aa43c80ffed59360a42c20daea') in 0.0078897 seconds
Number of updated asset objects reloaded before import = 0Number of asset objects unloaded after import = 3

========================================================================
Received Import Request.
  Time since last request: 0.000023 seconds.
  path: Assets/GamerExtremo/RIP/Electric Puzzles_1.5/FIOS/diagonal L/3J.png
  artifactKey: Guid(6ffbf6a370321794d8b5dbe7305bdd52) Importer(2089858483,b0f066a214c2f5e87bad3c948f4d605d)
Start importing Assets/GamerExtremo/RIP/Electric Puzzles_1.5/FIOS/diagonal L/3J.png using Guid(6ffbf6a370321794d8b5dbe7305bdd52) Importer(2089858483,b0f066a214c2f5e87bad3c948f4d605d) (ScriptedImporter) -> (artifact id: '8dfd2a167864f261c3b6a191e7c04100') in 0.0089992 seconds
Number of updated asset objects reloaded before import = 0Number of asset objects unloaded after import = 3

========================================================================
Received Import Request.
  Time since last request: 0.000018 seconds.
  path: Assets/GamerExtremo/RIP/Electric Puzzles_1.5/res/Ru.png
  artifactKey: Guid(4cdd32f07363c4c4c82e4328102704d7) Importer(2089858483,b0f066a214c2f5e87bad3c948f4d605d)
Start importing Assets/GamerExtremo/RIP/Electric Puzzles_1.5/res/Ru.png using Guid(4cdd32f07363c4c4c82e4328102704d7) Importer(2089858483,b0f066a214c2f5e87bad3c948f4d605d) (ScriptedImporter) -> (artifact id: '4f6acd4213a919c943093c05ed5fba09') in 0.0069987 seconds
Number of updated asset objects reloaded before import = 0Number of asset objects unloaded after import = 3

========================================================================
Received Import Request.
  Time since last request: 0.000020 seconds.
  path: Assets/GamerExtremo/Resources/Indicators
  artifactKey: Guid(552ca8acb2f4e9f4b9df99c663761461) Importer(2089858483,b0f066a214c2f5e87bad3c948f4d605d)
Start importing Assets/GamerExtremo/Resources/Indicators using Guid(552ca8acb2f4e9f4b9df99c663761461) Importer(2089858483,b0f066a214c2f5e87bad3c948f4d605d) (ScriptedImporter) -> (artifact id: '13f338f4e1911c139c2c8c03ba809259') in 0.003274 seconds
Number of updated asset objects reloaded before import = 0Number of asset objects unloaded after import = 1

========================================================================
Received Import Request.
  Time since last request: 0.000136 seconds.
  path: Assets/GamerExtremo/RIP/Electric Puzzles_1.5/✅ New Folder/CIRCLE/CIRCLE GREEN CENTER EMPTY
  artifactKey: Guid(6db6036357d71a14987763f96c2add1d) Importer(2089858483,b0f066a214c2f5e87bad3c948f4d605d)
Start importing Assets/GamerExtremo/RIP/Electric Puzzles_1.5/✅ New Folder/CIRCLE/CIRCLE GREEN CENTER EMPTY using Guid(6db6036357d71a14987763f96c2add1d) Importer(2089858483,b0f066a214c2f5e87bad3c948f4d605d) (ScriptedImporter) -> (artifact id: 'a553f4ae0849232069e2eed9cb4cb8a7') in 0.0032351 seconds
Number of updated asset objects reloaded before import = 0Number of asset objects unloaded after import = 1

========================================================================
Received Import Request.
  Time since last request: 0.000120 seconds.
  path: Assets/GamerExtremo/RIP/Electric Puzzles_1.5/res/0m.png
  artifactKey: Guid(7c257e50b7469a341a21b1183ac70840) Importer(2089858483,b0f066a214c2f5e87bad3c948f4d605d)
Start importing Assets/GamerExtremo/RIP/Electric Puzzles_1.5/res/0m.png using Guid(7c257e50b7469a341a21b1183ac70840) Importer(2089858483,b0f066a214c2f5e87bad3c948f4d605d) (ScriptedImporter) -> (artifact id: '52d407e3291c03c3cfba7efc1c80e868') in 0.0071803 seconds
Number of updated asset objects reloaded before import = 0Number of asset objects unloaded after import = 3

========================================================================
Received Import Request.
  Time since last request: 0.000026 seconds.
  path: Assets/GamerExtremo/RIP/Electric Puzzles_1.5/res/r1.png
  artifactKey: Guid(1bec11a6ed352fb4580ae2105295138c) Importer(2089858483,b0f066a214c2f5e87bad3c948f4d605d)
Start importing Assets/GamerExtremo/RIP/Electric Puzzles_1.5/res/r1.png using Guid(1bec11a6ed352fb4580ae2105295138c) Importer(2089858483,b0f066a214c2f5e87bad3c948f4d605d) (ScriptedImporter) -> (artifact id: '9bade2af4db405f33b0d957344d68818') in 0.0074803 seconds
Number of updated asset objects reloaded before import = 0Number of asset objects unloaded after import = 3

========================================================================
Received Import Request.
  Time since last request: 0.000021 seconds.
  path: Assets/GamerExtremo/Resources/Enemy1/skeleton_1_attack (8).png
  artifactKey: Guid(122c5413d3e86d74daf8912f6f6094b5) Importer(2089858483,b0f066a214c2f5e87bad3c948f4d605d)
Start importing Assets/GamerExtremo/Resources/Enemy1/skeleton_1_attack (8).png using Guid(122c5413d3e86d74daf8912f6f6094b5) Importer(2089858483,b0f066a214c2f5e87bad3c948f4d605d) (ScriptedImporter) -> (artifact id: '8341fe6aa9723d23635ad0ebe2491818') in 0.0089023 seconds
Number of updated asset objects reloaded before import = 0Number of asset objects unloaded after import = 3

========================================================================
Received Import Request.
  Time since last request: 0.000016 seconds.
  path: Assets/GamerExtremo/res/MQ.png
  artifactKey: Guid(e377f16d59bddc84e8d24efa0781a2dc) Importer(2089858483,b0f066a214c2f5e87bad3c948f4d605d)
Start importing Assets/GamerExtremo/res/MQ.png using Guid(e377f16d59bddc84e8d24efa0781a2dc) Importer(2089858483,b0f066a214c2f5e87bad3c948f4d605d) (ScriptedImporter) -> (artifact id: 'b4b52dd7dda5856c430bf8fbb433d16e') in 0.0084471 seconds
Number of updated asset objects reloaded before import = 0Number of asset objects unloaded after import = 3

========================================================================
Received Import Request.
  Time since last request: 0.000021 seconds.
  path: Assets/GamerExtremo/RIP/Electric Puzzles_1.5/res/color-v23/abc_tint_btn_checkable.xml
  artifactKey: Guid(55c69585a80470248900c4c84a45f9c6) Importer(2089858483,b0f066a214c2f5e87bad3c948f4d605d)
Start importing Assets/GamerExtremo/RIP/Electric Puzzles_1.5/res/color-v23/abc_tint_btn_checkable.xml using Guid(55c69585a80470248900c4c84a45f9c6) Importer(2089858483,b0f066a214c2f5e87bad3c948f4d605d) (ScriptedImporter) -> (artifact id: '8a476a9918b18ee5597341c245d5e4c5') in 0.0047508 seconds
Number of updated asset objects reloaded before import = 0Number of asset objects unloaded after import = 1

========================================================================
Received Import Request.
  Time since last request: 0.000141 seconds.
  path: Assets/GamerExtremo/RIP/Electric Puzzles_1.5/✅ New Folder/CAM/GY.png
  artifactKey: Guid(b923352013d02214ea70fbaa93c18b7d) Importer(2089858483,b0f066a214c2f5e87bad3c948f4d605d)
Start importing Assets/GamerExtremo/RIP/Electric Puzzles_1.5/✅ New Folder/CAM/GY.png using Guid(b923352013d02214ea70fbaa93c18b7d) Importer(2089858483,b0f066a214c2f5e87bad3c948f4d605d) (ScriptedImporter) -> (artifact id: '6c3c71de4072c66334ed1ca543f4b102') in 0.0083428 seconds
Number of updated asset objects reloaded before import = 0Number of asset objects unloaded after import = 3

========================================================================
Received Import Request.
  Time since last request: 0.000035 seconds.
  path: Assets/GamerExtremo/RIP/Electric Puzzles_1.5/SQUARE/L no centro
  artifactKey: Guid(2b577af55b64dd046989dfc4422fbaaa) Importer(2089858483,b0f066a214c2f5e87bad3c948f4d605d)
Start importing Assets/GamerExtremo/RIP/Electric Puzzles_1.5/SQUARE/L no centro using Guid(2b577af55b64dd046989dfc4422fbaaa) Importer(2089858483,b0f066a214c2f5e87bad3c948f4d605d) (ScriptedImporter) -> (artifact id: 'da66f96c106ebafb6bf32f9e37aa2901') in 0.003172 seconds
Number of updated asset objects reloaded before import = 0Number of asset objects unloaded after import = 1

========================================================================
Received Import Request.
  Time since last request: 0.000123 seconds.
  path: Assets/GamerExtremo/RIP/Electric Puzzles_1.5/Pictures/switcheslevel3.png
  artifactKey: Guid(0bd622ef5b3a50746a42d185d88dec8a) Importer(2089858483,b0f066a214c2f5e87bad3c948f4d605d)
Start importing Assets/GamerExtremo/RIP/Electric Puzzles_1.5/Pictures/switcheslevel3.png using Guid(0bd622ef5b3a50746a42d185d88dec8a) Importer(2089858483,b0f066a214c2f5e87bad3c948f4d605d) (ScriptedImporter) -> (artifact id: 'ebf0fe5737b81c1737cef5b9b7bd11ef') in 0.0080227 seconds
Number of updated asset objects reloaded before import = 0Number of asset objects unloaded after import = 3

========================================================================
Received Import Request.
  Time since last request: 0.000018 seconds.
  path: Assets/GamerExtremo/res/D5.png
  artifactKey: Guid(7b720f36203783245bbb5a139282978f) Importer(2089858483,b0f066a214c2f5e87bad3c948f4d605d)
Start importing Assets/GamerExtremo/res/D5.png using Guid(7b720f36203783245bbb5a139282978f) Importer(2089858483,b0f066a214c2f5e87bad3c948f4d605d) (ScriptedImporter) -> (artifact id: '0177fd9c19d3017a07ee36fb7ced3d4e') in 0.0070998 seconds
Number of updated asset objects reloaded before import = 0Number of asset objects unloaded after import = 3

========================================================================
Received Import Request.
  Time since last request: 0.000017 seconds.
  path: Assets/GamerExtremo/RIP/Electric Puzzles_1.5/✅ New Folder/PHONE/2/MD.png
  artifactKey: Guid(1cb8cf1e3206ede4d8855201a0b85453) Importer(2089858483,b0f066a214c2f5e87bad3c948f4d605d)
Start importing Assets/GamerExtremo/RIP/Electric Puzzles_1.5/✅ New Folder/PHONE/2/MD.png using Guid(1cb8cf1e3206ede4d8855201a0b85453) Importer(2089858483,b0f066a214c2f5e87bad3c948f4d605d) (ScriptedImporter) -> (artifact id: '624fe41cec5100229aabdc090934b4ab') in 0.0083172 seconds
Number of updated asset objects reloaded before import = 0Number of asset objects unloaded after import = 3

========================================================================
Received Import Request.
  Time since last request: 0.000016 seconds.
  path: Assets/GamerExtremo/RIP/Electric Puzzles_1.5/✅ New Folder/CIRCLE/CIRCLE ADS/uQ.png
  artifactKey: Guid(af390bf37fecd2f43ab8d9839b5cc908) Importer(2089858483,b0f066a214c2f5e87bad3c948f4d605d)
Start importing Assets/GamerExtremo/RIP/Electric Puzzles_1.5/✅ New Folder/CIRCLE/CIRCLE ADS/uQ.png using Guid(af390bf37fecd2f43ab8d9839b5cc908) Importer(2089858483,b0f066a214c2f5e87bad3c948f4d605d) (ScriptedImporter) -> (artifact id: '1c6fb5cd331082e60daafaa3ed4d0f3b') in 0.0086466 seconds
Number of updated asset objects reloaded before import = 0Number of asset objects unloaded after import = 3

========================================================================
Received Import Request.
  Time since last request: 0.000017 seconds.
  path: Assets/GamerExtremo/res/TY.png
  artifactKey: Guid(1c1b69a7687a51348b76bbd8c8dd220b) Importer(2089858483,b0f066a214c2f5e87bad3c948f4d605d)
Start importing Assets/GamerExtremo/res/TY.png using Guid(1c1b69a7687a51348b76bbd8c8dd220b) Importer(2089858483,b0f066a214c2f5e87bad3c948f4d605d) (ScriptedImporter) -> (artifact id: 'd486e1c81c0b46b2f047ee3d41442722') in 0.0071468 seconds
Number of updated asset objects reloaded before import = 0Number of asset objects unloaded after import = 3

========================================================================
Received Import Request.
  Time since last request: 0.000015 seconds.
  path: Assets/GamerExtremo/RIP/Electric Puzzles_1.5/res/YA.png
  artifactKey: Guid(609c1c4897237db44a3189711d3d9600) Importer(2089858483,b0f066a214c2f5e87bad3c948f4d605d)
Start importing Assets/GamerExtremo/RIP/Electric Puzzles_1.5/res/YA.png using Guid(609c1c4897237db44a3189711d3d9600) Importer(2089858483,b0f066a214c2f5e87bad3c948f4d605d) (ScriptedImporter) -> (artifact id: '72e62d72b6c48951040be1c83d0d3a80') in 0.0067394 seconds
Number of updated asset objects reloaded before import = 0Number of asset objects unloaded after import = 3

========================================================================
Received Import Request.
  Time since last request: 0.000016 seconds.
  path: Assets/GamerExtremo/RIP/Electric Puzzles_1.5/FIOS/verde/Pasta/4M.png
  artifactKey: Guid(3ef323ab45189c34b845e23f8209495a) Importer(2089858483,b0f066a214c2f5e87bad3c948f4d605d)
Start importing Assets/GamerExtremo/RIP/Electric Puzzles_1.5/FIOS/verde/Pasta/4M.png using Guid(3ef323ab45189c34b845e23f8209495a) Importer(2089858483,b0f066a214c2f5e87bad3c948f4d605d) (ScriptedImporter) -> (artifact id: '798918fa62e3e3cf4078990ca9545a3c') in 0.007571 seconds
Number of updated asset objects reloaded before import = 0Number of asset objects unloaded after import = 3

========================================================================
Received Import Request.
  Time since last request: 0.000028 seconds.
  path: Assets/GamerExtremo/res/-9.png
  artifactKey: Guid(28aaf04a6704b07408d3701da7ee6a4e) Importer(2089858483,b0f066a214c2f5e87bad3c948f4d605d)
Start importing Assets/GamerExtremo/res/-9.png using Guid(28aaf04a6704b07408d3701da7ee6a4e) Importer(2089858483,b0f066a214c2f5e87bad3c948f4d605d) (ScriptedImporter) -> (artifact id: '4bf25b041e2dfbaf1465d91ee7e65e32') in 0.0072152 seconds
Number of updated asset objects reloaded before import = 0Number of asset objects unloaded after import = 3

========================================================================
Received Import Request.
  Time since last request: 0.000017 seconds.
  path: Assets/GamerExtremo/RIP/Electric Puzzles_1.5/FIOS/branco/Su.9.png
  artifactKey: Guid(f694107264af5144f96fe6aa65092e95) Importer(2089858483,b0f066a214c2f5e87bad3c948f4d605d)
Start importing Assets/GamerExtremo/RIP/Electric Puzzles_1.5/FIOS/branco/Su.9.png using Guid(f694107264af5144f96fe6aa65092e95) Importer(2089858483,b0f066a214c2f5e87bad3c948f4d605d) (ScriptedImporter) -> (artifact id: '372fc9d79be73b177bded220d96f620b') in 0.0072857 seconds
Number of updated asset objects reloaded before import = 0Number of asset objects unloaded after import = 3

========================================================================
Received Import Request.
  Time since last request: 0.000074 seconds.
  path: Assets/GamerExtremo/res/vz.9.png
  artifactKey: Guid(490d271c2306421479eb980e48256ebb) Importer(2089858483,b0f066a214c2f5e87bad3c948f4d605d)
Start importing Assets/GamerExtremo/res/vz.9.png using Guid(490d271c2306421479eb980e48256ebb) Importer(2089858483,b0f066a214c2f5e87bad3c948f4d605d) (ScriptedImporter) -> (artifact id: '044f1fb3d91d8bca66ae9a6435c8a4e0') in 0.0078357 seconds
Number of updated asset objects reloaded before import = 0Number of asset objects unloaded after import = 3

========================================================================
Received Import Request.
  Time since last request: 0.000015 seconds.
  path: Assets/GamerExtremo/res/_P.png
  artifactKey: Guid(3cf5854953d706745bdec048dfa18eb2) Importer(2089858483,b0f066a214c2f5e87bad3c948f4d605d)
Start importing Assets/GamerExtremo/res/_P.png using Guid(3cf5854953d706745bdec048dfa18eb2) Importer(2089858483,b0f066a214c2f5e87bad3c948f4d605d) (ScriptedImporter) -> (artifact id: '9b5c4eddf3a1310ebddac818b3d9f9cb') in 0.0069752 seconds
Number of updated asset objects reloaded before import = 0Number of asset objects unloaded after import = 3

========================================================================
Received Import Request.
  Time since last request: 0.000016 seconds.
  path: Assets/GamerExtremo/Pictures/Exemplos/1001789293.png
  artifactKey: Guid(5c0a0e7b154bd3f4ab06abe2088beaf9) Importer(2089858483,b0f066a214c2f5e87bad3c948f4d605d)
Start importing Assets/GamerExtremo/Pictures/Exemplos/1001789293.png using Guid(5c0a0e7b154bd3f4ab06abe2088beaf9) Importer(2089858483,b0f066a214c2f5e87bad3c948f4d605d) (ScriptedImporter) -> (artifact id: '3ad146a3925b96a8258bb52f2174fd51') in 0.0088842 seconds
Number of updated asset objects reloaded before import = 0Number of asset objects unloaded after import = 1

========================================================================
Received Import Request.
  Time since last request: 0.000120 seconds.
  path: Assets/GamerExtremo/res/dm.png
  artifactKey: Guid(898b99bb81df5da48a2f54cd4ee43457) Importer(2089858483,b0f066a214c2f5e87bad3c948f4d605d)
Start importing Assets/GamerExtremo/res/dm.png using Guid(898b99bb81df5da48a2f54cd4ee43457) Importer(2089858483,b0f066a214c2f5e87bad3c948f4d605d) (ScriptedImporter) -> (artifact id: '9cfae72c5a73855215b5dca05c58f64c') in 0.0068453 seconds
Number of updated asset objects reloaded before import = 0Number of asset objects unloaded after import = 3

========================================================================
Received Import Request.
  Time since last request: 0.000016 seconds.
  path: Assets/GamerExtremo/res/jS.9.png
  artifactKey: Guid(4e324cbc7f0b05c46b2a88f5dff2cf27) Importer(2089858483,b0f066a214c2f5e87bad3c948f4d605d)
Start importing Assets/GamerExtremo/res/jS.9.png using Guid(4e324cbc7f0b05c46b2a88f5dff2cf27) Importer(2089858483,b0f066a214c2f5e87bad3c948f4d605d) (ScriptedImporter) -> (artifact id: 'a20671c6dcb3168f0383ae36c65694d1') in 0.0079163 seconds
Number of updated asset objects reloaded before import = 0Number of asset objects unloaded after import = 3

========================================================================
Received Import Request.
  Time since last request: 0.000016 seconds.
  path: Assets/GamerExtremo/Resources/Sprites/Group 7 copy.png
  artifactKey: Guid(b60adaf007b6aca4a93dd95097c06219) Importer(2089858483,b0f066a214c2f5e87bad3c948f4d605d)
Start importing Assets/GamerExtremo/Resources/Sprites/Group 7 copy.png using Guid(b60adaf007b6aca4a93dd95097c06219) Importer(2089858483,b0f066a214c2f5e87bad3c948f4d605d) (ScriptedImporter) -> (artifact id: '6e98daa14f0bfcecea76365f29bbad45') in 0.0115295 seconds
Number of updated asset objects reloaded before import = 0Number of asset objects unloaded after import = 3

========================================================================
Received Import Request.
  Time since last request: 0.000016 seconds.
  path: Assets/GamerExtremo/RIP/Electric Puzzles_1.5/res/color/abc_primary_text_material_light.xml
  artifactKey: Guid(38b25bfc23a021e4184aef896103fd0e) Importer(2089858483,b0f066a214c2f5e87bad3c948f4d605d)
Start importing Assets/GamerExtremo/RIP/Electric Puzzles_1.5/res/color/abc_primary_text_material_light.xml using Guid(38b25bfc23a021e4184aef896103fd0e) Importer(2089858483,b0f066a214c2f5e87bad3c948f4d605d) (ScriptedImporter) -> (artifact id: '3aef14d4b03ad7bb3ae21920458a3bc6') in 0.0029136 seconds
Number of updated asset objects reloaded before import = 0Number of asset objects unloaded after import = 1

========================================================================
Received Import Request.
  Time since last request: 0.000122 seconds.
  path: Assets/GamerExtremo/RIP/Electric Puzzles_1.5/res/GD.xml
  artifactKey: Guid(e473bfa6a8aaad641aa0a428bb6e4332) Importer(2089858483,b0f066a214c2f5e87bad3c948f4d605d)
Start importing Assets/GamerExtremo/RIP/Electric Puzzles_1.5/res/GD.xml using Guid(e473bfa6a8aaad641aa0a428bb6e4332) Importer(2089858483,b0f066a214c2f5e87bad3c948f4d605d) (ScriptedImporter) -> (artifact id: 'e0e04b79c888c07ba6c3e28b03ce5e95') in 0.0030013 seconds
Number of updated asset objects reloaded before import = 0Number of asset objects unloaded after import = 1

========================================================================
Received Import Request.
  Time since last request: 0.000148 seconds.
  path: Assets/GamerExtremo/Resources/Sounds/Retro UI Sounds/Bonus/ui_pause.wav
  artifactKey: Guid(5feec34d02e08e24f83e43fafffb70d8) Importer(2089858483,b0f066a214c2f5e87bad3c948f4d605d)
Start importing Assets/GamerExtremo/Resources/Sounds/Retro UI Sounds/Bonus/ui_pause.wav using Guid(5feec34d02e08e24f83e43fafffb70d8) Importer(2089858483,b0f066a214c2f5e87bad3c948f4d605d) (ScriptedImporter) -> (artifact id: 'c5dea32621cce9fbe1e59812b5909d2c') in 0.0143826 seconds
Number of updated asset objects reloaded before import = 0Number of asset objects unloaded after import = 1

========================================================================
Received Import Request.
  Time since last request: 0.000100 seconds.
  path: Assets/GamerExtremo/res/tG.png
  artifactKey: Guid(193f7d9ca07f8e84ab0c0c7dad9be5d4) Importer(2089858483,b0f066a214c2f5e87bad3c948f4d605d)
Start importing Assets/GamerExtremo/res/tG.png using Guid(193f7d9ca07f8e84ab0c0c7dad9be5d4) Importer(2089858483,b0f066a214c2f5e87bad3c948f4d605d) (ScriptedImporter) -> (artifact id: 'a760eb8df82badbee2b213b1c755b455') in 0.0069142 seconds
Number of updated asset objects reloaded before import = 0Number of asset objects unloaded after import = 3

========================================================================
Received Import Request.
  Time since last request: 0.000029 seconds.
  path: Assets/GamerExtremo/RIP/Electric Puzzles_1.5/res/hq.xml
  artifactKey: Guid(991111c38f7a8464fb4406c7a941cbf8) Importer(2089858483,b0f066a214c2f5e87bad3c948f4d605d)
Start importing Assets/GamerExtremo/RIP/Electric Puzzles_1.5/res/hq.xml using Guid(991111c38f7a8464fb4406c7a941cbf8) Importer(2089858483,b0f066a214c2f5e87bad3c948f4d605d) (ScriptedImporter) -> (artifact id: '8e90f3df2168cc07a5a8484bb20ef28c') in 0.0034166 seconds
Number of updated asset objects reloaded before import = 0Number of asset objects unloaded after import = 1

========================================================================
Received Import Request.
  Time since last request: 0.000134 seconds.
  path: Assets/GamerExtremo/Resources/Enemy1/skeleton_1_attack (3).png
  artifactKey: Guid(e2ca43fc38675be4d9c843fe9c018558) Importer(2089858483,b0f066a214c2f5e87bad3c948f4d605d)
Start importing Assets/GamerExtremo/Resources/Enemy1/skeleton_1_attack (3).png using Guid(e2ca43fc38675be4d9c843fe9c018558) Importer(2089858483,b0f066a214c2f5e87bad3c948f4d605d) (ScriptedImporter) -> (artifact id: 'a7e6656e0b63841af9e3bf73f0c816df') in 0.0081884 seconds
Number of updated asset objects reloaded before import = 0Number of asset objects unloaded after import = 3

========================================================================
Received Import Request.
  Time since last request: 0.000017 seconds.
  path: Assets/GamerExtremo/res/Iz.png
  artifactKey: Guid(3278ba36d7c9ae848bd67f862d45e975) Importer(2089858483,b0f066a214c2f5e87bad3c948f4d605d)
Start importing Assets/GamerExtremo/res/Iz.png using Guid(3278ba36d7c9ae848bd67f862d45e975) Importer(2089858483,b0f066a214c2f5e87bad3c948f4d605d) (ScriptedImporter) -> (artifact id: '9eca8a570c43b7e477c9593aeb249584') in 0.0082475 seconds
Number of updated asset objects reloaded before import = 0Number of asset objects unloaded after import = 3

========================================================================
Received Import Request.
  Time since last request: 0.000019 seconds.
  path: Assets/GamerExtremo/RIP/Electric Puzzles_1.5/res/Su.9.png
  artifactKey: Guid(67815badce5307947aac4ca047fb5986) Importer(2089858483,b0f066a214c2f5e87bad3c948f4d605d)
Start importing Assets/GamerExtremo/RIP/Electric Puzzles_1.5/res/Su.9.png using Guid(67815badce5307947aac4ca047fb5986) Importer(2089858483,b0f066a214c2f5e87bad3c948f4d605d) (ScriptedImporter) -> (artifact id: '497e500ada553a67f8f0b36776f40b9c') in 0.0065028 seconds
Number of updated asset objects reloaded before import = 0Number of asset objects unloaded after import = 3

========================================================================
Received Import Request.
  Time since last request: 0.000017 seconds.
  path: Assets/GamerExtremo/RIP/Electric Puzzles_1.5/✅ New Folder/CHAVE DE BOCA/F4.png
  artifactKey: Guid(dc3f7b96f3670344ead3d9ff026ab432) Importer(2089858483,b0f066a214c2f5e87bad3c948f4d605d)
Start importing Assets/GamerExtremo/RIP/Electric Puzzles_1.5/✅ New Folder/CHAVE DE BOCA/F4.png using Guid(dc3f7b96f3670344ead3d9ff026ab432) Importer(2089858483,b0f066a214c2f5e87bad3c948f4d605d) (ScriptedImporter) -> (artifact id: 'b11f30dc9ff30010e1f18decd828ef0f') in 0.0092214 seconds
Number of updated asset objects reloaded before import = 0Number of asset objects unloaded after import = 3

========================================================================
Received Import Request.
  Time since last request: 0.000026 seconds.
  path: Assets/GamerExtremo/res/Wk.png
  artifactKey: Guid(1ec2e59eedcb5ea45a323a2f44def71c) Importer(2089858483,b0f066a214c2f5e87bad3c948f4d605d)
Start importing Assets/GamerExtremo/res/Wk.png using Guid(1ec2e59eedcb5ea45a323a2f44def71c) Importer(2089858483,b0f066a214c2f5e87bad3c948f4d605d) (ScriptedImporter) -> (artifact id: '453de7354d629425007f058b9d2c3c28') in 0.0081444 seconds
Number of updated asset objects reloaded before import = 0Number of asset objects unloaded after import = 3

========================================================================
Received Import Request.
  Time since last request: 0.000047 seconds.
  path: Assets/GamerExtremo/RIP/Electric Puzzles_1.5
  artifactKey: Guid(c2b75e1018eb6154eaf1a6b8365d608b) Importer(2089858483,b0f066a214c2f5e87bad3c948f4d605d)
Start importing Assets/GamerExtremo/RIP/Electric Puzzles_1.5 using Guid(c2b75e1018eb6154eaf1a6b8365d608b) Importer(2089858483,b0f066a214c2f5e87bad3c948f4d605d) (ScriptedImporter) -> (artifact id: '8fc2c13c9fa9ff3dc87e0b04d3d29125') in 0.0027803 seconds
Number of updated asset objects reloaded before import = 0Number of asset objects unloaded after import = 1

========================================================================
Received Import Request.
  Time since last request: 0.000083 seconds.
  path: Assets/GamerExtremo/RIP/Electric Puzzles_1.5/✅ New Folder/TOMADAS/XO.png
  artifactKey: Guid(b8117fd3e58fc4d45b8d10765cd7eba9) Importer(2089858483,b0f066a214c2f5e87bad3c948f4d605d)
Start importing Assets/GamerExtremo/RIP/Electric Puzzles_1.5/✅ New Folder/TOMADAS/XO.png using Guid(b8117fd3e58fc4d45b8d10765cd7eba9) Importer(2089858483,b0f066a214c2f5e87bad3c948f4d605d) (ScriptedImporter) -> (artifact id: '7cd675f82b5e0802eee3932a753911d8') in 0.0073923 seconds
Number of updated asset objects reloaded before import = 0Number of asset objects unloaded after import = 3

========================================================================
Received Import Request.
  Time since last request: 0.000073 seconds.
  path: Assets/GamerExtremo/res/oq.png
  artifactKey: Guid(a808d87b1fced1146a03dfb8d53f4b8e) Importer(2089858483,b0f066a214c2f5e87bad3c948f4d605d)
Start importing Assets/GamerExtremo/res/oq.png using Guid(a808d87b1fced1146a03dfb8d53f4b8e) Importer(2089858483,b0f066a214c2f5e87bad3c948f4d605d) (ScriptedImporter) -> (artifact id: '972df74eed5b086551416553f142ecb3') in 0.008109 seconds
Number of updated asset objects reloaded before import = 0Number of asset objects unloaded after import = 3

========================================================================
Received Import Request.
  Time since last request: 0.000031 seconds.
  path: Assets/GamerExtremo/RIP/Electric Puzzles_1.5/✅ New Folder/BULB 2
  artifactKey: Guid(c8c7edbfc8f754d48ae81250173bdb6d) Importer(2089858483,b0f066a214c2f5e87bad3c948f4d605d)
Start importing Assets/GamerExtremo/RIP/Electric Puzzles_1.5/✅ New Folder/BULB 2 using Guid(c8c7edbfc8f754d48ae81250173bdb6d) Importer(2089858483,b0f066a214c2f5e87bad3c948f4d605d) (ScriptedImporter) -> (artifact id: '551410cac0142c5ef2488581ceaa3b7e') in 0.0033304 seconds
Number of updated asset objects reloaded before import = 0Number of asset objects unloaded after import = 1

========================================================================
Received Import Request.
  Time since last request: 0.000113 seconds.
  path: Assets/GamerExtremo/RIP/Electric Puzzles_1.5/✅ New Folder/PHONE/2/Q-.png
  artifactKey: Guid(4ed00ee14344b4f4c97ace0c049687d5) Importer(2089858483,b0f066a214c2f5e87bad3c948f4d605d)
Start importing Assets/GamerExtremo/RIP/Electric Puzzles_1.5/✅ New Folder/PHONE/2/Q-.png using Guid(4ed00ee14344b4f4c97ace0c049687d5) Importer(2089858483,b0f066a214c2f5e87bad3c948f4d605d) (ScriptedImporter) -> (artifact id: '09cde1a6f71a3f614e3c1ac18acd1318') in 0.0072211 seconds
Number of updated asset objects reloaded before import = 0Number of asset objects unloaded after import = 3

========================================================================
Received Import Request.
  Time since last request: 0.000016 seconds.
  path: Assets/GamerExtremo/res/aK.xml
  artifactKey: Guid(90abdd01ad1fe294f91354f5c8c42129) Importer(2089858483,b0f066a214c2f5e87bad3c948f4d605d)
Start importing Assets/GamerExtremo/res/aK.xml using Guid(90abdd01ad1fe294f91354f5c8c42129) Importer(2089858483,b0f066a214c2f5e87bad3c948f4d605d) (ScriptedImporter) -> (artifact id: '65142333ed9674d87d3e5879f03730d2') in 0.0033875 seconds
Number of updated asset objects reloaded before import = 0Number of asset objects unloaded after import = 1

========================================================================
Received Import Request.
  Time since last request: 0.000068 seconds.
  path: Assets/GamerExtremo/RIP/Electric Puzzles_1.5/res/jW.png
  artifactKey: Guid(a9f2fff70cfc4e64e90f2ec56cc42319) Importer(2089858483,b0f066a214c2f5e87bad3c948f4d605d)
Start importing Assets/GamerExtremo/RIP/Electric Puzzles_1.5/res/jW.png using Guid(a9f2fff70cfc4e64e90f2ec56cc42319) Importer(2089858483,b0f066a214c2f5e87bad3c948f4d605d) (ScriptedImporter) -> (artifact id: '73a6029db45d33e9013c8c0774ff6864') in 0.006444 seconds
Number of updated asset objects reloaded before import = 0Number of asset objects unloaded after import = 3

========================================================================
Received Import Request.
  Time since last request: 0.000015 seconds.
  path: Assets/GamerExtremo/RIP/Electric Puzzles_1.5/res/Eg.xml
  artifactKey: Guid(494e28deae61c2644ad03a647c641cb5) Importer(2089858483,b0f066a214c2f5e87bad3c948f4d605d)
Start importing Assets/GamerExtremo/RIP/Electric Puzzles_1.5/res/Eg.xml using Guid(494e28deae61c2644ad03a647c641cb5) Importer(2089858483,b0f066a214c2f5e87bad3c948f4d605d) (ScriptedImporter) -> (artifact id: 'ce42323fe71ee499488f41e7267b8d80') in 0.0034263 seconds
Number of updated asset objects reloaded before import = 0Number of asset objects unloaded after import = 1

========================================================================
Received Import Request.
  Time since last request: 0.000117 seconds.
  path: Assets/GamerExtremo/res/X0.png
  artifactKey: Guid(c9ef21348cd43ff45a1f73bfc7d95f48) Importer(2089858483,b0f066a214c2f5e87bad3c948f4d605d)
Start importing Assets/GamerExtremo/res/X0.png using Guid(c9ef21348cd43ff45a1f73bfc7d95f48) Importer(2089858483,b0f066a214c2f5e87bad3c948f4d605d) (ScriptedImporter) -> (artifact id: '2f82376a79543fc5ac00900eaf769e03') in 0.00707 seconds
Number of updated asset objects reloaded before import = 0Number of asset objects unloaded after import = 3

========================================================================
Received Import Request.
  Time since last request: 0.000027 seconds.
  path: Assets/GamerExtremo/res/eA.xml
  artifactKey: Guid(bbe596ed64a04954fbee486af4b35129) Importer(2089858483,b0f066a214c2f5e87bad3c948f4d605d)
Start importing Assets/GamerExtremo/res/eA.xml using Guid(bbe596ed64a04954fbee486af4b35129) Importer(2089858483,b0f066a214c2f5e87bad3c948f4d605d) (ScriptedImporter) -> (artifact id: '4357c80a17797cb13a39caa34652a08c') in 0.0030899 seconds
Number of updated asset objects reloaded before import = 0Number of asset objects unloaded after import = 1

========================================================================
Received Import Request.
  Time since last request: 0.000125 seconds.
  path: Assets/GamerExtremo/res/Ai.png
  artifactKey: Guid(ae78a8ad9e42bc445849f9aecd3ed63e) Importer(2089858483,b0f066a214c2f5e87bad3c948f4d605d)
Start importing Assets/GamerExtremo/res/Ai.png using Guid(ae78a8ad9e42bc445849f9aecd3ed63e) Importer(2089858483,b0f066a214c2f5e87bad3c948f4d605d) (ScriptedImporter) -> (artifact id: '16ed3a15a0cbb6c6310fe7d8dd8ce2e9') in 0.006642 seconds
Number of updated asset objects reloaded before import = 0Number of asset objects unloaded after import = 3

========================================================================
Received Import Request.
  Time since last request: 0.000100 seconds.
  path: Assets/GamerExtremo/res/BG.9.png
  artifactKey: Guid(aed5991c247b19b42bfc283572891c64) Importer(2089858483,b0f066a214c2f5e87bad3c948f4d605d)
Start importing Assets/GamerExtremo/res/BG.9.png using Guid(aed5991c247b19b42bfc283572891c64) Importer(2089858483,b0f066a214c2f5e87bad3c948f4d605d) (ScriptedImporter) -> (artifact id: '12a8d41b3ca07cbe1039c83e80fbb8b2') in 0.0089273 seconds
Number of updated asset objects reloaded before import = 0Number of asset objects unloaded after import = 3

========================================================================
Received Import Request.
  Time since last request: 0.000017 seconds.
  path: Assets/GamerExtremo/RIP/Electric Puzzles_1.5/res/PF.xml
  artifactKey: Guid(e2143755be390ce4d8495353bcbd0bef) Importer(2089858483,b0f066a214c2f5e87bad3c948f4d605d)
Start importing Assets/GamerExtremo/RIP/Electric Puzzles_1.5/res/PF.xml using Guid(e2143755be390ce4d8495353bcbd0bef) Importer(2089858483,b0f066a214c2f5e87bad3c948f4d605d) (ScriptedImporter) -> (artifact id: '0fe742a1118a475e75728182bff2c6e6') in 0.003189 seconds
Number of updated asset objects reloaded before import = 0Number of asset objects unloaded after import = 1

========================================================================
Received Import Request.
  Time since last request: 0.000130 seconds.
  path: Assets/GamerExtremo/res/EQ.xml
  artifactKey: Guid(dfb2eb3cb52b2b840bb9c5cd047bbd9a) Importer(2089858483,b0f066a214c2f5e87bad3c948f4d605d)
Start importing Assets/GamerExtremo/res/EQ.xml using Guid(dfb2eb3cb52b2b840bb9c5cd047bbd9a) Importer(2089858483,b0f066a214c2f5e87bad3c948f4d605d) (ScriptedImporter) -> (artifact id: '00ef8ed1ea16be7105935f651d7f1741') in 0.0030094 seconds
Number of updated asset objects reloaded before import = 0Number of asset objects unloaded after import = 1

========================================================================
Received Import Request.
  Time since last request: 0.000162 seconds.
  path: Assets/GamerExtremo/res/2x.png
  artifactKey: Guid(94f4662a9eac7784ab486d54bb884621) Importer(2089858483,b0f066a214c2f5e87bad3c948f4d605d)
Start importing Assets/GamerExtremo/res/2x.png using Guid(94f4662a9eac7784ab486d54bb884621) Importer(2089858483,b0f066a214c2f5e87bad3c948f4d605d) (ScriptedImporter) -> (artifact id: '75f042bc7f37efda231d190ca9b03757') in 0.007104 seconds
Number of updated asset objects reloaded before import = 0Number of asset objects unloaded after import = 3

========================================================================
Received Import Request.
  Time since last request: 0.000025 seconds.
  path: Assets/GamerExtremo/RIP/Electric Puzzles_1.5/res/_H.xml
  artifactKey: Guid(f3b9735cdeb7800438407a1014d71de3) Importer(2089858483,b0f066a214c2f5e87bad3c948f4d605d)
Start importing Assets/GamerExtremo/RIP/Electric Puzzles_1.5/res/_H.xml using Guid(f3b9735cdeb7800438407a1014d71de3) Importer(2089858483,b0f066a214c2f5e87bad3c948f4d605d) (ScriptedImporter) -> (artifact id: '74fdc368d7d9521d58a42a74c71631b5') in 0.0036741 seconds
Number of updated asset objects reloaded before import = 0Number of asset objects unloaded after import = 1

========================================================================
Received Import Request.
  Time since last request: 0.000134 seconds.
  path: Assets/GamerExtremo/RIP/Electric Puzzles_1.5/FIOS/esquema/OK.png
  artifactKey: Guid(a63b5d9de043ed34683dc236fb96ae3a) Importer(2089858483,b0f066a214c2f5e87bad3c948f4d605d)
Start importing Assets/GamerExtremo/RIP/Electric Puzzles_1.5/FIOS/esquema/OK.png using Guid(a63b5d9de043ed34683dc236fb96ae3a) Importer(2089858483,b0f066a214c2f5e87bad3c948f4d605d) (ScriptedImporter) -> (artifact id: '42324eb200ff1bf17c966ca377e3b56c') in 0.0077494 seconds
Number of updated asset objects reloaded before import = 0Number of asset objects unloaded after import = 3

========================================================================
Received Import Request.
  Time since last request: 0.000017 seconds.
  path: Assets/GamerExtremo/res/Yp.png
  artifactKey: Guid(bbfa389a782dceb48a1f0e7cc52bb5c5) Importer(2089858483,b0f066a214c2f5e87bad3c948f4d605d)
Start importing Assets/GamerExtremo/res/Yp.png using Guid(bbfa389a782dceb48a1f0e7cc52bb5c5) Importer(2089858483,b0f066a214c2f5e87bad3c948f4d605d) (ScriptedImporter) -> (artifact id: '3ff6023275fe5061a16849d188f26030') in 0.0065329 seconds
Number of updated asset objects reloaded before import = 0Number of asset objects unloaded after import = 3

========================================================================
Received Import Request.
  Time since last request: 0.000015 seconds.
  path: Assets/GamerExtremo/RIP/Electric Puzzles_1.5/✅ New Folder/DIAGONAL LEFT/_q1.png
  artifactKey: Guid(665b2c355c5b5074d891f223be5fa381) Importer(2089858483,b0f066a214c2f5e87bad3c948f4d605d)
Start importing Assets/GamerExtremo/RIP/Electric Puzzles_1.5/✅ New Folder/DIAGONAL LEFT/_q1.png using Guid(665b2c355c5b5074d891f223be5fa381) Importer(2089858483,b0f066a214c2f5e87bad3c948f4d605d) (ScriptedImporter) -> (artifact id: '0babcdb1c37706a8d5099817f66fdfd6') in 0.0068881 seconds
Number of updated asset objects reloaded before import = 0Number of asset objects unloaded after import = 3

========================================================================
Received Import Request.
  Time since last request: 0.000017 seconds.
  path: Assets/GamerExtremo/res/et.png
  artifactKey: Guid(b3660a84871afaf4aa4f531ac0049276) Importer(2089858483,b0f066a214c2f5e87bad3c948f4d605d)
Start importing Assets/GamerExtremo/res/et.png using Guid(b3660a84871afaf4aa4f531ac0049276) Importer(2089858483,b0f066a214c2f5e87bad3c948f4d605d) (ScriptedImporter) -> (artifact id: 'bd681e6c859aab4fead60af774f51b89') in 0.0073372 seconds
Number of updated asset objects reloaded before import = 0Number of asset objects unloaded after import = 3

========================================================================
Received Import Request.
  Time since last request: 0.000018 seconds.
  path: Assets/GamerExtremo/RIP/Electric Puzzles_1.5/res/6B.png
  artifactKey: Guid(6735a81bd19167a4883d0c969465e0b1) Importer(2089858483,b0f066a214c2f5e87bad3c948f4d605d)
Start importing Assets/GamerExtremo/RIP/Electric Puzzles_1.5/res/6B.png using Guid(6735a81bd19167a4883d0c969465e0b1) Importer(2089858483,b0f066a214c2f5e87bad3c948f4d605d) (ScriptedImporter) -> (artifact id: 'd0a2ffc4517a697048952d1ac409bf7f') in 0.0091265 seconds
Number of updated asset objects reloaded before import = 0Number of asset objects unloaded after import = 3

========================================================================
Received Import Request.
  Time since last request: 0.000016 seconds.
  path: Assets/GamerExtremo/RIP/Electric Puzzles_1.5/✅ New Folder/PHONE/2/bI.png
  artifactKey: Guid(0cdbe64ba03765f4382178b05e929266) Importer(2089858483,b0f066a214c2f5e87bad3c948f4d605d)
Start importing Assets/GamerExtremo/RIP/Electric Puzzles_1.5/✅ New Folder/PHONE/2/bI.png using Guid(0cdbe64ba03765f4382178b05e929266) Importer(2089858483,b0f066a214c2f5e87bad3c948f4d605d) (ScriptedImporter) -> (artifact id: 'e18fd22552f9cf9fb01f51b30b2e4b53') in 0.0074786 seconds
Number of updated asset objects reloaded before import = 0Number of asset objects unloaded after import = 3

========================================================================
Received Import Request.
  Time since last request: 0.000017 seconds.
  path: Assets/GamerExtremo/RIP/Electric Puzzles_1.5/res/color-v23
  artifactKey: Guid(7ea77cc273fe9bf4b9e0d44e880e38d8) Importer(2089858483,b0f066a214c2f5e87bad3c948f4d605d)
Start importing Assets/GamerExtremo/RIP/Electric Puzzles_1.5/res/color-v23 using Guid(7ea77cc273fe9bf4b9e0d44e880e38d8) Importer(2089858483,b0f066a214c2f5e87bad3c948f4d605d) (ScriptedImporter) -> (artifact id: '8db0a4e36641c91d465ec22d93a1cc02') in 0.0026527 seconds
Number of updated asset objects reloaded before import = 0Number of asset objects unloaded after import = 1

========================================================================
Received Import Request.
  Time since last request: 0.000094 seconds.
  path: Assets/GamerExtremo/RIP/Electric Puzzles_1.5/res/pU.xml
  artifactKey: Guid(84ca6e0f5ac232842a0b53a1685aaf2b) Importer(2089858483,b0f066a214c2f5e87bad3c948f4d605d)
Start importing Assets/GamerExtremo/RIP/Electric Puzzles_1.5/res/pU.xml using Guid(84ca6e0f5ac232842a0b53a1685aaf2b) Importer(2089858483,b0f066a214c2f5e87bad3c948f4d605d) (ScriptedImporter) -> (artifact id: 'f0e358f85c3ee0732c9a9a11976a13c3') in 0.0041803 seconds
Number of updated asset objects reloaded before import = 0Number of asset objects unloaded after import = 1

========================================================================
Received Import Request.
  Time since last request: 0.000153 seconds.
  path: Assets/GamerExtremo/RIP/Electric Puzzles_1.5/FIOS/black/QJ.9.png
  artifactKey: Guid(53080ddea96384f40a31697289b4ac4e) Importer(2089858483,b0f066a214c2f5e87bad3c948f4d605d)
Start importing Assets/GamerExtremo/RIP/Electric Puzzles_1.5/FIOS/black/QJ.9.png using Guid(53080ddea96384f40a31697289b4ac4e) Importer(2089858483,b0f066a214c2f5e87bad3c948f4d605d) (ScriptedImporter) -> (artifact id: '773b7785de65909d88724d2ab8b6e06b') in 0.0081127 seconds
Number of updated asset objects reloaded before import = 0Number of asset objects unloaded after import = 3

========================================================================
Received Import Request.
  Time since last request: 0.000018 seconds.
  path: Assets/GamerExtremo/RIP/Electric Puzzles_1.5/✅ New Folder/CIRCLE/CIRCLE GREEN CENTER EMPTY/va.png
  artifactKey: Guid(bead921f519cd7244b245dfd8d88ae8c) Importer(2089858483,b0f066a214c2f5e87bad3c948f4d605d)
Start importing Assets/GamerExtremo/RIP/Electric Puzzles_1.5/✅ New Folder/CIRCLE/CIRCLE GREEN CENTER EMPTY/va.png using Guid(bead921f519cd7244b245dfd8d88ae8c) Importer(2089858483,b0f066a214c2f5e87bad3c948f4d605d) (ScriptedImporter) -> (artifact id: '1dd75c7d8fdd7386a5b02024dffea69c') in 0.0789745 seconds
Number of updated asset objects reloaded before import = 0Number of asset objects unloaded after import = 3

========================================================================
Received Import Request.
  Time since last request: 0.000022 seconds.
  path: Assets/GamerExtremo/Resources/Enemy2/skeleton_2_dead (3).png
  artifactKey: Guid(37e23b65f1841b8418644088f91cdbec) Importer(2089858483,b0f066a214c2f5e87bad3c948f4d605d)
Start importing Assets/GamerExtremo/Resources/Enemy2/skeleton_2_dead (3).png using Guid(37e23b65f1841b8418644088f91cdbec) Importer(2089858483,b0f066a214c2f5e87bad3c948f4d605d) (ScriptedImporter) -> (artifact id: '53ab290b2e268ab6322c9affffea7db7') in 0.0119637 seconds
Number of updated asset objects reloaded before import = 0Number of asset objects unloaded after import = 3

========================================================================
Received Import Request.
  Time since last request: 0.000038 seconds.
  path: Assets/GamerExtremo/res/color/abc_tint_edittext.xml
  artifactKey: Guid(c4f9627b354ba9b49a091e02109528fa) Importer(2089858483,b0f066a214c2f5e87bad3c948f4d605d)
Start importing Assets/GamerExtremo/res/color/abc_tint_edittext.xml using Guid(c4f9627b354ba9b49a091e02109528fa) Importer(2089858483,b0f066a214c2f5e87bad3c948f4d605d) (ScriptedImporter) -> (artifact id: '4a8927fddd51308007a8600465c3aefd') in 0.0029245 seconds
Number of updated asset objects reloaded before import = 0Number of asset objects unloaded after import = 1

========================================================================
Received Import Request.
  Time since last request: 0.000138 seconds.
  path: Assets/GamerExtremo/RIP/Electric Puzzles_1.5/✅ New Folder/SETA DOWN/z9.9.png
  artifactKey: Guid(bdef84ff08e5a0e48b2a55e3ae8e7cf7) Importer(2089858483,b0f066a214c2f5e87bad3c948f4d605d)
Start importing Assets/GamerExtremo/RIP/Electric Puzzles_1.5/✅ New Folder/SETA DOWN/z9.9.png using Guid(bdef84ff08e5a0e48b2a55e3ae8e7cf7) Importer(2089858483,b0f066a214c2f5e87bad3c948f4d605d) (ScriptedImporter) -> (artifact id: '799f1847e66bddbab92be2e8b110e983') in 0.0086207 seconds
Number of updated asset objects reloaded before import = 0Number of asset objects unloaded after import = 3

========================================================================
Received Import Request.
  Time since last request: 0.000018 seconds.
  path: Assets/GamerExtremo/res/2P.png
  artifactKey: Guid(a87ddd2c3c58fe2449b0776524de48e7) Importer(2089858483,b0f066a214c2f5e87bad3c948f4d605d)
Start importing Assets/GamerExtremo/res/2P.png using Guid(a87ddd2c3c58fe2449b0776524de48e7) Importer(2089858483,b0f066a214c2f5e87bad3c948f4d605d) (ScriptedImporter) -> (artifact id: '51fcc0177886a7b9c8dc56a5efb75866') in 0.0067604 seconds
Number of updated asset objects reloaded before import = 0Number of asset objects unloaded after import = 3

========================================================================
Received Import Request.
  Time since last request: 0.000020 seconds.
  path: Assets/GamerExtremo/res/t9.png
  artifactKey: Guid(9cb82491d6624e4449903c353da87b3b) Importer(2089858483,b0f066a214c2f5e87bad3c948f4d605d)
Start importing Assets/GamerExtremo/res/t9.png using Guid(9cb82491d6624e4449903c353da87b3b) Importer(2089858483,b0f066a214c2f5e87bad3c948f4d605d) (ScriptedImporter) -> (artifact id: 'b17484e1b25cd454a1287c0c2b2c0bf4') in 0.0081561 seconds
Number of updated asset objects reloaded before import = 0Number of asset objects unloaded after import = 3

========================================================================
Received Import Request.
  Time since last request: 0.000018 seconds.
  path: Assets/GamerExtremo/RIP/Electric Puzzles_1.5/res/color-v21/abc_btn_colored_borderless_text_material.xml
  artifactKey: Guid(e54b892426d42bc4687b61b6d17e2285) Importer(2089858483,b0f066a214c2f5e87bad3c948f4d605d)
Start importing Assets/GamerExtremo/RIP/Electric Puzzles_1.5/res/color-v21/abc_btn_colored_borderless_text_material.xml using Guid(e54b892426d42bc4687b61b6d17e2285) Importer(2089858483,b0f066a214c2f5e87bad3c948f4d605d) (ScriptedImporter) -> (artifact id: 'a5427571f6ce5d89bbd8420e5f960058') in 0.0040878 seconds
Number of updated asset objects reloaded before import = 0Number of asset objects unloaded after import = 1

========================================================================
Received Import Request.
  Time since last request: 0.000095 seconds.
  path: Assets/GamerExtremo/RIP/Electric Puzzles_1.5/Pictures/wire_fix green.png
  artifactKey: Guid(34c1d204619e4c64f883cfe5a4c2327f) Importer(2089858483,b0f066a214c2f5e87bad3c948f4d605d)
Start importing Assets/GamerExtremo/RIP/Electric Puzzles_1.5/Pictures/wire_fix green.png using Guid(34c1d204619e4c64f883cfe5a4c2327f) Importer(2089858483,b0f066a214c2f5e87bad3c948f4d605d) (ScriptedImporter) -> (artifact id: 'e5c9c51354822d88dbfceb71604f479e') in 0.0097112 seconds
Number of updated asset objects reloaded before import = 0Number of asset objects unloaded after import = 3

========================================================================
Received Import Request.
  Time since last request: 0.000017 seconds.
  path: Assets/GamerExtremo/Resources/Enemy1/skeleton_1_dead (3).png
  artifactKey: Guid(eb40441fa15114f40b7dbc701ccdb823) Importer(2089858483,b0f066a214c2f5e87bad3c948f4d605d)
Start importing Assets/GamerExtremo/Resources/Enemy1/skeleton_1_dead (3).png using Guid(eb40441fa15114f40b7dbc701ccdb823) Importer(2089858483,b0f066a214c2f5e87bad3c948f4d605d) (ScriptedImporter) -> (artifact id: '68eaa9316b8babdb6f2b2873bbe46ff1') in 0.0092968 seconds
Number of updated asset objects reloaded before import = 0Number of asset objects unloaded after import = 3

========================================================================
Received Import Request.
  Time since last request: 0.000025 seconds.
  path: Assets/GamerExtremo/RIP/Electric Puzzles_1.5/res/color/abc_secondary_text_material_light.xml
  artifactKey: Guid(46bb298d8b640a747bab84635dbb4847) Importer(2089858483,b0f066a214c2f5e87bad3c948f4d605d)
Start importing Assets/GamerExtremo/RIP/Electric Puzzles_1.5/res/color/abc_secondary_text_material_light.xml using Guid(46bb298d8b640a747bab84635dbb4847) Importer(2089858483,b0f066a214c2f5e87bad3c948f4d605d) (ScriptedImporter) -> (artifact id: '6c597c9b2e3a9c5acc8aef0b75e43395') in 0.0043664 seconds
Number of updated asset objects reloaded before import = 0Number of asset objects unloaded after import = 1

========================================================================
Received Import Request.
  Time since last request: 0.000115 seconds.
  path: Assets/GamerExtremo/RIP/Electric Puzzles_1.5/res/ZB.png
  artifactKey: Guid(62fe46db5797aa3428540056fda60bcc) Importer(2089858483,b0f066a214c2f5e87bad3c948f4d605d)
Start importing Assets/GamerExtremo/RIP/Electric Puzzles_1.5/res/ZB.png using Guid(62fe46db5797aa3428540056fda60bcc) Importer(2089858483,b0f066a214c2f5e87bad3c948f4d605d) (ScriptedImporter) -> (artifact id: '2ad931d8a49c46b42a191f29ef2f3836') in 0.0087314 seconds
Number of updated asset objects reloaded before import = 0Number of asset objects unloaded after import = 3

========================================================================
Received Import Request.
  Time since last request: 0.000015 seconds.
  path: Assets/GamerExtremo/res/bd.png
  artifactKey: Guid(dfce90c0f3d067b449c47d59996ac6f3) Importer(2089858483,b0f066a214c2f5e87bad3c948f4d605d)
Start importing Assets/GamerExtremo/res/bd.png using Guid(dfce90c0f3d067b449c47d59996ac6f3) Importer(2089858483,b0f066a214c2f5e87bad3c948f4d605d) (ScriptedImporter) -> (artifact id: '1a94119e7cf4eecf3450bd3b6e8801de') in 0.0070072 seconds
Number of updated asset objects reloaded before import = 0Number of asset objects unloaded after import = 3

========================================================================
Received Import Request.
  Time since last request: 0.000026 seconds.
  path: Assets/GamerExtremo/RIP/Electric Puzzles_1.5/✅ New Folder/DINHEIRO/BAG MONEY/xu1.png
  artifactKey: Guid(f2bd6e070c1897b428e59a35210919ac) Importer(2089858483,b0f066a214c2f5e87bad3c948f4d605d)
Start importing Assets/GamerExtremo/RIP/Electric Puzzles_1.5/✅ New Folder/DINHEIRO/BAG MONEY/xu1.png using Guid(f2bd6e070c1897b428e59a35210919ac) Importer(2089858483,b0f066a214c2f5e87bad3c948f4d605d) (ScriptedImporter) -> (artifact id: '4592ac94ec7d67846b728f14f9138342') in 0.0073311 seconds
Number of updated asset objects reloaded before import = 0Number of asset objects unloaded after import = 3

========================================================================
Received Import Request.
  Time since last request: 0.000016 seconds.
  path: Assets/GamerExtremo/RIP/Electric Puzzles_1.5/FIOS/branco/DL.9.png
  artifactKey: Guid(b8326b61e15bcfd46af18808b394b741) Importer(2089858483,b0f066a214c2f5e87bad3c948f4d605d)
Start importing Assets/GamerExtremo/RIP/Electric Puzzles_1.5/FIOS/branco/DL.9.png using Guid(b8326b61e15bcfd46af18808b394b741) Importer(2089858483,b0f066a214c2f5e87bad3c948f4d605d) (ScriptedImporter) -> (artifact id: 'efcb3bcfb2b75eb636c77bd8d0e2cb12') in 0.0068974 seconds
Number of updated asset objects reloaded before import = 0Number of asset objects unloaded after import = 3

========================================================================
Received Import Request.
  Time since last request: 0.000016 seconds.
  path: Assets/GamerExtremo/Resources/Enemy1/skeleton_1_walk (7).png
  artifactKey: Guid(f2f9a8bd4f07fe74d9fae0a697cdf8d7) Importer(2089858483,b0f066a214c2f5e87bad3c948f4d605d)
Start importing Assets/GamerExtremo/Resources/Enemy1/skeleton_1_walk (7).png using Guid(f2f9a8bd4f07fe74d9fae0a697cdf8d7) Importer(2089858483,b0f066a214c2f5e87bad3c948f4d605d) (ScriptedImporter) -> (artifact id: 'b3eb309b43a8831d7fb4a089f6e652a3') in 0.0075319 seconds
Number of updated asset objects reloaded before import = 0Number of asset objects unloaded after import = 3

========================================================================
Received Import Request.
  Time since last request: 0.000016 seconds.
  path: Assets/GamerExtremo/RIP/Electric Puzzles_1.5/res/9N.9.png
  artifactKey: Guid(01a784cb74c544942a31d1421b398c46) Importer(2089858483,b0f066a214c2f5e87bad3c948f4d605d)
Start importing Assets/GamerExtremo/RIP/Electric Puzzles_1.5/res/9N.9.png using Guid(01a784cb74c544942a31d1421b398c46) Importer(2089858483,b0f066a214c2f5e87bad3c948f4d605d) (ScriptedImporter) -> (artifact id: '94cb091f50c5ab9b821bf12b913f81e8') in 0.0065413 seconds
Number of updated asset objects reloaded before import = 0Number of asset objects unloaded after import = 3

========================================================================
Received Import Request.
  Time since last request: 0.000016 seconds.
  path: Assets/GamerExtremo/res/SK.png
  artifactKey: Guid(0e8edea83205758408f0725b1ac7ee97) Importer(2089858483,b0f066a214c2f5e87bad3c948f4d605d)
Start importing Assets/GamerExtremo/res/SK.png using Guid(0e8edea83205758408f0725b1ac7ee97) Importer(2089858483,b0f066a214c2f5e87bad3c948f4d605d) (ScriptedImporter) -> (artifact id: '40d0f0b27e66d796caf6092df95b01e0') in 0.0083451 seconds
Number of updated asset objects reloaded before import = 0Number of asset objects unloaded after import = 3

========================================================================
Received Import Request.
  Time since last request: 0.000016 seconds.
  path: Assets/GamerExtremo/RIP/Electric Puzzles_1.5/✅ New Folder/XML/F8.xml
  artifactKey: Guid(7c3af0f3032e89940aa20997c32249d6) Importer(2089858483,b0f066a214c2f5e87bad3c948f4d605d)
Start importing Assets/GamerExtremo/RIP/Electric Puzzles_1.5/✅ New Folder/XML/F8.xml using Guid(7c3af0f3032e89940aa20997c32249d6) Importer(2089858483,b0f066a214c2f5e87bad3c948f4d605d) (ScriptedImporter) -> (artifact id: 'de410389057b5cc1da2ae97ba81286c9') in 0.0041867 seconds
Number of updated asset objects reloaded before import = 0Number of asset objects unloaded after import = 1

========================================================================
Received Import Request.
  Time since last request: 0.000139 seconds.
  path: Assets/GamerExtremo/RIP/Electric Puzzles_1.5/res/gZ.9.png
  artifactKey: Guid(af3b832976040c84f976af8306b776cc) Importer(2089858483,b0f066a214c2f5e87bad3c948f4d605d)
Start importing Assets/GamerExtremo/RIP/Electric Puzzles_1.5/res/gZ.9.png using Guid(af3b832976040c84f976af8306b776cc) Importer(2089858483,b0f066a214c2f5e87bad3c948f4d605d) (ScriptedImporter) -> (artifact id: '31c6508f7ac601b9b2ff2857ec8175d5') in 0.0066505 seconds
Number of updated asset objects reloaded before import = 0Number of asset objects unloaded after import = 3

========================================================================
Received Import Request.
  Time since last request: 0.000060 seconds.
  path: Assets/GamerExtremo/RIP/Electric Puzzles_1.5/SQUARE/cinza/8h.9.png
  artifactKey: Guid(c4532e123e7929546b83f043aaec0467) Importer(2089858483,b0f066a214c2f5e87bad3c948f4d605d)
Start importing Assets/GamerExtremo/RIP/Electric Puzzles_1.5/SQUARE/cinza/8h.9.png using Guid(c4532e123e7929546b83f043aaec0467) Importer(2089858483,b0f066a214c2f5e87bad3c948f4d605d) (ScriptedImporter) -> (artifact id: '0555f5daaa4d938fd6337bc604f5a2a3') in 0.0068263 seconds
Number of updated asset objects reloaded before import = 0Number of asset objects unloaded after import = 3

========================================================================
Received Import Request.
  Time since last request: 0.000022 seconds.
  path: Assets/GamerExtremo/Resources/Player/run (5).png
  artifactKey: Guid(68e69b6866216b6418d7b496d40412e7) Importer(2089858483,b0f066a214c2f5e87bad3c948f4d605d)
Start importing Assets/GamerExtremo/Resources/Player/run (5).png using Guid(68e69b6866216b6418d7b496d40412e7) Importer(2089858483,b0f066a214c2f5e87bad3c948f4d605d) (ScriptedImporter) -> (artifact id: '6b8b504133670ed56fbc20d3e2f83f74') in 0.0084347 seconds
Number of updated asset objects reloaded before import = 0Number of asset objects unloaded after import = 3

========================================================================
Received Import Request.
  Time since last request: 0.000017 seconds.
  path: Assets/GamerExtremo/RIP/Electric Puzzles_1.5/res/v4.9.png
  artifactKey: Guid(08915a980ed77f8448a959ce003fb478) Importer(2089858483,b0f066a214c2f5e87bad3c948f4d605d)
Start importing Assets/GamerExtremo/RIP/Electric Puzzles_1.5/res/v4.9.png using Guid(08915a980ed77f8448a959ce003fb478) Importer(2089858483,b0f066a214c2f5e87bad3c948f4d605d) (ScriptedImporter) -> (artifact id: 'bae5a073064d2ad21a7e50204106e885') in 0.0069829 seconds
Number of updated asset objects reloaded before import = 0Number of asset objects unloaded after import = 3

========================================================================
Received Import Request.
  Time since last request: 0.000082 seconds.
  path: Assets/GamerExtremo/RIP/Electric Puzzles_1.5/✅ New Folder/CIRCLE/CIRCLE BLACK/Pb.png
  artifactKey: Guid(7a76d8461fa9b3e4d85d3bc009fb3a7f) Importer(2089858483,b0f066a214c2f5e87bad3c948f4d605d)
Start importing Assets/GamerExtremo/RIP/Electric Puzzles_1.5/✅ New Folder/CIRCLE/CIRCLE BLACK/Pb.png using Guid(7a76d8461fa9b3e4d85d3bc009fb3a7f) Importer(2089858483,b0f066a214c2f5e87bad3c948f4d605d) (ScriptedImporter) -> (artifact id: 'fc1c4230721ce0d0b3b61bcc25bbccd2') in 0.0093615 seconds
Number of updated asset objects reloaded before import = 0Number of asset objects unloaded after import = 3

========================================================================
Received Import Request.
  Time since last request: 0.000020 seconds.
  path: Assets/GamerExtremo/RIP/Electric Puzzles_1.5/SQUARE/5 Square verde claro/Ux.png
  artifactKey: Guid(c066a4665dbb8054591c898aeab81270) Importer(2089858483,b0f066a214c2f5e87bad3c948f4d605d)
Start importing Assets/GamerExtremo/RIP/Electric Puzzles_1.5/SQUARE/5 Square verde claro/Ux.png using Guid(c066a4665dbb8054591c898aeab81270) Importer(2089858483,b0f066a214c2f5e87bad3c948f4d605d) (ScriptedImporter) -> (artifact id: '1bf128e7b9435e1733221dfd6184c541') in 0.0075602 seconds
Number of updated asset objects reloaded before import = 0Number of asset objects unloaded after import = 3

========================================================================
Received Import Request.
  Time since last request: 0.000032 seconds.
  path: Assets/GamerExtremo/RIP/Electric Puzzles_1.5/✅ New Folder/TOMADAS/oL.png
  artifactKey: Guid(06b39e48b8691f94dab257e66579bb10) Importer(2089858483,b0f066a214c2f5e87bad3c948f4d605d)
Start importing Assets/GamerExtremo/RIP/Electric Puzzles_1.5/✅ New Folder/TOMADAS/oL.png using Guid(06b39e48b8691f94dab257e66579bb10) Importer(2089858483,b0f066a214c2f5e87bad3c948f4d605d) (ScriptedImporter) -> (artifact id: '00041ba3612486681f373ce16a06f63b') in 0.0075083 seconds
Number of updated asset objects reloaded before import = 0Number of asset objects unloaded after import = 3

========================================================================
Received Import Request.
  Time since last request: 0.000015 seconds.
  path: Assets/GamerExtremo/RIP/Electric Puzzles_1.5/FIOS/black/No.9.png
  artifactKey: Guid(06c7c9cc46e2ce74d9e7e165f136bdc3) Importer(2089858483,b0f066a214c2f5e87bad3c948f4d605d)
Start importing Assets/GamerExtremo/RIP/Electric Puzzles_1.5/FIOS/black/No.9.png using Guid(06c7c9cc46e2ce74d9e7e165f136bdc3) Importer(2089858483,b0f066a214c2f5e87bad3c948f4d605d) (ScriptedImporter) -> (artifact id: 'aa72d23e529c699317b6063f793a7efb') in 0.0075235 seconds
Number of updated asset objects reloaded before import = 0Number of asset objects unloaded after import = 3

========================================================================
Received Import Request.
  Time since last request: 0.000016 seconds.
  path: Assets/GamerExtremo/RIP/Electric Puzzles_1.5/res/g6.png
  artifactKey: Guid(668f1b1dc0f06d646b050f40e2273e80) Importer(2089858483,b0f066a214c2f5e87bad3c948f4d605d)
Start importing Assets/GamerExtremo/RIP/Electric Puzzles_1.5/res/g6.png using Guid(668f1b1dc0f06d646b050f40e2273e80) Importer(2089858483,b0f066a214c2f5e87bad3c948f4d605d) (ScriptedImporter) -> (artifact id: 'dbe12b0d5a75c5d0934d94a7d1769c28') in 0.0073047 seconds
Number of updated asset objects reloaded before import = 0Number of asset objects unloaded after import = 3

========================================================================
Received Import Request.
  Time since last request: 0.000016 seconds.
  path: Assets/GamerExtremo/RIP/Electric Puzzles_1.5/FIOS/verde/BT.png
  artifactKey: Guid(f656eb92ffaf84b458f959f525c1b4a7) Importer(2089858483,b0f066a214c2f5e87bad3c948f4d605d)
Start importing Assets/GamerExtremo/RIP/Electric Puzzles_1.5/FIOS/verde/BT.png using Guid(f656eb92ffaf84b458f959f525c1b4a7) Importer(2089858483,b0f066a214c2f5e87bad3c948f4d605d) (ScriptedImporter) -> (artifact id: '057ae6a0c615b1a02427005a90e0494b') in 0.0074369 seconds
Number of updated asset objects reloaded before import = 0Number of asset objects unloaded after import = 3

========================================================================
Received Import Request.
  Time since last request: 0.000020 seconds.
  path: Assets/GamerExtremo/res/wV.png
  artifactKey: Guid(331a28b51b2b5d94399ae1145153166d) Importer(2089858483,b0f066a214c2f5e87bad3c948f4d605d)
Start importing Assets/GamerExtremo/res/wV.png using Guid(331a28b51b2b5d94399ae1145153166d) Importer(2089858483,b0f066a214c2f5e87bad3c948f4d605d) (ScriptedImporter) -> (artifact id: 'ca4218eedf634ddd7b0daec291d28f50') in 0.0115978 seconds
Number of updated asset objects reloaded before import = 0Number of asset objects unloaded after import = 3

========================================================================
Received Import Request.
  Time since last request: 0.000028 seconds.
  path: Assets/GamerExtremo/RIP/Electric Puzzles_1.5/✅ New Folder/XML/XY.xml
  artifactKey: Guid(6675fbc7310d9284b8dd5e0da1042925) Importer(2089858483,b0f066a214c2f5e87bad3c948f4d605d)
Start importing Assets/GamerExtremo/RIP/Electric Puzzles_1.5/✅ New Folder/XML/XY.xml using Guid(6675fbc7310d9284b8dd5e0da1042925) Importer(2089858483,b0f066a214c2f5e87bad3c948f4d605d) (ScriptedImporter) -> (artifact id: '6a524ebd3223959d10ad3b1eca6e5461') in 0.0042825 seconds
Number of updated asset objects reloaded before import = 0Number of asset objects unloaded after import = 1

========================================================================
Received Import Request.
  Time since last request: 0.000182 seconds.
  path: Assets/GamerExtremo/RIP/Electric Puzzles_1.5/✅ New Folder/XML/2j.xml
  artifactKey: Guid(4b45a03e322278c428545e4b963dd659) Importer(2089858483,b0f066a214c2f5e87bad3c948f4d605d)
Start importing Assets/GamerExtremo/RIP/Electric Puzzles_1.5/✅ New Folder/XML/2j.xml using Guid(4b45a03e322278c428545e4b963dd659) Importer(2089858483,b0f066a214c2f5e87bad3c948f4d605d) (ScriptedImporter) -> (artifact id: '15828a6aac62d0ce60fced6c988b9fa2') in 0.0035887 seconds
Number of updated asset objects reloaded before import = 0Number of asset objects unloaded after import = 1

========================================================================
Received Import Request.
  Time since last request: 0.000193 seconds.
  path: Assets/GamerExtremo/RIP/Electric Puzzles_1.5/SQUARE/black/xa.9.png
  artifactKey: Guid(99c6c8c2ff7a2d045a70a9f98505f4a2) Importer(2089858483,b0f066a214c2f5e87bad3c948f4d605d)
Start importing Assets/GamerExtremo/RIP/Electric Puzzles_1.5/SQUARE/black/xa.9.png using Guid(99c6c8c2ff7a2d045a70a9f98505f4a2) Importer(2089858483,b0f066a214c2f5e87bad3c948f4d605d) (ScriptedImporter) -> (artifact id: '2a78557400e26de900459b21a84c4608') in 0.007334 seconds
Number of updated asset objects reloaded before import = 0Number of asset objects unloaded after import = 3

========================================================================
Received Import Request.
  Time since last request: 0.000112 seconds.
  path: Assets/GamerExtremo/res/Ws.xml
  artifactKey: Guid(81fbe6d873bdc244f8cf99a8831bdd07) Importer(2089858483,b0f066a214c2f5e87bad3c948f4d605d)
Start importing Assets/GamerExtremo/res/Ws.xml using Guid(81fbe6d873bdc244f8cf99a8831bdd07) Importer(2089858483,b0f066a214c2f5e87bad3c948f4d605d) (ScriptedImporter) -> (artifact id: 'bdb4898e09ad2558697ab2ce5bfb26cd') in 0.003427 seconds
Number of updated asset objects reloaded before import = 0Number of asset objects unloaded after import = 1

========================================================================
Received Import Request.
  Time since last request: 0.000095 seconds.
  path: Assets/GamerExtremo/RIP/Electric Puzzles_1.5/res/1J.9.png
  artifactKey: Guid(19ce4301c74f17a468b3c588ad7e2f0b) Importer(2089858483,b0f066a214c2f5e87bad3c948f4d605d)
Start importing Assets/GamerExtremo/RIP/Electric Puzzles_1.5/res/1J.9.png using Guid(19ce4301c74f17a468b3c588ad7e2f0b) Importer(2089858483,b0f066a214c2f5e87bad3c948f4d605d) (ScriptedImporter) -> (artifact id: '170575dd8e3732b6d6e5661a616e4394') in 0.0077525 seconds
Number of updated asset objects reloaded before import = 0Number of asset objects unloaded after import = 3

========================================================================
Received Import Request.
  Time since last request: 0.000017 seconds.
  path: Assets/GamerExtremo/RIP/Electric Puzzles_1.5/FIOS/verde/Pasta
  artifactKey: Guid(8120eb25d9ec65640aaaedac7c92430f) Importer(2089858483,b0f066a214c2f5e87bad3c948f4d605d)
Start importing Assets/GamerExtremo/RIP/Electric Puzzles_1.5/FIOS/verde/Pasta using Guid(8120eb25d9ec65640aaaedac7c92430f) Importer(2089858483,b0f066a214c2f5e87bad3c948f4d605d) (ScriptedImporter) -> (artifact id: 'e2c71011043f3b67ef40927ad5dbd6d4') in 0.0027367 seconds
Number of updated asset objects reloaded before import = 0Number of asset objects unloaded after import = 1

========================================================================
Received Import Request.
  Time since last request: 0.000147 seconds.
  path: Assets/GamerExtremo/res/color/abc_tint_switch_track.xml
  artifactKey: Guid(d260416241dbbca469874b98985e56f9) Importer(2089858483,b0f066a214c2f5e87bad3c948f4d605d)
Start importing Assets/GamerExtremo/res/color/abc_tint_switch_track.xml using Guid(d260416241dbbca469874b98985e56f9) Importer(2089858483,b0f066a214c2f5e87bad3c948f4d605d) (ScriptedImporter) -> (artifact id: 'c07c8556a33b6073bd97cb75a976acf5') in 0.0037296 seconds
Number of updated asset objects reloaded before import = 0Number of asset objects unloaded after import = 1

========================================================================
Received Import Request.
  Time since last request: 0.000137 seconds.
  path: Assets/GamerExtremo/RIP/Electric Puzzles_1.5/res/71.png
  artifactKey: Guid(1ec0f6f5a802ff645bdc898ecbb1452b) Importer(2089858483,b0f066a214c2f5e87bad3c948f4d605d)
Start importing Assets/GamerExtremo/RIP/Electric Puzzles_1.5/res/71.png using Guid(1ec0f6f5a802ff645bdc898ecbb1452b) Importer(2089858483,b0f066a214c2f5e87bad3c948f4d605d) (ScriptedImporter) -> (artifact id: '0c36756101d9ce85e2ff121e576cd439') in 0.0067657 seconds
Number of updated asset objects reloaded before import = 0Number of asset objects unloaded after import = 3

========================================================================
Received Import Request.
  Time since last request: 0.000017 seconds.
  path: Assets/GamerExtremo/RIP/Electric Puzzles_1.5/res/color/abc_tint_seek_thumb.xml
  artifactKey: Guid(63e8bef1dc56e4042946363c545ffc85) Importer(2089858483,b0f066a214c2f5e87bad3c948f4d605d)
Start importing Assets/GamerExtremo/RIP/Electric Puzzles_1.5/res/color/abc_tint_seek_thumb.xml using Guid(63e8bef1dc56e4042946363c545ffc85) Importer(2089858483,b0f066a214c2f5e87bad3c948f4d605d) (ScriptedImporter) -> (artifact id: '14e4864759d633437b283d35b714ecde') in 0.0032224 seconds
Number of updated asset objects reloaded before import = 0Number of asset objects unloaded after import = 1

========================================================================
Received Import Request.
  Time since last request: 0.000135 seconds.
  path: Assets/GamerExtremo/RIP/Electric Puzzles_1.5/✅ New Folder/CAR/IF.png
  artifactKey: Guid(d2241fbff13021842be4ea4b5994996e) Importer(2089858483,b0f066a214c2f5e87bad3c948f4d605d)
Start importing Assets/GamerExtremo/RIP/Electric Puzzles_1.5/✅ New Folder/CAR/IF.png using Guid(d2241fbff13021842be4ea4b5994996e) Importer(2089858483,b0f066a214c2f5e87bad3c948f4d605d) (ScriptedImporter) -> (artifact id: '080314dfec61d9555721b77c2fc5b1cb') in 0.0071254 seconds
Number of updated asset objects reloaded before import = 0Number of asset objects unloaded after import = 3

========================================================================
Received Import Request.
  Time since last request: 0.000027 seconds.
  path: Assets/GamerExtremo/RIP/Electric Puzzles_1.5/✅ New Folder/CIRCLE/CIRCLE +PLUSS  -MINUS/C3.png
  artifactKey: Guid(12e083c7be647354887a38d38bd2e027) Importer(2089858483,b0f066a214c2f5e87bad3c948f4d605d)
Start importing Assets/GamerExtremo/RIP/Electric Puzzles_1.5/✅ New Folder/CIRCLE/CIRCLE +PLUSS  -MINUS/C3.png using Guid(12e083c7be647354887a38d38bd2e027) Importer(2089858483,b0f066a214c2f5e87bad3c948f4d605d) (ScriptedImporter) -> (artifact id: 'e624f675b5cbfb320bc2be213f5fae94') in 0.0086662 seconds
Number of updated asset objects reloaded before import = 0Number of asset objects unloaded after import = 3

========================================================================
Received Import Request.
  Time since last request: 0.000015 seconds.
  path: Assets/GamerExtremo/RIP/Electric Puzzles_1.5/✅ New Folder/CIRCLE/CIRCLE +PLUSS  -MINUS/1F1.png
  artifactKey: Guid(8dd8fed42d7a1d245bcb300c4e10b562) Importer(2089858483,b0f066a214c2f5e87bad3c948f4d605d)
Start importing Assets/GamerExtremo/RIP/Electric Puzzles_1.5/✅ New Folder/CIRCLE/CIRCLE +PLUSS  -MINUS/1F1.png using Guid(8dd8fed42d7a1d245bcb300c4e10b562) Importer(2089858483,b0f066a214c2f5e87bad3c948f4d605d) (ScriptedImporter) -> (artifact id: '4a7bf3def7c3c529bfbad315ef86406e') in 0.0101717 seconds
Number of updated asset objects reloaded before import = 0Number of asset objects unloaded after import = 3

========================================================================
Received Import Request.
  Time since last request: 0.000020 seconds.
  path: Assets/GamerExtremo/res/7V.png
  artifactKey: Guid(538668817a437ea49892f6b2a1bf00d9) Importer(2089858483,b0f066a214c2f5e87bad3c948f4d605d)
Start importing Assets/GamerExtremo/res/7V.png using Guid(538668817a437ea49892f6b2a1bf00d9) Importer(2089858483,b0f066a214c2f5e87bad3c948f4d605d) (ScriptedImporter) -> (artifact id: '84f5b92469dd76d05bb1b36f72a58f30') in 0.0082307 seconds
Number of updated asset objects reloaded before import = 0Number of asset objects unloaded after import = 3

========================================================================
Received Import Request.
  Time since last request: 0.000023 seconds.
  path: Assets/GamerExtremo/res/iQ.png
  artifactKey: Guid(7bd1be5e3a53aa6479a6fa19673e1ee8) Importer(2089858483,b0f066a214c2f5e87bad3c948f4d605d)
Start importing Assets/GamerExtremo/res/iQ.png using Guid(7bd1be5e3a53aa6479a6fa19673e1ee8) Importer(2089858483,b0f066a214c2f5e87bad3c948f4d605d) (ScriptedImporter) -> (artifact id: '50ebc1af1fe5486c90b09564f6cf4aeb') in 0.0077347 seconds
Number of updated asset objects reloaded before import = 0Number of asset objects unloaded after import = 3

========================================================================
Received Import Request.
  Time since last request: 0.000019 seconds.
  path: Assets/GamerExtremo/RIP/Electric Puzzles_1.5/res/VT.xml
  artifactKey: Guid(a5db953390af9ef48bfb207dc7a31547) Importer(2089858483,b0f066a214c2f5e87bad3c948f4d605d)
Start importing Assets/GamerExtremo/RIP/Electric Puzzles_1.5/res/VT.xml using Guid(a5db953390af9ef48bfb207dc7a31547) Importer(2089858483,b0f066a214c2f5e87bad3c948f4d605d) (ScriptedImporter) -> (artifact id: '2b122907bfe1b22d10e1088bcc1e98bc') in 0.0033053 seconds
Number of updated asset objects reloaded before import = 0Number of asset objects unloaded after import = 1

========================================================================
Received Import Request.
  Time since last request: 0.000153 seconds.
  path: Assets/GamerExtremo/res/Mp.xml
  artifactKey: Guid(da86f90febb3b184c99a7798590801b6) Importer(2089858483,b0f066a214c2f5e87bad3c948f4d605d)
Start importing Assets/GamerExtremo/res/Mp.xml using Guid(da86f90febb3b184c99a7798590801b6) Importer(2089858483,b0f066a214c2f5e87bad3c948f4d605d) (ScriptedImporter) -> (artifact id: '381045f3eca67cc2a37376855d962e89') in 0.0039682 seconds
Number of updated asset objects reloaded before import = 0Number of asset objects unloaded after import = 1

========================================================================
Received Import Request.
  Time since last request: 0.000068 seconds.
  path: Assets/GamerExtremo/RIP/Electric Puzzles_1.5/Pictures/nand_gate.png
  artifactKey: Guid(6df921a3b5be9d44bbab421168c90f83) Importer(2089858483,b0f066a214c2f5e87bad3c948f4d605d)
Start importing Assets/GamerExtremo/RIP/Electric Puzzles_1.5/Pictures/nand_gate.png using Guid(6df921a3b5be9d44bbab421168c90f83) Importer(2089858483,b0f066a214c2f5e87bad3c948f4d605d) (ScriptedImporter) -> (artifact id: 'e8ee1e82eb847494b4566a9e1cbf8d92') in 0.0071705 seconds
Number of updated asset objects reloaded before import = 0Number of asset objects unloaded after import = 3

========================================================================
Received Import Request.
  Time since last request: 0.000017 seconds.
  path: Assets/GamerExtremo/res/fM.9.png
  artifactKey: Guid(280d57ff22b821145947641b4019b239) Importer(2089858483,b0f066a214c2f5e87bad3c948f4d605d)
Start importing Assets/GamerExtremo/res/fM.9.png using Guid(280d57ff22b821145947641b4019b239) Importer(2089858483,b0f066a214c2f5e87bad3c948f4d605d) (ScriptedImporter) -> (artifact id: '3fe0b04f335d9a61ad74d258b71491f2') in 0.0118079 seconds
Number of updated asset objects reloaded before import = 0Number of asset objects unloaded after import = 3

========================================================================
Received Import Request.
  Time since last request: 0.000021 seconds.
  path: Assets/GamerExtremo/RIP/Electric Puzzles_1.5/Pictures/resistor2.png
  artifactKey: Guid(8930fb6991e04d74f9e3ac37a635db67) Importer(2089858483,b0f066a214c2f5e87bad3c948f4d605d)
Start importing Assets/GamerExtremo/RIP/Electric Puzzles_1.5/Pictures/resistor2.png using Guid(8930fb6991e04d74f9e3ac37a635db67) Importer(2089858483,b0f066a214c2f5e87bad3c948f4d605d) (ScriptedImporter) -> (artifact id: '9cff766741f6f8b35cdcf06602163ba9') in 0.0081655 seconds
Number of updated asset objects reloaded before import = 0Number of asset objects unloaded after import = 3

========================================================================
Received Import Request.
  Time since last request: 0.000014 seconds.
  path: Assets/GamerExtremo/Resources/Player/run (11).png
  artifactKey: Guid(f1eeb8f29561a1743aac638d0a592438) Importer(2089858483,b0f066a214c2f5e87bad3c948f4d605d)
Start importing Assets/GamerExtremo/Resources/Player/run (11).png using Guid(f1eeb8f29561a1743aac638d0a592438) Importer(2089858483,b0f066a214c2f5e87bad3c948f4d605d) (ScriptedImporter) -> (artifact id: '599f00326ad5884d3e88536d9bc65583') in 0.0076287 seconds
Number of updated asset objects reloaded before import = 0Number of asset objects unloaded after import = 3

========================================================================
Received Import Request.
  Time since last request: 0.000020 seconds.
  path: Assets/GamerExtremo/RIP/Electric Puzzles_1.5/res/zL.png
  artifactKey: Guid(111cda87c1cbb3c4792962800e2ecb0c) Importer(2089858483,b0f066a214c2f5e87bad3c948f4d605d)
Start importing Assets/GamerExtremo/RIP/Electric Puzzles_1.5/res/zL.png using Guid(111cda87c1cbb3c4792962800e2ecb0c) Importer(2089858483,b0f066a214c2f5e87bad3c948f4d605d) (ScriptedImporter) -> (artifact id: '055d68b1868fad34cfe6b108e96384b5') in 0.0078171 seconds
Number of updated asset objects reloaded before import = 0Number of asset objects unloaded after import = 3

========================================================================
Received Import Request.
  Time since last request: 0.000017 seconds.
  path: Assets/GamerExtremo/RIP/Electric Puzzles_1.5/✅ New Folder/CIRCLE/CIRCLE CENTER BLACK
  artifactKey: Guid(a56c75b0c26624a4ea73c595294bbab5) Importer(2089858483,b0f066a214c2f5e87bad3c948f4d605d)
Start importing Assets/GamerExtremo/RIP/Electric Puzzles_1.5/✅ New Folder/CIRCLE/CIRCLE CENTER BLACK using Guid(a56c75b0c26624a4ea73c595294bbab5) Importer(2089858483,b0f066a214c2f5e87bad3c948f4d605d) (ScriptedImporter) -> (artifact id: '34e96f27b8313b3c1fc7d9f518633caf') in 0.0033955 seconds
Number of updated asset objects reloaded before import = 0Number of asset objects unloaded after import = 1

========================================================================
Received Import Request.
  Time since last request: 0.000224 seconds.
  path: Assets/GamerExtremo/res/color-v23/abc_tint_btn_checkable.xml
  artifactKey: Guid(234459b638c33614897871e864912915) Importer(2089858483,b0f066a214c2f5e87bad3c948f4d605d)
Start importing Assets/GamerExtremo/res/color-v23/abc_tint_btn_checkable.xml using Guid(234459b638c33614897871e864912915) Importer(2089858483,b0f066a214c2f5e87bad3c948f4d605d) (ScriptedImporter) -> (artifact id: 'cc2e0e3a3e0de954f75d3d8f9204a191') in 0.003439 seconds
Number of updated asset objects reloaded before import = 0Number of asset objects unloaded after import = 1

========================================================================
Received Import Request.
  Time since last request: 0.000136 seconds.
  path: Assets/GamerExtremo/RIP/Electric Puzzles_1.5/✅ New Folder/CIRCLE/CIRCLE BLACK/ly.png
  artifactKey: Guid(51b0f345f12cb744caa891c19f43b571) Importer(2089858483,b0f066a214c2f5e87bad3c948f4d605d)
Start importing Assets/GamerExtremo/RIP/Electric Puzzles_1.5/✅ New Folder/CIRCLE/CIRCLE BLACK/ly.png using Guid(51b0f345f12cb744caa891c19f43b571) Importer(2089858483,b0f066a214c2f5e87bad3c948f4d605d) (ScriptedImporter) -> (artifact id: '10ed3525b0ddb2dc27303ea02b6ff08d') in 0.0076409 seconds
Number of updated asset objects reloaded before import = 0Number of asset objects unloaded after import = 3

========================================================================
Received Import Request.
  Time since last request: 0.000016 seconds.
  path: Assets/GamerExtremo/res/C3.png
  artifactKey: Guid(a14974dc0a5cfde47ae80bf471455d93) Importer(2089858483,b0f066a214c2f5e87bad3c948f4d605d)
Start importing Assets/GamerExtremo/res/C3.png using Guid(a14974dc0a5cfde47ae80bf471455d93) Importer(2089858483,b0f066a214c2f5e87bad3c948f4d605d) (ScriptedImporter) -> (artifact id: '0a535919940d4d601523f241679f5df2') in 0.0069925 seconds
Number of updated asset objects reloaded before import = 0Number of asset objects unloaded after import = 3

========================================================================
Received Import Request.
  Time since last request: 0.000073 seconds.
  path: Assets/GamerExtremo/Resources/Sounds/Retro UI Sounds/Bonus
  artifactKey: Guid(ea706035a43ff644a986d6101f06a27e) Importer(2089858483,b0f066a214c2f5e87bad3c948f4d605d)
Start importing Assets/GamerExtremo/Resources/Sounds/Retro UI Sounds/Bonus using Guid(ea706035a43ff644a986d6101f06a27e) Importer(2089858483,b0f066a214c2f5e87bad3c948f4d605d) (ScriptedImporter) -> (artifact id: 'ac460be169155c20d21da69e7e18e549') in 0.004285 seconds
Number of updated asset objects reloaded before import = 0Number of asset objects unloaded after import = 1

========================================================================
Received Import Request.
  Time since last request: 0.000109 seconds.
  path: Assets/GamerExtremo/RIP/Electric Puzzles_1.5/FIOS/black/Pasta
  artifactKey: Guid(14bb816511f3a3943adcc750804f9055) Importer(2089858483,b0f066a214c2f5e87bad3c948f4d605d)
Start importing Assets/GamerExtremo/RIP/Electric Puzzles_1.5/FIOS/black/Pasta using Guid(14bb816511f3a3943adcc750804f9055) Importer(2089858483,b0f066a214c2f5e87bad3c948f4d605d) (ScriptedImporter) -> (artifact id: '25f4067019160d736a1fe0e9b916b994') in 0.0030771 seconds
Number of updated asset objects reloaded before import = 0Number of asset objects unloaded after import = 1

========================================================================
Received Import Request.
  Time since last request: 0.000121 seconds.
  path: Assets/GamerExtremo/res/IH.png
  artifactKey: Guid(9cdb9eb7f07cf6a4498e4dc38d79c2c6) Importer(2089858483,b0f066a214c2f5e87bad3c948f4d605d)
Start importing Assets/GamerExtremo/res/IH.png using Guid(9cdb9eb7f07cf6a4498e4dc38d79c2c6) Importer(2089858483,b0f066a214c2f5e87bad3c948f4d605d) (ScriptedImporter) -> (artifact id: '947be746f3a0a3c343e165468dc3d514') in 0.0069598 seconds
Number of updated asset objects reloaded before import = 0Number of asset objects unloaded after import = 3

========================================================================
Received Import Request.
  Time since last request: 0.000076 seconds.
  path: Assets/GamerExtremo/res/_y.xml
  artifactKey: Guid(9eb3c36e95cd655449793c4875226ef3) Importer(2089858483,b0f066a214c2f5e87bad3c948f4d605d)
Start importing Assets/GamerExtremo/res/_y.xml using Guid(9eb3c36e95cd655449793c4875226ef3) Importer(2089858483,b0f066a214c2f5e87bad3c948f4d605d) (ScriptedImporter) -> (artifact id: 'e5cebdb099cfc4928048de10a4462aad') in 0.0034049 seconds
Number of updated asset objects reloaded before import = 0Number of asset objects unloaded after import = 1

========================================================================
Received Import Request.
  Time since last request: 0.000143 seconds.
  path: Assets/GamerExtremo/res/Ov1.png
  artifactKey: Guid(094f328cdc412fc4d8f7f2dd6049ea73) Importer(2089858483,b0f066a214c2f5e87bad3c948f4d605d)
Start importing Assets/GamerExtremo/res/Ov1.png using Guid(094f328cdc412fc4d8f7f2dd6049ea73) Importer(2089858483,b0f066a214c2f5e87bad3c948f4d605d) (ScriptedImporter) -> (artifact id: 'd0d6dc849b5a0ccc7f0eb7cd2cbb78bd') in 0.0070267 seconds
Number of updated asset objects reloaded before import = 0Number of asset objects unloaded after import = 3

========================================================================
Received Import Request.
  Time since last request: 0.000020 seconds.
  path: Assets/GamerExtremo/RIP/Electric Puzzles_1.5/✅ New Folder/DINHEIRO/BAR GOLD/qz.png
  artifactKey: Guid(d81dacca2e91c5e4d93c569c21ccc9a5) Importer(2089858483,b0f066a214c2f5e87bad3c948f4d605d)
Start importing Assets/GamerExtremo/RIP/Electric Puzzles_1.5/✅ New Folder/DINHEIRO/BAR GOLD/qz.png using Guid(d81dacca2e91c5e4d93c569c21ccc9a5) Importer(2089858483,b0f066a214c2f5e87bad3c948f4d605d) (ScriptedImporter) -> (artifact id: '8fa0a1ab2ad74bb29b111ca939afac68') in 0.0069774 seconds
Number of updated asset objects reloaded before import = 0Number of asset objects unloaded after import = 3

========================================================================
Received Import Request.
  Time since last request: 0.000028 seconds.
  path: Assets/GamerExtremo/RIP/Electric Puzzles_1.5/✅ New Folder/BACK/hj.png
  artifactKey: Guid(9bc54de17468d2b44ae205b0378cea3c) Importer(2089858483,b0f066a214c2f5e87bad3c948f4d605d)
Start importing Assets/GamerExtremo/RIP/Electric Puzzles_1.5/✅ New Folder/BACK/hj.png using Guid(9bc54de17468d2b44ae205b0378cea3c) Importer(2089858483,b0f066a214c2f5e87bad3c948f4d605d) (ScriptedImporter) -> (artifact id: 'a182a4e4898d29a0451a67f872d91236') in 0.007649 seconds
Number of updated asset objects reloaded before import = 0Number of asset objects unloaded after import = 3

========================================================================
Received Import Request.
  Time since last request: 0.000017 seconds.
  path: Assets/GamerExtremo/RIP/Electric Puzzles_1.5/SQUARE
  artifactKey: Guid(ccf2c15e017eff24aa9c399a5492a2ec) Importer(2089858483,b0f066a214c2f5e87bad3c948f4d605d)
Start importing Assets/GamerExtremo/RIP/Electric Puzzles_1.5/SQUARE using Guid(ccf2c15e017eff24aa9c399a5492a2ec) Importer(2089858483,b0f066a214c2f5e87bad3c948f4d605d) (ScriptedImporter) -> (artifact id: '1cedb2cb9b3585688dcbbd056dd62c54') in 0.0029487 seconds
Number of updated asset objects reloaded before import = 0Number of asset objects unloaded after import = 1

========================================================================
Received Import Request.
  Time since last request: 0.000077 seconds.
  path: Assets/GamerExtremo/RIP/Electric Puzzles_1.5/res/lN.xml
  artifactKey: Guid(88c69ffa0a955f7429fd1e4579d3209e) Importer(2089858483,b0f066a214c2f5e87bad3c948f4d605d)
Start importing Assets/GamerExtremo/RIP/Electric Puzzles_1.5/res/lN.xml using Guid(88c69ffa0a955f7429fd1e4579d3209e) Importer(2089858483,b0f066a214c2f5e87bad3c948f4d605d) (ScriptedImporter) -> (artifact id: '797c463960332cdb1dca864990ecdc0f') in 0.0030834 seconds
Number of updated asset objects reloaded before import = 0Number of asset objects unloaded after import = 1

========================================================================
Received Import Request.
  Time since last request: 0.000103 seconds.
  path: Assets/GamerExtremo/RIP/Electric Puzzles_1.5/✅ New Folder/SETA GREEN/Nn.png
  artifactKey: Guid(3534b828b1bb8094d864679f1f695f73) Importer(2089858483,b0f066a214c2f5e87bad3c948f4d605d)
Start importing Assets/GamerExtremo/RIP/Electric Puzzles_1.5/✅ New Folder/SETA GREEN/Nn.png using Guid(3534b828b1bb8094d864679f1f695f73) Importer(2089858483,b0f066a214c2f5e87bad3c948f4d605d) (ScriptedImporter) -> (artifact id: '742af314ea99f365fa04a7825ae8167e') in 0.0089873 seconds
Number of updated asset objects reloaded before import = 0Number of asset objects unloaded after import = 3

========================================================================
Received Import Request.
  Time since last request: 0.000018 seconds.
  path: Assets/GamerExtremo/RIP/Electric Puzzles_1.5/res/D5.xml
  artifactKey: Guid(959ad6f7c004a674fb3c522291124dab) Importer(2089858483,b0f066a214c2f5e87bad3c948f4d605d)
Start importing Assets/GamerExtremo/RIP/Electric Puzzles_1.5/res/D5.xml using Guid(959ad6f7c004a674fb3c522291124dab) Importer(2089858483,b0f066a214c2f5e87bad3c948f4d605d) (ScriptedImporter) -> (artifact id: '4bc24e02c0b7bffc0d88da897dbb79ed') in 0.0038115 seconds
Number of updated asset objects reloaded before import = 0Number of asset objects unloaded after import = 1

========================================================================
Received Import Request.
  Time since last request: 0.000142 seconds.
  path: Assets/GamerExtremo/RIP/Electric Puzzles_1.5/res/k_.xml
  artifactKey: Guid(cbc267ccb03b00b41b7252c1f07345e8) Importer(2089858483,b0f066a214c2f5e87bad3c948f4d605d)
Start importing Assets/GamerExtremo/RIP/Electric Puzzles_1.5/res/k_.xml using Guid(cbc267ccb03b00b41b7252c1f07345e8) Importer(2089858483,b0f066a214c2f5e87bad3c948f4d605d) (ScriptedImporter) -> (artifact id: 'c560a05453c73fbf40720add71980cf5') in 0.0031607 seconds
Number of updated asset objects reloaded before import = 0Number of asset objects unloaded after import = 1

Editor requested this worker to shutdown with reason: Scaling down because of idle timeout
AssetImportWorkerClient::OnTransportError - code=2 error=End of file
AssetImportWorker is now disconnected from the server
Process exiting
Exiting without the bug reporter. Application will terminate with return code 0