[Licensing::Module] Trying to connect to existing licensing client channel...
Built from '6000.3/staging' branch; Version is '6000.3.8f1 (1c7db571dde0) revision 1867189'; Using compiler version '194234433'; Build Type 'Release'
OS: 'Windows 11  (10.0.26200) CoreSingleLanguage' Language: 'pt' Physical Memory: 16107 MB
BatchMode: 1, IsHumanControllingUs: 0, StartBugReporterOnCrash: 0, Is64bit: 1
[Licensing::IpcConnector] Successfully connected to: "LicenseClient-easyk" at "2026-04-13T23:37:14.9142225Z"
System  architecture: x64
Process architecture: x64
Date: 2026-04-13T23:37:14Z

COMMAND LINE ARGUMENTS:
C:\Program Files\Unity\Hub\Editor\6000.3.8f1\Editor\Unity.exe
-adb2
-batchMode
-noUpm
-name
AssetImportWorker2
-projectPath
C:/Projetos/Unity/RPG Turn FF
-logFile
Logs/AssetImportWorker2.log
-srvPort
53968
-licensingIpc
LicenseClient-easyk
-job-worker-count
5
-background-job-worker-count
8
-gc-helper-count
1
-name
AssetImport
Successfully changed project path to: C:/Projetos/Unity/RPG Turn FF
C:/Projetos/Unity/RPG Turn FF
[UnityMemory] Configuration Parameters - Can be set up in boot.config
    "memorysetup-temp-allocator-size-nav-mesh-worker=65536"
    "memorysetup-temp-allocator-size-audio-worker=65536"
    "memorysetup-temp-allocator-size-gfx=262144"
    "memorysetup-allocator-temp-initial-block-size-main=262144"
    "memorysetup-allocator-temp-initial-block-size-worker=262144"
    "memorysetup-temp-allocator-size-background-worker=32768"
    "memorysetup-temp-allocator-size-job-worker=262144"
    "memorysetup-temp-allocator-size-preload-manager=33554432"
    "memorysetup-temp-allocator-size-gi-baking-worker=262144"
    "memorysetup-temp-allocator-size-gi-baking-worker=262144"
    "memorysetup-temp-allocator-size-gi-baking-worker=262144"
    "memorysetup-temp-allocator-size-gi-baking-worker=262144"
    "memorysetup-temp-allocator-size-gi-baking-worker=262144"
    "memorysetup-bucket-allocator-granularity=16"
    "memorysetup-bucket-allocator-bucket-count=8"
    "memorysetup-bucket-allocator-block-size=33554432"
    "memorysetup-bucket-allocator-block-count=8"
    "memorysetup-main-allocator-block-size=16777216"
    "memorysetup-thread-allocator-block-size=16777216"
    "memorysetup-gfx-main-allocator-block-size=16777216"
    "memorysetup-gfx-thread-allocator-block-size=16777216"
    "memorysetup-cache-allocator-block-size=4194304"
    "memorysetup-typetree-allocator-block-size=2097152"
    "memorysetup-profiler-bucket-allocator-granularity=16"
    "memorysetup-profiler-bucket-allocator-bucket-count=8"
    "memorysetup-profiler-bucket-allocator-block-size=33554432"
    "memorysetup-profiler-bucket-allocator-block-count=8"
    "memorysetup-profiler-allocator-block-size=16777216"
    "memorysetup-profiler-editor-allocator-block-size=1048576"
    "memorysetup-temp-allocator-size-main=16777216"
    "memorysetup-job-temp-allocator-block-size=2097152"
    "memorysetup-job-temp-allocator-block-size-background=1048576"
    "memorysetup-job-temp-allocator-reduction-small-platforms=262144"
    "memorysetup-temp-allocator-size-cloud-worker=32768"
Player connection [87408]  Target information:

Player connection [87408]  * "[IP] 192.168.15.4 [Port] 0 [Flags] 2 [Guid] 2974678337 [EditorId] 2974678337 [Version] 1048832 [Id] WindowsEditor(7,Note-Gamer-02) [Debug] 1 [PackageName] WindowsEditor [ProjectName] Editor" 

Player connection [87408] Host joined multi-casting on [225.0.0.222:54997]...
Player connection [87408] Host joined alternative multi-casting on [225.0.0.222:34997]...
JobSystem: Creating JobQueue using job-worker-count value 5
Input System module state changed to: Initialized.
[Physics::Module] Initialized fallback backend.
[Physics::Module] Id: 0xdecafbad
Library Redirect Path: Library/
[Physics::Module] Selected backend.
[Physics::Module] Name: PhysX
[Physics::Module] Id: 0xf2b8ea05
[Physics::Module] SDK Version: 4.1.2
[Physics::Module] Integration Version: 1.0.0
[Physics::Module] Threading Mode: Multi-Threaded
Refreshing native plugins compatible for Editor in 4.14 ms, found 4 plugins.
Preloading 0 native plugins for Editor in 0.00 ms.
Initialize engine version: 6000.3.8f1 (1c7db571dde0)
[Subsystems] Discovering subsystems at path C:/Program Files/Unity/Hub/Editor/6000.3.8f1/Editor/Data/Resources/UnitySubsystems
[Subsystems] Discovering subsystems at path C:/Projetos/Unity/RPG Turn FF/Assets
GfxDevice: creating device client; kGfxThreadingModeNonThreaded
Direct3D:
    Version:  Direct3D 11.0 [level 11.1]
    Renderer: NVIDIA GeForce RTX 3050 6GB Laptop GPU (ID=0x25ac)
    Vendor:   NVIDIA
    VRAM:     6001 MB
    Driver:   32.0.15.9144
Initialize mono
Mono path[0] = 'C:/Program Files/Unity/Hub/Editor/6000.3.8f1/Editor/Data/Managed'
Mono path[1] = 'C:/Program Files/Unity/Hub/Editor/6000.3.8f1/Editor/Data/MonoBleedingEdge/lib/mono/unityjit-win32'
Mono config path = 'C:/Program Files/Unity/Hub/Editor/6000.3.8f1/Editor/Data/MonoBleedingEdge/etc'
Using monoOptions --debugger-agent=transport=dt_socket,embedding=1,server=y,suspend=n,address=127.0.0.1:56900
Begin MonoManager ReloadAssembly
Registering precompiled unity dll's ...
Register platform support module: C:/Program Files/Unity/Hub/Editor/6000.3.8f1/Editor/Data/PlaybackEngines/WebGLSupport/UnityEditor.WebGL.Extensions.dll
Register platform support module: C:/Program Files/Unity/Hub/Editor/6000.3.8f1/Editor/Data/PlaybackEngines/WindowsStandaloneSupport/UnityEditor.WindowsStandalone.Extensions.dll
[Licensing::Module] Licensing is not yet initialized.
[Licensing::Client] Error: HandshakeResponse reported an error:
	ResponseCode: 505
	ResponseStatus: Unsupported protocol version '1.17.4'.
[Licensing::Module] Error: Failed to handshake to channel: "LicenseClient-easyk"
[Licensing::IpcConnector] LicenseClient-easyk channel disconnected successfully.
[Licensing::IpcConnector] Successfully connected to: "LicenseClient-easyk-6000.3.8" at "2026-04-13T23:37:16.9949722Z"
[Licensing::Client] Handshaking with LicensingClient:
  Version:                 1.17.4+4293ba1
  Session Id:              4a23ba0e46fd4429949c92e285505f5b
  Correlation Id:          3a6ace3cf0f90d1e4a086f32d58f4847
  External correlation Id: 385293069454069411
  Machine Id:              kMNEUnsgNiZixl04/RVOgNQ84ns=
[Licensing::Module] Successfully connected to LicensingClient on channel: "LicenseClient-easyk-6000.3.8" (connect: 0.00s, validation: 0.00s, handshake: 2.78s)
[Licensing::IpcConnector] Successfully connected to: "LicenseClient-easyk-6000.3.8-notifications" at "2026-04-13T23:37:19.7799959Z"
[Licensing::Module] Licensing Background thread has ended after 4.87s
[Licensing::Module] Licensing is initialized (took 2.93s).
[Licensing::Client] Successfully resolved entitlement details
[Licensing::Module] License group:
  Id: 4673389566446-UnityPersXXXX
  Product: Unity Personal
  Type: Assigned
  Expiration: Unlimited
Register platform support module: C:/Program Files/Unity/Hub/Editor/6000.3.8f1/Editor/Data/PlaybackEngines/AndroidPlayer/UnityEditor.Android.Extensions.dll
Registered in 2.939218 seconds.
- Loaded All Assemblies, in  3.710 seconds
Native extension for Android target not found
Android Extension - Scanning For ADB Devices 721 ms
Native extension for WindowsStandalone target not found
Native extension for WebGL target not found
ScheduleIndexationOnStartup MainProcess:False IndexOnStartup:True
Mono: successfully reloaded assembly
- Finished resetting the current domain, in  1.656 seconds
Domain Reload Profiling: 5358ms
	BeginReloadAssembly (202ms)
		ExecutionOrderSort (0ms)
		DisableScriptedObjects (0ms)
		BackupInstance (0ms)
		ReleaseScriptingObjects (0ms)
		CreateAndSetChildDomain (1ms)
	RebuildCommonClasses (47ms)
	RebuildNativeTypeToScriptingClass (17ms)
	initialDomainReloadingComplete (3024ms)
	LoadAllAssembliesAndSetupDomain (410ms)
		LoadAssemblies (200ms)
		RebuildTransferFunctionScriptingTraits (0ms)
		AnalyzeDomain (400ms)
			TypeCache.Refresh (396ms)
				TypeCache.ScanAssembly (373ms)
			BuildScriptInfoCaches (0ms)
			ResolveRequiredComponents (1ms)
	FinalizeReload (1657ms)
		ReleaseScriptCaches (0ms)
		RebuildScriptCaches (0ms)
		SetupLoadedEditorAssemblies (1592ms)
			LogAssemblyErrors (0ms)
			InitializePlatformSupportModulesInManaged (883ms)
			SetLoadedEditorAssemblies (8ms)
			BeforeProcessingInitializeOnLoad (229ms)
			ProcessInitializeOnLoadAttributes (335ms)
			ProcessInitializeOnLoadMethodAttributes (137ms)
			AfterProcessingInitializeOnLoad (0ms)
			EditorAssembliesLoaded (0ms)
		ExecutionOrderSort2 (0ms)
		AwakeInstancesAfterBackupRestoration (0ms)
========================================================================
Worker process is ready to serve import requests
Import Worker Mode flag is 0x00
Begin MonoManager ReloadAssembly
[Licensing::Client] Successfully resolved entitlement details
- Loaded All Assemblies, in  1.412 seconds
Refreshing native plugins compatible for Editor in 3.80 ms, found 4 plugins.
Native extension for Android target not found
Native extension for WindowsStandalone target not found
Native extension for WebGL target not found
Package Manager log level set to [2]
[Package Manager] Failed to launch server process. Reason: Unity was launched with the -noUpm command-line argument
[Package Manager] Unable to send message (not connected to server process).
[Package Manager] Cannot connect to Unity Package Manager local server
ScheduleIndexationOnStartup MainProcess:False IndexOnStartup:True
Mono: successfully reloaded assembly
- Finished resetting the current domain, in  1.454 seconds
Domain Reload Profiling: 2855ms
	BeginReloadAssembly (314ms)
		ExecutionOrderSort (0ms)
		DisableScriptedObjects (10ms)
		BackupInstance (0ms)
		ReleaseScriptingObjects (0ms)
		CreateAndSetChildDomain (52ms)
	RebuildCommonClasses (61ms)
	RebuildNativeTypeToScriptingClass (22ms)
	initialDomainReloadingComplete (73ms)
	LoadAllAssembliesAndSetupDomain (930ms)
		LoadAssemblies (671ms)
		RebuildTransferFunctionScriptingTraits (0ms)
		AnalyzeDomain (438ms)
			TypeCache.Refresh (330ms)
				TypeCache.ScanAssembly (306ms)
			BuildScriptInfoCaches (94ms)
			ResolveRequiredComponents (9ms)
	FinalizeReload (1455ms)
		ReleaseScriptCaches (0ms)
		RebuildScriptCaches (0ms)
		SetupLoadedEditorAssemblies (1245ms)
			LogAssemblyErrors (0ms)
			InitializePlatformSupportModulesInManaged (19ms)
			SetLoadedEditorAssemblies (6ms)
			BeforeProcessingInitializeOnLoad (393ms)
			ProcessInitializeOnLoadAttributes (633ms)
			ProcessInitializeOnLoadMethodAttributes (179ms)
			AfterProcessingInitializeOnLoad (15ms)
			EditorAssembliesLoaded (0ms)
		ExecutionOrderSort2 (0ms)
		AwakeInstancesAfterBackupRestoration (19ms)
Launched and connected shader compiler UnityShaderCompiler.exe after 0.02 seconds
Refreshing native plugins compatible for Editor in 4.40 ms, found 4 plugins.
Preloading 0 native plugins for Editor in 0.00 ms.
Unloading 0 Unused Serialized files (Serialized files now loaded: 0)
Unloading 5172 unused Assets / (0.9 MB). Loaded Objects now: 5762.
Memory consumption went from 107.2 MB to 106.3 MB.
Total: 14.465900 ms (FindLiveObjects: 1.221000 ms CreateObjectMapping: 1.036100 ms MarkObjects: 9.583000 ms  DeleteObjects: 2.623500 ms)

========================================================================
Received Import Request.
  Time since last request: 766181.726427 seconds.
  path: Assets/GamerExtremo/RIP/Electric Puzzles_1.5/✅ New Folder/TWO POINTS/26.png
  artifactKey: Guid(1ecdf97c5f53b94479329e96f8f8bb68) Importer(2089858483,b0f066a214c2f5e87bad3c948f4d605d)
Start importing Assets/GamerExtremo/RIP/Electric Puzzles_1.5/✅ New Folder/TWO POINTS/26.png using Guid(1ecdf97c5f53b94479329e96f8f8bb68) Importer(2089858483,b0f066a214c2f5e87bad3c948f4d605d) (ScriptedImporter) -> (artifact id: 'c7fef6f9fd9a644e7521b5ab3263b913') in 0.2809797 seconds
Number of updated asset objects reloaded before import = 0Number of asset objects unloaded after import = 3

========================================================================
Received Import Request.
  Time since last request: 0.000036 seconds.
  path: Assets/GamerExtremo/RIP/Electric Puzzles_1.5/Pictures/nor_gate.png
  artifactKey: Guid(0067145eb0520f147b2266718a32080c) Importer(2089858483,b0f066a214c2f5e87bad3c948f4d605d)
Start importing Assets/GamerExtremo/RIP/Electric Puzzles_1.5/Pictures/nor_gate.png using Guid(0067145eb0520f147b2266718a32080c) Importer(2089858483,b0f066a214c2f5e87bad3c948f4d605d) (ScriptedImporter) -> (artifact id: '590774c93ce26fbd23da73333db3d22d') in 0.0214571 seconds
Number of updated asset objects reloaded before import = 0Number of asset objects unloaded after import = 3

========================================================================
Received Import Request.
  Time since last request: 0.000071 seconds.
  path: Assets/GamerExtremo/res/NP.png
  artifactKey: Guid(d4a33e4d935643243940ff9611e7f933) Importer(2089858483,b0f066a214c2f5e87bad3c948f4d605d)
Start importing Assets/GamerExtremo/res/NP.png using Guid(d4a33e4d935643243940ff9611e7f933) Importer(2089858483,b0f066a214c2f5e87bad3c948f4d605d) (ScriptedImporter) -> (artifact id: '6d4c106431bd744de1a85ede29dd3bd6') in 0.0302361 seconds
Number of updated asset objects reloaded before import = 0Number of asset objects unloaded after import = 3

========================================================================
Received Import Request.
  Time since last request: 0.000036 seconds.
  path: Assets/GamerExtremo/RIP/Electric Puzzles_1.5/res/1F1.png
  artifactKey: Guid(59e00028a54541a45bc833b457eaec63) Importer(2089858483,b0f066a214c2f5e87bad3c948f4d605d)
Start importing Assets/GamerExtremo/RIP/Electric Puzzles_1.5/res/1F1.png using Guid(59e00028a54541a45bc833b457eaec63) Importer(2089858483,b0f066a214c2f5e87bad3c948f4d605d) (ScriptedImporter) -> (artifact id: '7b7eaa0c5548b5a319a705d9f88c2c49') in 0.0237252 seconds
Number of updated asset objects reloaded before import = 0Number of asset objects unloaded after import = 3

========================================================================
Received Import Request.
  Time since last request: 0.000023 seconds.
  path: Assets/GamerExtremo/Resources/Enemy1/skeleton_1_attack (2).png
  artifactKey: Guid(cf124ab45e562b74ea97addd1f77f696) Importer(2089858483,b0f066a214c2f5e87bad3c948f4d605d)
Start importing Assets/GamerExtremo/Resources/Enemy1/skeleton_1_attack (2).png using Guid(cf124ab45e562b74ea97addd1f77f696) Importer(2089858483,b0f066a214c2f5e87bad3c948f4d605d) (ScriptedImporter) -> (artifact id: 'f4a24728a0ffb03cd11bc8a465c5c3cc') in 0.020041 seconds
Number of updated asset objects reloaded before import = 0Number of asset objects unloaded after import = 3

========================================================================
Received Import Request.
  Time since last request: 0.000071 seconds.
  path: Assets/GamerExtremo/RIP/Electric Puzzles_1.5/✅ New Folder/PHONE/2/7m.png
  artifactKey: Guid(1a800cf9f911674499c920ed2d94b881) Importer(2089858483,b0f066a214c2f5e87bad3c948f4d605d)
Start importing Assets/GamerExtremo/RIP/Electric Puzzles_1.5/✅ New Folder/PHONE/2/7m.png using Guid(1a800cf9f911674499c920ed2d94b881) Importer(2089858483,b0f066a214c2f5e87bad3c948f4d605d) (ScriptedImporter) -> (artifact id: 'a9e1597854e2827245ced27a21ae537a') in 0.0223725 seconds
Number of updated asset objects reloaded before import = 0Number of asset objects unloaded after import = 3

========================================================================
Received Import Request.
  Time since last request: 0.000039 seconds.
  path: Assets/GamerExtremo/RIP/Electric Puzzles_1.5/res/B-.png
  artifactKey: Guid(507a9396919166849bc1209be13c66a9) Importer(2089858483,b0f066a214c2f5e87bad3c948f4d605d)
Start importing Assets/GamerExtremo/RIP/Electric Puzzles_1.5/res/B-.png using Guid(507a9396919166849bc1209be13c66a9) Importer(2089858483,b0f066a214c2f5e87bad3c948f4d605d) (ScriptedImporter) -> (artifact id: 'ddcef00cbc3609918dbe8bcf9a03366b') in 0.0207751 seconds
Number of updated asset objects reloaded before import = 0Number of asset objects unloaded after import = 3

========================================================================
Received Import Request.
  Time since last request: 0.000266 seconds.
  path: Assets/GamerExtremo/RIP/Electric Puzzles_1.5/FIOS/verde/m6.png
  artifactKey: Guid(daf58a77bba63e14e8d9d644f1eff302) Importer(2089858483,b0f066a214c2f5e87bad3c948f4d605d)
Start importing Assets/GamerExtremo/RIP/Electric Puzzles_1.5/FIOS/verde/m6.png using Guid(daf58a77bba63e14e8d9d644f1eff302) Importer(2089858483,b0f066a214c2f5e87bad3c948f4d605d) (ScriptedImporter) -> (artifact id: 'c24f1b749f33abe249bb9690cd8980ad') in 0.0192485 seconds
Number of updated asset objects reloaded before import = 0Number of asset objects unloaded after import = 3

========================================================================
Received Import Request.
  Time since last request: 0.000348 seconds.
  path: Assets/GamerExtremo/res/kJ.9.png
  artifactKey: Guid(e11d266cbf3771041bb3c773755f43a6) Importer(2089858483,b0f066a214c2f5e87bad3c948f4d605d)
Start importing Assets/GamerExtremo/res/kJ.9.png using Guid(e11d266cbf3771041bb3c773755f43a6) Importer(2089858483,b0f066a214c2f5e87bad3c948f4d605d) (ScriptedImporter) -> (artifact id: '89c461e06f5b3a33afcd42c97c40ef65') in 0.0183079 seconds
Number of updated asset objects reloaded before import = 0Number of asset objects unloaded after import = 3

========================================================================
Received Import Request.
  Time since last request: 0.000080 seconds.
  path: Assets/GamerExtremo/res/o_.9.png
  artifactKey: Guid(f51f786689b262e48a5b029f49de0906) Importer(2089858483,b0f066a214c2f5e87bad3c948f4d605d)
Start importing Assets/GamerExtremo/res/o_.9.png using Guid(f51f786689b262e48a5b029f49de0906) Importer(2089858483,b0f066a214c2f5e87bad3c948f4d605d) (ScriptedImporter) -> (artifact id: '33f6761b0ca78dae8307557341a885f2') in 0.0166172 seconds
Number of updated asset objects reloaded before import = 0Number of asset objects unloaded after import = 3

========================================================================
Received Import Request.
  Time since last request: 0.000025 seconds.
  path: Assets/GamerExtremo/RIP/Electric Puzzles_1.5/✅ New Folder/PLAY
  artifactKey: Guid(bb6e5ba8ef0b86e44bc75bc5816181d7) Importer(2089858483,b0f066a214c2f5e87bad3c948f4d605d)
Start importing Assets/GamerExtremo/RIP/Electric Puzzles_1.5/✅ New Folder/PLAY using Guid(bb6e5ba8ef0b86e44bc75bc5816181d7) Importer(2089858483,b0f066a214c2f5e87bad3c948f4d605d) (ScriptedImporter) -> (artifact id: '2fee76c189cd1eca8bf4bb48f8614253') in 0.0087781 seconds
Number of updated asset objects reloaded before import = 0Number of asset objects unloaded after import = 1

========================================================================
Received Import Request.
  Time since last request: 0.000101 seconds.
  path: Assets/GamerExtremo/RIP/Electric Puzzles_1.5/✅ New Folder/XML/Lr.xml
  artifactKey: Guid(0983a716d0e118f44b47951ac05a5e6b) Importer(2089858483,b0f066a214c2f5e87bad3c948f4d605d)
Start importing Assets/GamerExtremo/RIP/Electric Puzzles_1.5/✅ New Folder/XML/Lr.xml using Guid(0983a716d0e118f44b47951ac05a5e6b) Importer(2089858483,b0f066a214c2f5e87bad3c948f4d605d) (ScriptedImporter) -> (artifact id: '927e5df64ba59029bbb6d5e693285c94') in 0.0106582 seconds
Number of updated asset objects reloaded before import = 0Number of asset objects unloaded after import = 1

========================================================================
Received Import Request.
  Time since last request: 0.000125 seconds.
  path: Assets/GamerExtremo/RIP/Electric Puzzles_1.5/res/aK.xml
  artifactKey: Guid(132585fd65839cc4980402c04b3c6bef) Importer(2089858483,b0f066a214c2f5e87bad3c948f4d605d)
Start importing Assets/GamerExtremo/RIP/Electric Puzzles_1.5/res/aK.xml using Guid(132585fd65839cc4980402c04b3c6bef) Importer(2089858483,b0f066a214c2f5e87bad3c948f4d605d) (ScriptedImporter) -> (artifact id: 'de232946c5442b5f496c04ce89425914') in 0.0089594 seconds
Number of updated asset objects reloaded before import = 0Number of asset objects unloaded after import = 1

========================================================================
Received Import Request.
  Time since last request: 0.000094 seconds.
  path: Assets/GamerExtremo/res/No.9.png
  artifactKey: Guid(11f1bc1361beb2140bb55e66070ec57c) Importer(2089858483,b0f066a214c2f5e87bad3c948f4d605d)
Start importing Assets/GamerExtremo/res/No.9.png using Guid(11f1bc1361beb2140bb55e66070ec57c) Importer(2089858483,b0f066a214c2f5e87bad3c948f4d605d) (ScriptedImporter) -> (artifact id: 'd31c39248c213293f0a0d0c4ff5e0c7c') in 0.0209935 seconds
Number of updated asset objects reloaded before import = 0Number of asset objects unloaded after import = 3

========================================================================
Received Import Request.
  Time since last request: 0.000027 seconds.
  path: Assets/GamerExtremo/res/hP1.xml
  artifactKey: Guid(314c4f854f1bc2a4081caf1dfc20ef44) Importer(2089858483,b0f066a214c2f5e87bad3c948f4d605d)
Start importing Assets/GamerExtremo/res/hP1.xml using Guid(314c4f854f1bc2a4081caf1dfc20ef44) Importer(2089858483,b0f066a214c2f5e87bad3c948f4d605d) (ScriptedImporter) -> (artifact id: '992ab7e1c06a78777a08b034803dac21') in 0.011529 seconds
Number of updated asset objects reloaded before import = 0Number of asset objects unloaded after import = 1

========================================================================
Received Import Request.
  Time since last request: 0.000086 seconds.
  path: Assets/GamerExtremo/res/DO.png
  artifactKey: Guid(598c8de938b9c714397e3939e030bec2) Importer(2089858483,b0f066a214c2f5e87bad3c948f4d605d)
Start importing Assets/GamerExtremo/res/DO.png using Guid(598c8de938b9c714397e3939e030bec2) Importer(2089858483,b0f066a214c2f5e87bad3c948f4d605d) (ScriptedImporter) -> (artifact id: '371c85289cd0f05488b9200a3c46a55c') in 0.0241206 seconds
Number of updated asset objects reloaded before import = 0Number of asset objects unloaded after import = 3

========================================================================
Received Import Request.
  Time since last request: 0.000027 seconds.
  path: Assets/GamerExtremo/RIP/Electric Puzzles_1.5/✅ New Folder/DINHEIRO/BAG MONEY
  artifactKey: Guid(79d1189301f1d63498c639e9de735f0c) Importer(2089858483,b0f066a214c2f5e87bad3c948f4d605d)
Start importing Assets/GamerExtremo/RIP/Electric Puzzles_1.5/✅ New Folder/DINHEIRO/BAG MONEY using Guid(79d1189301f1d63498c639e9de735f0c) Importer(2089858483,b0f066a214c2f5e87bad3c948f4d605d) (ScriptedImporter) -> (artifact id: '4235f08fa3f1439074a6f9c9a991313a') in 0.0097685 seconds
Number of updated asset objects reloaded before import = 0Number of asset objects unloaded after import = 1

========================================================================
Received Import Request.
  Time since last request: 0.000030 seconds.
  path: Assets/GamerExtremo/RIP/Electric Puzzles_1.5/✅ New Folder/CIRCLE/CIRCLE ORANGE/ZB.png
  artifactKey: Guid(3622727fd02f11b45a56a5a629dcb83f) Importer(2089858483,b0f066a214c2f5e87bad3c948f4d605d)
Start importing Assets/GamerExtremo/RIP/Electric Puzzles_1.5/✅ New Folder/CIRCLE/CIRCLE ORANGE/ZB.png using Guid(3622727fd02f11b45a56a5a629dcb83f) Importer(2089858483,b0f066a214c2f5e87bad3c948f4d605d) (ScriptedImporter) -> (artifact id: 'ef09cfea8e048b053a01dc9a438b8e53') in 0.025937 seconds
Number of updated asset objects reloaded before import = 0Number of asset objects unloaded after import = 3

========================================================================
Received Import Request.
  Time since last request: 0.000028 seconds.
  path: Assets/GamerExtremo/Resources/Sounds/Retro UI Sounds/Error/ui_error_1.wav
  artifactKey: Guid(9b735df2335dde04d8efee4a92310e0b) Importer(2089858483,b0f066a214c2f5e87bad3c948f4d605d)
Start importing Assets/GamerExtremo/Resources/Sounds/Retro UI Sounds/Error/ui_error_1.wav using Guid(9b735df2335dde04d8efee4a92310e0b) Importer(2089858483,b0f066a214c2f5e87bad3c948f4d605d) (ScriptedImporter) -> (artifact id: '26aa02b8ca8e1c5ac9f536410e3ec07d') in 0.052214 seconds
Number of updated asset objects reloaded before import = 0Number of asset objects unloaded after import = 1

========================================================================
Received Import Request.
  Time since last request: 0.000027 seconds.
  path: Assets/GamerExtremo/RIP/Electric Puzzles_1.5/FIOS/cruz/63.png
  artifactKey: Guid(b02e2f24dcaa4824989ef47ede9b0747) Importer(2089858483,b0f066a214c2f5e87bad3c948f4d605d)
Start importing Assets/GamerExtremo/RIP/Electric Puzzles_1.5/FIOS/cruz/63.png using Guid(b02e2f24dcaa4824989ef47ede9b0747) Importer(2089858483,b0f066a214c2f5e87bad3c948f4d605d) (ScriptedImporter) -> (artifact id: 'd0eba64f61a2f1676edad6a9e80b855a') in 0.0231295 seconds
Number of updated asset objects reloaded before import = 0Number of asset objects unloaded after import = 3

========================================================================
Received Import Request.
  Time since last request: 0.000024 seconds.
  path: Assets/GamerExtremo/RIP/Electric Puzzles_1.5/FIOS/cruz/Ws.png
  artifactKey: Guid(32e835d18c90fd7439f4ab7e5e67229d) Importer(2089858483,b0f066a214c2f5e87bad3c948f4d605d)
Start importing Assets/GamerExtremo/RIP/Electric Puzzles_1.5/FIOS/cruz/Ws.png using Guid(32e835d18c90fd7439f4ab7e5e67229d) Importer(2089858483,b0f066a214c2f5e87bad3c948f4d605d) (ScriptedImporter) -> (artifact id: '608dd5a255023ba18dc6471863d0ae34') in 0.0250127 seconds
Number of updated asset objects reloaded before import = 0Number of asset objects unloaded after import = 3

========================================================================
Received Import Request.
  Time since last request: 0.000035 seconds.
  path: Assets/GamerExtremo/RIP/Electric Puzzles_1.5/✅ New Folder/EARTH/5H.png
  artifactKey: Guid(886c36497e07379418d69436b052adb3) Importer(2089858483,b0f066a214c2f5e87bad3c948f4d605d)
Start importing Assets/GamerExtremo/RIP/Electric Puzzles_1.5/✅ New Folder/EARTH/5H.png using Guid(886c36497e07379418d69436b052adb3) Importer(2089858483,b0f066a214c2f5e87bad3c948f4d605d) (ScriptedImporter) -> (artifact id: '8944fb1e9cba3fe37a2980be67882748') in 0.026941 seconds
Number of updated asset objects reloaded before import = 0Number of asset objects unloaded after import = 3

========================================================================
Received Import Request.
  Time since last request: 0.000041 seconds.
  path: Assets/GamerExtremo/RIP/Electric Puzzles_1.5/res/-8.xml
  artifactKey: Guid(405794c20b407ad4bb16c3d26811fd78) Importer(2089858483,b0f066a214c2f5e87bad3c948f4d605d)
Start importing Assets/GamerExtremo/RIP/Electric Puzzles_1.5/res/-8.xml using Guid(405794c20b407ad4bb16c3d26811fd78) Importer(2089858483,b0f066a214c2f5e87bad3c948f4d605d) (ScriptedImporter) -> (artifact id: '26d306ce962dd2f28c8501b48a8e5881') in 0.0109867 seconds
Number of updated asset objects reloaded before import = 0Number of asset objects unloaded after import = 1

========================================================================
Received Import Request.
  Time since last request: 0.000178 seconds.
  path: Assets/GamerExtremo/RIP/Electric Puzzles_1.5/res/Hd.xml
  artifactKey: Guid(3e1e42fda36fc2c428dedd8c80c94def) Importer(2089858483,b0f066a214c2f5e87bad3c948f4d605d)
Start importing Assets/GamerExtremo/RIP/Electric Puzzles_1.5/res/Hd.xml using Guid(3e1e42fda36fc2c428dedd8c80c94def) Importer(2089858483,b0f066a214c2f5e87bad3c948f4d605d) (ScriptedImporter) -> (artifact id: '3dd9e343d44e2013eb7420f516aef574') in 0.0107014 seconds
Number of updated asset objects reloaded before import = 0Number of asset objects unloaded after import = 1

========================================================================
Received Import Request.
  Time since last request: 0.000176 seconds.
  path: Assets/GamerExtremo/res/hj.png
  artifactKey: Guid(e136a054502ee3543a60bf9b5c912712) Importer(2089858483,b0f066a214c2f5e87bad3c948f4d605d)
Start importing Assets/GamerExtremo/res/hj.png using Guid(e136a054502ee3543a60bf9b5c912712) Importer(2089858483,b0f066a214c2f5e87bad3c948f4d605d) (ScriptedImporter) -> (artifact id: '2428f65c0c70986e271a345d2693753e') in 0.0254969 seconds
Number of updated asset objects reloaded before import = 0Number of asset objects unloaded after import = 3

========================================================================
Received Import Request.
  Time since last request: 0.000025 seconds.
  path: Assets/GamerExtremo/RIP/Electric Puzzles_1.5/res/ZV.png
  artifactKey: Guid(c06f818975a59c84e9c7e1c34733f701) Importer(2089858483,b0f066a214c2f5e87bad3c948f4d605d)
Start importing Assets/GamerExtremo/RIP/Electric Puzzles_1.5/res/ZV.png using Guid(c06f818975a59c84e9c7e1c34733f701) Importer(2089858483,b0f066a214c2f5e87bad3c948f4d605d) (ScriptedImporter) -> (artifact id: 'ae59e8917a2656b722ea0626b5a3aeed') in 0.0225284 seconds
Number of updated asset objects reloaded before import = 0Number of asset objects unloaded after import = 3

========================================================================
Received Import Request.
  Time since last request: 0.000030 seconds.
  path: Assets/GamerExtremo/res/t-.png
  artifactKey: Guid(0d9684cab6aea914aa2e3e555e23f747) Importer(2089858483,b0f066a214c2f5e87bad3c948f4d605d)
Start importing Assets/GamerExtremo/res/t-.png using Guid(0d9684cab6aea914aa2e3e555e23f747) Importer(2089858483,b0f066a214c2f5e87bad3c948f4d605d) (ScriptedImporter) -> (artifact id: '7c9543937f2ba8ce6ccd48b06a9af246') in 0.0259153 seconds
Number of updated asset objects reloaded before import = 0Number of asset objects unloaded after import = 3

========================================================================
Received Import Request.
  Time since last request: 0.000030 seconds.
  path: Assets/GamerExtremo/Resources/Enemy2/skeleton_2_walk (7).png
  artifactKey: Guid(6f90901e9502c78448d8986d7dc38a0e) Importer(2089858483,b0f066a214c2f5e87bad3c948f4d605d)
Start importing Assets/GamerExtremo/Resources/Enemy2/skeleton_2_walk (7).png using Guid(6f90901e9502c78448d8986d7dc38a0e) Importer(2089858483,b0f066a214c2f5e87bad3c948f4d605d) (ScriptedImporter) -> (artifact id: '4b97616c781c05ad26ec231b8430e024') in 0.0211185 seconds
Number of updated asset objects reloaded before import = 0Number of asset objects unloaded after import = 3

========================================================================
Received Import Request.
  Time since last request: 0.000028 seconds.
  path: Assets/GamerExtremo/RIP/Electric Puzzles_1.5/SQUARE/L no centro/0c.9.png
  artifactKey: Guid(3b821c64b65dfd745a3777ecdd4c2f89) Importer(2089858483,b0f066a214c2f5e87bad3c948f4d605d)
Start importing Assets/GamerExtremo/RIP/Electric Puzzles_1.5/SQUARE/L no centro/0c.9.png using Guid(3b821c64b65dfd745a3777ecdd4c2f89) Importer(2089858483,b0f066a214c2f5e87bad3c948f4d605d) (ScriptedImporter) -> (artifact id: '72db1aea71b888463e8a0f4760d4970e') in 0.0265142 seconds
Number of updated asset objects reloaded before import = 0Number of asset objects unloaded after import = 3

========================================================================
Received Import Request.
  Time since last request: 0.000025 seconds.
  path: Assets/GamerExtremo/RIP/Electric Puzzles_1.5/✅ New Folder/CAR/fZ.png
  artifactKey: Guid(c7c00390334831344b5502f22bee2c91) Importer(2089858483,b0f066a214c2f5e87bad3c948f4d605d)
Start importing Assets/GamerExtremo/RIP/Electric Puzzles_1.5/✅ New Folder/CAR/fZ.png using Guid(c7c00390334831344b5502f22bee2c91) Importer(2089858483,b0f066a214c2f5e87bad3c948f4d605d) (ScriptedImporter) -> (artifact id: '4ee3a4260d1d989f221a95f918e57aaa') in 0.0254559 seconds
Number of updated asset objects reloaded before import = 0Number of asset objects unloaded after import = 3

========================================================================
Received Import Request.
  Time since last request: 0.000126 seconds.
  path: Assets/GamerExtremo/RIP/Electric Puzzles_1.5/res/tG.png
  artifactKey: Guid(e2ddcb2768ba01e449aeefba23676736) Importer(2089858483,b0f066a214c2f5e87bad3c948f4d605d)
Start importing Assets/GamerExtremo/RIP/Electric Puzzles_1.5/res/tG.png using Guid(e2ddcb2768ba01e449aeefba23676736) Importer(2089858483,b0f066a214c2f5e87bad3c948f4d605d) (ScriptedImporter) -> (artifact id: '8cf4abf58da00dcfbb2bf325e2841998') in 0.0245133 seconds
Number of updated asset objects reloaded before import = 0Number of asset objects unloaded after import = 3

========================================================================
Received Import Request.
  Time since last request: 0.000056 seconds.
  path: Assets/GamerExtremo/res/Io.png
  artifactKey: Guid(7c77c011f44a99648b4f91dadba2484f) Importer(2089858483,b0f066a214c2f5e87bad3c948f4d605d)
Start importing Assets/GamerExtremo/res/Io.png using Guid(7c77c011f44a99648b4f91dadba2484f) Importer(2089858483,b0f066a214c2f5e87bad3c948f4d605d) (ScriptedImporter) -> (artifact id: 'b1fb1dc516cfff59fcc9fe4ea3a4516b') in 0.0253411 seconds
Number of updated asset objects reloaded before import = 0Number of asset objects unloaded after import = 3

========================================================================
Received Import Request.
  Time since last request: 0.000068 seconds.
  path: Assets/GamerExtremo/Resources/Sounds/Retro UI Sounds/Error/ui_error_2.wav
  artifactKey: Guid(b6c18ab7ca2ef2e4db48ebd36b040958) Importer(2089858483,b0f066a214c2f5e87bad3c948f4d605d)
Start importing Assets/GamerExtremo/Resources/Sounds/Retro UI Sounds/Error/ui_error_2.wav using Guid(b6c18ab7ca2ef2e4db48ebd36b040958) Importer(2089858483,b0f066a214c2f5e87bad3c948f4d605d) (ScriptedImporter) -> (artifact id: 'f510b2e90dd2450a5fb24cc92ecbdd4c') in 0.0407564 seconds
Number of updated asset objects reloaded before import = 0Number of asset objects unloaded after import = 1

========================================================================
Received Import Request.
  Time since last request: 0.000033 seconds.
  path: Assets/GamerExtremo/RIP/Electric Puzzles_1.5/res/aR.png
  artifactKey: Guid(a90078cf0c0e4894386999ea332dfe46) Importer(2089858483,b0f066a214c2f5e87bad3c948f4d605d)
Start importing Assets/GamerExtremo/RIP/Electric Puzzles_1.5/res/aR.png using Guid(a90078cf0c0e4894386999ea332dfe46) Importer(2089858483,b0f066a214c2f5e87bad3c948f4d605d) (ScriptedImporter) -> (artifact id: '08c335fb386aa48ae388d8b864632b4a') in 0.0198341 seconds
Number of updated asset objects reloaded before import = 0Number of asset objects unloaded after import = 3

========================================================================
Received Import Request.
  Time since last request: 0.000024 seconds.
  path: Assets/GamerExtremo/res/Rt.xml
  artifactKey: Guid(8d265504ccb06354abe2803bd19ebff8) Importer(2089858483,b0f066a214c2f5e87bad3c948f4d605d)
Start importing Assets/GamerExtremo/res/Rt.xml using Guid(8d265504ccb06354abe2803bd19ebff8) Importer(2089858483,b0f066a214c2f5e87bad3c948f4d605d) (ScriptedImporter) -> (artifact id: 'bdee6e8f3d0e3d51456db98b7e5ac1a0') in 0.0081293 seconds
Number of updated asset objects reloaded before import = 0Number of asset objects unloaded after import = 1

========================================================================
Received Import Request.
  Time since last request: 0.000153 seconds.
  path: Assets/GamerExtremo/res/oL.png
  artifactKey: Guid(b0fe4fe40707c214fafd648b5e303fe3) Importer(2089858483,b0f066a214c2f5e87bad3c948f4d605d)
Start importing Assets/GamerExtremo/res/oL.png using Guid(b0fe4fe40707c214fafd648b5e303fe3) Importer(2089858483,b0f066a214c2f5e87bad3c948f4d605d) (ScriptedImporter) -> (artifact id: 'b3ec441053bc17fc4f89c44b32208cc6') in 0.0248647 seconds
Number of updated asset objects reloaded before import = 0Number of asset objects unloaded after import = 3

========================================================================
Received Import Request.
  Time since last request: 0.000033 seconds.
  path: Assets/GamerExtremo/RIP/Electric Puzzles_1.5/✅ New Folder/CHAVE DE BOCA/bd.png
  artifactKey: Guid(396e7a92eece1d54b93e429e07abe6ee) Importer(2089858483,b0f066a214c2f5e87bad3c948f4d605d)
Start importing Assets/GamerExtremo/RIP/Electric Puzzles_1.5/✅ New Folder/CHAVE DE BOCA/bd.png using Guid(396e7a92eece1d54b93e429e07abe6ee) Importer(2089858483,b0f066a214c2f5e87bad3c948f4d605d) (ScriptedImporter) -> (artifact id: 'f11acb1ecebbac1e495b6e15a787f77c') in 0.0241802 seconds
Number of updated asset objects reloaded before import = 0Number of asset objects unloaded after import = 3

========================================================================
Received Import Request.
  Time since last request: 0.000031 seconds.
  path: Assets/GamerExtremo/RIP/Electric Puzzles_1.5/res/-N.png
  artifactKey: Guid(acc9b703be0a0b44bad8588df3f8322b) Importer(2089858483,b0f066a214c2f5e87bad3c948f4d605d)
Start importing Assets/GamerExtremo/RIP/Electric Puzzles_1.5/res/-N.png using Guid(acc9b703be0a0b44bad8588df3f8322b) Importer(2089858483,b0f066a214c2f5e87bad3c948f4d605d) (ScriptedImporter) -> (artifact id: '0fb57744a1c1f48c7ebabcd98ea30464') in 0.0211102 seconds
Number of updated asset objects reloaded before import = 0Number of asset objects unloaded after import = 3

========================================================================
Received Import Request.
  Time since last request: 0.000023 seconds.
  path: Assets/GamerExtremo/RIP/Electric Puzzles_1.5/✅ New Folder/THREE POINTS/D6.png
  artifactKey: Guid(e527c0620804d32458afbd6476f5855f) Importer(2089858483,b0f066a214c2f5e87bad3c948f4d605d)
Start importing Assets/GamerExtremo/RIP/Electric Puzzles_1.5/✅ New Folder/THREE POINTS/D6.png using Guid(e527c0620804d32458afbd6476f5855f) Importer(2089858483,b0f066a214c2f5e87bad3c948f4d605d) (ScriptedImporter) -> (artifact id: '5483fc1df0e8a89d646950886bb0989c') in 0.0279001 seconds
Number of updated asset objects reloaded before import = 0Number of asset objects unloaded after import = 3

========================================================================
Received Import Request.
  Time since last request: 0.000028 seconds.
  path: Assets/GamerExtremo/RIP/Electric Puzzles_1.5/✅ New Folder/CHAVE DE BOCA/sj.png
  artifactKey: Guid(d7968ff1f5dd1ba46b6f53baf2c37824) Importer(2089858483,b0f066a214c2f5e87bad3c948f4d605d)
Start importing Assets/GamerExtremo/RIP/Electric Puzzles_1.5/✅ New Folder/CHAVE DE BOCA/sj.png using Guid(d7968ff1f5dd1ba46b6f53baf2c37824) Importer(2089858483,b0f066a214c2f5e87bad3c948f4d605d) (ScriptedImporter) -> (artifact id: '0d4ec2fe879ee87e0c28a76b1b0189bb') in 0.0202223 seconds
Number of updated asset objects reloaded before import = 0Number of asset objects unloaded after import = 3

========================================================================
Received Import Request.
  Time since last request: 0.000031 seconds.
  path: Assets/GamerExtremo/RIP/Electric Puzzles_1.5/res/y-.xml
  artifactKey: Guid(7f44932ff57462c4091b1ca9b8d602cf) Importer(2089858483,b0f066a214c2f5e87bad3c948f4d605d)
Start importing Assets/GamerExtremo/RIP/Electric Puzzles_1.5/res/y-.xml using Guid(7f44932ff57462c4091b1ca9b8d602cf) Importer(2089858483,b0f066a214c2f5e87bad3c948f4d605d) (ScriptedImporter) -> (artifact id: '125d26311532cbfdf379f6d395013d58') in 0.0105201 seconds
Number of updated asset objects reloaded before import = 0Number of asset objects unloaded after import = 1

========================================================================
Received Import Request.
  Time since last request: 0.000100 seconds.
  path: Assets/GamerExtremo/RIP/Electric Puzzles_1.5/res/CW.png
  artifactKey: Guid(34d77850d842c56478130c08b44ef26e) Importer(2089858483,b0f066a214c2f5e87bad3c948f4d605d)
Start importing Assets/GamerExtremo/RIP/Electric Puzzles_1.5/res/CW.png using Guid(34d77850d842c56478130c08b44ef26e) Importer(2089858483,b0f066a214c2f5e87bad3c948f4d605d) (ScriptedImporter) -> (artifact id: 'f921dd70a0ba34b6260d0181de6b8fe1') in 0.0209078 seconds
Number of updated asset objects reloaded before import = 0Number of asset objects unloaded after import = 3

========================================================================
Received Import Request.
  Time since last request: 0.000031 seconds.
  path: Assets/GamerExtremo/RIP/Electric Puzzles_1.5/SQUARE/Square V/D3.png
  artifactKey: Guid(180734fbf726958499378ee35b566a73) Importer(2089858483,b0f066a214c2f5e87bad3c948f4d605d)
Start importing Assets/GamerExtremo/RIP/Electric Puzzles_1.5/SQUARE/Square V/D3.png using Guid(180734fbf726958499378ee35b566a73) Importer(2089858483,b0f066a214c2f5e87bad3c948f4d605d) (ScriptedImporter) -> (artifact id: '363727457cf9b8169f93d1e1d4e33fdd') in 0.0293362 seconds
Number of updated asset objects reloaded before import = 0Number of asset objects unloaded after import = 3

========================================================================
Received Import Request.
  Time since last request: 0.000036 seconds.
  path: Assets/GamerExtremo/RIP/Electric Puzzles_1.5/✅ New Folder/PHONE/2/Ff.png
  artifactKey: Guid(c7068c9c514164f479208909cb2bfbb3) Importer(2089858483,b0f066a214c2f5e87bad3c948f4d605d)
Start importing Assets/GamerExtremo/RIP/Electric Puzzles_1.5/✅ New Folder/PHONE/2/Ff.png using Guid(c7068c9c514164f479208909cb2bfbb3) Importer(2089858483,b0f066a214c2f5e87bad3c948f4d605d) (ScriptedImporter) -> (artifact id: 'd99f9b8057707795855f59694e499130') in 0.0243645 seconds
Number of updated asset objects reloaded before import = 0Number of asset objects unloaded after import = 3

========================================================================
Received Import Request.
  Time since last request: 0.000032 seconds.
  path: Assets/GamerExtremo/RIP/Electric Puzzles_1.5/FIOS/retangulo horizontal/Pasta
  artifactKey: Guid(4eda02c52ad660947b60cee29587cf50) Importer(2089858483,b0f066a214c2f5e87bad3c948f4d605d)
Start importing Assets/GamerExtremo/RIP/Electric Puzzles_1.5/FIOS/retangulo horizontal/Pasta using Guid(4eda02c52ad660947b60cee29587cf50) Importer(2089858483,b0f066a214c2f5e87bad3c948f4d605d) (ScriptedImporter) -> (artifact id: '4273b61889a1a893b1a75ea2d9fae1d7') in 0.0074653 seconds
Number of updated asset objects reloaded before import = 0Number of asset objects unloaded after import = 1

========================================================================
Received Import Request.
  Time since last request: 0.000689 seconds.
  path: Assets/GamerExtremo/res/V1.xml
  artifactKey: Guid(8721910919e977040a75722dec453f04) Importer(2089858483,b0f066a214c2f5e87bad3c948f4d605d)
Start importing Assets/GamerExtremo/res/V1.xml using Guid(8721910919e977040a75722dec453f04) Importer(2089858483,b0f066a214c2f5e87bad3c948f4d605d) (ScriptedImporter) -> (artifact id: 'bccd88d59f6fc7ecb3679a58a2f2f3a9') in 0.0117099 seconds
Number of updated asset objects reloaded before import = 0Number of asset objects unloaded after import = 1

========================================================================
Received Import Request.
  Time since last request: 0.000099 seconds.
  path: Assets/GamerExtremo/RIP/Electric Puzzles_1.5/res/cL.xml
  artifactKey: Guid(a6b5807701f2e5a4eb15ad17e98da971) Importer(2089858483,b0f066a214c2f5e87bad3c948f4d605d)
Start importing Assets/GamerExtremo/RIP/Electric Puzzles_1.5/res/cL.xml using Guid(a6b5807701f2e5a4eb15ad17e98da971) Importer(2089858483,b0f066a214c2f5e87bad3c948f4d605d) (ScriptedImporter) -> (artifact id: '95860ebae94c2122b74f978978565394') in 0.008831 seconds
Number of updated asset objects reloaded before import = 0Number of asset objects unloaded after import = 1

========================================================================
Received Import Request.
  Time since last request: 0.000586 seconds.
  path: Assets/GamerExtremo/res/H_.png
  artifactKey: Guid(4ff1bf2b8045fe249895b2f2a354d755) Importer(2089858483,b0f066a214c2f5e87bad3c948f4d605d)
Start importing Assets/GamerExtremo/res/H_.png using Guid(4ff1bf2b8045fe249895b2f2a354d755) Importer(2089858483,b0f066a214c2f5e87bad3c948f4d605d) (ScriptedImporter) -> (artifact id: '7302b59c33974961e4662c469e873303') in 0.0283356 seconds
Number of updated asset objects reloaded before import = 0Number of asset objects unloaded after import = 3

========================================================================
Received Import Request.
  Time since last request: 0.000029 seconds.
  path: Assets/GamerExtremo/RIP/Electric Puzzles_1.5/res/58.png
  artifactKey: Guid(12185dfa24dea9b4e8b8b1f7c7e74d98) Importer(2089858483,b0f066a214c2f5e87bad3c948f4d605d)
Start importing Assets/GamerExtremo/RIP/Electric Puzzles_1.5/res/58.png using Guid(12185dfa24dea9b4e8b8b1f7c7e74d98) Importer(2089858483,b0f066a214c2f5e87bad3c948f4d605d) (ScriptedImporter) -> (artifact id: '3b43e9c12fc8a4b13fb130ee9914ff79') in 0.0223026 seconds
Number of updated asset objects reloaded before import = 0Number of asset objects unloaded after import = 3

========================================================================
Received Import Request.
  Time since last request: 0.000029 seconds.
  path: Assets/GamerExtremo/RIP/Electric Puzzles_1.5/res/NF.xml
  artifactKey: Guid(b5d5f27037652e7408d0debe3908fb8d) Importer(2089858483,b0f066a214c2f5e87bad3c948f4d605d)
Start importing Assets/GamerExtremo/RIP/Electric Puzzles_1.5/res/NF.xml using Guid(b5d5f27037652e7408d0debe3908fb8d) Importer(2089858483,b0f066a214c2f5e87bad3c948f4d605d) (ScriptedImporter) -> (artifact id: '5b9f668b4d75f5ebbcc17248302358c5') in 0.0106078 seconds
Number of updated asset objects reloaded before import = 0Number of asset objects unloaded after import = 1

========================================================================
Received Import Request.
  Time since last request: 0.000176 seconds.
  path: Assets/GamerExtremo/RIP/Electric Puzzles_1.5/res/C3.png
  artifactKey: Guid(c0128933688451b44b5c097f5c976e37) Importer(2089858483,b0f066a214c2f5e87bad3c948f4d605d)
Start importing Assets/GamerExtremo/RIP/Electric Puzzles_1.5/res/C3.png using Guid(c0128933688451b44b5c097f5c976e37) Importer(2089858483,b0f066a214c2f5e87bad3c948f4d605d) (ScriptedImporter) -> (artifact id: 'd12a2e21c05e6589e5803751f2f67d74') in 0.0490639 seconds
Number of updated asset objects reloaded before import = 0Number of asset objects unloaded after import = 3

========================================================================
Received Import Request.
  Time since last request: 0.000136 seconds.
  path: Assets/GamerExtremo/Resources/Sounds/Retro UI Sounds/Error/ui_error_4.wav
  artifactKey: Guid(84f51ab22fb8c12448823036de7c4739) Importer(2089858483,b0f066a214c2f5e87bad3c948f4d605d)
Start importing Assets/GamerExtremo/Resources/Sounds/Retro UI Sounds/Error/ui_error_4.wav using Guid(84f51ab22fb8c12448823036de7c4739) Importer(2089858483,b0f066a214c2f5e87bad3c948f4d605d) (ScriptedImporter) -> (artifact id: '74a6afb3e7e0aa86bacbacdf983f40b7') in 0.0454711 seconds
Number of updated asset objects reloaded before import = 0Number of asset objects unloaded after import = 1

========================================================================
Received Import Request.
  Time since last request: 0.000024 seconds.
  path: Assets/GamerExtremo/Resources/Enemy1/skeleton_1_walk (10).png
  artifactKey: Guid(9c3111836946ded46b92e76ae04fe3c7) Importer(2089858483,b0f066a214c2f5e87bad3c948f4d605d)
Start importing Assets/GamerExtremo/Resources/Enemy1/skeleton_1_walk (10).png using Guid(9c3111836946ded46b92e76ae04fe3c7) Importer(2089858483,b0f066a214c2f5e87bad3c948f4d605d) (ScriptedImporter) -> (artifact id: 'f16ee9bc71186fde0e66fd408f11a7b5') in 0.0229179 seconds
Number of updated asset objects reloaded before import = 0Number of asset objects unloaded after import = 3

========================================================================
Received Import Request.
  Time since last request: 0.000033 seconds.
  path: Assets/GamerExtremo/res/4B.xml
  artifactKey: Guid(a4aa1470a0a45644780111b1a0bc6f8b) Importer(2089858483,b0f066a214c2f5e87bad3c948f4d605d)
Start importing Assets/GamerExtremo/res/4B.xml using Guid(a4aa1470a0a45644780111b1a0bc6f8b) Importer(2089858483,b0f066a214c2f5e87bad3c948f4d605d) (ScriptedImporter) -> (artifact id: '546127e825d5ddef441225369a0806fe') in 0.0108807 seconds
Number of updated asset objects reloaded before import = 0Number of asset objects unloaded after import = 1

========================================================================
Received Import Request.
  Time since last request: 0.000034 seconds.
  path: Assets/GamerExtremo/Resources/Player/walk (8).png
  artifactKey: Guid(7a6e03a018252224a804555da06f4aaf) Importer(2089858483,b0f066a214c2f5e87bad3c948f4d605d)
Start importing Assets/GamerExtremo/Resources/Player/walk (8).png using Guid(7a6e03a018252224a804555da06f4aaf) Importer(2089858483,b0f066a214c2f5e87bad3c948f4d605d) (ScriptedImporter) -> (artifact id: 'b98a493cd0a2bc0b94df5645441e036a') in 0.0219359 seconds
Number of updated asset objects reloaded before import = 0Number of asset objects unloaded after import = 3

========================================================================
Received Import Request.
  Time since last request: 0.000046 seconds.
  path: Assets/GamerExtremo/RIP/Electric Puzzles_1.5/✅ New Folder/XML/9T.xml
  artifactKey: Guid(063f0e95ce482984d9ee770250a01b0c) Importer(2089858483,b0f066a214c2f5e87bad3c948f4d605d)
Start importing Assets/GamerExtremo/RIP/Electric Puzzles_1.5/✅ New Folder/XML/9T.xml using Guid(063f0e95ce482984d9ee770250a01b0c) Importer(2089858483,b0f066a214c2f5e87bad3c948f4d605d) (ScriptedImporter) -> (artifact id: 'b214edde6ba0427c218ac0ebc5c67ccd') in 0.0154426 seconds
Number of updated asset objects reloaded before import = 0Number of asset objects unloaded after import = 1

========================================================================
Received Import Request.
  Time since last request: 0.000128 seconds.
  path: Assets/GamerExtremo/RIP/Electric Puzzles_1.5/res/s0.png
  artifactKey: Guid(42356163f1472234a8efb11861258836) Importer(2089858483,b0f066a214c2f5e87bad3c948f4d605d)
Start importing Assets/GamerExtremo/RIP/Electric Puzzles_1.5/res/s0.png using Guid(42356163f1472234a8efb11861258836) Importer(2089858483,b0f066a214c2f5e87bad3c948f4d605d) (ScriptedImporter) -> (artifact id: '34c7a2a8a8559f484a0093dcb999edc9') in 0.0222669 seconds
Number of updated asset objects reloaded before import = 0Number of asset objects unloaded after import = 3

========================================================================
Received Import Request.
  Time since last request: 0.000037 seconds.
  path: Assets/GamerExtremo/RIP/Electric Puzzles_1.5/res/JJ.9.png
  artifactKey: Guid(1a4c50b46b8455d48a5d3d33fc817260) Importer(2089858483,b0f066a214c2f5e87bad3c948f4d605d)
Start importing Assets/GamerExtremo/RIP/Electric Puzzles_1.5/res/JJ.9.png using Guid(1a4c50b46b8455d48a5d3d33fc817260) Importer(2089858483,b0f066a214c2f5e87bad3c948f4d605d) (ScriptedImporter) -> (artifact id: 'de1c09e82897dce766c3ec3606d5157a') in 0.0240234 seconds
Number of updated asset objects reloaded before import = 0Number of asset objects unloaded after import = 3

========================================================================
Received Import Request.
  Time since last request: 0.000027 seconds.
  path: Assets/GamerExtremo/Resources/Sounds/Retro UI Sounds/Select
  artifactKey: Guid(55ff3e3f0dcc283458c2c88b2eeab5ff) Importer(2089858483,b0f066a214c2f5e87bad3c948f4d605d)
Start importing Assets/GamerExtremo/Resources/Sounds/Retro UI Sounds/Select using Guid(55ff3e3f0dcc283458c2c88b2eeab5ff) Importer(2089858483,b0f066a214c2f5e87bad3c948f4d605d) (ScriptedImporter) -> (artifact id: '84d943b2b07d0724be149ff5b8c3f321') in 0.0086101 seconds
Number of updated asset objects reloaded before import = 0Number of asset objects unloaded after import = 1

========================================================================
Received Import Request.
  Time since last request: 0.000033 seconds.
  path: Assets/GamerExtremo/RIP/Electric Puzzles_1.5/FIOS/branco/9N.9.png
  artifactKey: Guid(885e9c324a04aa141b64b715492ea3fb) Importer(2089858483,b0f066a214c2f5e87bad3c948f4d605d)
Start importing Assets/GamerExtremo/RIP/Electric Puzzles_1.5/FIOS/branco/9N.9.png using Guid(885e9c324a04aa141b64b715492ea3fb) Importer(2089858483,b0f066a214c2f5e87bad3c948f4d605d) (ScriptedImporter) -> (artifact id: 'f5049015b570ff455a7cecb28a88c038') in 0.0209108 seconds
Number of updated asset objects reloaded before import = 0Number of asset objects unloaded after import = 3

========================================================================
Received Import Request.
  Time since last request: 0.000029 seconds.
  path: Assets/GamerExtremo/RIP/Electric Puzzles_1.5/✅ New Folder/CIRCLE/CIRCLE GRAY EMPTY
  artifactKey: Guid(e706e619f7902664cb89ecbcbcdab76d) Importer(2089858483,b0f066a214c2f5e87bad3c948f4d605d)
Start importing Assets/GamerExtremo/RIP/Electric Puzzles_1.5/✅ New Folder/CIRCLE/CIRCLE GRAY EMPTY using Guid(e706e619f7902664cb89ecbcbcdab76d) Importer(2089858483,b0f066a214c2f5e87bad3c948f4d605d) (ScriptedImporter) -> (artifact id: 'ca07aa216dab8ec555a5c41ae815f868') in 0.0076962 seconds
Number of updated asset objects reloaded before import = 0Number of asset objects unloaded after import = 1

========================================================================
Received Import Request.
  Time since last request: 0.000088 seconds.
  path: Assets/GamerExtremo/RIP/Electric Puzzles_1.5/✅ New Folder/XML/YW.xml
  artifactKey: Guid(29bce69b7c4eaa34dbe39bcde02c272f) Importer(2089858483,b0f066a214c2f5e87bad3c948f4d605d)
Start importing Assets/GamerExtremo/RIP/Electric Puzzles_1.5/✅ New Folder/XML/YW.xml using Guid(29bce69b7c4eaa34dbe39bcde02c272f) Importer(2089858483,b0f066a214c2f5e87bad3c948f4d605d) (ScriptedImporter) -> (artifact id: '49251b4e3d3ca256e3dee3014e2d999c') in 0.0118131 seconds
Number of updated asset objects reloaded before import = 0Number of asset objects unloaded after import = 1

========================================================================
Received Import Request.
  Time since last request: 0.000107 seconds.
  path: Assets/GamerExtremo/Resources/Enemy1/skeleton_1_attack (5).png
  artifactKey: Guid(76611a2622ea0c543aa1d51a83d33875) Importer(2089858483,b0f066a214c2f5e87bad3c948f4d605d)
Start importing Assets/GamerExtremo/Resources/Enemy1/skeleton_1_attack (5).png using Guid(76611a2622ea0c543aa1d51a83d33875) Importer(2089858483,b0f066a214c2f5e87bad3c948f4d605d) (ScriptedImporter) -> (artifact id: 'e8471f3f0634e560115357f045be98f7') in 0.0299744 seconds
Number of updated asset objects reloaded before import = 0Number of asset objects unloaded after import = 3

========================================================================
Received Import Request.
  Time since last request: 0.000561 seconds.
  path: Assets/GamerExtremo/res/Nn.png
  artifactKey: Guid(420fc9211c09930419cd0ec4bc855b91) Importer(2089858483,b0f066a214c2f5e87bad3c948f4d605d)
Start importing Assets/GamerExtremo/res/Nn.png using Guid(420fc9211c09930419cd0ec4bc855b91) Importer(2089858483,b0f066a214c2f5e87bad3c948f4d605d) (ScriptedImporter) -> (artifact id: 'e1bde48cd5fc691e3771fdf56f484ecc') in 0.022878 seconds
Number of updated asset objects reloaded before import = 0Number of asset objects unloaded after import = 3

========================================================================
Received Import Request.
  Time since last request: 0.000024 seconds.
  path: Assets/GamerExtremo/RIP/Electric Puzzles_1.5/res/aW.xml
  artifactKey: Guid(c9b1b3a2531d8e4429c5b9e0fe9cea0e) Importer(2089858483,b0f066a214c2f5e87bad3c948f4d605d)
Start importing Assets/GamerExtremo/RIP/Electric Puzzles_1.5/res/aW.xml using Guid(c9b1b3a2531d8e4429c5b9e0fe9cea0e) Importer(2089858483,b0f066a214c2f5e87bad3c948f4d605d) (ScriptedImporter) -> (artifact id: '114719e439255b92cc94996fea6fa32d') in 0.0067133 seconds
Number of updated asset objects reloaded before import = 0Number of asset objects unloaded after import = 1

========================================================================
Received Import Request.
  Time since last request: 0.000090 seconds.
  path: Assets/GamerExtremo/RIP/Electric Puzzles_1.5/✅ New Folder/CIRCLE/CIRCLE WHITE/iR.9.png
  artifactKey: Guid(8611e7198350e4d45a18b1806cbf701b) Importer(2089858483,b0f066a214c2f5e87bad3c948f4d605d)
Start importing Assets/GamerExtremo/RIP/Electric Puzzles_1.5/✅ New Folder/CIRCLE/CIRCLE WHITE/iR.9.png using Guid(8611e7198350e4d45a18b1806cbf701b) Importer(2089858483,b0f066a214c2f5e87bad3c948f4d605d) (ScriptedImporter) -> (artifact id: '40aac3d5b115ca315a4552c4594d5ee0') in 0.0151435 seconds
Number of updated asset objects reloaded before import = 0Number of asset objects unloaded after import = 3

========================================================================
Received Import Request.
  Time since last request: 0.000024 seconds.
  path: Assets/GamerExtremo/Pictures/Exemplos/1001789266.png
  artifactKey: Guid(738b3ac6560093a4ab93afcf40bb3932) Importer(2089858483,b0f066a214c2f5e87bad3c948f4d605d)
Start importing Assets/GamerExtremo/Pictures/Exemplos/1001789266.png using Guid(738b3ac6560093a4ab93afcf40bb3932) Importer(2089858483,b0f066a214c2f5e87bad3c948f4d605d) (ScriptedImporter) -> (artifact id: '6494f5a97b3f3f9a2d27c405b8d006ad') in 0.0523139 seconds
Number of updated asset objects reloaded before import = 0Number of asset objects unloaded after import = 1

========================================================================
Received Import Request.
  Time since last request: 0.000147 seconds.
  path: Assets/GamerExtremo/RIP/Electric Puzzles_1.5/res/h4.xml
  artifactKey: Guid(6d0e4b159a2fde54586119f63969ce12) Importer(2089858483,b0f066a214c2f5e87bad3c948f4d605d)
Start importing Assets/GamerExtremo/RIP/Electric Puzzles_1.5/res/h4.xml using Guid(6d0e4b159a2fde54586119f63969ce12) Importer(2089858483,b0f066a214c2f5e87bad3c948f4d605d) (ScriptedImporter) -> (artifact id: 'c1e0f8ac12620cc21de1ac3ec83de82b') in 0.007637 seconds
Number of updated asset objects reloaded before import = 0Number of asset objects unloaded after import = 1

========================================================================
Received Import Request.
  Time since last request: 0.000108 seconds.
  path: Assets/GamerExtremo/RIP/Electric Puzzles_1.5/res/color-v21
  artifactKey: Guid(e6072929422f1014c880897110c2efac) Importer(2089858483,b0f066a214c2f5e87bad3c948f4d605d)
Start importing Assets/GamerExtremo/RIP/Electric Puzzles_1.5/res/color-v21 using Guid(e6072929422f1014c880897110c2efac) Importer(2089858483,b0f066a214c2f5e87bad3c948f4d605d) (ScriptedImporter) -> (artifact id: 'a87636e886e533585603ead0f38e8f3b') in 0.0058431 seconds
Number of updated asset objects reloaded before import = 0Number of asset objects unloaded after import = 1

========================================================================
Received Import Request.
  Time since last request: 0.000107 seconds.
  path: Assets/GamerExtremo/RIP/Electric Puzzles_1.5/✅ New Folder/CAR/cZ.png
  artifactKey: Guid(80fa9170c394f49409f1b43a4de55e94) Importer(2089858483,b0f066a214c2f5e87bad3c948f4d605d)
Start importing Assets/GamerExtremo/RIP/Electric Puzzles_1.5/✅ New Folder/CAR/cZ.png using Guid(80fa9170c394f49409f1b43a4de55e94) Importer(2089858483,b0f066a214c2f5e87bad3c948f4d605d) (ScriptedImporter) -> (artifact id: '86b2b38fd90bc146b6c32f54deb6da19') in 0.0205031 seconds
Number of updated asset objects reloaded before import = 0Number of asset objects unloaded after import = 3

========================================================================
Received Import Request.
  Time since last request: 0.000024 seconds.
  path: Assets/GamerExtremo/RIP/Electric Puzzles_1.5/FIOS/branco/JG.png
  artifactKey: Guid(fbf3aea17daaca742b4e7b8af7b2823e) Importer(2089858483,b0f066a214c2f5e87bad3c948f4d605d)
Start importing Assets/GamerExtremo/RIP/Electric Puzzles_1.5/FIOS/branco/JG.png using Guid(fbf3aea17daaca742b4e7b8af7b2823e) Importer(2089858483,b0f066a214c2f5e87bad3c948f4d605d) (ScriptedImporter) -> (artifact id: '1e9be9e8eebc63e3fb40905a6c1ce75a') in 0.0342217 seconds
Number of updated asset objects reloaded before import = 0Number of asset objects unloaded after import = 3

========================================================================
Received Import Request.
  Time since last request: 0.000029 seconds.
  path: Assets/GamerExtremo/RIP/Electric Puzzles_1.5/✅ New Folder/XML/nP.xml
  artifactKey: Guid(138a748b2d0c01240bc042ff4ad0636c) Importer(2089858483,b0f066a214c2f5e87bad3c948f4d605d)
Start importing Assets/GamerExtremo/RIP/Electric Puzzles_1.5/✅ New Folder/XML/nP.xml using Guid(138a748b2d0c01240bc042ff4ad0636c) Importer(2089858483,b0f066a214c2f5e87bad3c948f4d605d) (ScriptedImporter) -> (artifact id: 'f455a63dc0b608dfcb855922890db354') in 0.0113384 seconds
Number of updated asset objects reloaded before import = 0Number of asset objects unloaded after import = 1

========================================================================
Received Import Request.
  Time since last request: 0.000042 seconds.
  path: Assets/GamerExtremo/RIP/Electric Puzzles_1.5/res/BC.png
  artifactKey: Guid(e529c4bf19d1b7c48997c8962321981d) Importer(2089858483,b0f066a214c2f5e87bad3c948f4d605d)
Start importing Assets/GamerExtremo/RIP/Electric Puzzles_1.5/res/BC.png using Guid(e529c4bf19d1b7c48997c8962321981d) Importer(2089858483,b0f066a214c2f5e87bad3c948f4d605d) (ScriptedImporter) -> (artifact id: 'e7731c22204aba6dce2d8e30950c00ec') in 0.0271123 seconds
Number of updated asset objects reloaded before import = 0Number of asset objects unloaded after import = 3

========================================================================
Received Import Request.
  Time since last request: 0.000022 seconds.
  path: Assets/GamerExtremo/RIP/Electric Puzzles_1.5/res/Ux.png
  artifactKey: Guid(95b633b85e646fd4f8f85d5008809608) Importer(2089858483,b0f066a214c2f5e87bad3c948f4d605d)
Start importing Assets/GamerExtremo/RIP/Electric Puzzles_1.5/res/Ux.png using Guid(95b633b85e646fd4f8f85d5008809608) Importer(2089858483,b0f066a214c2f5e87bad3c948f4d605d) (ScriptedImporter) -> (artifact id: '57752a6c7ea77af7a61858aff555d3ad') in 0.0283999 seconds
Number of updated asset objects reloaded before import = 0Number of asset objects unloaded after import = 3

========================================================================
Received Import Request.
  Time since last request: 0.000033 seconds.
  path: Assets/GamerExtremo/res/v4.9.png
  artifactKey: Guid(63692b4600f4c9149a5f4d815f928889) Importer(2089858483,b0f066a214c2f5e87bad3c948f4d605d)
Start importing Assets/GamerExtremo/res/v4.9.png using Guid(63692b4600f4c9149a5f4d815f928889) Importer(2089858483,b0f066a214c2f5e87bad3c948f4d605d) (ScriptedImporter) -> (artifact id: '59b1c6678cf498d0d8ddc795a6f57372') in 0.0314264 seconds
Number of updated asset objects reloaded before import = 0Number of asset objects unloaded after import = 3

========================================================================
Received Import Request.
  Time since last request: 0.000024 seconds.
  path: Assets/GamerExtremo/RIP/Electric Puzzles_1.5/res/Nk.png
  artifactKey: Guid(6d029dce397a58c4b9bbb14f0f61cf38) Importer(2089858483,b0f066a214c2f5e87bad3c948f4d605d)
Start importing Assets/GamerExtremo/RIP/Electric Puzzles_1.5/res/Nk.png using Guid(6d029dce397a58c4b9bbb14f0f61cf38) Importer(2089858483,b0f066a214c2f5e87bad3c948f4d605d) (ScriptedImporter) -> (artifact id: 'a0e721306df4a5e77eb69d1d2d871071') in 0.0195273 seconds
Number of updated asset objects reloaded before import = 0Number of asset objects unloaded after import = 3

========================================================================
Received Import Request.
  Time since last request: 0.000024 seconds.
  path: Assets/GamerExtremo/RIP/Electric Puzzles_1.5/res/D_.9.png
  artifactKey: Guid(158ea2bb7cce5c742a81ceec1903927a) Importer(2089858483,b0f066a214c2f5e87bad3c948f4d605d)
Start importing Assets/GamerExtremo/RIP/Electric Puzzles_1.5/res/D_.9.png using Guid(158ea2bb7cce5c742a81ceec1903927a) Importer(2089858483,b0f066a214c2f5e87bad3c948f4d605d) (ScriptedImporter) -> (artifact id: '084ad91e6f18627d5291eb09177b6a03') in 0.0191893 seconds
Number of updated asset objects reloaded before import = 0Number of asset objects unloaded after import = 3

========================================================================
Received Import Request.
  Time since last request: 0.000027 seconds.
  path: Assets/GamerExtremo/RIP/Electric Puzzles_1.5/res/VM.xml
  artifactKey: Guid(18aa9547ac6bcf544afc12fc3377bb73) Importer(2089858483,b0f066a214c2f5e87bad3c948f4d605d)
Start importing Assets/GamerExtremo/RIP/Electric Puzzles_1.5/res/VM.xml using Guid(18aa9547ac6bcf544afc12fc3377bb73) Importer(2089858483,b0f066a214c2f5e87bad3c948f4d605d) (ScriptedImporter) -> (artifact id: '7a1449c58ba53cfbd906d0724f967e81') in 0.0074054 seconds
Number of updated asset objects reloaded before import = 0Number of asset objects unloaded after import = 1

========================================================================
Received Import Request.
  Time since last request: 0.000117 seconds.
  path: Assets/GamerExtremo/Pictures/gateslevel5.png
  artifactKey: Guid(033ff301c99a01a4dadd97a2b3a71822) Importer(2089858483,b0f066a214c2f5e87bad3c948f4d605d)
Start importing Assets/GamerExtremo/Pictures/gateslevel5.png using Guid(033ff301c99a01a4dadd97a2b3a71822) Importer(2089858483,b0f066a214c2f5e87bad3c948f4d605d) (ScriptedImporter) -> (artifact id: 'a6bc7e56ad47601a45911f754bdc7162') in 0.0226988 seconds
Number of updated asset objects reloaded before import = 0Number of asset objects unloaded after import = 3

========================================================================
Received Import Request.
  Time since last request: 0.000031 seconds.
  path: Assets/GamerExtremo/Pictures/wire_tt.png
  artifactKey: Guid(a6cb4c160baff9c42ab65b53e35a9733) Importer(2089858483,b0f066a214c2f5e87bad3c948f4d605d)
Start importing Assets/GamerExtremo/Pictures/wire_tt.png using Guid(a6cb4c160baff9c42ab65b53e35a9733) Importer(2089858483,b0f066a214c2f5e87bad3c948f4d605d) (ScriptedImporter) -> (artifact id: 'f405ec98e91a2d5eb4359979f0200fdb') in 0.0187512 seconds
Number of updated asset objects reloaded before import = 0Number of asset objects unloaded after import = 3

========================================================================
Received Import Request.
  Time since last request: 0.000044 seconds.
  path: Assets/GamerExtremo/RIP/Electric Puzzles_1.5/Pictures/switcheslevel2.png
  artifactKey: Guid(b7841a192e9c64a4e86823ce0c87a134) Importer(2089858483,b0f066a214c2f5e87bad3c948f4d605d)
Start importing Assets/GamerExtremo/RIP/Electric Puzzles_1.5/Pictures/switcheslevel2.png using Guid(b7841a192e9c64a4e86823ce0c87a134) Importer(2089858483,b0f066a214c2f5e87bad3c948f4d605d) (ScriptedImporter) -> (artifact id: '1d6f21ee399c001ec49474a6faed66e2') in 0.0206631 seconds
Number of updated asset objects reloaded before import = 0Number of asset objects unloaded after import = 3

========================================================================
Received Import Request.
  Time since last request: 0.000021 seconds.
  path: Assets/GamerExtremo/Resources/Player/attack (1).png
  artifactKey: Guid(0f86944dac51e6742be7796cd922d497) Importer(2089858483,b0f066a214c2f5e87bad3c948f4d605d)
Start importing Assets/GamerExtremo/Resources/Player/attack (1).png using Guid(0f86944dac51e6742be7796cd922d497) Importer(2089858483,b0f066a214c2f5e87bad3c948f4d605d) (ScriptedImporter) -> (artifact id: '17ba386c4fe868b6b4bf38bbbf6e2990') in 0.0194759 seconds
Number of updated asset objects reloaded before import = 0Number of asset objects unloaded after import = 3

========================================================================
Received Import Request.
  Time since last request: 0.000033 seconds.
  path: Assets/GamerExtremo/Resources/Player/run (14).png
  artifactKey: Guid(78920a5993a2e934999efee16fc00487) Importer(2089858483,b0f066a214c2f5e87bad3c948f4d605d)
Start importing Assets/GamerExtremo/Resources/Player/run (14).png using Guid(78920a5993a2e934999efee16fc00487) Importer(2089858483,b0f066a214c2f5e87bad3c948f4d605d) (ScriptedImporter) -> (artifact id: '4d95fc44c68e798028a5d1bd76715df8') in 0.0162119 seconds
Number of updated asset objects reloaded before import = 0Number of asset objects unloaded after import = 3

========================================================================
Received Import Request.
  Time since last request: 0.000039 seconds.
  path: Assets/GamerExtremo/res/J9.png
  artifactKey: Guid(b398b80c612034b448288439c89e52e7) Importer(2089858483,b0f066a214c2f5e87bad3c948f4d605d)
Start importing Assets/GamerExtremo/res/J9.png using Guid(b398b80c612034b448288439c89e52e7) Importer(2089858483,b0f066a214c2f5e87bad3c948f4d605d) (ScriptedImporter) -> (artifact id: '59d65f68be780cf67ef7f26651701d07') in 0.015605 seconds
Number of updated asset objects reloaded before import = 0Number of asset objects unloaded after import = 3

========================================================================
Received Import Request.
  Time since last request: 0.000026 seconds.
  path: Assets/GamerExtremo/RIP/Electric Puzzles_1.5/res/0T.png
  artifactKey: Guid(2b82fb046c9dd9b4987c856617e74fa2) Importer(2089858483,b0f066a214c2f5e87bad3c948f4d605d)
Start importing Assets/GamerExtremo/RIP/Electric Puzzles_1.5/res/0T.png using Guid(2b82fb046c9dd9b4987c856617e74fa2) Importer(2089858483,b0f066a214c2f5e87bad3c948f4d605d) (ScriptedImporter) -> (artifact id: '7eed340dd5efe180c3b03867310e8399') in 0.019163 seconds
Number of updated asset objects reloaded before import = 0Number of asset objects unloaded after import = 3

========================================================================
Received Import Request.
  Time since last request: 0.000050 seconds.
  path: Assets/GamerExtremo/res/DL.9.png
  artifactKey: Guid(437bb187a8be0ea4ca6e7f9fbf550b2f) Importer(2089858483,b0f066a214c2f5e87bad3c948f4d605d)
Start importing Assets/GamerExtremo/res/DL.9.png using Guid(437bb187a8be0ea4ca6e7f9fbf550b2f) Importer(2089858483,b0f066a214c2f5e87bad3c948f4d605d) (ScriptedImporter) -> (artifact id: 'f70be615227b6edfa85c3ad8b1f59e8d') in 0.0179841 seconds
Number of updated asset objects reloaded before import = 0Number of asset objects unloaded after import = 3

========================================================================
Received Import Request.
  Time since last request: 0.000025 seconds.
  path: Assets/GamerExtremo/RIP/Electric Puzzles_1.5/SQUARE/cinza/v4.9.png
  artifactKey: Guid(3dd3994ca9bc208419ae1c7fbb63adfd) Importer(2089858483,b0f066a214c2f5e87bad3c948f4d605d)
Start importing Assets/GamerExtremo/RIP/Electric Puzzles_1.5/SQUARE/cinza/v4.9.png using Guid(3dd3994ca9bc208419ae1c7fbb63adfd) Importer(2089858483,b0f066a214c2f5e87bad3c948f4d605d) (ScriptedImporter) -> (artifact id: '88e99425464f5675efd8c25054fdbdbb') in 0.0167694 seconds
Number of updated asset objects reloaded before import = 0Number of asset objects unloaded after import = 3

========================================================================
Received Import Request.
  Time since last request: 0.000026 seconds.
  path: Assets/GamerExtremo/res/color/abc_primary_text_disable_only_material_dark.xml
  artifactKey: Guid(b7ef383c68adf0d40a928f05f7f98456) Importer(2089858483,b0f066a214c2f5e87bad3c948f4d605d)
Start importing Assets/GamerExtremo/res/color/abc_primary_text_disable_only_material_dark.xml using Guid(b7ef383c68adf0d40a928f05f7f98456) Importer(2089858483,b0f066a214c2f5e87bad3c948f4d605d) (ScriptedImporter) -> (artifact id: '14b5b69c0c1672439de88f882808be9e') in 0.0088107 seconds
Number of updated asset objects reloaded before import = 0Number of asset objects unloaded after import = 1

========================================================================
Received Import Request.
  Time since last request: 0.000136 seconds.
  path: Assets/GamerExtremo/res/rW.xml
  artifactKey: Guid(9c07f50e0b663a94aae57c94d56ab3e2) Importer(2089858483,b0f066a214c2f5e87bad3c948f4d605d)
Start importing Assets/GamerExtremo/res/rW.xml using Guid(9c07f50e0b663a94aae57c94d56ab3e2) Importer(2089858483,b0f066a214c2f5e87bad3c948f4d605d) (ScriptedImporter) -> (artifact id: '95d713cb793d98b0648d76a2bac1e831') in 0.0083683 seconds
Number of updated asset objects reloaded before import = 0Number of asset objects unloaded after import = 1

========================================================================
Received Import Request.
  Time since last request: 0.000087 seconds.
  path: Assets/GamerExtremo/RIP/Electric Puzzles_1.5/✅ New Folder/CIRCLE/CIRCLE WHITE/fM.9.png
  artifactKey: Guid(f73a542ccc217f246aeb0025e5a405fe) Importer(2089858483,b0f066a214c2f5e87bad3c948f4d605d)
Start importing Assets/GamerExtremo/RIP/Electric Puzzles_1.5/✅ New Folder/CIRCLE/CIRCLE WHITE/fM.9.png using Guid(f73a542ccc217f246aeb0025e5a405fe) Importer(2089858483,b0f066a214c2f5e87bad3c948f4d605d) (ScriptedImporter) -> (artifact id: 'ec97c5a78c54cf172bc3bbdb09faea43') in 0.0205769 seconds
Number of updated asset objects reloaded before import = 0Number of asset objects unloaded after import = 3

========================================================================
Received Import Request.
  Time since last request: 0.000029 seconds.
  path: Assets/GamerExtremo/RIP/Electric Puzzles_1.5/✅ New Folder/CIRCLE/CIRCLE  L  IN CENTER/Rt.png
  artifactKey: Guid(e7c388193dcfcd74886bb342f3826ae6) Importer(2089858483,b0f066a214c2f5e87bad3c948f4d605d)
Start importing Assets/GamerExtremo/RIP/Electric Puzzles_1.5/✅ New Folder/CIRCLE/CIRCLE  L  IN CENTER/Rt.png using Guid(e7c388193dcfcd74886bb342f3826ae6) Importer(2089858483,b0f066a214c2f5e87bad3c948f4d605d) (ScriptedImporter) -> (artifact id: '7bfbe4fd40b3287cdef195c6aed221f5') in 0.0193036 seconds
Number of updated asset objects reloaded before import = 0Number of asset objects unloaded after import = 3

========================================================================
Received Import Request.
  Time since last request: 0.000027 seconds.
  path: Assets/GamerExtremo/RIP/Electric Puzzles_1.5/FIOS/TL direita
  artifactKey: Guid(c77ea487ac49b514cabecedb7c7d4136) Importer(2089858483,b0f066a214c2f5e87bad3c948f4d605d)
Start importing Assets/GamerExtremo/RIP/Electric Puzzles_1.5/FIOS/TL direita using Guid(c77ea487ac49b514cabecedb7c7d4136) Importer(2089858483,b0f066a214c2f5e87bad3c948f4d605d) (ScriptedImporter) -> (artifact id: '7afc31c42f5b63a169ccb8add2d10e2a') in 0.0056259 seconds
Number of updated asset objects reloaded before import = 0Number of asset objects unloaded after import = 1

========================================================================
Received Import Request.
  Time since last request: 0.000152 seconds.
  path: Assets/GamerExtremo/res/8R.png
  artifactKey: Guid(34644ee8c59bffa4cb7a6d997aea99db) Importer(2089858483,b0f066a214c2f5e87bad3c948f4d605d)
Start importing Assets/GamerExtremo/res/8R.png using Guid(34644ee8c59bffa4cb7a6d997aea99db) Importer(2089858483,b0f066a214c2f5e87bad3c948f4d605d) (ScriptedImporter) -> (artifact id: 'cbfc5203ce0fd129a20c995f337dd6d3') in 0.018185 seconds
Number of updated asset objects reloaded before import = 0Number of asset objects unloaded after import = 3

========================================================================
Received Import Request.
  Time since last request: 0.000026 seconds.
  path: Assets/GamerExtremo/RIP/Electric Puzzles_1.5/✅ New Folder/THREE POINTS
  artifactKey: Guid(69594824304921445a06c34da9728c6e) Importer(2089858483,b0f066a214c2f5e87bad3c948f4d605d)
Start importing Assets/GamerExtremo/RIP/Electric Puzzles_1.5/✅ New Folder/THREE POINTS using Guid(69594824304921445a06c34da9728c6e) Importer(2089858483,b0f066a214c2f5e87bad3c948f4d605d) (ScriptedImporter) -> (artifact id: '414af3a046162be3511e52a864c866a8') in 0.0068194 seconds
Number of updated asset objects reloaded before import = 0Number of asset objects unloaded after import = 1

========================================================================
Received Import Request.
  Time since last request: 0.906691 seconds.
  path: Assets/GamerExtremo/res/0Z.png
  artifactKey: Guid(e520dc48243dad2409ae8e6e51fd32db) Importer(2089858483,b0f066a214c2f5e87bad3c948f4d605d)
Start importing Assets/GamerExtremo/res/0Z.png using Guid(e520dc48243dad2409ae8e6e51fd32db) Importer(2089858483,b0f066a214c2f5e87bad3c948f4d605d) (ScriptedImporter) -> (artifact id: '946bbfad6f0d3bcdb8601f020d7e51e1') in 0.0319746 seconds
Number of updated asset objects reloaded before import = 0Number of asset objects unloaded after import = 3

========================================================================
Received Import Request.
  Time since last request: 0.000025 seconds.
  path: Assets/GamerExtremo/RIP/Electric Puzzles_1.5/SQUARE/cinza/Yt.9.png
  artifactKey: Guid(a629a5db1301d3d4b845ff41c9d0cade) Importer(2089858483,b0f066a214c2f5e87bad3c948f4d605d)
Start importing Assets/GamerExtremo/RIP/Electric Puzzles_1.5/SQUARE/cinza/Yt.9.png using Guid(a629a5db1301d3d4b845ff41c9d0cade) Importer(2089858483,b0f066a214c2f5e87bad3c948f4d605d) (ScriptedImporter) -> (artifact id: '8ab1e27575b00aeef10108faa14258eb') in 0.0210111 seconds
Number of updated asset objects reloaded before import = 0Number of asset objects unloaded after import = 3

========================================================================
Received Import Request.
  Time since last request: 0.000026 seconds.
  path: Assets/GamerExtremo/res/zq.xml
  artifactKey: Guid(42804a5a7e40a3041a3dcb3860d9cec4) Importer(2089858483,b0f066a214c2f5e87bad3c948f4d605d)
Start importing Assets/GamerExtremo/res/zq.xml using Guid(42804a5a7e40a3041a3dcb3860d9cec4) Importer(2089858483,b0f066a214c2f5e87bad3c948f4d605d) (ScriptedImporter) -> (artifact id: '9188e917daa8c5e94da265120945067b') in 0.0090518 seconds
Number of updated asset objects reloaded before import = 0Number of asset objects unloaded after import = 1

========================================================================
Received Import Request.
  Time since last request: 0.000084 seconds.
  path: Assets/GamerExtremo/RIP/Electric Puzzles_1.5/res/4z.xml
  artifactKey: Guid(96f9ad612116e7e45a6c1322f867c62b) Importer(2089858483,b0f066a214c2f5e87bad3c948f4d605d)
Start importing Assets/GamerExtremo/RIP/Electric Puzzles_1.5/res/4z.xml using Guid(96f9ad612116e7e45a6c1322f867c62b) Importer(2089858483,b0f066a214c2f5e87bad3c948f4d605d) (ScriptedImporter) -> (artifact id: 'b908cf8d78a513274d8a607cb304f408') in 0.0080069 seconds
Number of updated asset objects reloaded before import = 0Number of asset objects unloaded after import = 1

========================================================================
Received Import Request.
  Time since last request: 0.000027 seconds.
  path: Assets/GamerExtremo/res/2K.9.png
  artifactKey: Guid(95355878dd1b13d42a911e4bb020d8a6) Importer(2089858483,b0f066a214c2f5e87bad3c948f4d605d)
Start importing Assets/GamerExtremo/res/2K.9.png using Guid(95355878dd1b13d42a911e4bb020d8a6) Importer(2089858483,b0f066a214c2f5e87bad3c948f4d605d) (ScriptedImporter) -> (artifact id: '55536371abd3c1ee495e350c084c05a1') in 0.0208932 seconds
Number of updated asset objects reloaded before import = 0Number of asset objects unloaded after import = 3

========================================================================
Received Import Request.
  Time since last request: 0.000029 seconds.
  path: Assets/GamerExtremo/RIP/Electric Puzzles_1.5/✅ New Folder/DIAGONAL LEFT
  artifactKey: Guid(7770ab2f617e74647bdd5e1e5e6d4adc) Importer(2089858483,b0f066a214c2f5e87bad3c948f4d605d)
Start importing Assets/GamerExtremo/RIP/Electric Puzzles_1.5/✅ New Folder/DIAGONAL LEFT using Guid(7770ab2f617e74647bdd5e1e5e6d4adc) Importer(2089858483,b0f066a214c2f5e87bad3c948f4d605d) (ScriptedImporter) -> (artifact id: 'cf2c6211b891624c9a49a1d1993df3a8') in 0.007263 seconds
Number of updated asset objects reloaded before import = 0Number of asset objects unloaded after import = 1

========================================================================
Received Import Request.
  Time since last request: 0.000023 seconds.
  path: Assets/GamerExtremo/RIP/Electric Puzzles_1.5/res/nx.png
  artifactKey: Guid(1eb29ee6b8ebfb944823ec79baf13116) Importer(2089858483,b0f066a214c2f5e87bad3c948f4d605d)
Start importing Assets/GamerExtremo/RIP/Electric Puzzles_1.5/res/nx.png using Guid(1eb29ee6b8ebfb944823ec79baf13116) Importer(2089858483,b0f066a214c2f5e87bad3c948f4d605d) (ScriptedImporter) -> (artifact id: 'f750d5de50273dcde4a03f19eb58758c') in 0.019152 seconds
Number of updated asset objects reloaded before import = 0Number of asset objects unloaded after import = 3

========================================================================
Received Import Request.
  Time since last request: 0.000027 seconds.
  path: Assets/GamerExtremo/res/m6.png
  artifactKey: Guid(a327859b4fd521f4d8613a162057c224) Importer(2089858483,b0f066a214c2f5e87bad3c948f4d605d)
Start importing Assets/GamerExtremo/res/m6.png using Guid(a327859b4fd521f4d8613a162057c224) Importer(2089858483,b0f066a214c2f5e87bad3c948f4d605d) (ScriptedImporter) -> (artifact id: '5a1af85a05012f859ab5ea7b3d5dccc9') in 0.0160258 seconds
Number of updated asset objects reloaded before import = 0Number of asset objects unloaded after import = 3

========================================================================
Received Import Request.
  Time since last request: 0.000033 seconds.
  path: Assets/GamerExtremo/res/tr.9.png
  artifactKey: Guid(08dd3e9c3fb16f14b95ee93a4d97ff3a) Importer(2089858483,b0f066a214c2f5e87bad3c948f4d605d)
Start importing Assets/GamerExtremo/res/tr.9.png using Guid(08dd3e9c3fb16f14b95ee93a4d97ff3a) Importer(2089858483,b0f066a214c2f5e87bad3c948f4d605d) (ScriptedImporter) -> (artifact id: '71a971f3f1c71dff6c7173d0711f8449') in 0.0185348 seconds
Number of updated asset objects reloaded before import = 0Number of asset objects unloaded after import = 3

========================================================================
Received Import Request.
  Time since last request: 0.000038 seconds.
  path: Assets/GamerExtremo/RIP/Electric Puzzles_1.5/res/aG.xml
  artifactKey: Guid(c152fd4ba7cabb04ba759a2bd52e3928) Importer(2089858483,b0f066a214c2f5e87bad3c948f4d605d)
Start importing Assets/GamerExtremo/RIP/Electric Puzzles_1.5/res/aG.xml using Guid(c152fd4ba7cabb04ba759a2bd52e3928) Importer(2089858483,b0f066a214c2f5e87bad3c948f4d605d) (ScriptedImporter) -> (artifact id: 'ff4f77a722155799a91705ddfc1f861c') in 0.0075276 seconds
Number of updated asset objects reloaded before import = 0Number of asset objects unloaded after import = 1

========================================================================
Received Import Request.
  Time since last request: 0.000136 seconds.
  path: Assets/GamerExtremo/RIP/Electric Puzzles_1.5/FIOS/esquema/YA.png
  artifactKey: Guid(cebe971736260f5469f3e9a33aa07fd5) Importer(2089858483,b0f066a214c2f5e87bad3c948f4d605d)
Start importing Assets/GamerExtremo/RIP/Electric Puzzles_1.5/FIOS/esquema/YA.png using Guid(cebe971736260f5469f3e9a33aa07fd5) Importer(2089858483,b0f066a214c2f5e87bad3c948f4d605d) (ScriptedImporter) -> (artifact id: '575c4a6b6c27a12e257e33bef48ef73a') in 0.0175044 seconds
Number of updated asset objects reloaded before import = 0Number of asset objects unloaded after import = 3

========================================================================
Received Import Request.
  Time since last request: 0.000027 seconds.
  path: Assets/GamerExtremo/RIP/Electric Puzzles_1.5/res/G2.xml
  artifactKey: Guid(a58a7f4831ffddb41a3254b39bd84691) Importer(2089858483,b0f066a214c2f5e87bad3c948f4d605d)
Start importing Assets/GamerExtremo/RIP/Electric Puzzles_1.5/res/G2.xml using Guid(a58a7f4831ffddb41a3254b39bd84691) Importer(2089858483,b0f066a214c2f5e87bad3c948f4d605d) (ScriptedImporter) -> (artifact id: 'c535de79557cea964ed0adedddfbcc9e') in 0.0105328 seconds
Number of updated asset objects reloaded before import = 0Number of asset objects unloaded after import = 1

========================================================================
Received Import Request.
  Time since last request: 0.000087 seconds.
  path: Assets/GamerExtremo/RIP/Electric Puzzles_1.5/✅ New Folder/CHAVE DE BOCA/8W.png
  artifactKey: Guid(d67130fa49218a9448f59bb2a4616460) Importer(2089858483,b0f066a214c2f5e87bad3c948f4d605d)
Start importing Assets/GamerExtremo/RIP/Electric Puzzles_1.5/✅ New Folder/CHAVE DE BOCA/8W.png using Guid(d67130fa49218a9448f59bb2a4616460) Importer(2089858483,b0f066a214c2f5e87bad3c948f4d605d) (ScriptedImporter) -> (artifact id: '262a04f5e60014e4d47c9b7e99f225da') in 0.0253867 seconds
Number of updated asset objects reloaded before import = 0Number of asset objects unloaded after import = 3

========================================================================
Received Import Request.
  Time since last request: 0.000027 seconds.
  path: Assets/GamerExtremo/RIP/Electric Puzzles_1.5/SQUARE/black/je.9.png
  artifactKey: Guid(5ae9a593f37fca943abc55a67a9ec006) Importer(2089858483,b0f066a214c2f5e87bad3c948f4d605d)
Start importing Assets/GamerExtremo/RIP/Electric Puzzles_1.5/SQUARE/black/je.9.png using Guid(5ae9a593f37fca943abc55a67a9ec006) Importer(2089858483,b0f066a214c2f5e87bad3c948f4d605d) (ScriptedImporter) -> (artifact id: '4c7128800e79461bc560956cbdcd0828') in 0.0214501 seconds
Number of updated asset objects reloaded before import = 0Number of asset objects unloaded after import = 3

========================================================================
Received Import Request.
  Time since last request: 0.000043 seconds.
  path: Assets/GamerExtremo/res/RJ.png
  artifactKey: Guid(c5858dd6913d2cb4095e213ef02da544) Importer(2089858483,b0f066a214c2f5e87bad3c948f4d605d)
Start importing Assets/GamerExtremo/res/RJ.png using Guid(c5858dd6913d2cb4095e213ef02da544) Importer(2089858483,b0f066a214c2f5e87bad3c948f4d605d) (ScriptedImporter) -> (artifact id: 'a60ff689e5cc55132353298eb79022bc') in 0.0241392 seconds
Number of updated asset objects reloaded before import = 0Number of asset objects unloaded after import = 3

========================================================================
Received Import Request.
  Time since last request: 0.000040 seconds.
  path: Assets/GamerExtremo/res/U9.png
  artifactKey: Guid(9648d16e392cb3647a18813efb0c93b9) Importer(2089858483,b0f066a214c2f5e87bad3c948f4d605d)
Start importing Assets/GamerExtremo/res/U9.png using Guid(9648d16e392cb3647a18813efb0c93b9) Importer(2089858483,b0f066a214c2f5e87bad3c948f4d605d) (ScriptedImporter) -> (artifact id: 'a8a59b413a7c9e5bc175445a252c61cd') in 0.0251036 seconds
Number of updated asset objects reloaded before import = 0Number of asset objects unloaded after import = 3

========================================================================
Received Import Request.
  Time since last request: 0.000041 seconds.
  path: Assets/GamerExtremo/Resources/Indicators/checkpoint-flag.png
  artifactKey: Guid(fd8ef89a858e69e4d88602ae7ca275c6) Importer(2089858483,b0f066a214c2f5e87bad3c948f4d605d)
Start importing Assets/GamerExtremo/Resources/Indicators/checkpoint-flag.png using Guid(fd8ef89a858e69e4d88602ae7ca275c6) Importer(2089858483,b0f066a214c2f5e87bad3c948f4d605d) (ScriptedImporter) -> (artifact id: 'ea917713a3098823fc960af0fa2d418e') in 0.0504748 seconds
Number of updated asset objects reloaded before import = 0Number of asset objects unloaded after import = 10

========================================================================
Received Import Request.
  Time since last request: 0.000087 seconds.
  path: Assets/GamerExtremo/RIP/Electric Puzzles_1.5/FIOS/fio fundo verde claro/Zn.png
  artifactKey: Guid(e01a1c0fb477d1342bce19a511d77da2) Importer(2089858483,b0f066a214c2f5e87bad3c948f4d605d)
Start importing Assets/GamerExtremo/RIP/Electric Puzzles_1.5/FIOS/fio fundo verde claro/Zn.png using Guid(e01a1c0fb477d1342bce19a511d77da2) Importer(2089858483,b0f066a214c2f5e87bad3c948f4d605d) (ScriptedImporter) -> (artifact id: '418d99fcf258b55a792f4b584bb965d2') in 0.0215257 seconds
Number of updated asset objects reloaded before import = 0Number of asset objects unloaded after import = 3

========================================================================
Received Import Request.
  Time since last request: 0.000033 seconds.
  path: Assets/GamerExtremo/Resources/Player/walk (11).png
  artifactKey: Guid(ecc984a5e5c3b334f9c91d6893ead92a) Importer(2089858483,b0f066a214c2f5e87bad3c948f4d605d)
Start importing Assets/GamerExtremo/Resources/Player/walk (11).png using Guid(ecc984a5e5c3b334f9c91d6893ead92a) Importer(2089858483,b0f066a214c2f5e87bad3c948f4d605d) (ScriptedImporter) -> (artifact id: 'd34eb9aba34efa47e495799d1bff77b8') in 0.0207649 seconds
Number of updated asset objects reloaded before import = 0Number of asset objects unloaded after import = 3

========================================================================
Received Import Request.
  Time since last request: 0.000045 seconds.
  path: Assets/GamerExtremo/RIP/Electric Puzzles_1.5/res/color/abc_search_url_text.xml
  artifactKey: Guid(aed68805fa6dda24b8921dcef7cff4af) Importer(2089858483,b0f066a214c2f5e87bad3c948f4d605d)
Start importing Assets/GamerExtremo/RIP/Electric Puzzles_1.5/res/color/abc_search_url_text.xml using Guid(aed68805fa6dda24b8921dcef7cff4af) Importer(2089858483,b0f066a214c2f5e87bad3c948f4d605d) (ScriptedImporter) -> (artifact id: '493256a4aaf9fdd2e03a2b4b31d21353') in 0.0108695 seconds
Number of updated asset objects reloaded before import = 0Number of asset objects unloaded after import = 1

========================================================================
Received Import Request.
  Time since last request: 0.000110 seconds.
  path: Assets/GamerExtremo/RIP/Electric Puzzles_1.5/Pictures/wire_tt 1.png
  artifactKey: Guid(30f642957de14fc4992c787cf9b20afd) Importer(2089858483,b0f066a214c2f5e87bad3c948f4d605d)
Start importing Assets/GamerExtremo/RIP/Electric Puzzles_1.5/Pictures/wire_tt 1.png using Guid(30f642957de14fc4992c787cf9b20afd) Importer(2089858483,b0f066a214c2f5e87bad3c948f4d605d) (ScriptedImporter) -> (artifact id: 'b5058d48957b62f7ce26c5b03fcd7e75') in 0.0221618 seconds
Number of updated asset objects reloaded before import = 0Number of asset objects unloaded after import = 3

========================================================================
Received Import Request.
  Time since last request: 0.000026 seconds.
  path: Assets/GamerExtremo/RIP/Electric Puzzles_1.5/res/TY.png
  artifactKey: Guid(ceada752a9b765044bf34c0058a6eeca) Importer(2089858483,b0f066a214c2f5e87bad3c948f4d605d)
Start importing Assets/GamerExtremo/RIP/Electric Puzzles_1.5/res/TY.png using Guid(ceada752a9b765044bf34c0058a6eeca) Importer(2089858483,b0f066a214c2f5e87bad3c948f4d605d) (ScriptedImporter) -> (artifact id: 'b3ebac975b2420b5b67de9838185f502') in 0.0200273 seconds
Number of updated asset objects reloaded before import = 0Number of asset objects unloaded after import = 3

========================================================================
Received Import Request.
  Time since last request: 0.000037 seconds.
  path: Assets/GamerExtremo/res/TY1.png
  artifactKey: Guid(e09a6c23e709a964493572214552983b) Importer(2089858483,b0f066a214c2f5e87bad3c948f4d605d)
Start importing Assets/GamerExtremo/res/TY1.png using Guid(e09a6c23e709a964493572214552983b) Importer(2089858483,b0f066a214c2f5e87bad3c948f4d605d) (ScriptedImporter) -> (artifact id: '761df7488a82a3cdad468c79c98bc3a0') in 0.0206128 seconds
Number of updated asset objects reloaded before import = 0Number of asset objects unloaded after import = 3

========================================================================
Received Import Request.
  Time since last request: 0.000033 seconds.
  path: Assets/GamerExtremo/RIP/Electric Puzzles_1.5/✅ New Folder/XML/Ke.xml
  artifactKey: Guid(e5c9ad48d7baa5f4bba8248b02fcedf5) Importer(2089858483,b0f066a214c2f5e87bad3c948f4d605d)
Start importing Assets/GamerExtremo/RIP/Electric Puzzles_1.5/✅ New Folder/XML/Ke.xml using Guid(e5c9ad48d7baa5f4bba8248b02fcedf5) Importer(2089858483,b0f066a214c2f5e87bad3c948f4d605d) (ScriptedImporter) -> (artifact id: '842695c5e51f66cf2687dec9d62ab791') in 0.0091043 seconds
Number of updated asset objects reloaded before import = 0Number of asset objects unloaded after import = 1

========================================================================
Received Import Request.
  Time since last request: 0.000209 seconds.
  path: Assets/GamerExtremo/RIP/Electric Puzzles_1.5/res/Bd.xml
  artifactKey: Guid(bf504799e6a5a7d46b71041324699f00) Importer(2089858483,b0f066a214c2f5e87bad3c948f4d605d)
Start importing Assets/GamerExtremo/RIP/Electric Puzzles_1.5/res/Bd.xml using Guid(bf504799e6a5a7d46b71041324699f00) Importer(2089858483,b0f066a214c2f5e87bad3c948f4d605d) (ScriptedImporter) -> (artifact id: '9eeea4f5f8e36711ba9da1e7a7713af9') in 0.0087785 seconds
Number of updated asset objects reloaded before import = 0Number of asset objects unloaded after import = 1

========================================================================
Received Import Request.
  Time since last request: 0.000029 seconds.
  path: Assets/GamerExtremo/res/S8.xml
  artifactKey: Guid(7fd4505ebccedfb41a8ad1698d8830ac) Importer(2089858483,b0f066a214c2f5e87bad3c948f4d605d)
Start importing Assets/GamerExtremo/res/S8.xml using Guid(7fd4505ebccedfb41a8ad1698d8830ac) Importer(2089858483,b0f066a214c2f5e87bad3c948f4d605d) (ScriptedImporter) -> (artifact id: '2d470215814776c198aec96056bb3959') in 0.0100801 seconds
Number of updated asset objects reloaded before import = 0Number of asset objects unloaded after import = 1

========================================================================
Received Import Request.
  Time since last request: 0.000112 seconds.
  path: Assets/GamerExtremo/RIP/Electric Puzzles_1.5/✅ New Folder/SETA PONTO/Qn.png
  artifactKey: Guid(6d8c26c4b79d4c443bbd03c2b2b824c7) Importer(2089858483,b0f066a214c2f5e87bad3c948f4d605d)
Start importing Assets/GamerExtremo/RIP/Electric Puzzles_1.5/✅ New Folder/SETA PONTO/Qn.png using Guid(6d8c26c4b79d4c443bbd03c2b2b824c7) Importer(2089858483,b0f066a214c2f5e87bad3c948f4d605d) (ScriptedImporter) -> (artifact id: 'd705c20bfdbcd956a6a08bb46047a7d9') in 0.0147481 seconds
Number of updated asset objects reloaded before import = 0Number of asset objects unloaded after import = 3

========================================================================
Received Import Request.
  Time since last request: 0.000022 seconds.
  path: Assets/GamerExtremo/res/Dd1.png
  artifactKey: Guid(55721bfa02576b54e90b41b969705279) Importer(2089858483,b0f066a214c2f5e87bad3c948f4d605d)
Start importing Assets/GamerExtremo/res/Dd1.png using Guid(55721bfa02576b54e90b41b969705279) Importer(2089858483,b0f066a214c2f5e87bad3c948f4d605d) (ScriptedImporter) -> (artifact id: 'c8232ab59a97d6af90c11d3d591d068b') in 0.0172592 seconds
Number of updated asset objects reloaded before import = 0Number of asset objects unloaded after import = 3

========================================================================
Received Import Request.
  Time since last request: 0.000021 seconds.
  path: Assets/GamerExtremo/RIP/Electric Puzzles_1.5/res/gR.png
  artifactKey: Guid(13031895e6a217e40aecf0bd3998933f) Importer(2089858483,b0f066a214c2f5e87bad3c948f4d605d)
Start importing Assets/GamerExtremo/RIP/Electric Puzzles_1.5/res/gR.png using Guid(13031895e6a217e40aecf0bd3998933f) Importer(2089858483,b0f066a214c2f5e87bad3c948f4d605d) (ScriptedImporter) -> (artifact id: '3eda3ca7e48a06842917d6b332ee9654') in 0.0147187 seconds
Number of updated asset objects reloaded before import = 0Number of asset objects unloaded after import = 3

========================================================================
Received Import Request.
  Time since last request: 0.000023 seconds.
  path: Assets/GamerExtremo/RIP/Electric Puzzles_1.5/res/Az.png
  artifactKey: Guid(492bdf41cd4f1c544bf2fb20e270970e) Importer(2089858483,b0f066a214c2f5e87bad3c948f4d605d)
Start importing Assets/GamerExtremo/RIP/Electric Puzzles_1.5/res/Az.png using Guid(492bdf41cd4f1c544bf2fb20e270970e) Importer(2089858483,b0f066a214c2f5e87bad3c948f4d605d) (ScriptedImporter) -> (artifact id: 'a9417c15fe2c15f2f53460298cfd8ef8') in 0.0139841 seconds
Number of updated asset objects reloaded before import = 0Number of asset objects unloaded after import = 3

========================================================================
Received Import Request.
  Time since last request: 0.000022 seconds.
  path: Assets/GamerExtremo/RIP/Electric Puzzles_1.5/✅ New Folder/CIRCLE/CIRCLE BLUE -MINUS CENTER/VL.png
  artifactKey: Guid(ee4e8c04dada3e9418e0111763d348fc) Importer(2089858483,b0f066a214c2f5e87bad3c948f4d605d)
Start importing Assets/GamerExtremo/RIP/Electric Puzzles_1.5/✅ New Folder/CIRCLE/CIRCLE BLUE -MINUS CENTER/VL.png using Guid(ee4e8c04dada3e9418e0111763d348fc) Importer(2089858483,b0f066a214c2f5e87bad3c948f4d605d) (ScriptedImporter) -> (artifact id: '2fc8ec7774983c0f6b00789a8fe32669') in 0.0163557 seconds
Number of updated asset objects reloaded before import = 0Number of asset objects unloaded after import = 3

========================================================================
Received Import Request.
  Time since last request: 0.000023 seconds.
  path: Assets/GamerExtremo/RIP/Electric Puzzles_1.5/✅ New Folder/HOME/Ot.png
  artifactKey: Guid(a928886b5ff19eb46aa89daedc5f80c7) Importer(2089858483,b0f066a214c2f5e87bad3c948f4d605d)
Start importing Assets/GamerExtremo/RIP/Electric Puzzles_1.5/✅ New Folder/HOME/Ot.png using Guid(a928886b5ff19eb46aa89daedc5f80c7) Importer(2089858483,b0f066a214c2f5e87bad3c948f4d605d) (ScriptedImporter) -> (artifact id: 'ed54679274765904777ef1b0be1762ff') in 0.0140353 seconds
Number of updated asset objects reloaded before import = 0Number of asset objects unloaded after import = 3

========================================================================
Received Import Request.
  Time since last request: 0.000027 seconds.
  path: Assets/GamerExtremo/RIP/Electric Puzzles_1.5/✅ New Folder/XML/Tl.xml
  artifactKey: Guid(96c7abebc5a2f3f4496f1b48176b8620) Importer(2089858483,b0f066a214c2f5e87bad3c948f4d605d)
Start importing Assets/GamerExtremo/RIP/Electric Puzzles_1.5/✅ New Folder/XML/Tl.xml using Guid(96c7abebc5a2f3f4496f1b48176b8620) Importer(2089858483,b0f066a214c2f5e87bad3c948f4d605d) (ScriptedImporter) -> (artifact id: '6f76fba6e535abc63c51615578092464') in 0.008225 seconds
Number of updated asset objects reloaded before import = 0Number of asset objects unloaded after import = 1

========================================================================
Received Import Request.
  Time since last request: 0.000042 seconds.
  path: Assets/GamerExtremo/Resources/Enemy1/skeleton_1_defend (3).png
  artifactKey: Guid(41d1be8c46c283641b67492cbdcfc601) Importer(2089858483,b0f066a214c2f5e87bad3c948f4d605d)
Start importing Assets/GamerExtremo/Resources/Enemy1/skeleton_1_defend (3).png using Guid(41d1be8c46c283641b67492cbdcfc601) Importer(2089858483,b0f066a214c2f5e87bad3c948f4d605d) (ScriptedImporter) -> (artifact id: '3b7f3999d485b21bda0bec32f277f535') in 0.0181055 seconds
Number of updated asset objects reloaded before import = 0Number of asset objects unloaded after import = 3

========================================================================
Received Import Request.
  Time since last request: 0.000053 seconds.
  path: Assets/GamerExtremo/Resources/Sounds/Retro UI Sounds/Error/ui_error_5.wav
  artifactKey: Guid(c3e257fb65a2bea42a3c53d9b09d7d30) Importer(2089858483,b0f066a214c2f5e87bad3c948f4d605d)
Start importing Assets/GamerExtremo/Resources/Sounds/Retro UI Sounds/Error/ui_error_5.wav using Guid(c3e257fb65a2bea42a3c53d9b09d7d30) Importer(2089858483,b0f066a214c2f5e87bad3c948f4d605d) (ScriptedImporter) -> (artifact id: '4d18431d11cc461057e9aa1ebba65137') in 0.0286249 seconds
Number of updated asset objects reloaded before import = 0Number of asset objects unloaded after import = 1

========================================================================
Received Import Request.
  Time since last request: 0.000023 seconds.
  path: Assets/GamerExtremo/RIP/Electric Puzzles_1.5/res/jS1.9.png
  artifactKey: Guid(539db389838be964b9daa355411650d4) Importer(2089858483,b0f066a214c2f5e87bad3c948f4d605d)
Start importing Assets/GamerExtremo/RIP/Electric Puzzles_1.5/res/jS1.9.png using Guid(539db389838be964b9daa355411650d4) Importer(2089858483,b0f066a214c2f5e87bad3c948f4d605d) (ScriptedImporter) -> (artifact id: '83be4dd8ef33412c2180ad78bb82d17c') in 0.0167358 seconds
Number of updated asset objects reloaded before import = 0Number of asset objects unloaded after import = 3

========================================================================
Received Import Request.
  Time since last request: 0.000022 seconds.
  path: Assets/GamerExtremo/My Logo/Gamer Extremo Elite H@cker BR.png
  artifactKey: Guid(9554dbefc2157324f8ea4c8b5fd23e7d) Importer(2089858483,b0f066a214c2f5e87bad3c948f4d605d)
Start importing Assets/GamerExtremo/My Logo/Gamer Extremo Elite H@cker BR.png using Guid(9554dbefc2157324f8ea4c8b5fd23e7d) Importer(2089858483,b0f066a214c2f5e87bad3c948f4d605d) (ScriptedImporter) -> (artifact id: '479457ee7b93824eb9c288c68a2fcada') in 0.0233419 seconds
Number of updated asset objects reloaded before import = 0Number of asset objects unloaded after import = 3

========================================================================
Received Import Request.
  Time since last request: 0.000021 seconds.
  path: Assets/GamerExtremo/Resources/Sounds/Retro UI Sounds/Accept
  artifactKey: Guid(f04026b196cfcb3499e2cb98aaecbb9f) Importer(2089858483,b0f066a214c2f5e87bad3c948f4d605d)
Start importing Assets/GamerExtremo/Resources/Sounds/Retro UI Sounds/Accept using Guid(f04026b196cfcb3499e2cb98aaecbb9f) Importer(2089858483,b0f066a214c2f5e87bad3c948f4d605d) (ScriptedImporter) -> (artifact id: '66b46a4497fbd4efe49897c4d2d64e36') in 0.0053658 seconds
Number of updated asset objects reloaded before import = 0Number of asset objects unloaded after import = 1

========================================================================
Received Import Request.
  Time since last request: 0.000104 seconds.
  path: Assets/GamerExtremo/RIP/Electric Puzzles_1.5/res/8h.png
  artifactKey: Guid(a7630cb7e052c7b4991008bbae38336b) Importer(2089858483,b0f066a214c2f5e87bad3c948f4d605d)
Start importing Assets/GamerExtremo/RIP/Electric Puzzles_1.5/res/8h.png using Guid(a7630cb7e052c7b4991008bbae38336b) Importer(2089858483,b0f066a214c2f5e87bad3c948f4d605d) (ScriptedImporter) -> (artifact id: 'b1fa730d42c950769a69e342203244b3') in 0.0167879 seconds
Number of updated asset objects reloaded before import = 0Number of asset objects unloaded after import = 3

========================================================================
Received Import Request.
  Time since last request: 0.000023 seconds.
  path: Assets/GamerExtremo/res/7N1.xml
  artifactKey: Guid(4c864841bca6c0f4d94bf5e6fbb9f71a) Importer(2089858483,b0f066a214c2f5e87bad3c948f4d605d)
Start importing Assets/GamerExtremo/res/7N1.xml using Guid(4c864841bca6c0f4d94bf5e6fbb9f71a) Importer(2089858483,b0f066a214c2f5e87bad3c948f4d605d) (ScriptedImporter) -> (artifact id: '77f6b536bac660b3baca6821ff0a97ef') in 0.0059845 seconds
Number of updated asset objects reloaded before import = 0Number of asset objects unloaded after import = 1

========================================================================
Received Import Request.
  Time since last request: 0.000110 seconds.
  path: Assets/GamerExtremo/res/kp.png
  artifactKey: Guid(43c2a577b9446ce4eb15039e14916161) Importer(2089858483,b0f066a214c2f5e87bad3c948f4d605d)
Start importing Assets/GamerExtremo/res/kp.png using Guid(43c2a577b9446ce4eb15039e14916161) Importer(2089858483,b0f066a214c2f5e87bad3c948f4d605d) (ScriptedImporter) -> (artifact id: '21ec4048f70823674f3ab71e2c18330c') in 0.016178 seconds
Number of updated asset objects reloaded before import = 0Number of asset objects unloaded after import = 3

========================================================================
Received Import Request.
  Time since last request: 0.000023 seconds.
  path: Assets/GamerExtremo/res/G71.png
  artifactKey: Guid(8903a653e33d4c24bb4b8b8e746c485f) Importer(2089858483,b0f066a214c2f5e87bad3c948f4d605d)
Start importing Assets/GamerExtremo/res/G71.png using Guid(8903a653e33d4c24bb4b8b8e746c485f) Importer(2089858483,b0f066a214c2f5e87bad3c948f4d605d) (ScriptedImporter) -> (artifact id: '617566cbd9046d158335883647cfbfda') in 0.0196859 seconds
Number of updated asset objects reloaded before import = 0Number of asset objects unloaded after import = 3

========================================================================
Received Import Request.
  Time since last request: 0.000023 seconds.
  path: Assets/GamerExtremo/RIP/Electric Puzzles_1.5/Pictures/chargeslevel1.png
  artifactKey: Guid(961f83b51919eb945bbd550e17348fd5) Importer(2089858483,b0f066a214c2f5e87bad3c948f4d605d)
Start importing Assets/GamerExtremo/RIP/Electric Puzzles_1.5/Pictures/chargeslevel1.png using Guid(961f83b51919eb945bbd550e17348fd5) Importer(2089858483,b0f066a214c2f5e87bad3c948f4d605d) (ScriptedImporter) -> (artifact id: '48c4dc12eadacdddd3d12b7c48894ff8') in 0.0166732 seconds
Number of updated asset objects reloaded before import = 0Number of asset objects unloaded after import = 3

========================================================================
Received Import Request.
  Time since last request: 0.000021 seconds.
  path: Assets/GamerExtremo/RIP/Electric Puzzles_1.5/res/nI.9.png
  artifactKey: Guid(971221985d9a2a3409b48c76ee88dab5) Importer(2089858483,b0f066a214c2f5e87bad3c948f4d605d)
Start importing Assets/GamerExtremo/RIP/Electric Puzzles_1.5/res/nI.9.png using Guid(971221985d9a2a3409b48c76ee88dab5) Importer(2089858483,b0f066a214c2f5e87bad3c948f4d605d) (ScriptedImporter) -> (artifact id: '55b00d3686c03e8326b1bf1cc015711a') in 0.0153436 seconds
Number of updated asset objects reloaded before import = 0Number of asset objects unloaded after import = 3

========================================================================
Received Import Request.
  Time since last request: 0.000023 seconds.
  path: Assets/GamerExtremo/res/ZN.xml
  artifactKey: Guid(3363ce7b6cfb8cf41b88c841cdd19efb) Importer(2089858483,b0f066a214c2f5e87bad3c948f4d605d)
Start importing Assets/GamerExtremo/res/ZN.xml using Guid(3363ce7b6cfb8cf41b88c841cdd19efb) Importer(2089858483,b0f066a214c2f5e87bad3c948f4d605d) (ScriptedImporter) -> (artifact id: '08db0d92052aad6c775532f79dad36da') in 0.0083479 seconds
Number of updated asset objects reloaded before import = 0Number of asset objects unloaded after import = 1

========================================================================
Received Import Request.
  Time since last request: 0.000029 seconds.
  path: Assets/GamerExtremo/RIP/Electric Puzzles_1.5/res/Rp.xml
  artifactKey: Guid(614e730e2ec24c748ad7a763ba5479b9) Importer(2089858483,b0f066a214c2f5e87bad3c948f4d605d)
Start importing Assets/GamerExtremo/RIP/Electric Puzzles_1.5/res/Rp.xml using Guid(614e730e2ec24c748ad7a763ba5479b9) Importer(2089858483,b0f066a214c2f5e87bad3c948f4d605d) (ScriptedImporter) -> (artifact id: '68717d19db6d7de28e2c16bebe74be8b') in 0.0077242 seconds
Number of updated asset objects reloaded before import = 0Number of asset objects unloaded after import = 1

========================================================================
Received Import Request.
  Time since last request: 0.000083 seconds.
  path: Assets/GamerExtremo/RIP/Electric Puzzles_1.5/res/H_.png
  artifactKey: Guid(539c1c3e4d014b24f814295f76adda3c) Importer(2089858483,b0f066a214c2f5e87bad3c948f4d605d)
Start importing Assets/GamerExtremo/RIP/Electric Puzzles_1.5/res/H_.png using Guid(539c1c3e4d014b24f814295f76adda3c) Importer(2089858483,b0f066a214c2f5e87bad3c948f4d605d) (ScriptedImporter) -> (artifact id: '1e0b4adf79bcc8ebb3ccb57763bb9bc5') in 0.0163578 seconds
Number of updated asset objects reloaded before import = 0Number of asset objects unloaded after import = 3

========================================================================
Received Import Request.
  Time since last request: 0.000027 seconds.
  path: Assets/GamerExtremo/RIP/Electric Puzzles_1.5/✅ New Folder/XML/D-.xml
  artifactKey: Guid(d1435f529e8984c4897961ef7497b052) Importer(2089858483,b0f066a214c2f5e87bad3c948f4d605d)
Start importing Assets/GamerExtremo/RIP/Electric Puzzles_1.5/✅ New Folder/XML/D-.xml using Guid(d1435f529e8984c4897961ef7497b052) Importer(2089858483,b0f066a214c2f5e87bad3c948f4d605d) (ScriptedImporter) -> (artifact id: '8b7054b5ab8379be652c787c880bf79a') in 0.0098104 seconds
Number of updated asset objects reloaded before import = 0Number of asset objects unloaded after import = 1

========================================================================
Received Import Request.
  Time since last request: 0.942596 seconds.
  path: Assets/GamerExtremo/RIP/Electric Puzzles_1.5/✅ New Folder/XML/2f.xml
  artifactKey: Guid(093458394418da84b9c8d5a1b96f9271) Importer(2089858483,b0f066a214c2f5e87bad3c948f4d605d)
Start importing Assets/GamerExtremo/RIP/Electric Puzzles_1.5/✅ New Folder/XML/2f.xml using Guid(093458394418da84b9c8d5a1b96f9271) Importer(2089858483,b0f066a214c2f5e87bad3c948f4d605d) (ScriptedImporter) -> (artifact id: '9df715b262d36ebd2de56487f2b0766b') in 0.0233367 seconds
Number of updated asset objects reloaded before import = 0Number of asset objects unloaded after import = 1

========================================================================
Received Import Request.
  Time since last request: 0.000027 seconds.
  path: Assets/GamerExtremo/RIP/Electric Puzzles_1.5/✅ New Folder/CIRCLE/CIRCLE +PLUSS  -MINUS/A1.png
  artifactKey: Guid(e49a9223008e0664dbe56768eaf776c5) Importer(2089858483,b0f066a214c2f5e87bad3c948f4d605d)
Start importing Assets/GamerExtremo/RIP/Electric Puzzles_1.5/✅ New Folder/CIRCLE/CIRCLE +PLUSS  -MINUS/A1.png using Guid(e49a9223008e0664dbe56768eaf776c5) Importer(2089858483,b0f066a214c2f5e87bad3c948f4d605d) (ScriptedImporter) -> (artifact id: '0d0a09ec44d3c46ea4a83f09a7d4a428') in 0.0221484 seconds
Number of updated asset objects reloaded before import = 0Number of asset objects unloaded after import = 3

========================================================================
Received Import Request.
  Time since last request: 0.000034 seconds.
  path: Assets/GamerExtremo/RIP/Electric Puzzles_1.5/res/u01.xml
  artifactKey: Guid(99c4c5a4142ad3d41a09205f12725577) Importer(2089858483,b0f066a214c2f5e87bad3c948f4d605d)
Start importing Assets/GamerExtremo/RIP/Electric Puzzles_1.5/res/u01.xml using Guid(99c4c5a4142ad3d41a09205f12725577) Importer(2089858483,b0f066a214c2f5e87bad3c948f4d605d) (ScriptedImporter) -> (artifact id: '3555e06e71ed8a0142190460b6c4b26d') in 0.0109816 seconds
Number of updated asset objects reloaded before import = 0Number of asset objects unloaded after import = 1

========================================================================
Received Import Request.
  Time since last request: 0.000195 seconds.
  path: Assets/GamerExtremo/RIP/Electric Puzzles_1.5/✅ New Folder/SETA DOWN/7I.9.png
  artifactKey: Guid(a3ff69d2d77d4e040b0f3c6d2d714238) Importer(2089858483,b0f066a214c2f5e87bad3c948f4d605d)
Start importing Assets/GamerExtremo/RIP/Electric Puzzles_1.5/✅ New Folder/SETA DOWN/7I.9.png using Guid(a3ff69d2d77d4e040b0f3c6d2d714238) Importer(2089858483,b0f066a214c2f5e87bad3c948f4d605d) (ScriptedImporter) -> (artifact id: '3b745f7f45f467aa1036d7f77cbeb1a3') in 0.0207972 seconds
Number of updated asset objects reloaded before import = 0Number of asset objects unloaded after import = 3

========================================================================
Received Import Request.
  Time since last request: 0.000025 seconds.
  path: Assets/GamerExtremo/Pictures/1001787941.png
  artifactKey: Guid(6cf16b13d37e6844696566ee6a6f8330) Importer(2089858483,b0f066a214c2f5e87bad3c948f4d605d)
Start importing Assets/GamerExtremo/Pictures/1001787941.png using Guid(6cf16b13d37e6844696566ee6a6f8330) Importer(2089858483,b0f066a214c2f5e87bad3c948f4d605d) (ScriptedImporter) -> (artifact id: 'be2b37946e48bf92435ffdbd2de09992') in 0.0345482 seconds
Number of updated asset objects reloaded before import = 0Number of asset objects unloaded after import = 3

========================================================================
Received Import Request.
  Time since last request: 0.000023 seconds.
  path: Assets/GamerExtremo/RIP/Electric Puzzles_1.5/SQUARE/Square no Center/s3.9.png
  artifactKey: Guid(54cf50338782e42448e5a03d03deb5b4) Importer(2089858483,b0f066a214c2f5e87bad3c948f4d605d)
Start importing Assets/GamerExtremo/RIP/Electric Puzzles_1.5/SQUARE/Square no Center/s3.9.png using Guid(54cf50338782e42448e5a03d03deb5b4) Importer(2089858483,b0f066a214c2f5e87bad3c948f4d605d) (ScriptedImporter) -> (artifact id: '22144b495e4db721c49a1236cd0b94ec') in 0.0248705 seconds
Number of updated asset objects reloaded before import = 0Number of asset objects unloaded after import = 3

========================================================================
Received Import Request.
  Time since last request: 0.000042 seconds.
  path: Assets/GamerExtremo/RIP/Electric Puzzles_1.5/Pictures/diodeslevel1.png
  artifactKey: Guid(719669380b7ca7e46ac23c007552c042) Importer(2089858483,b0f066a214c2f5e87bad3c948f4d605d)
Start importing Assets/GamerExtremo/RIP/Electric Puzzles_1.5/Pictures/diodeslevel1.png using Guid(719669380b7ca7e46ac23c007552c042) Importer(2089858483,b0f066a214c2f5e87bad3c948f4d605d) (ScriptedImporter) -> (artifact id: '34b27ca3408d4e50ec4f8d5b368485d8') in 0.0240766 seconds
Number of updated asset objects reloaded before import = 0Number of asset objects unloaded after import = 3

========================================================================
Received Import Request.
  Time since last request: 0.000026 seconds.
  path: Assets/GamerExtremo/RIP/Electric Puzzles_1.5/✅ New Folder/XML/A4.xml
  artifactKey: Guid(2cdd2b82b33419a4999bc31b5ba01f58) Importer(2089858483,b0f066a214c2f5e87bad3c948f4d605d)
Start importing Assets/GamerExtremo/RIP/Electric Puzzles_1.5/✅ New Folder/XML/A4.xml using Guid(2cdd2b82b33419a4999bc31b5ba01f58) Importer(2089858483,b0f066a214c2f5e87bad3c948f4d605d) (ScriptedImporter) -> (artifact id: 'eedc9bba097548ae3c5acacba3fc1af7') in 0.0061434 seconds
Number of updated asset objects reloaded before import = 0Number of asset objects unloaded after import = 1

========================================================================
Received Import Request.
  Time since last request: 0.000146 seconds.
  path: Assets/GamerExtremo/RIP/Electric Puzzles_1.5/res/color/abc_tint_edittext.xml
  artifactKey: Guid(c604cfbb3e86a65448df58b277113ffd) Importer(2089858483,b0f066a214c2f5e87bad3c948f4d605d)
Start importing Assets/GamerExtremo/RIP/Electric Puzzles_1.5/res/color/abc_tint_edittext.xml using Guid(c604cfbb3e86a65448df58b277113ffd) Importer(2089858483,b0f066a214c2f5e87bad3c948f4d605d) (ScriptedImporter) -> (artifact id: '51e6431bc41c1fcf2f3376f559d4c602') in 0.0084524 seconds
Number of updated asset objects reloaded before import = 0Number of asset objects unloaded after import = 1

========================================================================
Received Import Request.
  Time since last request: 0.000086 seconds.
  path: Assets/GamerExtremo/RIP/Electric Puzzles_1.5/✅ New Folder/XML/qF.xml
  artifactKey: Guid(b7f18eeb935aa444bbf27364e8d27aa1) Importer(2089858483,b0f066a214c2f5e87bad3c948f4d605d)
Start importing Assets/GamerExtremo/RIP/Electric Puzzles_1.5/✅ New Folder/XML/qF.xml using Guid(b7f18eeb935aa444bbf27364e8d27aa1) Importer(2089858483,b0f066a214c2f5e87bad3c948f4d605d) (ScriptedImporter) -> (artifact id: '4e981a59ed41bcfbce38493ecc540bd9') in 0.0063062 seconds
Number of updated asset objects reloaded before import = 0Number of asset objects unloaded after import = 1

========================================================================
Received Import Request.
  Time since last request: 0.000151 seconds.
  path: Assets/GamerExtremo/RIP/Electric Puzzles_1.5/FIOS/TL direita/QW.png
  artifactKey: Guid(5b58b34c8ba18b641b383c1b888fedde) Importer(2089858483,b0f066a214c2f5e87bad3c948f4d605d)
Start importing Assets/GamerExtremo/RIP/Electric Puzzles_1.5/FIOS/TL direita/QW.png using Guid(5b58b34c8ba18b641b383c1b888fedde) Importer(2089858483,b0f066a214c2f5e87bad3c948f4d605d) (ScriptedImporter) -> (artifact id: 'c8380a7538c1ae8d67abafde14302e28') in 0.0162091 seconds
Number of updated asset objects reloaded before import = 0Number of asset objects unloaded after import = 3

========================================================================
Received Import Request.
  Time since last request: 0.000027 seconds.
  path: Assets/GamerExtremo/RIP/Electric Puzzles_1.5/res/vG.xml
  artifactKey: Guid(088f8fc33961f7548af24fa7af180cbf) Importer(2089858483,b0f066a214c2f5e87bad3c948f4d605d)
Start importing Assets/GamerExtremo/RIP/Electric Puzzles_1.5/res/vG.xml using Guid(088f8fc33961f7548af24fa7af180cbf) Importer(2089858483,b0f066a214c2f5e87bad3c948f4d605d) (ScriptedImporter) -> (artifact id: '0a60088bb925d69683246f882144dfb2') in 0.0073862 seconds
Number of updated asset objects reloaded before import = 0Number of asset objects unloaded after import = 1

========================================================================
Received Import Request.
  Time since last request: 0.000027 seconds.
  path: Assets/GamerExtremo/RIP/Electric Puzzles_1.5/res/tw.png
  artifactKey: Guid(97507637418b07c4f9c99e231a9b29d4) Importer(2089858483,b0f066a214c2f5e87bad3c948f4d605d)
Start importing Assets/GamerExtremo/RIP/Electric Puzzles_1.5/res/tw.png using Guid(97507637418b07c4f9c99e231a9b29d4) Importer(2089858483,b0f066a214c2f5e87bad3c948f4d605d) (ScriptedImporter) -> (artifact id: '1021cf3b61df20a4f7caa59649857648') in 0.0147428 seconds
Number of updated asset objects reloaded before import = 0Number of asset objects unloaded after import = 3

========================================================================
Received Import Request.
  Time since last request: 0.000024 seconds.
  path: Assets/GamerExtremo/RIP/Electric Puzzles_1.5/✅ New Folder/THREE POINT VETICAL/c7.png
  artifactKey: Guid(30252f215c66c0b4f9e0777eee759ae6) Importer(2089858483,b0f066a214c2f5e87bad3c948f4d605d)
Start importing Assets/GamerExtremo/RIP/Electric Puzzles_1.5/✅ New Folder/THREE POINT VETICAL/c7.png using Guid(30252f215c66c0b4f9e0777eee759ae6) Importer(2089858483,b0f066a214c2f5e87bad3c948f4d605d) (ScriptedImporter) -> (artifact id: '14303a4db0a23f70acac3d7cd93eacff') in 0.0152918 seconds
Number of updated asset objects reloaded before import = 0Number of asset objects unloaded after import = 3

========================================================================
Received Import Request.
  Time since last request: 0.000026 seconds.
  path: Assets/GamerExtremo/res/L_.png
  artifactKey: Guid(c87d8a42a2f7bf0418b6f34ce52e62b6) Importer(2089858483,b0f066a214c2f5e87bad3c948f4d605d)
Start importing Assets/GamerExtremo/res/L_.png using Guid(c87d8a42a2f7bf0418b6f34ce52e62b6) Importer(2089858483,b0f066a214c2f5e87bad3c948f4d605d) (ScriptedImporter) -> (artifact id: 'fcc9f805dbf588cadb05ae4a3d71e050') in 0.0163478 seconds
Number of updated asset objects reloaded before import = 0Number of asset objects unloaded after import = 3

========================================================================
Received Import Request.
  Time since last request: 0.000025 seconds.
  path: Assets/GamerExtremo/res/zz.png
  artifactKey: Guid(993713d0595ac5c43898914f9732eaaf) Importer(2089858483,b0f066a214c2f5e87bad3c948f4d605d)
Start importing Assets/GamerExtremo/res/zz.png using Guid(993713d0595ac5c43898914f9732eaaf) Importer(2089858483,b0f066a214c2f5e87bad3c948f4d605d) (ScriptedImporter) -> (artifact id: 'cad8c2143230a50d1910fe4cc05c8080') in 0.014274 seconds
Number of updated asset objects reloaded before import = 0Number of asset objects unloaded after import = 3

========================================================================
Received Import Request.
  Time since last request: 0.000035 seconds.
  path: Assets/GamerExtremo/Resources/UI/hud.png
  artifactKey: Guid(268b1e2ee34d09d478ac57d336a0235a) Importer(2089858483,b0f066a214c2f5e87bad3c948f4d605d)
Start importing Assets/GamerExtremo/Resources/UI/hud.png using Guid(268b1e2ee34d09d478ac57d336a0235a) Importer(2089858483,b0f066a214c2f5e87bad3c948f4d605d) (ScriptedImporter) -> (artifact id: '6f0f218da4ce349a7417e8a03fee19de') in 0.2511387 seconds
Number of updated asset objects reloaded before import = 0Number of asset objects unloaded after import = 140

========================================================================
Received Import Request.
  Time since last request: 0.000028 seconds.
  path: Assets/GamerExtremo/RIP/Electric Puzzles_1.5/res/vz.9.png
  artifactKey: Guid(83612068bf0ee1646bd45472474ee832) Importer(2089858483,b0f066a214c2f5e87bad3c948f4d605d)
Start importing Assets/GamerExtremo/RIP/Electric Puzzles_1.5/res/vz.9.png using Guid(83612068bf0ee1646bd45472474ee832) Importer(2089858483,b0f066a214c2f5e87bad3c948f4d605d) (ScriptedImporter) -> (artifact id: 'f4b46848592b0ea0946f44f36ca07dd8') in 0.0151951 seconds
Number of updated asset objects reloaded before import = 0Number of asset objects unloaded after import = 3

========================================================================
Received Import Request.
  Time since last request: 0.000035 seconds.
  path: Assets/GamerExtremo/RIP/Electric Puzzles_1.5/res/NP.png
  artifactKey: Guid(c178b3ec3e05a5f4cbad938222de0624) Importer(2089858483,b0f066a214c2f5e87bad3c948f4d605d)
Start importing Assets/GamerExtremo/RIP/Electric Puzzles_1.5/res/NP.png using Guid(c178b3ec3e05a5f4cbad938222de0624) Importer(2089858483,b0f066a214c2f5e87bad3c948f4d605d) (ScriptedImporter) -> (artifact id: '0ebc70b7c6c27ab337c00031027d6dd4') in 0.0135197 seconds
Number of updated asset objects reloaded before import = 0Number of asset objects unloaded after import = 3

========================================================================
Received Import Request.
  Time since last request: 0.000022 seconds.
  path: Assets/GamerExtremo/RIP/Electric Puzzles_1.5/res/SO.png
  artifactKey: Guid(f2a13dcc8c110cc41811fdfadd243882) Importer(2089858483,b0f066a214c2f5e87bad3c948f4d605d)
Start importing Assets/GamerExtremo/RIP/Electric Puzzles_1.5/res/SO.png using Guid(f2a13dcc8c110cc41811fdfadd243882) Importer(2089858483,b0f066a214c2f5e87bad3c948f4d605d) (ScriptedImporter) -> (artifact id: '10843440adfb7775f54321061ca7da68') in 0.0154795 seconds
Number of updated asset objects reloaded before import = 0Number of asset objects unloaded after import = 3

========================================================================
Received Import Request.
  Time since last request: 0.000028 seconds.
  path: Assets/GamerExtremo/res/7o.9.png
  artifactKey: Guid(e7937a912a1e1ec43a144673559ded97) Importer(2089858483,b0f066a214c2f5e87bad3c948f4d605d)
Start importing Assets/GamerExtremo/res/7o.9.png using Guid(e7937a912a1e1ec43a144673559ded97) Importer(2089858483,b0f066a214c2f5e87bad3c948f4d605d) (ScriptedImporter) -> (artifact id: '91d3b5eda4e857beee83a29a314bf41a') in 0.0157818 seconds
Number of updated asset objects reloaded before import = 0Number of asset objects unloaded after import = 3

========================================================================
Received Import Request.
  Time since last request: 0.000019 seconds.
  path: Assets/GamerExtremo/RIP/Electric Puzzles_1.5/res/GB.png
  artifactKey: Guid(43b191e723f3686428196781b2cc8bdf) Importer(2089858483,b0f066a214c2f5e87bad3c948f4d605d)
Start importing Assets/GamerExtremo/RIP/Electric Puzzles_1.5/res/GB.png using Guid(43b191e723f3686428196781b2cc8bdf) Importer(2089858483,b0f066a214c2f5e87bad3c948f4d605d) (ScriptedImporter) -> (artifact id: 'd7fe7ccc0b355dda5b673a3d3794daa3') in 0.0172175 seconds
Number of updated asset objects reloaded before import = 0Number of asset objects unloaded after import = 3

========================================================================
Received Import Request.
  Time since last request: 0.000032 seconds.
  path: Assets/GamerExtremo/res/pO1.png
  artifactKey: Guid(0b7246f58f8de9244a5ac30d95dda506) Importer(2089858483,b0f066a214c2f5e87bad3c948f4d605d)
Start importing Assets/GamerExtremo/res/pO1.png using Guid(0b7246f58f8de9244a5ac30d95dda506) Importer(2089858483,b0f066a214c2f5e87bad3c948f4d605d) (ScriptedImporter) -> (artifact id: '6fb3c59d7f4bf4c5291fca8d292e7609') in 0.0159996 seconds
Number of updated asset objects reloaded before import = 0Number of asset objects unloaded after import = 3

========================================================================
Received Import Request.
  Time since last request: 0.000026 seconds.
  path: Assets/GamerExtremo/RIP/Electric Puzzles_1.5/res/IG.png
  artifactKey: Guid(6f9ba0bc6f37e314c9e4fd1fad60e2fa) Importer(2089858483,b0f066a214c2f5e87bad3c948f4d605d)
Start importing Assets/GamerExtremo/RIP/Electric Puzzles_1.5/res/IG.png using Guid(6f9ba0bc6f37e314c9e4fd1fad60e2fa) Importer(2089858483,b0f066a214c2f5e87bad3c948f4d605d) (ScriptedImporter) -> (artifact id: '0d2fa3672a9813c85deaf16cb28fafe0') in 0.0173692 seconds
Number of updated asset objects reloaded before import = 0Number of asset objects unloaded after import = 3

========================================================================
Received Import Request.
  Time since last request: 0.000023 seconds.
  path: Assets/GamerExtremo/RIP/Electric Puzzles_1.5/✅ New Folder/CHAVE DE BOCA/YR.png
  artifactKey: Guid(41c1ae1b4d4ea5949a9e1f0f2f4f14c5) Importer(2089858483,b0f066a214c2f5e87bad3c948f4d605d)
Start importing Assets/GamerExtremo/RIP/Electric Puzzles_1.5/✅ New Folder/CHAVE DE BOCA/YR.png using Guid(41c1ae1b4d4ea5949a9e1f0f2f4f14c5) Importer(2089858483,b0f066a214c2f5e87bad3c948f4d605d) (ScriptedImporter) -> (artifact id: '6eb6c210d2c01c22549c01d8fc487049') in 0.0208072 seconds
Number of updated asset objects reloaded before import = 0Number of asset objects unloaded after import = 3

========================================================================
Received Import Request.
  Time since last request: 0.000023 seconds.
  path: Assets/GamerExtremo/RIP/Electric Puzzles_1.5/SQUARE/Square Branco/hZ.9.png
  artifactKey: Guid(1aadf66b67ba7b74bbdf996071c82997) Importer(2089858483,b0f066a214c2f5e87bad3c948f4d605d)
Start importing Assets/GamerExtremo/RIP/Electric Puzzles_1.5/SQUARE/Square Branco/hZ.9.png using Guid(1aadf66b67ba7b74bbdf996071c82997) Importer(2089858483,b0f066a214c2f5e87bad3c948f4d605d) (ScriptedImporter) -> (artifact id: 'df98710d7c29d1cc1671367704ad7574') in 0.0165811 seconds
Number of updated asset objects reloaded before import = 0Number of asset objects unloaded after import = 3

========================================================================
Received Import Request.
  Time since last request: 0.000027 seconds.
  path: Assets/GamerExtremo/res/JF.png
  artifactKey: Guid(d8e1af928358d7f4783c8940c0a2c3d0) Importer(2089858483,b0f066a214c2f5e87bad3c948f4d605d)
Start importing Assets/GamerExtremo/res/JF.png using Guid(d8e1af928358d7f4783c8940c0a2c3d0) Importer(2089858483,b0f066a214c2f5e87bad3c948f4d605d) (ScriptedImporter) -> (artifact id: '34f302054f90b40f8b1b86d7c04cd319') in 0.0159839 seconds
Number of updated asset objects reloaded before import = 0Number of asset objects unloaded after import = 3

========================================================================
Received Import Request.
  Time since last request: 0.000027 seconds.
  path: Assets/GamerExtremo/res/Zy.xml
  artifactKey: Guid(4cc6a9612f284d746a292151391a5d90) Importer(2089858483,b0f066a214c2f5e87bad3c948f4d605d)
Start importing Assets/GamerExtremo/res/Zy.xml using Guid(4cc6a9612f284d746a292151391a5d90) Importer(2089858483,b0f066a214c2f5e87bad3c948f4d605d) (ScriptedImporter) -> (artifact id: 'edd475ca41f82376f813b92d11ff9df1') in 0.0071396 seconds
Number of updated asset objects reloaded before import = 0Number of asset objects unloaded after import = 1

========================================================================
Received Import Request.
  Time since last request: 0.000085 seconds.
  path: Assets/GamerExtremo/RIP/Electric Puzzles_1.5/✅ New Folder/XML/7G.xml
  artifactKey: Guid(5aee19cf0ddea0d45817236bad7b377a) Importer(2089858483,b0f066a214c2f5e87bad3c948f4d605d)
Start importing Assets/GamerExtremo/RIP/Electric Puzzles_1.5/✅ New Folder/XML/7G.xml using Guid(5aee19cf0ddea0d45817236bad7b377a) Importer(2089858483,b0f066a214c2f5e87bad3c948f4d605d) (ScriptedImporter) -> (artifact id: 'fba331012869b0a3b049ff80de34d66a') in 0.005998 seconds
Number of updated asset objects reloaded before import = 0Number of asset objects unloaded after import = 1

========================================================================
Received Import Request.
  Time since last request: 0.000022 seconds.
  path: Assets/GamerExtremo/RIP/Electric Puzzles_1.5/res/X3.9.png
  artifactKey: Guid(c88874c7bce155842af357cc72139a41) Importer(2089858483,b0f066a214c2f5e87bad3c948f4d605d)
Start importing Assets/GamerExtremo/RIP/Electric Puzzles_1.5/res/X3.9.png using Guid(c88874c7bce155842af357cc72139a41) Importer(2089858483,b0f066a214c2f5e87bad3c948f4d605d) (ScriptedImporter) -> (artifact id: '033add0a59b57c249e164b75729bbced') in 0.0149833 seconds
Number of updated asset objects reloaded before import = 0Number of asset objects unloaded after import = 3

========================================================================
Received Import Request.
  Time since last request: 0.000022 seconds.
  path: Assets/GamerExtremo/RIP/Electric Puzzles_1.5/✅ New Folder/CIRCLE/CIRCLE CENTER BLACK/Nf.png
  artifactKey: Guid(356eca125c000524a99191cfb6a9859a) Importer(2089858483,b0f066a214c2f5e87bad3c948f4d605d)
Start importing Assets/GamerExtremo/RIP/Electric Puzzles_1.5/✅ New Folder/CIRCLE/CIRCLE CENTER BLACK/Nf.png using Guid(356eca125c000524a99191cfb6a9859a) Importer(2089858483,b0f066a214c2f5e87bad3c948f4d605d) (ScriptedImporter) -> (artifact id: 'f5cf1a760757188ab6ec79289b2a9505') in 0.0166028 seconds
Number of updated asset objects reloaded before import = 0Number of asset objects unloaded after import = 3

========================================================================
Received Import Request.
  Time since last request: 0.000025 seconds.
  path: Assets/GamerExtremo/RIP/Electric Puzzles_1.5/FIOS/T/yx.png
  artifactKey: Guid(a46bd223e5d11804f83c53a098fc2f05) Importer(2089858483,b0f066a214c2f5e87bad3c948f4d605d)
Start importing Assets/GamerExtremo/RIP/Electric Puzzles_1.5/FIOS/T/yx.png using Guid(a46bd223e5d11804f83c53a098fc2f05) Importer(2089858483,b0f066a214c2f5e87bad3c948f4d605d) (ScriptedImporter) -> (artifact id: '5c7b79457270383ad0b0286af492ad51') in 0.0148965 seconds
Number of updated asset objects reloaded before import = 0Number of asset objects unloaded after import = 3

========================================================================
Received Import Request.
  Time since last request: 0.000034 seconds.
  path: Assets/GamerExtremo/RIP/Electric Puzzles_1.5/res/5T.xml
  artifactKey: Guid(1e9dc439a58b7ca4cbfc51dea6acf172) Importer(2089858483,b0f066a214c2f5e87bad3c948f4d605d)
Start importing Assets/GamerExtremo/RIP/Electric Puzzles_1.5/res/5T.xml using Guid(1e9dc439a58b7ca4cbfc51dea6acf172) Importer(2089858483,b0f066a214c2f5e87bad3c948f4d605d) (ScriptedImporter) -> (artifact id: 'd66cfc269f4595e16cea4ea941d34c79') in 0.0063085 seconds
Number of updated asset objects reloaded before import = 0Number of asset objects unloaded after import = 1

========================================================================
Received Import Request.
  Time since last request: 0.000064 seconds.
  path: Assets/GamerExtremo/RIP/Electric Puzzles_1.5/res/2W.png
  artifactKey: Guid(a78c335f26fadec4d90071e0ecd8274a) Importer(2089858483,b0f066a214c2f5e87bad3c948f4d605d)
Start importing Assets/GamerExtremo/RIP/Electric Puzzles_1.5/res/2W.png using Guid(a78c335f26fadec4d90071e0ecd8274a) Importer(2089858483,b0f066a214c2f5e87bad3c948f4d605d) (ScriptedImporter) -> (artifact id: '01b8185eb3f7a2824163a8b2a94724b8') in 0.0142925 seconds
Number of updated asset objects reloaded before import = 0Number of asset objects unloaded after import = 3

========================================================================
Received Import Request.
  Time since last request: 0.000022 seconds.
  path: Assets/GamerExtremo/Resources/Sounds/Retro UI Sounds/Select/ui_select_1.wav
  artifactKey: Guid(9289402c65e76b048a9610d28e263054) Importer(2089858483,b0f066a214c2f5e87bad3c948f4d605d)
Start importing Assets/GamerExtremo/Resources/Sounds/Retro UI Sounds/Select/ui_select_1.wav using Guid(9289402c65e76b048a9610d28e263054) Importer(2089858483,b0f066a214c2f5e87bad3c948f4d605d) (ScriptedImporter) -> (artifact id: '454031da291f053d504f80354808d90e') in 0.0274686 seconds
Number of updated asset objects reloaded before import = 0Number of asset objects unloaded after import = 1

========================================================================
Received Import Request.
  Time since last request: 0.000024 seconds.
  path: Assets/GamerExtremo/res/mN1.png
  artifactKey: Guid(76cf56f1a313f594cb44e907eb6b878d) Importer(2089858483,b0f066a214c2f5e87bad3c948f4d605d)
Start importing Assets/GamerExtremo/res/mN1.png using Guid(76cf56f1a313f594cb44e907eb6b878d) Importer(2089858483,b0f066a214c2f5e87bad3c948f4d605d) (ScriptedImporter) -> (artifact id: 'fc0cd10c28dcdacb869ce3ffaac55357') in 0.0136033 seconds
Number of updated asset objects reloaded before import = 0Number of asset objects unloaded after import = 3

========================================================================
Received Import Request.
  Time since last request: 0.000025 seconds.
  path: Assets/GamerExtremo/RIP/Electric Puzzles_1.5/Pictures/resistor3 1.png
  artifactKey: Guid(b24cdf9b206740c4199483bf72d2ed0a) Importer(2089858483,b0f066a214c2f5e87bad3c948f4d605d)
Start importing Assets/GamerExtremo/RIP/Electric Puzzles_1.5/Pictures/resistor3 1.png using Guid(b24cdf9b206740c4199483bf72d2ed0a) Importer(2089858483,b0f066a214c2f5e87bad3c948f4d605d) (ScriptedImporter) -> (artifact id: 'b3844b9004a1195b4b824dc97bff1408') in 0.0150288 seconds
Number of updated asset objects reloaded before import = 0Number of asset objects unloaded after import = 3

========================================================================
Received Import Request.
  Time since last request: 0.000020 seconds.
  path: Assets/GamerExtremo/res/-H1.png
  artifactKey: Guid(f175253b7c1daf141a878445714c0ef8) Importer(2089858483,b0f066a214c2f5e87bad3c948f4d605d)
Start importing Assets/GamerExtremo/res/-H1.png using Guid(f175253b7c1daf141a878445714c0ef8) Importer(2089858483,b0f066a214c2f5e87bad3c948f4d605d) (ScriptedImporter) -> (artifact id: '16e8fb980922bc650f489afe97b6be25') in 0.0146245 seconds
Number of updated asset objects reloaded before import = 0Number of asset objects unloaded after import = 3

========================================================================
Received Import Request.
  Time since last request: 0.000024 seconds.
  path: Assets/GamerExtremo/RIP/Electric Puzzles_1.5/✅ New Folder/XML/Gt.xml
  artifactKey: Guid(81f688fe547e74b4f93b12255e18ce5d) Importer(2089858483,b0f066a214c2f5e87bad3c948f4d605d)
Start importing Assets/GamerExtremo/RIP/Electric Puzzles_1.5/✅ New Folder/XML/Gt.xml using Guid(81f688fe547e74b4f93b12255e18ce5d) Importer(2089858483,b0f066a214c2f5e87bad3c948f4d605d) (ScriptedImporter) -> (artifact id: 'd0b015b5e27a7aaeb3d286a620a09c21') in 0.0072335 seconds
Number of updated asset objects reloaded before import = 0Number of asset objects unloaded after import = 1

========================================================================
Received Import Request.
  Time since last request: 0.000114 seconds.
  path: Assets/GamerExtremo/Pictures/Paisagens
  artifactKey: Guid(defd2f211a4bf474db6b1d9786a6dd2b) Importer(2089858483,b0f066a214c2f5e87bad3c948f4d605d)
Start importing Assets/GamerExtremo/Pictures/Paisagens using Guid(defd2f211a4bf474db6b1d9786a6dd2b) Importer(2089858483,b0f066a214c2f5e87bad3c948f4d605d) (ScriptedImporter) -> (artifact id: 'f0917e60cd12192b10b95313a13e210f') in 0.0054286 seconds
Number of updated asset objects reloaded before import = 0Number of asset objects unloaded after import = 1

========================================================================
Received Import Request.
  Time since last request: 0.000078 seconds.
  path: Assets/GamerExtremo/RIP/Electric Puzzles_1.5/SQUARE/cinza/Y7.9.png
  artifactKey: Guid(cc7d66f8ec12b2342841678b74d62d2a) Importer(2089858483,b0f066a214c2f5e87bad3c948f4d605d)
Start importing Assets/GamerExtremo/RIP/Electric Puzzles_1.5/SQUARE/cinza/Y7.9.png using Guid(cc7d66f8ec12b2342841678b74d62d2a) Importer(2089858483,b0f066a214c2f5e87bad3c948f4d605d) (ScriptedImporter) -> (artifact id: 'ad830a4df99b87f32504781247ad083c') in 0.0164358 seconds
Number of updated asset objects reloaded before import = 0Number of asset objects unloaded after import = 3

========================================================================
Received Import Request.
  Time since last request: 0.000022 seconds.
  path: Assets/GamerExtremo/RIP/Electric Puzzles_1.5/res/color/abc_tint_switch_track.xml
  artifactKey: Guid(5f8e35ce84f8e1d4b999271a4ae3934b) Importer(2089858483,b0f066a214c2f5e87bad3c948f4d605d)
Start importing Assets/GamerExtremo/RIP/Electric Puzzles_1.5/res/color/abc_tint_switch_track.xml using Guid(5f8e35ce84f8e1d4b999271a4ae3934b) Importer(2089858483,b0f066a214c2f5e87bad3c948f4d605d) (ScriptedImporter) -> (artifact id: '41780560c6e4e6f83383df89827d3a4f') in 0.0084129 seconds
Number of updated asset objects reloaded before import = 0Number of asset objects unloaded after import = 1

========================================================================
Received Import Request.
  Time since last request: 0.000089 seconds.
  path: Assets/GamerExtremo/RIP/Electric Puzzles_1.5/res/T5.xml
  artifactKey: Guid(24ef0e3ccdf847a4a868bc5d36736e94) Importer(2089858483,b0f066a214c2f5e87bad3c948f4d605d)
Start importing Assets/GamerExtremo/RIP/Electric Puzzles_1.5/res/T5.xml using Guid(24ef0e3ccdf847a4a868bc5d36736e94) Importer(2089858483,b0f066a214c2f5e87bad3c948f4d605d) (ScriptedImporter) -> (artifact id: '39afd3bf027b826a7517ac12c0f5a9a1') in 0.006161 seconds
Number of updated asset objects reloaded before import = 0Number of asset objects unloaded after import = 1

========================================================================
Received Import Request.
  Time since last request: 0.000093 seconds.
  path: Assets/GamerExtremo/res/Ke.xml
  artifactKey: Guid(598476619e0e95644a9e7b492ad7cdff) Importer(2089858483,b0f066a214c2f5e87bad3c948f4d605d)
Start importing Assets/GamerExtremo/res/Ke.xml using Guid(598476619e0e95644a9e7b492ad7cdff) Importer(2089858483,b0f066a214c2f5e87bad3c948f4d605d) (ScriptedImporter) -> (artifact id: '9ffde10e34d792079209e0682eca65b9') in 0.0061448 seconds
Number of updated asset objects reloaded before import = 0Number of asset objects unloaded after import = 1

========================================================================
Received Import Request.
  Time since last request: 0.000099 seconds.
  path: Assets/GamerExtremo/RIP/Electric Puzzles_1.5/✅ New Folder/XML/wr.xml
  artifactKey: Guid(4997dc5138410fc4f84d0e7e0e0983e0) Importer(2089858483,b0f066a214c2f5e87bad3c948f4d605d)
Start importing Assets/GamerExtremo/RIP/Electric Puzzles_1.5/✅ New Folder/XML/wr.xml using Guid(4997dc5138410fc4f84d0e7e0e0983e0) Importer(2089858483,b0f066a214c2f5e87bad3c948f4d605d) (ScriptedImporter) -> (artifact id: 'd605dfc34706e07e4ad19c77a1ef6b03') in 0.0084936 seconds
Number of updated asset objects reloaded before import = 0Number of asset objects unloaded after import = 1

========================================================================
Received Import Request.
  Time since last request: 0.000022 seconds.
  path: Assets/GamerExtremo/RIP/Electric Puzzles_1.5/✅ New Folder/CIRCLE/CIRCLE G/Hued/f9.png
  artifactKey: Guid(c4c28394b5a1dc9488e110ae053fa6bf) Importer(2089858483,b0f066a214c2f5e87bad3c948f4d605d)
Start importing Assets/GamerExtremo/RIP/Electric Puzzles_1.5/✅ New Folder/CIRCLE/CIRCLE G/Hued/f9.png using Guid(c4c28394b5a1dc9488e110ae053fa6bf) Importer(2089858483,b0f066a214c2f5e87bad3c948f4d605d) (ScriptedImporter) -> (artifact id: '2eeb64cc1255654678ab7a5c0e6aa8f9') in 0.0149712 seconds
Number of updated asset objects reloaded before import = 0Number of asset objects unloaded after import = 3

========================================================================
Received Import Request.
  Time since last request: 0.000023 seconds.
  path: Assets/GamerExtremo/RIP/Electric Puzzles_1.5/SQUARE/Square V/tG.png
  artifactKey: Guid(3fe09b7c001ce7d4aac01c9f044728e1) Importer(2089858483,b0f066a214c2f5e87bad3c948f4d605d)
Start importing Assets/GamerExtremo/RIP/Electric Puzzles_1.5/SQUARE/Square V/tG.png using Guid(3fe09b7c001ce7d4aac01c9f044728e1) Importer(2089858483,b0f066a214c2f5e87bad3c948f4d605d) (ScriptedImporter) -> (artifact id: '04973e217af39efc7d11432b93ba3355') in 0.0147824 seconds
Number of updated asset objects reloaded before import = 0Number of asset objects unloaded after import = 3

========================================================================
Received Import Request.
  Time since last request: 0.000024 seconds.
  path: Assets/GamerExtremo/res/K5.xml
  artifactKey: Guid(f52744b4293a55242a9cdbb463a3478e) Importer(2089858483,b0f066a214c2f5e87bad3c948f4d605d)
Start importing Assets/GamerExtremo/res/K5.xml using Guid(f52744b4293a55242a9cdbb463a3478e) Importer(2089858483,b0f066a214c2f5e87bad3c948f4d605d) (ScriptedImporter) -> (artifact id: 'd0059db6536b9f517b63721e4055a4ce') in 0.0072773 seconds
Number of updated asset objects reloaded before import = 0Number of asset objects unloaded after import = 1

========================================================================
Received Import Request.
  Time since last request: 0.000063 seconds.
  path: Assets/GamerExtremo/Resources/Enemy2/skeleton_2_walk (12).png
  artifactKey: Guid(82e26bf811141f94082c36c31722de09) Importer(2089858483,b0f066a214c2f5e87bad3c948f4d605d)
Start importing Assets/GamerExtremo/Resources/Enemy2/skeleton_2_walk (12).png using Guid(82e26bf811141f94082c36c31722de09) Importer(2089858483,b0f066a214c2f5e87bad3c948f4d605d) (ScriptedImporter) -> (artifact id: 'e01dba234e90c3b6efdc20a6044d919d') in 0.023044 seconds
Number of updated asset objects reloaded before import = 0Number of asset objects unloaded after import = 3

========================================================================
Received Import Request.
  Time since last request: 0.000029 seconds.
  path: Assets/GamerExtremo/RIP/Electric Puzzles_1.5/✅ New Folder/CIRCLE/CIRCLE  L  IN CENTER
  artifactKey: Guid(bf60faaac7b5696418741ac5e9bb1ec1) Importer(2089858483,b0f066a214c2f5e87bad3c948f4d605d)
Start importing Assets/GamerExtremo/RIP/Electric Puzzles_1.5/✅ New Folder/CIRCLE/CIRCLE  L  IN CENTER using Guid(bf60faaac7b5696418741ac5e9bb1ec1) Importer(2089858483,b0f066a214c2f5e87bad3c948f4d605d) (ScriptedImporter) -> (artifact id: '85ec8a03cc9de39ce240756d69ee7ebc') in 0.0056817 seconds
Number of updated asset objects reloaded before import = 0Number of asset objects unloaded after import = 1

========================================================================
Received Import Request.
  Time since last request: 0.000116 seconds.
  path: Assets/GamerExtremo/RIP/Electric Puzzles_1.5/res/D-.xml
  artifactKey: Guid(92fc8ed84c4574141a5fbf6cf8f196c9) Importer(2089858483,b0f066a214c2f5e87bad3c948f4d605d)
Start importing Assets/GamerExtremo/RIP/Electric Puzzles_1.5/res/D-.xml using Guid(92fc8ed84c4574141a5fbf6cf8f196c9) Importer(2089858483,b0f066a214c2f5e87bad3c948f4d605d) (ScriptedImporter) -> (artifact id: 'de4ff33b65d0cc60f5f616fe93d7d2d0') in 0.006364 seconds
Number of updated asset objects reloaded before import = 0Number of asset objects unloaded after import = 1

========================================================================
Received Import Request.
  Time since last request: 0.000115 seconds.
  path: Assets/GamerExtremo/res/iQ.xml
  artifactKey: Guid(e743e80f3b6c38e4c976ec336f0cced4) Importer(2089858483,b0f066a214c2f5e87bad3c948f4d605d)
Start importing Assets/GamerExtremo/res/iQ.xml using Guid(e743e80f3b6c38e4c976ec336f0cced4) Importer(2089858483,b0f066a214c2f5e87bad3c948f4d605d) (ScriptedImporter) -> (artifact id: '849d2ae4eef313d357c51e5a44983c19') in 0.0077764 seconds
Number of updated asset objects reloaded before import = 0Number of asset objects unloaded after import = 1

========================================================================
Received Import Request.
  Time since last request: 0.000062 seconds.
  path: Assets/GamerExtremo/Resources/Player/crouch_attack (5).png
  artifactKey: Guid(2e2d5205d1de14d48bbfba8131eb6db5) Importer(2089858483,b0f066a214c2f5e87bad3c948f4d605d)
Start importing Assets/GamerExtremo/Resources/Player/crouch_attack (5).png using Guid(2e2d5205d1de14d48bbfba8131eb6db5) Importer(2089858483,b0f066a214c2f5e87bad3c948f4d605d) (ScriptedImporter) -> (artifact id: '6a569aaa63b5e8e45c4affd5afe908a3') in 0.0185787 seconds
Number of updated asset objects reloaded before import = 0Number of asset objects unloaded after import = 3

========================================================================
Received Import Request.
  Time since last request: 0.000022 seconds.
  path: Assets/GamerExtremo/Resources/Sprites/Backgrounds/unityads_maxbg.png
  artifactKey: Guid(67d9c08dc17ce4f4790c2dd55257a86b) Importer(2089858483,b0f066a214c2f5e87bad3c948f4d605d)
Start importing Assets/GamerExtremo/Resources/Sprites/Backgrounds/unityads_maxbg.png using Guid(67d9c08dc17ce4f4790c2dd55257a86b) Importer(2089858483,b0f066a214c2f5e87bad3c948f4d605d) (ScriptedImporter) -> (artifact id: '9c3a0250b3a2a3cd784647fbfb82b675') in 0.0174479 seconds
Number of updated asset objects reloaded before import = 0Number of asset objects unloaded after import = 3

========================================================================
Received Import Request.
  Time since last request: 0.000025 seconds.
  path: Assets/GamerExtremo/RIP/Electric Puzzles_1.5/res/Y9.png
  artifactKey: Guid(4755ed7a47b7a4b4c80a186f2e4f926e) Importer(2089858483,b0f066a214c2f5e87bad3c948f4d605d)
Start importing Assets/GamerExtremo/RIP/Electric Puzzles_1.5/res/Y9.png using Guid(4755ed7a47b7a4b4c80a186f2e4f926e) Importer(2089858483,b0f066a214c2f5e87bad3c948f4d605d) (ScriptedImporter) -> (artifact id: '526c864b68dda858c951f531eab317e8') in 0.0164967 seconds
Number of updated asset objects reloaded before import = 0Number of asset objects unloaded after import = 3

========================================================================
Received Import Request.
  Time since last request: 0.000022 seconds.
  path: Assets/GamerExtremo/RIP/Electric Puzzles_1.5/res/c71.png
  artifactKey: Guid(8bda75cd1127a8447895e331d69d97e3) Importer(2089858483,b0f066a214c2f5e87bad3c948f4d605d)
Start importing Assets/GamerExtremo/RIP/Electric Puzzles_1.5/res/c71.png using Guid(8bda75cd1127a8447895e331d69d97e3) Importer(2089858483,b0f066a214c2f5e87bad3c948f4d605d) (ScriptedImporter) -> (artifact id: '889109e970b9d4f4a5720664cde2f25c') in 0.0172722 seconds
Number of updated asset objects reloaded before import = 0Number of asset objects unloaded after import = 3

========================================================================
Received Import Request.
  Time since last request: 0.000022 seconds.
  path: Assets/GamerExtremo/RIP/Electric Puzzles_1.5/✅ New Folder/XML/FT.xml
  artifactKey: Guid(cd4e7e82e405f8643bd8d037d9d79e7c) Importer(2089858483,b0f066a214c2f5e87bad3c948f4d605d)
Start importing Assets/GamerExtremo/RIP/Electric Puzzles_1.5/✅ New Folder/XML/FT.xml using Guid(cd4e7e82e405f8643bd8d037d9d79e7c) Importer(2089858483,b0f066a214c2f5e87bad3c948f4d605d) (ScriptedImporter) -> (artifact id: '223487662dba43d44947328370e05eb5') in 0.0066461 seconds
Number of updated asset objects reloaded before import = 0Number of asset objects unloaded after import = 1

========================================================================
Received Import Request.
  Time since last request: 0.000752 seconds.
  path: Assets/GamerExtremo/RIP/Electric Puzzles_1.5/✅ New Folder/XML/80.xml
  artifactKey: Guid(fc36408e155ceb846944fc66a2b71016) Importer(2089858483,b0f066a214c2f5e87bad3c948f4d605d)
Start importing Assets/GamerExtremo/RIP/Electric Puzzles_1.5/✅ New Folder/XML/80.xml using Guid(fc36408e155ceb846944fc66a2b71016) Importer(2089858483,b0f066a214c2f5e87bad3c948f4d605d) (ScriptedImporter) -> (artifact id: 'df6fb1a5cb8247297ecfbb47dd16b5de') in 0.0072117 seconds
Number of updated asset objects reloaded before import = 0Number of asset objects unloaded after import = 1

========================================================================
Received Import Request.
  Time since last request: 0.000082 seconds.
  path: Assets/GamerExtremo/res/Az.png
  artifactKey: Guid(42a86bc09bb1cba45a7d7c299a1a2ced) Importer(2089858483,b0f066a214c2f5e87bad3c948f4d605d)
Start importing Assets/GamerExtremo/res/Az.png using Guid(42a86bc09bb1cba45a7d7c299a1a2ced) Importer(2089858483,b0f066a214c2f5e87bad3c948f4d605d) (ScriptedImporter) -> (artifact id: 'b04fc6fbab130853fc0d2f75c0e2dabd') in 0.0154194 seconds
Number of updated asset objects reloaded before import = 0Number of asset objects unloaded after import = 3

========================================================================
Received Import Request.
  Time since last request: 0.000022 seconds.
  path: Assets/GamerExtremo/Resources/Sounds/Retro UI Sounds/Error
  artifactKey: Guid(1c5f0ce1bba11d444bf896ee1943e6b8) Importer(2089858483,b0f066a214c2f5e87bad3c948f4d605d)
Start importing Assets/GamerExtremo/Resources/Sounds/Retro UI Sounds/Error using Guid(1c5f0ce1bba11d444bf896ee1943e6b8) Importer(2089858483,b0f066a214c2f5e87bad3c948f4d605d) (ScriptedImporter) -> (artifact id: '3e6758e95055c95e0b0c3bf6a3b295a6') in 0.0054747 seconds
Number of updated asset objects reloaded before import = 0Number of asset objects unloaded after import = 1

========================================================================
Received Import Request.
  Time since last request: 0.000027 seconds.
  path: Assets/GamerExtremo/RIP/Electric Puzzles_1.5/FIOS/black/Pasta/sg.9.png
  artifactKey: Guid(da83c2d62a8a8c84ca58fae300d91dea) Importer(2089858483,b0f066a214c2f5e87bad3c948f4d605d)
Start importing Assets/GamerExtremo/RIP/Electric Puzzles_1.5/FIOS/black/Pasta/sg.9.png using Guid(da83c2d62a8a8c84ca58fae300d91dea) Importer(2089858483,b0f066a214c2f5e87bad3c948f4d605d) (ScriptedImporter) -> (artifact id: '4a2c645244e106b12d65f560703b57ac') in 0.0183374 seconds
Number of updated asset objects reloaded before import = 0Number of asset objects unloaded after import = 3

========================================================================
Received Import Request.
  Time since last request: 0.000024 seconds.
  path: Assets/GamerExtremo/RIP/Electric Puzzles_1.5/res/29.xml
  artifactKey: Guid(d8efd8ac809156545886e3607962bb8a) Importer(2089858483,b0f066a214c2f5e87bad3c948f4d605d)
Start importing Assets/GamerExtremo/RIP/Electric Puzzles_1.5/res/29.xml using Guid(d8efd8ac809156545886e3607962bb8a) Importer(2089858483,b0f066a214c2f5e87bad3c948f4d605d) (ScriptedImporter) -> (artifact id: '010f38486558a98d662622ab9fb9ca50') in 0.0091147 seconds
Number of updated asset objects reloaded before import = 0Number of asset objects unloaded after import = 1

========================================================================
Received Import Request.
  Time since last request: 0.000119 seconds.
  path: Assets/GamerExtremo/RIP/Electric Puzzles_1.5/✅ New Folder/XML/27.xml
  artifactKey: Guid(87c013734c00c6d4e818408117662817) Importer(2089858483,b0f066a214c2f5e87bad3c948f4d605d)
Start importing Assets/GamerExtremo/RIP/Electric Puzzles_1.5/✅ New Folder/XML/27.xml using Guid(87c013734c00c6d4e818408117662817) Importer(2089858483,b0f066a214c2f5e87bad3c948f4d605d) (ScriptedImporter) -> (artifact id: '54492a0f5c22d03ec3f36a639be6ce3f') in 0.0072817 seconds
Number of updated asset objects reloaded before import = 0Number of asset objects unloaded after import = 1

========================================================================
Received Import Request.
  Time since last request: 0.000199 seconds.
  path: Assets/GamerExtremo/res/zw.9.png
  artifactKey: Guid(3f7a2eb8815c7d6428b93845838861a3) Importer(2089858483,b0f066a214c2f5e87bad3c948f4d605d)
Start importing Assets/GamerExtremo/res/zw.9.png using Guid(3f7a2eb8815c7d6428b93845838861a3) Importer(2089858483,b0f066a214c2f5e87bad3c948f4d605d) (ScriptedImporter) -> (artifact id: 'ab31ab1ade80b0930d5d0220f2964eea') in 0.0152169 seconds
Number of updated asset objects reloaded before import = 0Number of asset objects unloaded after import = 3

========================================================================
Received Import Request.
  Time since last request: 0.000028 seconds.
  path: Assets/GamerExtremo/res/zR.png
  artifactKey: Guid(86f36501d084fb44090afc2ebaa1bc4c) Importer(2089858483,b0f066a214c2f5e87bad3c948f4d605d)
Start importing Assets/GamerExtremo/res/zR.png using Guid(86f36501d084fb44090afc2ebaa1bc4c) Importer(2089858483,b0f066a214c2f5e87bad3c948f4d605d) (ScriptedImporter) -> (artifact id: 'd64619b8d8d3c90c33841ebc19e44275') in 0.0144421 seconds
Number of updated asset objects reloaded before import = 0Number of asset objects unloaded after import = 3

========================================================================
Received Import Request.
  Time since last request: 0.000038 seconds.
  path: Assets/GamerExtremo/RIP/Electric Puzzles_1.5/FIOS/T/5z.png
  artifactKey: Guid(9ecedaa5e6aaf8e4eae2335a738793b8) Importer(2089858483,b0f066a214c2f5e87bad3c948f4d605d)
Start importing Assets/GamerExtremo/RIP/Electric Puzzles_1.5/FIOS/T/5z.png using Guid(9ecedaa5e6aaf8e4eae2335a738793b8) Importer(2089858483,b0f066a214c2f5e87bad3c948f4d605d) (ScriptedImporter) -> (artifact id: 'ac2a5519bab15790db445d48cf299cac') in 0.020903 seconds
Number of updated asset objects reloaded before import = 0Number of asset objects unloaded after import = 3

========================================================================
Received Import Request.
  Time since last request: 0.000028 seconds.
  path: Assets/GamerExtremo/RIP/Electric Puzzles_1.5/res
  artifactKey: Guid(baeca26f54bdaa049a5a055b960c24fc) Importer(2089858483,b0f066a214c2f5e87bad3c948f4d605d)
Start importing Assets/GamerExtremo/RIP/Electric Puzzles_1.5/res using Guid(baeca26f54bdaa049a5a055b960c24fc) Importer(2089858483,b0f066a214c2f5e87bad3c948f4d605d) (ScriptedImporter) -> (artifact id: 'fea8f47b552c8a034b9af1c6c607eb76') in 0.0115461 seconds
Number of updated asset objects reloaded before import = 0Number of asset objects unloaded after import = 1

========================================================================
Received Import Request.
  Time since last request: 0.000153 seconds.
  path: Assets/GamerExtremo/RIP/Electric Puzzles_1.5/✅ New Folder/XML/GF.xml
  artifactKey: Guid(b9ba69fcca129c94494369f50653a811) Importer(2089858483,b0f066a214c2f5e87bad3c948f4d605d)
Start importing Assets/GamerExtremo/RIP/Electric Puzzles_1.5/✅ New Folder/XML/GF.xml using Guid(b9ba69fcca129c94494369f50653a811) Importer(2089858483,b0f066a214c2f5e87bad3c948f4d605d) (ScriptedImporter) -> (artifact id: 'f245d2abc4190b47ae3755d7beb6b692') in 0.0082663 seconds
Number of updated asset objects reloaded before import = 0Number of asset objects unloaded after import = 1

========================================================================
Received Import Request.
  Time since last request: 0.000201 seconds.
  path: Assets/GamerExtremo/RIP/Electric Puzzles_1.5/res/Gw.png
  artifactKey: Guid(ee33fb87eec701344bc0c3c030b48ca0) Importer(2089858483,b0f066a214c2f5e87bad3c948f4d605d)
Start importing Assets/GamerExtremo/RIP/Electric Puzzles_1.5/res/Gw.png using Guid(ee33fb87eec701344bc0c3c030b48ca0) Importer(2089858483,b0f066a214c2f5e87bad3c948f4d605d) (ScriptedImporter) -> (artifact id: '561039bcfdc55349839124ec14d938c0') in 0.0184792 seconds
Number of updated asset objects reloaded before import = 0Number of asset objects unloaded after import = 3

========================================================================
Received Import Request.
  Time since last request: 0.000023 seconds.
  path: Assets/GamerExtremo/res/0M.xml
  artifactKey: Guid(b66bae0903ba44045b042ba7632266d2) Importer(2089858483,b0f066a214c2f5e87bad3c948f4d605d)
Start importing Assets/GamerExtremo/res/0M.xml using Guid(b66bae0903ba44045b042ba7632266d2) Importer(2089858483,b0f066a214c2f5e87bad3c948f4d605d) (ScriptedImporter) -> (artifact id: '50b43715befeca76a16ff7230de70306') in 0.0083122 seconds
Number of updated asset objects reloaded before import = 0Number of asset objects unloaded after import = 1

========================================================================
Received Import Request.
  Time since last request: 0.000105 seconds.
  path: Assets/GamerExtremo/RIP/Electric Puzzles_1.5/res/J2.png
  artifactKey: Guid(965a0047888c49341ab9ec0aeddb1323) Importer(2089858483,b0f066a214c2f5e87bad3c948f4d605d)
Start importing Assets/GamerExtremo/RIP/Electric Puzzles_1.5/res/J2.png using Guid(965a0047888c49341ab9ec0aeddb1323) Importer(2089858483,b0f066a214c2f5e87bad3c948f4d605d) (ScriptedImporter) -> (artifact id: 'f671794d3ce15800bd8c794cf766219b') in 0.0153252 seconds
Number of updated asset objects reloaded before import = 0Number of asset objects unloaded after import = 3

========================================================================
Received Import Request.
  Time since last request: 0.000023 seconds.
  path: Assets/GamerExtremo/RIP/Electric Puzzles_1.5/res/7H.xml
  artifactKey: Guid(8d3e3868992b6274388a751d2452812f) Importer(2089858483,b0f066a214c2f5e87bad3c948f4d605d)
Start importing Assets/GamerExtremo/RIP/Electric Puzzles_1.5/res/7H.xml using Guid(8d3e3868992b6274388a751d2452812f) Importer(2089858483,b0f066a214c2f5e87bad3c948f4d605d) (ScriptedImporter) -> (artifact id: 'a71e4d5f4990ff7099fa6815b63f145d') in 0.0071035 seconds
Number of updated asset objects reloaded before import = 0Number of asset objects unloaded after import = 1

========================================================================
Received Import Request.
  Time since last request: 0.000023 seconds.
  path: Assets/GamerExtremo/res/color/common_google_signin_btn_tint.xml
  artifactKey: Guid(381d248d121f6ec4d8fdd04e167764f7) Importer(2089858483,b0f066a214c2f5e87bad3c948f4d605d)
Start importing Assets/GamerExtremo/res/color/common_google_signin_btn_tint.xml using Guid(381d248d121f6ec4d8fdd04e167764f7) Importer(2089858483,b0f066a214c2f5e87bad3c948f4d605d) (ScriptedImporter) -> (artifact id: 'e4af3f67c78055cdb7a163d766455c71') in 0.0070681 seconds
Number of updated asset objects reloaded before import = 0Number of asset objects unloaded after import = 1

========================================================================
Received Import Request.
  Time since last request: 0.347036 seconds.
  path: Assets/GamerExtremo/RIP/Electric Puzzles_1.5/res/Rt.xml
  artifactKey: Guid(3eb66c0d878fdcc40b21f07b05105112) Importer(2089858483,b0f066a214c2f5e87bad3c948f4d605d)
Start importing Assets/GamerExtremo/RIP/Electric Puzzles_1.5/res/Rt.xml using Guid(3eb66c0d878fdcc40b21f07b05105112) Importer(2089858483,b0f066a214c2f5e87bad3c948f4d605d) (ScriptedImporter) -> (artifact id: '599d36c16cab8b042e213e68494b5243') in 0.0228211 seconds
Number of updated asset objects reloaded before import = 0Number of asset objects unloaded after import = 1

========================================================================
Received Import Request.
  Time since last request: 0.000025 seconds.
  path: Assets/GamerExtremo/res/xN.xml
  artifactKey: Guid(a844b2ca0443e464594099d530062f4a) Importer(2089858483,b0f066a214c2f5e87bad3c948f4d605d)
Start importing Assets/GamerExtremo/res/xN.xml using Guid(a844b2ca0443e464594099d530062f4a) Importer(2089858483,b0f066a214c2f5e87bad3c948f4d605d) (ScriptedImporter) -> (artifact id: '51a1f0ce96c986904994ae9143a2525c') in 0.008617 seconds
Number of updated asset objects reloaded before import = 0Number of asset objects unloaded after import = 1

========================================================================
Received Import Request.
  Time since last request: 0.000023 seconds.
  path: Assets/GamerExtremo/RIP/Electric Puzzles_1.5/✅ New Folder/XML/cV.xml
  artifactKey: Guid(5e7dc17a7de6de043957309200fab552) Importer(2089858483,b0f066a214c2f5e87bad3c948f4d605d)
Start importing Assets/GamerExtremo/RIP/Electric Puzzles_1.5/✅ New Folder/XML/cV.xml using Guid(5e7dc17a7de6de043957309200fab552) Importer(2089858483,b0f066a214c2f5e87bad3c948f4d605d) (ScriptedImporter) -> (artifact id: '380ab29f689731ec0a2cd68529adf92e') in 0.0098662 seconds
Number of updated asset objects reloaded before import = 0Number of asset objects unloaded after import = 1

========================================================================
Received Import Request.
  Time since last request: 0.000139 seconds.
  path: Assets/GamerExtremo/RIP/Electric Puzzles_1.5/✅ New Folder/EYES/E/n-.png
  artifactKey: Guid(c645f6e5f01081645bfc9db519e2278a) Importer(2089858483,b0f066a214c2f5e87bad3c948f4d605d)
Start importing Assets/GamerExtremo/RIP/Electric Puzzles_1.5/✅ New Folder/EYES/E/n-.png using Guid(c645f6e5f01081645bfc9db519e2278a) Importer(2089858483,b0f066a214c2f5e87bad3c948f4d605d) (ScriptedImporter) -> (artifact id: '6f854dd374050e55fbee50e2a90c1837') in 0.0232131 seconds
Number of updated asset objects reloaded before import = 0Number of asset objects unloaded after import = 3

========================================================================
Received Import Request.
  Time since last request: 0.000025 seconds.
  path: Assets/GamerExtremo/RIP/Electric Puzzles_1.5/✅ New Folder/CIRCLE/CIRCLE ADS
  artifactKey: Guid(d8b25865142fe324085dbb5c080c5e46) Importer(2089858483,b0f066a214c2f5e87bad3c948f4d605d)
Start importing Assets/GamerExtremo/RIP/Electric Puzzles_1.5/✅ New Folder/CIRCLE/CIRCLE ADS using Guid(d8b25865142fe324085dbb5c080c5e46) Importer(2089858483,b0f066a214c2f5e87bad3c948f4d605d) (ScriptedImporter) -> (artifact id: 'e8ce9d260d6a7921fae35c11ad78362f') in 0.0060545 seconds
Number of updated asset objects reloaded before import = 0Number of asset objects unloaded after import = 1

========================================================================
Received Import Request.
  Time since last request: 0.000317 seconds.
  path: Assets/GamerExtremo/RIP/Electric Puzzles_1.5/✅ New Folder/CIRCLE/CIRCLE WHITE EMPTY/4k.png
  artifactKey: Guid(a9a08bdf3b64e2a42b470797f432b389) Importer(2089858483,b0f066a214c2f5e87bad3c948f4d605d)
Start importing Assets/GamerExtremo/RIP/Electric Puzzles_1.5/✅ New Folder/CIRCLE/CIRCLE WHITE EMPTY/4k.png using Guid(a9a08bdf3b64e2a42b470797f432b389) Importer(2089858483,b0f066a214c2f5e87bad3c948f4d605d) (ScriptedImporter) -> (artifact id: '19c112a4fb088c8fc46a665348155bf0') in 0.0187396 seconds
Number of updated asset objects reloaded before import = 0Number of asset objects unloaded after import = 3

========================================================================
Received Import Request.
  Time since last request: 0.000026 seconds.
  path: Assets/GamerExtremo/RIP/Electric Puzzles_1.5/✅ New Folder/XML/Qd.xml
  artifactKey: Guid(8777cda08d7e63a42b9813de67a5e63c) Importer(2089858483,b0f066a214c2f5e87bad3c948f4d605d)
Start importing Assets/GamerExtremo/RIP/Electric Puzzles_1.5/✅ New Folder/XML/Qd.xml using Guid(8777cda08d7e63a42b9813de67a5e63c) Importer(2089858483,b0f066a214c2f5e87bad3c948f4d605d) (ScriptedImporter) -> (artifact id: 'd9d10547ae855a3f3e20128a652e8609') in 0.0066933 seconds
Number of updated asset objects reloaded before import = 0Number of asset objects unloaded after import = 1

========================================================================
Received Import Request.
  Time since last request: 0.000161 seconds.
  path: Assets/GamerExtremo/Resources/Bat/bat_walk (3).png
  artifactKey: Guid(ae2deb2a5868ca3408a80d097011a232) Importer(2089858483,b0f066a214c2f5e87bad3c948f4d605d)
Start importing Assets/GamerExtremo/Resources/Bat/bat_walk (3).png using Guid(ae2deb2a5868ca3408a80d097011a232) Importer(2089858483,b0f066a214c2f5e87bad3c948f4d605d) (ScriptedImporter) -> (artifact id: '60b3ef65bc16a6b2e4a282ee6b826dcb') in 0.0213899 seconds
Number of updated asset objects reloaded before import = 0Number of asset objects unloaded after import = 3

========================================================================
Received Import Request.
  Time since last request: 0.000031 seconds.
  path: Assets/GamerExtremo/Resources/Player/jump_attack (3).png
  artifactKey: Guid(c0f4c4695c00ecc448a33cc80f727042) Importer(2089858483,b0f066a214c2f5e87bad3c948f4d605d)
Start importing Assets/GamerExtremo/Resources/Player/jump_attack (3).png using Guid(c0f4c4695c00ecc448a33cc80f727042) Importer(2089858483,b0f066a214c2f5e87bad3c948f4d605d) (ScriptedImporter) -> (artifact id: '6b179212deec76b55eaee46c362a28e8') in 0.0148776 seconds
Number of updated asset objects reloaded before import = 0Number of asset objects unloaded after import = 3

========================================================================
Received Import Request.
  Time since last request: 0.000025 seconds.
  path: Assets/GamerExtremo/RIP/Electric Puzzles_1.5/res/kS.png
  artifactKey: Guid(b33e08c4b096407499bbf02c38804ec3) Importer(2089858483,b0f066a214c2f5e87bad3c948f4d605d)
Start importing Assets/GamerExtremo/RIP/Electric Puzzles_1.5/res/kS.png using Guid(b33e08c4b096407499bbf02c38804ec3) Importer(2089858483,b0f066a214c2f5e87bad3c948f4d605d) (ScriptedImporter) -> (artifact id: '7c530f3e529628741b1813d155334eaf') in 0.0255652 seconds
Number of updated asset objects reloaded before import = 0Number of asset objects unloaded after import = 3

========================================================================
Received Import Request.
  Time since last request: 0.000343 seconds.
  path: Assets/GamerExtremo/RIP/Electric Puzzles_1.5/✅ New Folder/SETA DOWN/gZ.9.png
  artifactKey: Guid(5ff66978403c25f4bb7d946e68d627f0) Importer(2089858483,b0f066a214c2f5e87bad3c948f4d605d)
Start importing Assets/GamerExtremo/RIP/Electric Puzzles_1.5/✅ New Folder/SETA DOWN/gZ.9.png using Guid(5ff66978403c25f4bb7d946e68d627f0) Importer(2089858483,b0f066a214c2f5e87bad3c948f4d605d) (ScriptedImporter) -> (artifact id: '5531e44b2dad49f76e7c9c30ac62e7dd') in 0.0211209 seconds
Number of updated asset objects reloaded before import = 0Number of asset objects unloaded after import = 3

========================================================================
Received Import Request.
  Time since last request: 0.000019 seconds.
  path: Assets/GamerExtremo/RIP/Electric Puzzles_1.5/✅ New Folder/PAUSE/L0.png
  artifactKey: Guid(018f2466f8c195447a125fef73ef836a) Importer(2089858483,b0f066a214c2f5e87bad3c948f4d605d)
Start importing Assets/GamerExtremo/RIP/Electric Puzzles_1.5/✅ New Folder/PAUSE/L0.png using Guid(018f2466f8c195447a125fef73ef836a) Importer(2089858483,b0f066a214c2f5e87bad3c948f4d605d) (ScriptedImporter) -> (artifact id: '5d98fcb3615e1b41a6b337d519bae8e7') in 0.0186814 seconds
Number of updated asset objects reloaded before import = 0Number of asset objects unloaded after import = 3

========================================================================
Received Import Request.
  Time since last request: 0.000021 seconds.
  path: Assets/GamerExtremo/RIP/Electric Puzzles_1.5/res/rx.xml
  artifactKey: Guid(063fe787389104a4e8a816085aaf2c21) Importer(2089858483,b0f066a214c2f5e87bad3c948f4d605d)
Start importing Assets/GamerExtremo/RIP/Electric Puzzles_1.5/res/rx.xml using Guid(063fe787389104a4e8a816085aaf2c21) Importer(2089858483,b0f066a214c2f5e87bad3c948f4d605d) (ScriptedImporter) -> (artifact id: '443b2740a8eeaf0b0186dd1443a8259f') in 0.0071946 seconds
Number of updated asset objects reloaded before import = 0Number of asset objects unloaded after import = 1

========================================================================
Received Import Request.
  Time since last request: 0.000126 seconds.
  path: Assets/GamerExtremo/RIP/Electric Puzzles_1.5/res/_q.png
  artifactKey: Guid(a8931e6e60a3bdc4a9f75f30185106d7) Importer(2089858483,b0f066a214c2f5e87bad3c948f4d605d)
Start importing Assets/GamerExtremo/RIP/Electric Puzzles_1.5/res/_q.png using Guid(a8931e6e60a3bdc4a9f75f30185106d7) Importer(2089858483,b0f066a214c2f5e87bad3c948f4d605d) (ScriptedImporter) -> (artifact id: 'da5c7d43ed0c45eef47c3fb6b0ca07cb') in 0.0156245 seconds
Number of updated asset objects reloaded before import = 0Number of asset objects unloaded after import = 3

========================================================================
Received Import Request.
  Time since last request: 0.000023 seconds.
  path: Assets/GamerExtremo/RIP/Electric Puzzles_1.5/✅ New Folder/SETA PONTO/q_.png
  artifactKey: Guid(c5feea62dec6a3141babdff2838197da) Importer(2089858483,b0f066a214c2f5e87bad3c948f4d605d)
Start importing Assets/GamerExtremo/RIP/Electric Puzzles_1.5/✅ New Folder/SETA PONTO/q_.png using Guid(c5feea62dec6a3141babdff2838197da) Importer(2089858483,b0f066a214c2f5e87bad3c948f4d605d) (ScriptedImporter) -> (artifact id: 'cb1a4842c5c78185ec8b12f286196297') in 0.0159314 seconds
Number of updated asset objects reloaded before import = 0Number of asset objects unloaded after import = 3

========================================================================
Received Import Request.
  Time since last request: 0.000021 seconds.
  path: Assets/GamerExtremo/RIP/Electric Puzzles_1.5/res/c8.png
  artifactKey: Guid(8f200df9ed3cd81409204d6a2eed4c12) Importer(2089858483,b0f066a214c2f5e87bad3c948f4d605d)
Start importing Assets/GamerExtremo/RIP/Electric Puzzles_1.5/res/c8.png using Guid(8f200df9ed3cd81409204d6a2eed4c12) Importer(2089858483,b0f066a214c2f5e87bad3c948f4d605d) (ScriptedImporter) -> (artifact id: '14cb852483f7fa94d8f612d82d73bb98') in 0.0155714 seconds
Number of updated asset objects reloaded before import = 0Number of asset objects unloaded after import = 3

========================================================================
Received Import Request.
  Time since last request: 0.000026 seconds.
  path: Assets/GamerExtremo/res/gZ.9.png
  artifactKey: Guid(5d61dc823e560954b867438a5911329a) Importer(2089858483,b0f066a214c2f5e87bad3c948f4d605d)
Start importing Assets/GamerExtremo/res/gZ.9.png using Guid(5d61dc823e560954b867438a5911329a) Importer(2089858483,b0f066a214c2f5e87bad3c948f4d605d) (ScriptedImporter) -> (artifact id: 'f1173509089632903696478c1c959a8d') in 0.0158946 seconds
Number of updated asset objects reloaded before import = 0Number of asset objects unloaded after import = 3

========================================================================
Received Import Request.
  Time since last request: 0.000022 seconds.
  path: Assets/GamerExtremo/res/Hd.xml
  artifactKey: Guid(4029e9f516ad1a74caa9472c433724ee) Importer(2089858483,b0f066a214c2f5e87bad3c948f4d605d)
Start importing Assets/GamerExtremo/res/Hd.xml using Guid(4029e9f516ad1a74caa9472c433724ee) Importer(2089858483,b0f066a214c2f5e87bad3c948f4d605d) (ScriptedImporter) -> (artifact id: 'c30a203be3f2d7f1091b21c627d73032') in 0.0060651 seconds
Number of updated asset objects reloaded before import = 0Number of asset objects unloaded after import = 1

========================================================================
Received Import Request.
  Time since last request: 0.000090 seconds.
  path: Assets/GamerExtremo/res/v0.png
  artifactKey: Guid(8b3b64470ea3fbe4381c591fc8ae23c7) Importer(2089858483,b0f066a214c2f5e87bad3c948f4d605d)
Start importing Assets/GamerExtremo/res/v0.png using Guid(8b3b64470ea3fbe4381c591fc8ae23c7) Importer(2089858483,b0f066a214c2f5e87bad3c948f4d605d) (ScriptedImporter) -> (artifact id: '074d9b8d8cb2c1d66d78c58a1e4afa09') in 0.0159508 seconds
Number of updated asset objects reloaded before import = 0Number of asset objects unloaded after import = 3

========================================================================
Received Import Request.
  Time since last request: 0.000023 seconds.
  path: Assets/GamerExtremo/Pictures/battery.png
  artifactKey: Guid(f512e32122798674ca64b497fb6b4935) Importer(2089858483,b0f066a214c2f5e87bad3c948f4d605d)
Start importing Assets/GamerExtremo/Pictures/battery.png using Guid(f512e32122798674ca64b497fb6b4935) Importer(2089858483,b0f066a214c2f5e87bad3c948f4d605d) (ScriptedImporter) -> (artifact id: 'e837feb4732d610477357d5e4e05d3d2') in 0.0156089 seconds
Number of updated asset objects reloaded before import = 0Number of asset objects unloaded after import = 3

========================================================================
Received Import Request.
  Time since last request: 0.000023 seconds.
  path: Assets/GamerExtremo/res/GK.xml
  artifactKey: Guid(104318b503a650e47821abf9122d6c1f) Importer(2089858483,b0f066a214c2f5e87bad3c948f4d605d)
Start importing Assets/GamerExtremo/res/GK.xml using Guid(104318b503a650e47821abf9122d6c1f) Importer(2089858483,b0f066a214c2f5e87bad3c948f4d605d) (ScriptedImporter) -> (artifact id: '33170f7e6175558a618d5343681a658a') in 0.0063817 seconds
Number of updated asset objects reloaded before import = 0Number of asset objects unloaded after import = 1

========================================================================
Received Import Request.
  Time since last request: 0.000089 seconds.
  path: Assets/GamerExtremo/res/bI.png
  artifactKey: Guid(b188974c8fe90984285c36d56ba15a47) Importer(2089858483,b0f066a214c2f5e87bad3c948f4d605d)
Start importing Assets/GamerExtremo/res/bI.png using Guid(b188974c8fe90984285c36d56ba15a47) Importer(2089858483,b0f066a214c2f5e87bad3c948f4d605d) (ScriptedImporter) -> (artifact id: '8e46df43003bb2125be721ef046f4acf') in 0.0153884 seconds
Number of updated asset objects reloaded before import = 0Number of asset objects unloaded after import = 3

========================================================================
Received Import Request.
  Time since last request: 0.000022 seconds.
  path: Assets/GamerExtremo/RIP/Electric Puzzles_1.5/res/Li.9.png
  artifactKey: Guid(b5f5101d0c733fe45b009d056820ad8d) Importer(2089858483,b0f066a214c2f5e87bad3c948f4d605d)
Start importing Assets/GamerExtremo/RIP/Electric Puzzles_1.5/res/Li.9.png using Guid(b5f5101d0c733fe45b009d056820ad8d) Importer(2089858483,b0f066a214c2f5e87bad3c948f4d605d) (ScriptedImporter) -> (artifact id: '6f070a92e16dc43f8d01ddad8a0fb7c0') in 0.0157287 seconds
Number of updated asset objects reloaded before import = 0Number of asset objects unloaded after import = 3

========================================================================
Received Import Request.
  Time since last request: 0.000022 seconds.
  path: Assets/GamerExtremo/res/Lf.xml
  artifactKey: Guid(d227759a50ea36748a87df4d4807d6c3) Importer(2089858483,b0f066a214c2f5e87bad3c948f4d605d)
Start importing Assets/GamerExtremo/res/Lf.xml using Guid(d227759a50ea36748a87df4d4807d6c3) Importer(2089858483,b0f066a214c2f5e87bad3c948f4d605d) (ScriptedImporter) -> (artifact id: '9f44dfa478916bc8de69bd935aaaa3e8') in 0.0060044 seconds
Number of updated asset objects reloaded before import = 0Number of asset objects unloaded after import = 1

========================================================================
Received Import Request.
  Time since last request: 0.000069 seconds.
  path: Assets/GamerExtremo/res/711.png
  artifactKey: Guid(d9c02e38b149dfb4f98ee2be14c4c929) Importer(2089858483,b0f066a214c2f5e87bad3c948f4d605d)
Start importing Assets/GamerExtremo/res/711.png using Guid(d9c02e38b149dfb4f98ee2be14c4c929) Importer(2089858483,b0f066a214c2f5e87bad3c948f4d605d) (ScriptedImporter) -> (artifact id: 'fa5078393a731d248fc100fd0190aaf7') in 0.016671 seconds
Number of updated asset objects reloaded before import = 0Number of asset objects unloaded after import = 3

========================================================================
Received Import Request.
  Time since last request: 0.000021 seconds.
  path: Assets/GamerExtremo/RIP/Electric Puzzles_1.5/✅ New Folder/XML/Xx.xml
  artifactKey: Guid(164a7d1b016ff324fb136d9df74aeca4) Importer(2089858483,b0f066a214c2f5e87bad3c948f4d605d)
Start importing Assets/GamerExtremo/RIP/Electric Puzzles_1.5/✅ New Folder/XML/Xx.xml using Guid(164a7d1b016ff324fb136d9df74aeca4) Importer(2089858483,b0f066a214c2f5e87bad3c948f4d605d) (ScriptedImporter) -> (artifact id: '5be85a7c5a44d8cbd7dda5f151b3bb3f') in 0.0062727 seconds
Number of updated asset objects reloaded before import = 0Number of asset objects unloaded after import = 1

========================================================================
Received Import Request.
  Time since last request: 0.000049 seconds.
  path: Assets/GamerExtremo/res/Rt.png
  artifactKey: Guid(c2766a369c4cfb34bad6e1eb904fd460) Importer(2089858483,b0f066a214c2f5e87bad3c948f4d605d)
Start importing Assets/GamerExtremo/res/Rt.png using Guid(c2766a369c4cfb34bad6e1eb904fd460) Importer(2089858483,b0f066a214c2f5e87bad3c948f4d605d) (ScriptedImporter) -> (artifact id: 'b6e854b0604fcac5c61820aa88158795') in 0.0145879 seconds
Number of updated asset objects reloaded before import = 0Number of asset objects unloaded after import = 3

========================================================================
Received Import Request.
  Time since last request: 0.000023 seconds.
  path: Assets/GamerExtremo/RIP/Electric Puzzles_1.5/✅ New Folder/XML/t8.xml
  artifactKey: Guid(fea01c610f3bb5a488f0a21bac15c82e) Importer(2089858483,b0f066a214c2f5e87bad3c948f4d605d)
Start importing Assets/GamerExtremo/RIP/Electric Puzzles_1.5/✅ New Folder/XML/t8.xml using Guid(fea01c610f3bb5a488f0a21bac15c82e) Importer(2089858483,b0f066a214c2f5e87bad3c948f4d605d) (ScriptedImporter) -> (artifact id: 'ec461cb745a1d8fba71e50d7106d6b9a') in 0.0065128 seconds
Number of updated asset objects reloaded before import = 0Number of asset objects unloaded after import = 1

========================================================================
Received Import Request.
  Time since last request: 0.000104 seconds.
  path: Assets/GamerExtremo/res/IF.png
  artifactKey: Guid(4d4327a5ac118164d96ef629c753f559) Importer(2089858483,b0f066a214c2f5e87bad3c948f4d605d)
Start importing Assets/GamerExtremo/res/IF.png using Guid(4d4327a5ac118164d96ef629c753f559) Importer(2089858483,b0f066a214c2f5e87bad3c948f4d605d) (ScriptedImporter) -> (artifact id: '4da63370c2976153632c5116db551451') in 0.0141904 seconds
Number of updated asset objects reloaded before import = 0Number of asset objects unloaded after import = 3

========================================================================
Received Import Request.
  Time since last request: 0.000024 seconds.
  path: Assets/GamerExtremo/Resources/Background/background.png
  artifactKey: Guid(0f8cb5c4a8d44c148961341ebc8aa6cb) Importer(2089858483,b0f066a214c2f5e87bad3c948f4d605d)
Start importing Assets/GamerExtremo/Resources/Background/background.png using Guid(0f8cb5c4a8d44c148961341ebc8aa6cb) Importer(2089858483,b0f066a214c2f5e87bad3c948f4d605d) (ScriptedImporter) -> (artifact id: '5dd09be0abc5ca1846c1af3425495342') in 0.0269358 seconds
Number of updated asset objects reloaded before import = 0Number of asset objects unloaded after import = 3

========================================================================
Received Import Request.
  Time since last request: 0.000024 seconds.
  path: Assets/GamerExtremo/RIP/Electric Puzzles_1.5/res/color/abc_background_cache_hint_selector_material_dark.xml
  artifactKey: Guid(f8a1bda6c9cd4cf41a74711e7008d761) Importer(2089858483,b0f066a214c2f5e87bad3c948f4d605d)
Start importing Assets/GamerExtremo/RIP/Electric Puzzles_1.5/res/color/abc_background_cache_hint_selector_material_dark.xml using Guid(f8a1bda6c9cd4cf41a74711e7008d761) Importer(2089858483,b0f066a214c2f5e87bad3c948f4d605d) (ScriptedImporter) -> (artifact id: '68f5595ea7b129cdabdc03e1f1dbe9d6') in 0.0067853 seconds
Number of updated asset objects reloaded before import = 0Number of asset objects unloaded after import = 1

========================================================================
Received Import Request.
  Time since last request: 0.000118 seconds.
  path: Assets/GamerExtremo/RIP/Electric Puzzles_1.5/res/cm.xml
  artifactKey: Guid(58fcdb96be0546c45846909cd85e0717) Importer(2089858483,b0f066a214c2f5e87bad3c948f4d605d)
Start importing Assets/GamerExtremo/RIP/Electric Puzzles_1.5/res/cm.xml using Guid(58fcdb96be0546c45846909cd85e0717) Importer(2089858483,b0f066a214c2f5e87bad3c948f4d605d) (ScriptedImporter) -> (artifact id: '7ce1c7b4ca129c394c8cfe47fa6abc55') in 0.0073541 seconds
Number of updated asset objects reloaded before import = 0Number of asset objects unloaded after import = 1

========================================================================
Received Import Request.
  Time since last request: 0.000105 seconds.
  path: Assets/GamerExtremo/RIP/Electric Puzzles_1.5/✅ New Folder/CIRCLE/CIRCLE RED +PLUSS CENTER/L_.png
  artifactKey: Guid(61f22f76eaed63347936ccc0b77735f9) Importer(2089858483,b0f066a214c2f5e87bad3c948f4d605d)
Start importing Assets/GamerExtremo/RIP/Electric Puzzles_1.5/✅ New Folder/CIRCLE/CIRCLE RED +PLUSS CENTER/L_.png using Guid(61f22f76eaed63347936ccc0b77735f9) Importer(2089858483,b0f066a214c2f5e87bad3c948f4d605d) (ScriptedImporter) -> (artifact id: 'a3d668ffca372374ffbb714050431c9f') in 0.0160747 seconds
Number of updated asset objects reloaded before import = 0Number of asset objects unloaded after import = 3

========================================================================
Received Import Request.
  Time since last request: 0.000023 seconds.
  path: Assets/GamerExtremo/RIP/Electric Puzzles_1.5/res/D3.png
  artifactKey: Guid(d6a098941395e6e4ea243bc0736261da) Importer(2089858483,b0f066a214c2f5e87bad3c948f4d605d)
Start importing Assets/GamerExtremo/RIP/Electric Puzzles_1.5/res/D3.png using Guid(d6a098941395e6e4ea243bc0736261da) Importer(2089858483,b0f066a214c2f5e87bad3c948f4d605d) (ScriptedImporter) -> (artifact id: '547f0dab740161990e5901f3a85eefa6') in 0.0191346 seconds
Number of updated asset objects reloaded before import = 0Number of asset objects unloaded after import = 3

========================================================================
Received Import Request.
  Time since last request: 0.000023 seconds.
  path: Assets/GamerExtremo/RIP/Electric Puzzles_1.5/✅ New Folder/XML/GK.xml
  artifactKey: Guid(43432ec970e3335409a1afca1bdea86f) Importer(2089858483,b0f066a214c2f5e87bad3c948f4d605d)
Start importing Assets/GamerExtremo/RIP/Electric Puzzles_1.5/✅ New Folder/XML/GK.xml using Guid(43432ec970e3335409a1afca1bdea86f) Importer(2089858483,b0f066a214c2f5e87bad3c948f4d605d) (ScriptedImporter) -> (artifact id: 'a6defc78a816ab7955812f7235b24f38') in 0.0060406 seconds
Number of updated asset objects reloaded before import = 0Number of asset objects unloaded after import = 1

========================================================================
Received Import Request.
  Time since last request: 0.000124 seconds.
  path: Assets/GamerExtremo/RIP/Electric Puzzles_1.5/res/f7.png
  artifactKey: Guid(c22e7d5d83540234bb060e487862d0aa) Importer(2089858483,b0f066a214c2f5e87bad3c948f4d605d)
Start importing Assets/GamerExtremo/RIP/Electric Puzzles_1.5/res/f7.png using Guid(c22e7d5d83540234bb060e487862d0aa) Importer(2089858483,b0f066a214c2f5e87bad3c948f4d605d) (ScriptedImporter) -> (artifact id: '142ab5c106ec6d40d448e550f2627133') in 0.0140207 seconds
Number of updated asset objects reloaded before import = 0Number of asset objects unloaded after import = 3

========================================================================
Received Import Request.
  Time since last request: 0.000023 seconds.
  path: Assets/GamerExtremo/RIP/Electric Puzzles_1.5/res/AW.png
  artifactKey: Guid(d21377c08c225e44d85d277fb201a2bf) Importer(2089858483,b0f066a214c2f5e87bad3c948f4d605d)
Start importing Assets/GamerExtremo/RIP/Electric Puzzles_1.5/res/AW.png using Guid(d21377c08c225e44d85d277fb201a2bf) Importer(2089858483,b0f066a214c2f5e87bad3c948f4d605d) (ScriptedImporter) -> (artifact id: '41514cf5fa89e308185ad4a6e0e2b782') in 0.0163391 seconds
Number of updated asset objects reloaded before import = 0Number of asset objects unloaded after import = 3

========================================================================
Received Import Request.
  Time since last request: 0.000022 seconds.
  path: Assets/GamerExtremo/res/9a.png
  artifactKey: Guid(06c452e4f59d53c45bd4ca953679e136) Importer(2089858483,b0f066a214c2f5e87bad3c948f4d605d)
Start importing Assets/GamerExtremo/res/9a.png using Guid(06c452e4f59d53c45bd4ca953679e136) Importer(2089858483,b0f066a214c2f5e87bad3c948f4d605d) (ScriptedImporter) -> (artifact id: '23879032ed2f4ece5ed785b4fdeca983') in 0.0147201 seconds
Number of updated asset objects reloaded before import = 0Number of asset objects unloaded after import = 3

========================================================================
Received Import Request.
  Time since last request: 0.000029 seconds.
  path: Assets/GamerExtremo/res/Yt.9.png
  artifactKey: Guid(cf4fda44b77c62344b2e98c9d4bb8333) Importer(2089858483,b0f066a214c2f5e87bad3c948f4d605d)
Start importing Assets/GamerExtremo/res/Yt.9.png using Guid(cf4fda44b77c62344b2e98c9d4bb8333) Importer(2089858483,b0f066a214c2f5e87bad3c948f4d605d) (ScriptedImporter) -> (artifact id: '59e50959bc792519c9111b0311645981') in 0.0167047 seconds
Number of updated asset objects reloaded before import = 0Number of asset objects unloaded after import = 3

========================================================================
Received Import Request.
  Time since last request: 0.000035 seconds.
  path: Assets/GamerExtremo/RIP/Electric Puzzles_1.5/res/wL.9.png
  artifactKey: Guid(a9533e52f80cb3240993a78e174eeedb) Importer(2089858483,b0f066a214c2f5e87bad3c948f4d605d)
Start importing Assets/GamerExtremo/RIP/Electric Puzzles_1.5/res/wL.9.png using Guid(a9533e52f80cb3240993a78e174eeedb) Importer(2089858483,b0f066a214c2f5e87bad3c948f4d605d) (ScriptedImporter) -> (artifact id: '488dd4214554e5ea803128e06a977500') in 0.0144403 seconds
Number of updated asset objects reloaded before import = 0Number of asset objects unloaded after import = 3

========================================================================
Received Import Request.
  Time since last request: 0.000021 seconds.
  path: Assets/GamerExtremo/res/color/abc_tint_seek_thumb.xml
  artifactKey: Guid(7024219b28476ad468357322841aaec8) Importer(2089858483,b0f066a214c2f5e87bad3c948f4d605d)
Start importing Assets/GamerExtremo/res/color/abc_tint_seek_thumb.xml using Guid(7024219b28476ad468357322841aaec8) Importer(2089858483,b0f066a214c2f5e87bad3c948f4d605d) (ScriptedImporter) -> (artifact id: '38ce1eb2c39f2798d328935a1163ee19') in 0.0077103 seconds
Number of updated asset objects reloaded before import = 0Number of asset objects unloaded after import = 1

========================================================================
Received Import Request.
  Time since last request: 0.000169 seconds.
  path: Assets/GamerExtremo/RIP/Electric Puzzles_1.5/res/bb.xml
  artifactKey: Guid(1445e67c0bbb63a4db9503d30644d173) Importer(2089858483,b0f066a214c2f5e87bad3c948f4d605d)
Start importing Assets/GamerExtremo/RIP/Electric Puzzles_1.5/res/bb.xml using Guid(1445e67c0bbb63a4db9503d30644d173) Importer(2089858483,b0f066a214c2f5e87bad3c948f4d605d) (ScriptedImporter) -> (artifact id: 'c2dbdab90a612e471cd625c7fb022da4') in 0.0055523 seconds
Number of updated asset objects reloaded before import = 0Number of asset objects unloaded after import = 1

========================================================================
Received Import Request.
  Time since last request: 0.000111 seconds.
  path: Assets/GamerExtremo/res/Sc.xml
  artifactKey: Guid(5fac067ae50ef984590fc7f294461639) Importer(2089858483,b0f066a214c2f5e87bad3c948f4d605d)
Start importing Assets/GamerExtremo/res/Sc.xml using Guid(5fac067ae50ef984590fc7f294461639) Importer(2089858483,b0f066a214c2f5e87bad3c948f4d605d) (ScriptedImporter) -> (artifact id: '774d8b732cfc87f3fa5d173808f60da4') in 0.0071243 seconds
Number of updated asset objects reloaded before import = 0Number of asset objects unloaded after import = 1

========================================================================
Received Import Request.
  Time since last request: 0.000060 seconds.
  path: Assets/GamerExtremo/res/1i.png
  artifactKey: Guid(1a47dbdaad6920345b2bb970aedb20ea) Importer(2089858483,b0f066a214c2f5e87bad3c948f4d605d)
Start importing Assets/GamerExtremo/res/1i.png using Guid(1a47dbdaad6920345b2bb970aedb20ea) Importer(2089858483,b0f066a214c2f5e87bad3c948f4d605d) (ScriptedImporter) -> (artifact id: 'e4d3b6100a0f87a727f1702476cda6ad') in 0.0140425 seconds
Number of updated asset objects reloaded before import = 0Number of asset objects unloaded after import = 3

========================================================================
Received Import Request.
  Time since last request: 0.000024 seconds.
  path: Assets/GamerExtremo/res/color/common_google_signin_btn_text_light.xml
  artifactKey: Guid(eb4cfd6078b9e1c4b80a527bbfb81555) Importer(2089858483,b0f066a214c2f5e87bad3c948f4d605d)
Start importing Assets/GamerExtremo/res/color/common_google_signin_btn_text_light.xml using Guid(eb4cfd6078b9e1c4b80a527bbfb81555) Importer(2089858483,b0f066a214c2f5e87bad3c948f4d605d) (ScriptedImporter) -> (artifact id: '24b4776a66fa3f42e3e102577538a816') in 0.006334 seconds
Number of updated asset objects reloaded before import = 0Number of asset objects unloaded after import = 1

========================================================================
Received Import Request.
  Time since last request: 0.000062 seconds.
  path: Assets/GamerExtremo/RIP/Electric Puzzles_1.5/res/o9.9.png
  artifactKey: Guid(2a9c77387f91e7c4995be53a205ae22e) Importer(2089858483,b0f066a214c2f5e87bad3c948f4d605d)
Start importing Assets/GamerExtremo/RIP/Electric Puzzles_1.5/res/o9.9.png using Guid(2a9c77387f91e7c4995be53a205ae22e) Importer(2089858483,b0f066a214c2f5e87bad3c948f4d605d) (ScriptedImporter) -> (artifact id: '5f3abc54bafbe41ddcb548de084f79f2') in 0.0140716 seconds
Number of updated asset objects reloaded before import = 0Number of asset objects unloaded after import = 3

========================================================================
Received Import Request.
  Time since last request: 0.000022 seconds.
  path: Assets/GamerExtremo/RIP/Electric Puzzles_1.5/FIOS/black/Pasta/EA.9.png
  artifactKey: Guid(65c7846fc51420941973de2c06fa7ed3) Importer(2089858483,b0f066a214c2f5e87bad3c948f4d605d)
Start importing Assets/GamerExtremo/RIP/Electric Puzzles_1.5/FIOS/black/Pasta/EA.9.png using Guid(65c7846fc51420941973de2c06fa7ed3) Importer(2089858483,b0f066a214c2f5e87bad3c948f4d605d) (ScriptedImporter) -> (artifact id: '86bf84d2f78a3a8fdd129103283d916f') in 0.0148343 seconds
Number of updated asset objects reloaded before import = 0Number of asset objects unloaded after import = 3

========================================================================
Received Import Request.
  Time since last request: 0.000025 seconds.
  path: Assets/GamerExtremo/RIP/Electric Puzzles_1.5/✅ New Folder/HOME/GM.png
  artifactKey: Guid(e59903c372fd8b2408bb4e395cbe51a5) Importer(2089858483,b0f066a214c2f5e87bad3c948f4d605d)
Start importing Assets/GamerExtremo/RIP/Electric Puzzles_1.5/✅ New Folder/HOME/GM.png using Guid(e59903c372fd8b2408bb4e395cbe51a5) Importer(2089858483,b0f066a214c2f5e87bad3c948f4d605d) (ScriptedImporter) -> (artifact id: '0e35f83e7d86aff90212dc22a75a7bac') in 0.0184019 seconds
Number of updated asset objects reloaded before import = 0Number of asset objects unloaded after import = 3

========================================================================
Received Import Request.
  Time since last request: 0.000021 seconds.
  path: Assets/GamerExtremo/Pictures/wire_100 1.png
  artifactKey: Guid(a0ee3c1ca760d20498623a3c656d1132) Importer(2089858483,b0f066a214c2f5e87bad3c948f4d605d)
Start importing Assets/GamerExtremo/Pictures/wire_100 1.png using Guid(a0ee3c1ca760d20498623a3c656d1132) Importer(2089858483,b0f066a214c2f5e87bad3c948f4d605d) (ScriptedImporter) -> (artifact id: '2910e097258f4fc58ca68044faea50a3') in 0.0164709 seconds
Number of updated asset objects reloaded before import = 0Number of asset objects unloaded after import = 3

========================================================================
Received Import Request.
  Time since last request: 0.000022 seconds.
  path: Assets/GamerExtremo/Resources/Enemy2/skeleton_2_dead (1).png
  artifactKey: Guid(61a708ec71edad348a8d864ad16b26be) Importer(2089858483,b0f066a214c2f5e87bad3c948f4d605d)
Start importing Assets/GamerExtremo/Resources/Enemy2/skeleton_2_dead (1).png using Guid(61a708ec71edad348a8d864ad16b26be) Importer(2089858483,b0f066a214c2f5e87bad3c948f4d605d) (ScriptedImporter) -> (artifact id: '4887017a53e15937af0603362347ac99') in 0.0160312 seconds
Number of updated asset objects reloaded before import = 0Number of asset objects unloaded after import = 3

========================================================================
Received Import Request.
  Time since last request: 0.000023 seconds.
  path: Assets/GamerExtremo/res/iW.png
  artifactKey: Guid(774373aed77d50444af4083930eab498) Importer(2089858483,b0f066a214c2f5e87bad3c948f4d605d)
Start importing Assets/GamerExtremo/res/iW.png using Guid(774373aed77d50444af4083930eab498) Importer(2089858483,b0f066a214c2f5e87bad3c948f4d605d) (ScriptedImporter) -> (artifact id: '249fdcfd1a68e7216f8425e67b7abf5d') in 0.0171176 seconds
Number of updated asset objects reloaded before import = 0Number of asset objects unloaded after import = 3

========================================================================
Received Import Request.
  Time since last request: 0.000023 seconds.
  path: Assets/GamerExtremo/res/o_.png
  artifactKey: Guid(f608b9adc4eb0b648bf42e7d9f5a8161) Importer(2089858483,b0f066a214c2f5e87bad3c948f4d605d)
Start importing Assets/GamerExtremo/res/o_.png using Guid(f608b9adc4eb0b648bf42e7d9f5a8161) Importer(2089858483,b0f066a214c2f5e87bad3c948f4d605d) (ScriptedImporter) -> (artifact id: '20aef185173d6234c286968fa34beb57') in 0.0173897 seconds
Number of updated asset objects reloaded before import = 0Number of asset objects unloaded after import = 3

========================================================================
Received Import Request.
  Time since last request: 0.000029 seconds.
  path: Assets/GamerExtremo/res/W5.png
  artifactKey: Guid(98e9978a08ff5bc4d96a888e45ed60d8) Importer(2089858483,b0f066a214c2f5e87bad3c948f4d605d)
Start importing Assets/GamerExtremo/res/W5.png using Guid(98e9978a08ff5bc4d96a888e45ed60d8) Importer(2089858483,b0f066a214c2f5e87bad3c948f4d605d) (ScriptedImporter) -> (artifact id: 'd7c3df6d9d3097e94cd8b88f481915b4') in 0.0159977 seconds
Number of updated asset objects reloaded before import = 0Number of asset objects unloaded after import = 3

========================================================================
Received Import Request.
  Time since last request: 0.000031 seconds.
  path: Assets/GamerExtremo/res/hg.png
  artifactKey: Guid(d0cf2ae4220fb04449ca663dc98aa941) Importer(2089858483,b0f066a214c2f5e87bad3c948f4d605d)
Start importing Assets/GamerExtremo/res/hg.png using Guid(d0cf2ae4220fb04449ca663dc98aa941) Importer(2089858483,b0f066a214c2f5e87bad3c948f4d605d) (ScriptedImporter) -> (artifact id: '27a565530cbfeb12639042be7eacb784') in 0.0166774 seconds
Number of updated asset objects reloaded before import = 0Number of asset objects unloaded after import = 3

========================================================================
Received Import Request.
  Time since last request: 0.000057 seconds.
  path: Assets/GamerExtremo/res/84.png
  artifactKey: Guid(c1f8b9a84fb3f4c4dad8e6369e001379) Importer(2089858483,b0f066a214c2f5e87bad3c948f4d605d)
Start importing Assets/GamerExtremo/res/84.png using Guid(c1f8b9a84fb3f4c4dad8e6369e001379) Importer(2089858483,b0f066a214c2f5e87bad3c948f4d605d) (ScriptedImporter) -> (artifact id: '238fcfa4fc3215cf0ae1a08fe3b61e2e') in 0.0185223 seconds
Number of updated asset objects reloaded before import = 0Number of asset objects unloaded after import = 3

========================================================================
Received Import Request.
  Time since last request: 0.000025 seconds.
  path: Assets/GamerExtremo/res/AP.png
  artifactKey: Guid(9464cef7ee9188e4985801509fbcad68) Importer(2089858483,b0f066a214c2f5e87bad3c948f4d605d)
Start importing Assets/GamerExtremo/res/AP.png using Guid(9464cef7ee9188e4985801509fbcad68) Importer(2089858483,b0f066a214c2f5e87bad3c948f4d605d) (ScriptedImporter) -> (artifact id: '7232ea9a8f66072bff656da2609eebe4') in 0.0142142 seconds
Number of updated asset objects reloaded before import = 0Number of asset objects unloaded after import = 3

========================================================================
Received Import Request.
  Time since last request: 0.000023 seconds.
  path: Assets/GamerExtremo/RIP/Electric Puzzles_1.5/res/6U1.png
  artifactKey: Guid(82f7be001186fc6428a5793d2f08ce55) Importer(2089858483,b0f066a214c2f5e87bad3c948f4d605d)
Start importing Assets/GamerExtremo/RIP/Electric Puzzles_1.5/res/6U1.png using Guid(82f7be001186fc6428a5793d2f08ce55) Importer(2089858483,b0f066a214c2f5e87bad3c948f4d605d) (ScriptedImporter) -> (artifact id: 'ad35cd5626db4fb95a82cb9f1db3125a') in 0.0153141 seconds
Number of updated asset objects reloaded before import = 0Number of asset objects unloaded after import = 3

========================================================================
Received Import Request.
  Time since last request: 0.000022 seconds.
  path: Assets/GamerExtremo/res/L_.xml
  artifactKey: Guid(8ef9296eb9066fa4997c93b2c4a700a7) Importer(2089858483,b0f066a214c2f5e87bad3c948f4d605d)
Start importing Assets/GamerExtremo/res/L_.xml using Guid(8ef9296eb9066fa4997c93b2c4a700a7) Importer(2089858483,b0f066a214c2f5e87bad3c948f4d605d) (ScriptedImporter) -> (artifact id: '3b5047bab3e82bc40c00840b052e1b59') in 0.0062569 seconds
Number of updated asset objects reloaded before import = 0Number of asset objects unloaded after import = 1

========================================================================
Received Import Request.
  Time since last request: 0.000067 seconds.
  path: Assets/GamerExtremo/RIP/Electric Puzzles_1.5/✅ New Folder/CIRCLE/CIRCLE G/Hued
  artifactKey: Guid(665f7788303c65b4fbe019a49d515c5d) Importer(2089858483,b0f066a214c2f5e87bad3c948f4d605d)
Start importing Assets/GamerExtremo/RIP/Electric Puzzles_1.5/✅ New Folder/CIRCLE/CIRCLE G/Hued using Guid(665f7788303c65b4fbe019a49d515c5d) Importer(2089858483,b0f066a214c2f5e87bad3c948f4d605d) (ScriptedImporter) -> (artifact id: 'e6e56459833ff48243e34fa033138475') in 0.0051769 seconds
Number of updated asset objects reloaded before import = 0Number of asset objects unloaded after import = 1

========================================================================
Received Import Request.
  Time since last request: 0.000095 seconds.
  path: Assets/GamerExtremo/RIP/Electric Puzzles_1.5/res/9w.png
  artifactKey: Guid(c2aa0be566252f747b6e76122772f00e) Importer(2089858483,b0f066a214c2f5e87bad3c948f4d605d)
Start importing Assets/GamerExtremo/RIP/Electric Puzzles_1.5/res/9w.png using Guid(c2aa0be566252f747b6e76122772f00e) Importer(2089858483,b0f066a214c2f5e87bad3c948f4d605d) (ScriptedImporter) -> (artifact id: '4c520a5b6dbcaed997a888a2947c86e4') in 0.0146702 seconds
Number of updated asset objects reloaded before import = 0Number of asset objects unloaded after import = 3

========================================================================
Received Import Request.
  Time since last request: 0.000023 seconds.
  path: Assets/GamerExtremo/RIP/Electric Puzzles_1.5/✅ New Folder/XML/aG.xml
  artifactKey: Guid(b0505344609e2464480ed105fb5dc056) Importer(2089858483,b0f066a214c2f5e87bad3c948f4d605d)
Start importing Assets/GamerExtremo/RIP/Electric Puzzles_1.5/✅ New Folder/XML/aG.xml using Guid(b0505344609e2464480ed105fb5dc056) Importer(2089858483,b0f066a214c2f5e87bad3c948f4d605d) (ScriptedImporter) -> (artifact id: '6fee259e97390ced73c369df0e824fbd') in 0.0062867 seconds
Number of updated asset objects reloaded before import = 0Number of asset objects unloaded after import = 1

========================================================================
Received Import Request.
  Time since last request: 0.000028 seconds.
  path: Assets/GamerExtremo/res/RD.xml
  artifactKey: Guid(ab4b081739c7b2d4190b8545610e5358) Importer(2089858483,b0f066a214c2f5e87bad3c948f4d605d)
Start importing Assets/GamerExtremo/res/RD.xml using Guid(ab4b081739c7b2d4190b8545610e5358) Importer(2089858483,b0f066a214c2f5e87bad3c948f4d605d) (ScriptedImporter) -> (artifact id: '7edfb6650f2f6414147f69d30bfb8f84') in 0.0075538 seconds
Number of updated asset objects reloaded before import = 0Number of asset objects unloaded after import = 1

========================================================================
Received Import Request.
  Time since last request: 0.000061 seconds.
  path: Assets/GamerExtremo/RIP/Electric Puzzles_1.5/res/L0.png
  artifactKey: Guid(4ed6161f877d696488c1fedd8bef8824) Importer(2089858483,b0f066a214c2f5e87bad3c948f4d605d)
Start importing Assets/GamerExtremo/RIP/Electric Puzzles_1.5/res/L0.png using Guid(4ed6161f877d696488c1fedd8bef8824) Importer(2089858483,b0f066a214c2f5e87bad3c948f4d605d) (ScriptedImporter) -> (artifact id: 'b1b8ab27b26d2321a467e8ef42413b58') in 0.0149251 seconds
Number of updated asset objects reloaded before import = 0Number of asset objects unloaded after import = 3

========================================================================
Received Import Request.
  Time since last request: 0.000022 seconds.
  path: Assets/GamerExtremo/res/ev.9.png
  artifactKey: Guid(12b48502abdd3eb4b8e20d715a46f66c) Importer(2089858483,b0f066a214c2f5e87bad3c948f4d605d)
Start importing Assets/GamerExtremo/res/ev.9.png using Guid(12b48502abdd3eb4b8e20d715a46f66c) Importer(2089858483,b0f066a214c2f5e87bad3c948f4d605d) (ScriptedImporter) -> (artifact id: '121e1babc34a6a0dbb295a8f365d520d') in 0.0150023 seconds
Number of updated asset objects reloaded before import = 0Number of asset objects unloaded after import = 3

========================================================================
Received Import Request.
  Time since last request: 0.000021 seconds.
  path: Assets/GamerExtremo/res/vJ.xml
  artifactKey: Guid(25baea8f43aa6e948836b4b710b12e3e) Importer(2089858483,b0f066a214c2f5e87bad3c948f4d605d)
Start importing Assets/GamerExtremo/res/vJ.xml using Guid(25baea8f43aa6e948836b4b710b12e3e) Importer(2089858483,b0f066a214c2f5e87bad3c948f4d605d) (ScriptedImporter) -> (artifact id: 'b946e34ac5597c6ff152464b5714b0a5') in 0.0056849 seconds
Number of updated asset objects reloaded before import = 0Number of asset objects unloaded after import = 1

========================================================================
Received Import Request.
  Time since last request: 0.000142 seconds.
  path: Assets/GamerExtremo/RIP/Electric Puzzles_1.5/res/qa.png
  artifactKey: Guid(cb82a9a2136137c42a2d6e82cfcddfb2) Importer(2089858483,b0f066a214c2f5e87bad3c948f4d605d)
Start importing Assets/GamerExtremo/RIP/Electric Puzzles_1.5/res/qa.png using Guid(cb82a9a2136137c42a2d6e82cfcddfb2) Importer(2089858483,b0f066a214c2f5e87bad3c948f4d605d) (ScriptedImporter) -> (artifact id: 'edb3ed9cad2d6c92fdf279a40682bf72') in 0.013044 seconds
Number of updated asset objects reloaded before import = 0Number of asset objects unloaded after import = 3

========================================================================
Received Import Request.
  Time since last request: 0.000022 seconds.
  path: Assets/GamerExtremo/res/Gt.xml
  artifactKey: Guid(5e7d1bad31deb804590552db4d84d81f) Importer(2089858483,b0f066a214c2f5e87bad3c948f4d605d)
Start importing Assets/GamerExtremo/res/Gt.xml using Guid(5e7d1bad31deb804590552db4d84d81f) Importer(2089858483,b0f066a214c2f5e87bad3c948f4d605d) (ScriptedImporter) -> (artifact id: '0a12ea721ab6657b385622e92f9237a7') in 0.0073275 seconds
Number of updated asset objects reloaded before import = 0Number of asset objects unloaded after import = 1

========================================================================
Received Import Request.
  Time since last request: 0.000184 seconds.
  path: Assets/GamerExtremo/RIP/Electric Puzzles_1.5/res/Tj.9.png
  artifactKey: Guid(7ac61f4c00b52034bb5f3ba4afd33e87) Importer(2089858483,b0f066a214c2f5e87bad3c948f4d605d)
Start importing Assets/GamerExtremo/RIP/Electric Puzzles_1.5/res/Tj.9.png using Guid(7ac61f4c00b52034bb5f3ba4afd33e87) Importer(2089858483,b0f066a214c2f5e87bad3c948f4d605d) (ScriptedImporter) -> (artifact id: '92863a47122e3734e243135871ce504c') in 0.0178939 seconds
Number of updated asset objects reloaded before import = 0Number of asset objects unloaded after import = 3

========================================================================
Received Import Request.
  Time since last request: 0.000021 seconds.
  path: Assets/GamerExtremo/RIP/Electric Puzzles_1.5/res/sj.png
  artifactKey: Guid(c2caaa3b6295c0d49a083664702ef5cc) Importer(2089858483,b0f066a214c2f5e87bad3c948f4d605d)
Start importing Assets/GamerExtremo/RIP/Electric Puzzles_1.5/res/sj.png using Guid(c2caaa3b6295c0d49a083664702ef5cc) Importer(2089858483,b0f066a214c2f5e87bad3c948f4d605d) (ScriptedImporter) -> (artifact id: '3a431f5c6152287e9215c6de03436271') in 0.0149903 seconds
Number of updated asset objects reloaded before import = 0Number of asset objects unloaded after import = 3

========================================================================
Received Import Request.
  Time since last request: 0.000025 seconds.
  path: Assets/GamerExtremo/RIP/Electric Puzzles_1.5/res/84.png
  artifactKey: Guid(872e96670f4ad7a459f27c481c790d39) Importer(2089858483,b0f066a214c2f5e87bad3c948f4d605d)
Start importing Assets/GamerExtremo/RIP/Electric Puzzles_1.5/res/84.png using Guid(872e96670f4ad7a459f27c481c790d39) Importer(2089858483,b0f066a214c2f5e87bad3c948f4d605d) (ScriptedImporter) -> (artifact id: '23fc53d495075e14075f4ccc667dd23a') in 0.0147083 seconds
Number of updated asset objects reloaded before import = 0Number of asset objects unloaded after import = 3

========================================================================
Received Import Request.
  Time since last request: 0.000026 seconds.
  path: Assets/GamerExtremo/RIP/Electric Puzzles_1.5/✅ New Folder/XML/yV.xml
  artifactKey: Guid(02adeff336012ac45808fb27e3cec1af) Importer(2089858483,b0f066a214c2f5e87bad3c948f4d605d)
Start importing Assets/GamerExtremo/RIP/Electric Puzzles_1.5/✅ New Folder/XML/yV.xml using Guid(02adeff336012ac45808fb27e3cec1af) Importer(2089858483,b0f066a214c2f5e87bad3c948f4d605d) (ScriptedImporter) -> (artifact id: '7560164323ea35958b901d36dff68681') in 0.0077329 seconds
Number of updated asset objects reloaded before import = 0Number of asset objects unloaded after import = 1

========================================================================
Received Import Request.
  Time since last request: 0.000218 seconds.
  path: Assets/GamerExtremo/RIP/Electric Puzzles_1.5/✅ New Folder/CIRCLE/CIRCLE ANDROID FACE/Gc.png
  artifactKey: Guid(ae1210a06998b8942bc18049f5ba2598) Importer(2089858483,b0f066a214c2f5e87bad3c948f4d605d)
Start importing Assets/GamerExtremo/RIP/Electric Puzzles_1.5/✅ New Folder/CIRCLE/CIRCLE ANDROID FACE/Gc.png using Guid(ae1210a06998b8942bc18049f5ba2598) Importer(2089858483,b0f066a214c2f5e87bad3c948f4d605d) (ScriptedImporter) -> (artifact id: '08ee35265f1a76c3cd25b19efc748723') in 0.0193982 seconds
Number of updated asset objects reloaded before import = 0Number of asset objects unloaded after import = 3

========================================================================
Received Import Request.
  Time since last request: 0.000025 seconds.
  path: Assets/GamerExtremo/RIP/Electric Puzzles_1.5/res/Wd.png
  artifactKey: Guid(4f706b00991d58a44b919a18ee8ae662) Importer(2089858483,b0f066a214c2f5e87bad3c948f4d605d)
Start importing Assets/GamerExtremo/RIP/Electric Puzzles_1.5/res/Wd.png using Guid(4f706b00991d58a44b919a18ee8ae662) Importer(2089858483,b0f066a214c2f5e87bad3c948f4d605d) (ScriptedImporter) -> (artifact id: '4769358c1ebf5518bc19499b86593f7b') in 0.0196352 seconds
Number of updated asset objects reloaded before import = 0Number of asset objects unloaded after import = 3

========================================================================
Received Import Request.
  Time since last request: 0.000022 seconds.
  path: Assets/GamerExtremo/res/79.9.png
  artifactKey: Guid(4b8738204b7442746b6bb61b63c31d18) Importer(2089858483,b0f066a214c2f5e87bad3c948f4d605d)
Start importing Assets/GamerExtremo/res/79.9.png using Guid(4b8738204b7442746b6bb61b63c31d18) Importer(2089858483,b0f066a214c2f5e87bad3c948f4d605d) (ScriptedImporter) -> (artifact id: 'a24bfca21c681d072652ef74d60dcee0') in 0.0160223 seconds
Number of updated asset objects reloaded before import = 0Number of asset objects unloaded after import = 3

========================================================================
Received Import Request.
  Time since last request: 0.000027 seconds.
  path: Assets/GamerExtremo/Resources/Sounds/Retro UI Sounds/Select/ui_select_2.wav
  artifactKey: Guid(4b347c167d55e944f8637397c0703776) Importer(2089858483,b0f066a214c2f5e87bad3c948f4d605d)
Start importing Assets/GamerExtremo/Resources/Sounds/Retro UI Sounds/Select/ui_select_2.wav using Guid(4b347c167d55e944f8637397c0703776) Importer(2089858483,b0f066a214c2f5e87bad3c948f4d605d) (ScriptedImporter) -> (artifact id: '41bb8b3b1b93d30b9aba6c05ce16c4df') in 0.02788 seconds
Number of updated asset objects reloaded before import = 0Number of asset objects unloaded after import = 1

========================================================================
Received Import Request.
  Time since last request: 0.000073 seconds.
  path: Assets/GamerExtremo/res/XS.png
  artifactKey: Guid(6e605347f2e95ba4b900a3e19595b5a1) Importer(2089858483,b0f066a214c2f5e87bad3c948f4d605d)
Start importing Assets/GamerExtremo/res/XS.png using Guid(6e605347f2e95ba4b900a3e19595b5a1) Importer(2089858483,b0f066a214c2f5e87bad3c948f4d605d) (ScriptedImporter) -> (artifact id: 'b27b9b957e9dec32c5ea7bfe3744fd39') in 0.0153621 seconds
Number of updated asset objects reloaded before import = 0Number of asset objects unloaded after import = 3

========================================================================
Received Import Request.
  Time since last request: 0.308723 seconds.
  path: Assets/GamerExtremo/res/Qd.9.png
  artifactKey: Guid(80d042af267edd549a9b6e8fc451ba3e) Importer(2089858483,b0f066a214c2f5e87bad3c948f4d605d)
Start importing Assets/GamerExtremo/res/Qd.9.png using Guid(80d042af267edd549a9b6e8fc451ba3e) Importer(2089858483,b0f066a214c2f5e87bad3c948f4d605d) (ScriptedImporter) -> (artifact id: '4b690052859bfbe4b89591ad21087fad') in 0.031494 seconds
Number of updated asset objects reloaded before import = 0Number of asset objects unloaded after import = 3

========================================================================
Received Import Request.
  Time since last request: 0.000024 seconds.
  path: Assets/GamerExtremo/RIP/Electric Puzzles_1.5/res/hP.xml
  artifactKey: Guid(be684f018b1652d4389a50fb0ad68a20) Importer(2089858483,b0f066a214c2f5e87bad3c948f4d605d)
Start importing Assets/GamerExtremo/RIP/Electric Puzzles_1.5/res/hP.xml using Guid(be684f018b1652d4389a50fb0ad68a20) Importer(2089858483,b0f066a214c2f5e87bad3c948f4d605d) (ScriptedImporter) -> (artifact id: 'f79e7ce5b0d70e7e292a806b57725c4c') in 0.0088765 seconds
Number of updated asset objects reloaded before import = 0Number of asset objects unloaded after import = 1

========================================================================
Received Import Request.
  Time since last request: 0.000024 seconds.
  path: Assets/GamerExtremo/RIP/Electric Puzzles_1.5/✅ New Folder/XML/K-.xml
  artifactKey: Guid(3330fa779b374c64f92222acb19509a8) Importer(2089858483,b0f066a214c2f5e87bad3c948f4d605d)
Start importing Assets/GamerExtremo/RIP/Electric Puzzles_1.5/✅ New Folder/XML/K-.xml using Guid(3330fa779b374c64f92222acb19509a8) Importer(2089858483,b0f066a214c2f5e87bad3c948f4d605d) (ScriptedImporter) -> (artifact id: '9e1e10ce6313aa6d7e326b848103572f') in 0.0091885 seconds
Number of updated asset objects reloaded before import = 0Number of asset objects unloaded after import = 1

========================================================================
Received Import Request.
  Time since last request: 0.000287 seconds.
  path: Assets/GamerExtremo/RIP/Electric Puzzles_1.5/✅ New Folder/CIRCLE/CIRCLE G
  artifactKey: Guid(a692a10c9fa98e84d95812d422006965) Importer(2089858483,b0f066a214c2f5e87bad3c948f4d605d)
Start importing Assets/GamerExtremo/RIP/Electric Puzzles_1.5/✅ New Folder/CIRCLE/CIRCLE G using Guid(a692a10c9fa98e84d95812d422006965) Importer(2089858483,b0f066a214c2f5e87bad3c948f4d605d) (ScriptedImporter) -> (artifact id: '2fd7d6c5844d1d4973cc32039d00bf41') in 0.0060341 seconds
Number of updated asset objects reloaded before import = 0Number of asset objects unloaded after import = 1

========================================================================
Received Import Request.
  Time since last request: 0.000024 seconds.
  path: Assets/GamerExtremo/RIP/Electric Puzzles_1.5/res/Sb.xml
  artifactKey: Guid(659a7de78feaa7842bd98ea3c395253c) Importer(2089858483,b0f066a214c2f5e87bad3c948f4d605d)
Start importing Assets/GamerExtremo/RIP/Electric Puzzles_1.5/res/Sb.xml using Guid(659a7de78feaa7842bd98ea3c395253c) Importer(2089858483,b0f066a214c2f5e87bad3c948f4d605d) (ScriptedImporter) -> (artifact id: '5ebfa45e3610578e06f7ec291ec89436') in 0.0172208 seconds
Number of updated asset objects reloaded before import = 0Number of asset objects unloaded after import = 1

========================================================================
Received Import Request.
  Time since last request: 0.000161 seconds.
  path: Assets/GamerExtremo/res/dO.xml
  artifactKey: Guid(afe1026ebec1cb64fa10321a1af2cab6) Importer(2089858483,b0f066a214c2f5e87bad3c948f4d605d)
Start importing Assets/GamerExtremo/res/dO.xml using Guid(afe1026ebec1cb64fa10321a1af2cab6) Importer(2089858483,b0f066a214c2f5e87bad3c948f4d605d) (ScriptedImporter) -> (artifact id: '0f7a935c21dd6569a3c766e4af9a57cc') in 0.013741 seconds
Number of updated asset objects reloaded before import = 0Number of asset objects unloaded after import = 1

========================================================================
Received Import Request.
  Time since last request: 0.000032 seconds.
  path: Assets/GamerExtremo/RIP/Electric Puzzles_1.5/res/pD.png
  artifactKey: Guid(f70d5fe165c9f494598c14171ff13b7f) Importer(2089858483,b0f066a214c2f5e87bad3c948f4d605d)
Start importing Assets/GamerExtremo/RIP/Electric Puzzles_1.5/res/pD.png using Guid(f70d5fe165c9f494598c14171ff13b7f) Importer(2089858483,b0f066a214c2f5e87bad3c948f4d605d) (ScriptedImporter) -> (artifact id: 'beadb0d25e417052814373d3e23797f5') in 0.0252697 seconds
Number of updated asset objects reloaded before import = 0Number of asset objects unloaded after import = 3

========================================================================
Received Import Request.
  Time since last request: 0.000023 seconds.
  path: Assets/GamerExtremo/RIP/Electric Puzzles_1.5/FIOS/fio fundo verde claro/AP.png
  artifactKey: Guid(df90aba1392cdba44b545a7cacba8814) Importer(2089858483,b0f066a214c2f5e87bad3c948f4d605d)
Start importing Assets/GamerExtremo/RIP/Electric Puzzles_1.5/FIOS/fio fundo verde claro/AP.png using Guid(df90aba1392cdba44b545a7cacba8814) Importer(2089858483,b0f066a214c2f5e87bad3c948f4d605d) (ScriptedImporter) -> (artifact id: 'e44809e86f09f278b5c8be7df6a1fbb6') in 0.023102 seconds
Number of updated asset objects reloaded before import = 0Number of asset objects unloaded after import = 3

========================================================================
Received Import Request.
  Time since last request: 0.000028 seconds.
  path: Assets/GamerExtremo/res/3J.png
  artifactKey: Guid(564b9f81eeef5564c9e201be4a206b3e) Importer(2089858483,b0f066a214c2f5e87bad3c948f4d605d)
Start importing Assets/GamerExtremo/res/3J.png using Guid(564b9f81eeef5564c9e201be4a206b3e) Importer(2089858483,b0f066a214c2f5e87bad3c948f4d605d) (ScriptedImporter) -> (artifact id: 'd2513d10a14d9af1f9f31d8b6e9517a6') in 0.0159165 seconds
Number of updated asset objects reloaded before import = 0Number of asset objects unloaded after import = 3

========================================================================
Received Import Request.
  Time since last request: 0.000020 seconds.
  path: Assets/GamerExtremo/res/color/abc_background_cache_hint_selector_material_light.xml
  artifactKey: Guid(741bdbf5b0c4bd749a6dc1c0f9ac82f1) Importer(2089858483,b0f066a214c2f5e87bad3c948f4d605d)
Start importing Assets/GamerExtremo/res/color/abc_background_cache_hint_selector_material_light.xml using Guid(741bdbf5b0c4bd749a6dc1c0f9ac82f1) Importer(2089858483,b0f066a214c2f5e87bad3c948f4d605d) (ScriptedImporter) -> (artifact id: '0501fdc013463dbeec171dab0f765759') in 0.0070632 seconds
Number of updated asset objects reloaded before import = 0Number of asset objects unloaded after import = 1

========================================================================
Received Import Request.
  Time since last request: 0.000113 seconds.
  path: Assets/GamerExtremo/RIP/Electric Puzzles_1.5/FIOS/retangulo horizontal/Pasta/33.9.png
  artifactKey: Guid(c5c4ce9519d67354f80e2356c425dbe9) Importer(2089858483,b0f066a214c2f5e87bad3c948f4d605d)
Start importing Assets/GamerExtremo/RIP/Electric Puzzles_1.5/FIOS/retangulo horizontal/Pasta/33.9.png using Guid(c5c4ce9519d67354f80e2356c425dbe9) Importer(2089858483,b0f066a214c2f5e87bad3c948f4d605d) (ScriptedImporter) -> (artifact id: '09d095397fbf415a784516cbb8227859') in 0.0158496 seconds
Number of updated asset objects reloaded before import = 0Number of asset objects unloaded after import = 3

========================================================================
Received Import Request.
  Time since last request: 0.000026 seconds.
  path: Assets/GamerExtremo/RIP/Electric Puzzles_1.5/res/1e.9.png
  artifactKey: Guid(5f899c0f3f4f30b43baf90ff53c9266d) Importer(2089858483,b0f066a214c2f5e87bad3c948f4d605d)
Start importing Assets/GamerExtremo/RIP/Electric Puzzles_1.5/res/1e.9.png using Guid(5f899c0f3f4f30b43baf90ff53c9266d) Importer(2089858483,b0f066a214c2f5e87bad3c948f4d605d) (ScriptedImporter) -> (artifact id: '789d5e01b44d9dceec5706c3abae069e') in 0.0153978 seconds
Number of updated asset objects reloaded before import = 0Number of asset objects unloaded after import = 3

========================================================================
Received Import Request.
  Time since last request: 0.000035 seconds.
  path: Assets/GamerExtremo/RIP/Electric Puzzles_1.5/✅ New Folder/TOMADAS/9D.png
  artifactKey: Guid(e27afa4880a34264e9c87c70012e5371) Importer(2089858483,b0f066a214c2f5e87bad3c948f4d605d)
Start importing Assets/GamerExtremo/RIP/Electric Puzzles_1.5/✅ New Folder/TOMADAS/9D.png using Guid(e27afa4880a34264e9c87c70012e5371) Importer(2089858483,b0f066a214c2f5e87bad3c948f4d605d) (ScriptedImporter) -> (artifact id: 'c0642fb293dc1ea70b6ecc70284352cf') in 0.0181051 seconds
Number of updated asset objects reloaded before import = 0Number of asset objects unloaded after import = 3

========================================================================
Received Import Request.
  Time since last request: 0.000023 seconds.
  path: Assets/GamerExtremo/RIP/Electric Puzzles_1.5/res/RN.png
  artifactKey: Guid(fa96df9c65c9c314fb42ef784ede964d) Importer(2089858483,b0f066a214c2f5e87bad3c948f4d605d)
Start importing Assets/GamerExtremo/RIP/Electric Puzzles_1.5/res/RN.png using Guid(fa96df9c65c9c314fb42ef784ede964d) Importer(2089858483,b0f066a214c2f5e87bad3c948f4d605d) (ScriptedImporter) -> (artifact id: '3419c3a0357863ac4b2f787a2078c5d7') in 0.013719 seconds
Number of updated asset objects reloaded before import = 0Number of asset objects unloaded after import = 3

========================================================================
Received Import Request.
  Time since last request: 0.000036 seconds.
  path: Assets/GamerExtremo/res/9F.png
  artifactKey: Guid(1abbd23e849e9de418f5f7419558763d) Importer(2089858483,b0f066a214c2f5e87bad3c948f4d605d)
Start importing Assets/GamerExtremo/res/9F.png using Guid(1abbd23e849e9de418f5f7419558763d) Importer(2089858483,b0f066a214c2f5e87bad3c948f4d605d) (ScriptedImporter) -> (artifact id: '0d2708655ba55ad6c7f8e44bb55a9558') in 0.0176388 seconds
Number of updated asset objects reloaded before import = 0Number of asset objects unloaded after import = 3

========================================================================
Received Import Request.
  Time since last request: 0.000021 seconds.
  path: Assets/GamerExtremo/RIP/Electric Puzzles_1.5/res/qy.png
  artifactKey: Guid(772e244a6278bfb49a4294b9c3758830) Importer(2089858483,b0f066a214c2f5e87bad3c948f4d605d)
Start importing Assets/GamerExtremo/RIP/Electric Puzzles_1.5/res/qy.png using Guid(772e244a6278bfb49a4294b9c3758830) Importer(2089858483,b0f066a214c2f5e87bad3c948f4d605d) (ScriptedImporter) -> (artifact id: '2d1f70b7b9b376419407553fcc18ee3a') in 0.0147554 seconds
Number of updated asset objects reloaded before import = 0Number of asset objects unloaded after import = 3

========================================================================
Received Import Request.
  Time since last request: 0.000024 seconds.
  path: Assets/GamerExtremo/RIP/Electric Puzzles_1.5/✅ New Folder/CIRCLE/CIRCLE BLACK/49.png
  artifactKey: Guid(a566a2d9f44f4e443aebabdcce2fcdad) Importer(2089858483,b0f066a214c2f5e87bad3c948f4d605d)
Start importing Assets/GamerExtremo/RIP/Electric Puzzles_1.5/✅ New Folder/CIRCLE/CIRCLE BLACK/49.png using Guid(a566a2d9f44f4e443aebabdcce2fcdad) Importer(2089858483,b0f066a214c2f5e87bad3c948f4d605d) (ScriptedImporter) -> (artifact id: '38c04d60291e424e4e3417e902446ebf') in 0.0155056 seconds
Number of updated asset objects reloaded before import = 0Number of asset objects unloaded after import = 3

========================================================================
Received Import Request.
  Time since last request: 0.000021 seconds.
  path: Assets/GamerExtremo/RIP/Electric Puzzles_1.5/res/Jh.png
  artifactKey: Guid(08f1044da0804404aa60bc42e951421d) Importer(2089858483,b0f066a214c2f5e87bad3c948f4d605d)
Start importing Assets/GamerExtremo/RIP/Electric Puzzles_1.5/res/Jh.png using Guid(08f1044da0804404aa60bc42e951421d) Importer(2089858483,b0f066a214c2f5e87bad3c948f4d605d) (ScriptedImporter) -> (artifact id: '9d1355ab688c418c15e5bfe898a681c5') in 0.0146056 seconds
Number of updated asset objects reloaded before import = 0Number of asset objects unloaded after import = 3

========================================================================
Received Import Request.
  Time since last request: 0.000021 seconds.
  path: Assets/GamerExtremo/RIP/Electric Puzzles_1.5/✅ New Folder/DISQUETE
  artifactKey: Guid(30c5e5f748c85d2488a4e4c957c53fa4) Importer(2089858483,b0f066a214c2f5e87bad3c948f4d605d)
Start importing Assets/GamerExtremo/RIP/Electric Puzzles_1.5/✅ New Folder/DISQUETE using Guid(30c5e5f748c85d2488a4e4c957c53fa4) Importer(2089858483,b0f066a214c2f5e87bad3c948f4d605d) (ScriptedImporter) -> (artifact id: '698ac5eedc2c38ffb244091131482ad0') in 0.004658 seconds
Number of updated asset objects reloaded before import = 0Number of asset objects unloaded after import = 1

========================================================================
Received Import Request.
  Time since last request: 0.000175 seconds.
  path: Assets/GamerExtremo/RIP/Electric Puzzles_1.5/res/T_.png
  artifactKey: Guid(33d3d313b2668cc4797cf8b12d641679) Importer(2089858483,b0f066a214c2f5e87bad3c948f4d605d)
Start importing Assets/GamerExtremo/RIP/Electric Puzzles_1.5/res/T_.png using Guid(33d3d313b2668cc4797cf8b12d641679) Importer(2089858483,b0f066a214c2f5e87bad3c948f4d605d) (ScriptedImporter) -> (artifact id: '1c4031a45270099d080f1aeeae46c2ba') in 0.0153963 seconds
Number of updated asset objects reloaded before import = 0Number of asset objects unloaded after import = 3

========================================================================
Received Import Request.
  Time since last request: 0.000021 seconds.
  path: Assets/GamerExtremo/res/4u.xml
  artifactKey: Guid(c6cafb98bf0d94547843a31463dfe5d5) Importer(2089858483,b0f066a214c2f5e87bad3c948f4d605d)
Start importing Assets/GamerExtremo/res/4u.xml using Guid(c6cafb98bf0d94547843a31463dfe5d5) Importer(2089858483,b0f066a214c2f5e87bad3c948f4d605d) (ScriptedImporter) -> (artifact id: '6e1c16f85d7f209a925abe7b55cd829b') in 0.006764 seconds
Number of updated asset objects reloaded before import = 0Number of asset objects unloaded after import = 1

========================================================================
Received Import Request.
  Time since last request: 0.000022 seconds.
  path: Assets/GamerExtremo/RIP/Electric Puzzles_1.5/SQUARE/preto
  artifactKey: Guid(c75ae82ba167e074f9700d462cba04a2) Importer(2089858483,b0f066a214c2f5e87bad3c948f4d605d)
Start importing Assets/GamerExtremo/RIP/Electric Puzzles_1.5/SQUARE/preto using Guid(c75ae82ba167e074f9700d462cba04a2) Importer(2089858483,b0f066a214c2f5e87bad3c948f4d605d) (ScriptedImporter) -> (artifact id: '5a43fc88655272041048a0994890b210') in 0.005779 seconds
Number of updated asset objects reloaded before import = 0Number of asset objects unloaded after import = 1

========================================================================
Received Import Request.
  Time since last request: 0.000078 seconds.
  path: Assets/GamerExtremo/res/U8.xml
  artifactKey: Guid(9371e59968bb1024297c0c24526fe786) Importer(2089858483,b0f066a214c2f5e87bad3c948f4d605d)
Start importing Assets/GamerExtremo/res/U8.xml using Guid(9371e59968bb1024297c0c24526fe786) Importer(2089858483,b0f066a214c2f5e87bad3c948f4d605d) (ScriptedImporter) -> (artifact id: '0acc6c1256ea19c6e67f0c5d85db0d74') in 0.0062531 seconds
Number of updated asset objects reloaded before import = 0Number of asset objects unloaded after import = 1

========================================================================
Received Import Request.
  Time since last request: 0.000112 seconds.
  path: Assets/GamerExtremo/RIP/Electric Puzzles_1.5/✅ New Folder/EARTH/7Q.png
  artifactKey: Guid(8f180d1a88f348e4d9c195bb8e348c16) Importer(2089858483,b0f066a214c2f5e87bad3c948f4d605d)
Start importing Assets/GamerExtremo/RIP/Electric Puzzles_1.5/✅ New Folder/EARTH/7Q.png using Guid(8f180d1a88f348e4d9c195bb8e348c16) Importer(2089858483,b0f066a214c2f5e87bad3c948f4d605d) (ScriptedImporter) -> (artifact id: '08eea6af1b956fa45c96305d6958ed14') in 0.0176625 seconds
Number of updated asset objects reloaded before import = 0Number of asset objects unloaded after import = 3

========================================================================
Received Import Request.
  Time since last request: 0.000022 seconds.
  path: Assets/GamerExtremo/RIP/Electric Puzzles_1.5/✅ New Folder/DINHEIRO/BAR GOLD/6P.png
  artifactKey: Guid(555f6137ce1fec94c956c85118b11414) Importer(2089858483,b0f066a214c2f5e87bad3c948f4d605d)
Start importing Assets/GamerExtremo/RIP/Electric Puzzles_1.5/✅ New Folder/DINHEIRO/BAR GOLD/6P.png using Guid(555f6137ce1fec94c956c85118b11414) Importer(2089858483,b0f066a214c2f5e87bad3c948f4d605d) (ScriptedImporter) -> (artifact id: '4e87bb2ecb06b50c3f8e698c4bd6b16d') in 0.0150349 seconds
Number of updated asset objects reloaded before import = 0Number of asset objects unloaded after import = 3

========================================================================
Received Import Request.
  Time since last request: 0.000022 seconds.
  path: Assets/GamerExtremo/res/Y3.png
  artifactKey: Guid(395e8070e53629b48800d073625eeeb5) Importer(2089858483,b0f066a214c2f5e87bad3c948f4d605d)
Start importing Assets/GamerExtremo/res/Y3.png using Guid(395e8070e53629b48800d073625eeeb5) Importer(2089858483,b0f066a214c2f5e87bad3c948f4d605d) (ScriptedImporter) -> (artifact id: 'e6ae871c42de996d3c052a67ded51af3') in 0.0138781 seconds
Number of updated asset objects reloaded before import = 0Number of asset objects unloaded after import = 3

========================================================================
Received Import Request.
  Time since last request: 0.000022 seconds.
  path: Assets/GamerExtremo/RIP/Electric Puzzles_1.5/res/FL.png
  artifactKey: Guid(376f7e2faf7a4774ebf949511b0a827f) Importer(2089858483,b0f066a214c2f5e87bad3c948f4d605d)
Start importing Assets/GamerExtremo/RIP/Electric Puzzles_1.5/res/FL.png using Guid(376f7e2faf7a4774ebf949511b0a827f) Importer(2089858483,b0f066a214c2f5e87bad3c948f4d605d) (ScriptedImporter) -> (artifact id: '0667ef9df1f2f988ea0f05d58868e021') in 0.0151229 seconds
Number of updated asset objects reloaded before import = 0Number of asset objects unloaded after import = 3

========================================================================
Received Import Request.
  Time since last request: 0.000027 seconds.
  path: Assets/GamerExtremo/Resources/Player/run (2).png
  artifactKey: Guid(69a68101f0f3e9b408996fc9bbbb6d2d) Importer(2089858483,b0f066a214c2f5e87bad3c948f4d605d)
Start importing Assets/GamerExtremo/Resources/Player/run (2).png using Guid(69a68101f0f3e9b408996fc9bbbb6d2d) Importer(2089858483,b0f066a214c2f5e87bad3c948f4d605d) (ScriptedImporter) -> (artifact id: 'a0c80b0d6aacbb278348819515370184') in 0.0152297 seconds
Number of updated asset objects reloaded before import = 0Number of asset objects unloaded after import = 3

========================================================================
Received Import Request.
  Time since last request: 0.000034 seconds.
  path: Assets/GamerExtremo/Pictures/wire_straight.png
  artifactKey: Guid(94c8265d45dd8624e9f2810b1cccead8) Importer(2089858483,b0f066a214c2f5e87bad3c948f4d605d)
Start importing Assets/GamerExtremo/Pictures/wire_straight.png using Guid(94c8265d45dd8624e9f2810b1cccead8) Importer(2089858483,b0f066a214c2f5e87bad3c948f4d605d) (ScriptedImporter) -> (artifact id: '46f19e22c3c8bca2581f3d79fd819361') in 0.0163234 seconds
Number of updated asset objects reloaded before import = 0Number of asset objects unloaded after import = 3

========================================================================
Received Import Request.
  Time since last request: 0.000023 seconds.
  path: Assets/GamerExtremo/Resources/Player/crouch_walk (6).png
  artifactKey: Guid(61426541c6480244993fa1795000fd63) Importer(2089858483,b0f066a214c2f5e87bad3c948f4d605d)
Start importing Assets/GamerExtremo/Resources/Player/crouch_walk (6).png using Guid(61426541c6480244993fa1795000fd63) Importer(2089858483,b0f066a214c2f5e87bad3c948f4d605d) (ScriptedImporter) -> (artifact id: 'dd3d4326b3c5a715a7f819f9e18087ff') in 0.0151589 seconds
Number of updated asset objects reloaded before import = 0Number of asset objects unloaded after import = 3

========================================================================
Received Import Request.
  Time since last request: 0.000023 seconds.
  path: Assets/GamerExtremo/RIP/Electric Puzzles_1.5/Pictures/resistorslevel1.png
  artifactKey: Guid(cc4a48e795e2b3c4ca61d0bb71bb9e98) Importer(2089858483,b0f066a214c2f5e87bad3c948f4d605d)
Start importing Assets/GamerExtremo/RIP/Electric Puzzles_1.5/Pictures/resistorslevel1.png using Guid(cc4a48e795e2b3c4ca61d0bb71bb9e98) Importer(2089858483,b0f066a214c2f5e87bad3c948f4d605d) (ScriptedImporter) -> (artifact id: 'ea716449e4f7dc9d86429f342837ee3c') in 0.0153123 seconds
Number of updated asset objects reloaded before import = 0Number of asset objects unloaded after import = 3

========================================================================
Received Import Request.
  Time since last request: 0.000020 seconds.
  path: Assets/GamerExtremo/RIP/Electric Puzzles_1.5/FIOS/cruz/T_.png
  artifactKey: Guid(c53b1138b21957e4d87f1153166565b1) Importer(2089858483,b0f066a214c2f5e87bad3c948f4d605d)
Start importing Assets/GamerExtremo/RIP/Electric Puzzles_1.5/FIOS/cruz/T_.png using Guid(c53b1138b21957e4d87f1153166565b1) Importer(2089858483,b0f066a214c2f5e87bad3c948f4d605d) (ScriptedImporter) -> (artifact id: '062040c8395cb7d467110f17f1fdbc7b') in 0.0135627 seconds
Number of updated asset objects reloaded before import = 0Number of asset objects unloaded after import = 3

========================================================================
Received Import Request.
  Time since last request: 0.000023 seconds.
  path: Assets/GamerExtremo/res/color
  artifactKey: Guid(24168837ae1e1134a8abc3b73708f246) Importer(2089858483,b0f066a214c2f5e87bad3c948f4d605d)
Start importing Assets/GamerExtremo/res/color using Guid(24168837ae1e1134a8abc3b73708f246) Importer(2089858483,b0f066a214c2f5e87bad3c948f4d605d) (ScriptedImporter) -> (artifact id: '3a727b032508e801fef808487d6849a1') in 0.0060597 seconds
Number of updated asset objects reloaded before import = 0Number of asset objects unloaded after import = 1

========================================================================
Received Import Request.
  Time since last request: 0.000055 seconds.
  path: Assets/GamerExtremo/RIP/Electric Puzzles_1.5/✅ New Folder/BULB 2/0T.png
  artifactKey: Guid(44617da7424558e4eaaa385ebb185b61) Importer(2089858483,b0f066a214c2f5e87bad3c948f4d605d)
Start importing Assets/GamerExtremo/RIP/Electric Puzzles_1.5/✅ New Folder/BULB 2/0T.png using Guid(44617da7424558e4eaaa385ebb185b61) Importer(2089858483,b0f066a214c2f5e87bad3c948f4d605d) (ScriptedImporter) -> (artifact id: 'a036d62890f9f964ce64de958d806211') in 0.0157331 seconds
Number of updated asset objects reloaded before import = 0Number of asset objects unloaded after import = 3

========================================================================
Received Import Request.
  Time since last request: 0.000024 seconds.
  path: Assets/GamerExtremo/RIP/Electric Puzzles_1.5/✅ New Folder/SETA DOWN/7C.9.png
  artifactKey: Guid(c3f43aea8324af04dab13c3c9656cea6) Importer(2089858483,b0f066a214c2f5e87bad3c948f4d605d)
Start importing Assets/GamerExtremo/RIP/Electric Puzzles_1.5/✅ New Folder/SETA DOWN/7C.9.png using Guid(c3f43aea8324af04dab13c3c9656cea6) Importer(2089858483,b0f066a214c2f5e87bad3c948f4d605d) (ScriptedImporter) -> (artifact id: '4d5ac0d4cc0cfcad33d0a2edcb94f482') in 0.0171151 seconds
Number of updated asset objects reloaded before import = 0Number of asset objects unloaded after import = 3

========================================================================
Received Import Request.
  Time since last request: 0.000022 seconds.
  path: Assets/GamerExtremo/RIP/Electric Puzzles_1.5/res/4B.xml
  artifactKey: Guid(9ed6abd38f3ddee43b57590602019798) Importer(2089858483,b0f066a214c2f5e87bad3c948f4d605d)
Start importing Assets/GamerExtremo/RIP/Electric Puzzles_1.5/res/4B.xml using Guid(9ed6abd38f3ddee43b57590602019798) Importer(2089858483,b0f066a214c2f5e87bad3c948f4d605d) (ScriptedImporter) -> (artifact id: '533d2a2ce05c12bf3e67beb4ed289000') in 0.0061783 seconds
Number of updated asset objects reloaded before import = 0Number of asset objects unloaded after import = 1

========================================================================
Received Import Request.
  Time since last request: 0.000051 seconds.
  path: Assets/GamerExtremo/res/U0.png
  artifactKey: Guid(b22005c079e0f0b42a3284341cf16d19) Importer(2089858483,b0f066a214c2f5e87bad3c948f4d605d)
Start importing Assets/GamerExtremo/res/U0.png using Guid(b22005c079e0f0b42a3284341cf16d19) Importer(2089858483,b0f066a214c2f5e87bad3c948f4d605d) (ScriptedImporter) -> (artifact id: '834dc8186f7c89ec503ae05001ec748a') in 0.0158247 seconds
Number of updated asset objects reloaded before import = 0Number of asset objects unloaded after import = 3

========================================================================
Received Import Request.
  Time since last request: 0.000023 seconds.
  path: Assets/GamerExtremo/Resources/Enemy1/skeleton_1_dead (4).png
  artifactKey: Guid(68b6456c2b3d9914b8d75d75d6886f65) Importer(2089858483,b0f066a214c2f5e87bad3c948f4d605d)
Start importing Assets/GamerExtremo/Resources/Enemy1/skeleton_1_dead (4).png using Guid(68b6456c2b3d9914b8d75d75d6886f65) Importer(2089858483,b0f066a214c2f5e87bad3c948f4d605d) (ScriptedImporter) -> (artifact id: 'f5cc6fdbf4fa3aac38d078b95b63160a') in 0.0150481 seconds
Number of updated asset objects reloaded before import = 0Number of asset objects unloaded after import = 3

========================================================================
Received Import Request.
  Time since last request: 0.000020 seconds.
  path: Assets/GamerExtremo/res/8p.png
  artifactKey: Guid(61e044021b72de741a3e76536150a52b) Importer(2089858483,b0f066a214c2f5e87bad3c948f4d605d)
Start importing Assets/GamerExtremo/res/8p.png using Guid(61e044021b72de741a3e76536150a52b) Importer(2089858483,b0f066a214c2f5e87bad3c948f4d605d) (ScriptedImporter) -> (artifact id: 'b9c64e49064cce10d6c24c8c54fde811') in 0.0158395 seconds
Number of updated asset objects reloaded before import = 0Number of asset objects unloaded after import = 3

========================================================================
Received Import Request.
  Time since last request: 0.000023 seconds.
  path: Assets/GamerExtremo/Resources/Sprites
  artifactKey: Guid(175cd4a72a85c1947a6e82383dc5cfef) Importer(2089858483,b0f066a214c2f5e87bad3c948f4d605d)
Start importing Assets/GamerExtremo/Resources/Sprites using Guid(175cd4a72a85c1947a6e82383dc5cfef) Importer(2089858483,b0f066a214c2f5e87bad3c948f4d605d) (ScriptedImporter) -> (artifact id: '09f1afcf2cf4bc06d0d9620db9bbf8e8') in 0.0053017 seconds
Number of updated asset objects reloaded before import = 0Number of asset objects unloaded after import = 1

========================================================================
Received Import Request.
  Time since last request: 0.000094 seconds.
  path: Assets/GamerExtremo/RIP/Electric Puzzles_1.5/res/tr.9.png
  artifactKey: Guid(d3c8ae54543107843bb69cea4e67f4d3) Importer(2089858483,b0f066a214c2f5e87bad3c948f4d605d)
Start importing Assets/GamerExtremo/RIP/Electric Puzzles_1.5/res/tr.9.png using Guid(d3c8ae54543107843bb69cea4e67f4d3) Importer(2089858483,b0f066a214c2f5e87bad3c948f4d605d) (ScriptedImporter) -> (artifact id: '2a671d3f3115c5af9e6f578c5999aa9c') in 0.0155717 seconds
Number of updated asset objects reloaded before import = 0Number of asset objects unloaded after import = 3

========================================================================
Received Import Request.
  Time since last request: 0.000023 seconds.
  path: Assets/GamerExtremo/RIP/Electric Puzzles_1.5/SQUARE/rico diagonal/5c.png
  artifactKey: Guid(276530080a2d05e4f91c5b2a5c7c24a5) Importer(2089858483,b0f066a214c2f5e87bad3c948f4d605d)
Start importing Assets/GamerExtremo/RIP/Electric Puzzles_1.5/SQUARE/rico diagonal/5c.png using Guid(276530080a2d05e4f91c5b2a5c7c24a5) Importer(2089858483,b0f066a214c2f5e87bad3c948f4d605d) (ScriptedImporter) -> (artifact id: '99b7467ea295e02bada80ef8adab0e0f') in 0.0154383 seconds
Number of updated asset objects reloaded before import = 0Number of asset objects unloaded after import = 3

========================================================================
Received Import Request.
  Time since last request: 0.000028 seconds.
  path: Assets/GamerExtremo/RIP/Electric Puzzles_1.5/res/vo.png
  artifactKey: Guid(55a30bba1d10aa34b984cc520931c00b) Importer(2089858483,b0f066a214c2f5e87bad3c948f4d605d)
Start importing Assets/GamerExtremo/RIP/Electric Puzzles_1.5/res/vo.png using Guid(55a30bba1d10aa34b984cc520931c00b) Importer(2089858483,b0f066a214c2f5e87bad3c948f4d605d) (ScriptedImporter) -> (artifact id: 'd62aa065f876a9a0116e2fee80e370ae') in 0.0170986 seconds
Number of updated asset objects reloaded before import = 0Number of asset objects unloaded after import = 3

========================================================================
Received Import Request.
  Time since last request: 0.000037 seconds.
  path: Assets/GamerExtremo/RIP/Electric Puzzles_1.5/res/t-.png
  artifactKey: Guid(cf88a54d06758b44aa6a7710e2db4d6a) Importer(2089858483,b0f066a214c2f5e87bad3c948f4d605d)
Start importing Assets/GamerExtremo/RIP/Electric Puzzles_1.5/res/t-.png using Guid(cf88a54d06758b44aa6a7710e2db4d6a) Importer(2089858483,b0f066a214c2f5e87bad3c948f4d605d) (ScriptedImporter) -> (artifact id: '4ad9d3b7ce14dbae22351521b61a37be') in 0.0151786 seconds
Number of updated asset objects reloaded before import = 0Number of asset objects unloaded after import = 3

========================================================================
Received Import Request.
  Time since last request: 0.000020 seconds.
  path: Assets/GamerExtremo/RIP/Electric Puzzles_1.5/res/Zg.xml
  artifactKey: Guid(1498d74be7ef62c479219be37a57f2c2) Importer(2089858483,b0f066a214c2f5e87bad3c948f4d605d)
Start importing Assets/GamerExtremo/RIP/Electric Puzzles_1.5/res/Zg.xml using Guid(1498d74be7ef62c479219be37a57f2c2) Importer(2089858483,b0f066a214c2f5e87bad3c948f4d605d) (ScriptedImporter) -> (artifact id: '44b87f900e369f47b98941136c6b100a') in 0.0063739 seconds
Number of updated asset objects reloaded before import = 0Number of asset objects unloaded after import = 1

========================================================================
Received Import Request.
  Time since last request: 0.000022 seconds.
  path: Assets/GamerExtremo/RIP/Electric Puzzles_1.5/res/63.png
  artifactKey: Guid(d0c9a7424dde9cc449ebd7e7cf65ad2c) Importer(2089858483,b0f066a214c2f5e87bad3c948f4d605d)
Start importing Assets/GamerExtremo/RIP/Electric Puzzles_1.5/res/63.png using Guid(d0c9a7424dde9cc449ebd7e7cf65ad2c) Importer(2089858483,b0f066a214c2f5e87bad3c948f4d605d) (ScriptedImporter) -> (artifact id: '95a974526aeebbf18177d192511a0124') in 0.0141436 seconds
Number of updated asset objects reloaded before import = 0Number of asset objects unloaded after import = 3

========================================================================
Received Import Request.
  Time since last request: 0.000023 seconds.
  path: Assets/GamerExtremo/res/qy.png
  artifactKey: Guid(a1270596ae6938f49a64c81a292ff47c) Importer(2089858483,b0f066a214c2f5e87bad3c948f4d605d)
Start importing Assets/GamerExtremo/res/qy.png using Guid(a1270596ae6938f49a64c81a292ff47c) Importer(2089858483,b0f066a214c2f5e87bad3c948f4d605d) (ScriptedImporter) -> (artifact id: 'f19ffd303e7e240b77a614ec3515514c') in 0.0174041 seconds
Number of updated asset objects reloaded before import = 0Number of asset objects unloaded after import = 3

========================================================================
Received Import Request.
  Time since last request: 0.000023 seconds.
  path: Assets/GamerExtremo/res/7g.png
  artifactKey: Guid(075ef7eb48e22e646b687a26e6dfafe2) Importer(2089858483,b0f066a214c2f5e87bad3c948f4d605d)
Start importing Assets/GamerExtremo/res/7g.png using Guid(075ef7eb48e22e646b687a26e6dfafe2) Importer(2089858483,b0f066a214c2f5e87bad3c948f4d605d) (ScriptedImporter) -> (artifact id: 'c3af7f49a758e57cffe0c2ddb82de775') in 0.0169476 seconds
Number of updated asset objects reloaded before import = 0Number of asset objects unloaded after import = 3

========================================================================
Received Import Request.
  Time since last request: 0.000021 seconds.
  path: Assets/GamerExtremo/Resources/Player/attack (5).png
  artifactKey: Guid(9a2b215693363634ab6bf8bd36cfb640) Importer(2089858483,b0f066a214c2f5e87bad3c948f4d605d)
Start importing Assets/GamerExtremo/Resources/Player/attack (5).png using Guid(9a2b215693363634ab6bf8bd36cfb640) Importer(2089858483,b0f066a214c2f5e87bad3c948f4d605d) (ScriptedImporter) -> (artifact id: '0f68389be45b4c75409105047a17d539') in 0.0148061 seconds
Number of updated asset objects reloaded before import = 0Number of asset objects unloaded after import = 3

========================================================================
Received Import Request.
  Time since last request: 0.000022 seconds.
  path: Assets/GamerExtremo/RIP/Electric Puzzles_1.5/FIOS/resistor/direita/LO.png
  artifactKey: Guid(c1320ab1d34011345ae31b2f7120968d) Importer(2089858483,b0f066a214c2f5e87bad3c948f4d605d)
Start importing Assets/GamerExtremo/RIP/Electric Puzzles_1.5/FIOS/resistor/direita/LO.png using Guid(c1320ab1d34011345ae31b2f7120968d) Importer(2089858483,b0f066a214c2f5e87bad3c948f4d605d) (ScriptedImporter) -> (artifact id: '086404877d3b89daf5a1914c368293ff') in 0.0154379 seconds
Number of updated asset objects reloaded before import = 0Number of asset objects unloaded after import = 3

========================================================================
Received Import Request.
  Time since last request: 0.000022 seconds.
  path: Assets/GamerExtremo/RIP/Electric Puzzles_1.5/res/lK.png
  artifactKey: Guid(0744c6bef64d39f4c81e2ff93d1b83e0) Importer(2089858483,b0f066a214c2f5e87bad3c948f4d605d)
Start importing Assets/GamerExtremo/RIP/Electric Puzzles_1.5/res/lK.png using Guid(0744c6bef64d39f4c81e2ff93d1b83e0) Importer(2089858483,b0f066a214c2f5e87bad3c948f4d605d) (ScriptedImporter) -> (artifact id: '3843d22e54666edbeb1b0854986e51d8') in 0.0140826 seconds
Number of updated asset objects reloaded before import = 0Number of asset objects unloaded after import = 3

========================================================================
Received Import Request.
  Time since last request: 0.000023 seconds.
  path: Assets/GamerExtremo/RIP/Electric Puzzles_1.5/✅ New Folder/TOMADAS/G7.png
  artifactKey: Guid(d6874822e60050941aa4efbfe831daa9) Importer(2089858483,b0f066a214c2f5e87bad3c948f4d605d)
Start importing Assets/GamerExtremo/RIP/Electric Puzzles_1.5/✅ New Folder/TOMADAS/G7.png using Guid(d6874822e60050941aa4efbfe831daa9) Importer(2089858483,b0f066a214c2f5e87bad3c948f4d605d) (ScriptedImporter) -> (artifact id: '3392eb23e06948f112e01a4d25e94d1c') in 0.0133792 seconds
Number of updated asset objects reloaded before import = 0Number of asset objects unloaded after import = 3

========================================================================
Received Import Request.
  Time since last request: 0.000024 seconds.
  path: Assets/GamerExtremo/RIP/Electric Puzzles_1.5/Pictures/wire_100 1.png
  artifactKey: Guid(324e3997879bbb84ca107cdab7a6bf02) Importer(2089858483,b0f066a214c2f5e87bad3c948f4d605d)
Start importing Assets/GamerExtremo/RIP/Electric Puzzles_1.5/Pictures/wire_100 1.png using Guid(324e3997879bbb84ca107cdab7a6bf02) Importer(2089858483,b0f066a214c2f5e87bad3c948f4d605d) (ScriptedImporter) -> (artifact id: '9056be5c92c2f8f85f11f913fe37e0cc') in 0.0205963 seconds
Number of updated asset objects reloaded before import = 0Number of asset objects unloaded after import = 3

========================================================================
Received Import Request.
  Time since last request: 0.000025 seconds.
  path: Assets/GamerExtremo/RIP/Electric Puzzles_1.5/✅ New Folder/XML/eA.xml
  artifactKey: Guid(435da6b4c257bcd48b0f8e21e2d897f7) Importer(2089858483,b0f066a214c2f5e87bad3c948f4d605d)
Start importing Assets/GamerExtremo/RIP/Electric Puzzles_1.5/✅ New Folder/XML/eA.xml using Guid(435da6b4c257bcd48b0f8e21e2d897f7) Importer(2089858483,b0f066a214c2f5e87bad3c948f4d605d) (ScriptedImporter) -> (artifact id: 'cf78de4b3d8d021de3325480b50ca87d') in 0.0071582 seconds
Number of updated asset objects reloaded before import = 0Number of asset objects unloaded after import = 1

========================================================================
Received Import Request.
  Time since last request: 0.000077 seconds.
  path: Assets/GamerExtremo/res/NG.png
  artifactKey: Guid(3c9a4bd0cd9feb04083f1d761c4ea2b1) Importer(2089858483,b0f066a214c2f5e87bad3c948f4d605d)
Start importing Assets/GamerExtremo/res/NG.png using Guid(3c9a4bd0cd9feb04083f1d761c4ea2b1) Importer(2089858483,b0f066a214c2f5e87bad3c948f4d605d) (ScriptedImporter) -> (artifact id: '72c951e5da59b8118d87969160ecdc93') in 0.0128071 seconds
Number of updated asset objects reloaded before import = 0Number of asset objects unloaded after import = 3

========================================================================
Received Import Request.
  Time since last request: 0.000088 seconds.
  path: Assets/GamerExtremo/Resources/Player/crouch_walk (3).png
  artifactKey: Guid(a9be3ca186f2cd24bbf1d8b996ea3760) Importer(2089858483,b0f066a214c2f5e87bad3c948f4d605d)
Start importing Assets/GamerExtremo/Resources/Player/crouch_walk (3).png using Guid(a9be3ca186f2cd24bbf1d8b996ea3760) Importer(2089858483,b0f066a214c2f5e87bad3c948f4d605d) (ScriptedImporter) -> (artifact id: '89fb0ef2c9d9e514f9315d5d174683bd') in 0.0168993 seconds
Number of updated asset objects reloaded before import = 0Number of asset objects unloaded after import = 3

========================================================================
Received Import Request.
  Time since last request: 0.000024 seconds.
  path: Assets/GamerExtremo/RIP/Electric Puzzles_1.5/Pictures/wire_straight_block 1.png
  artifactKey: Guid(3b3977976819b894799cf6ebe20ae956) Importer(2089858483,b0f066a214c2f5e87bad3c948f4d605d)
Start importing Assets/GamerExtremo/RIP/Electric Puzzles_1.5/Pictures/wire_straight_block 1.png using Guid(3b3977976819b894799cf6ebe20ae956) Importer(2089858483,b0f066a214c2f5e87bad3c948f4d605d) (ScriptedImporter) -> (artifact id: '76ddf8ce4e7263ade7b07fcfd55ec7d3') in 0.0158109 seconds
Number of updated asset objects reloaded before import = 0Number of asset objects unloaded after import = 3

========================================================================
Received Import Request.
  Time since last request: 0.000026 seconds.
  path: Assets/GamerExtremo/res/Gw1.png
  artifactKey: Guid(f08fce8bf44943542a8e8e2cb0ecfd9e) Importer(2089858483,b0f066a214c2f5e87bad3c948f4d605d)
Start importing Assets/GamerExtremo/res/Gw1.png using Guid(f08fce8bf44943542a8e8e2cb0ecfd9e) Importer(2089858483,b0f066a214c2f5e87bad3c948f4d605d) (ScriptedImporter) -> (artifact id: '7d2ccff323b4f40eb7417611f4b66497') in 0.015871 seconds
Number of updated asset objects reloaded before import = 0Number of asset objects unloaded after import = 3

========================================================================
Received Import Request.
  Time since last request: 0.000034 seconds.
  path: Assets/GamerExtremo/RIP/Electric Puzzles_1.5/res/5D.9.png
  artifactKey: Guid(cef190ff7cfea094a85ca91941ea575d) Importer(2089858483,b0f066a214c2f5e87bad3c948f4d605d)
Start importing Assets/GamerExtremo/RIP/Electric Puzzles_1.5/res/5D.9.png using Guid(cef190ff7cfea094a85ca91941ea575d) Importer(2089858483,b0f066a214c2f5e87bad3c948f4d605d) (ScriptedImporter) -> (artifact id: '348924f6a78927bbbc65aed0ee748ef9') in 0.0142608 seconds
Number of updated asset objects reloaded before import = 0Number of asset objects unloaded after import = 3

========================================================================
Received Import Request.
  Time since last request: 0.000047 seconds.
  path: Assets/GamerExtremo/Resources/UI/buttons.png
  artifactKey: Guid(50080b0a8297ca443bb8580dcc1268f8) Importer(2089858483,b0f066a214c2f5e87bad3c948f4d605d)
Start importing Assets/GamerExtremo/Resources/UI/buttons.png using Guid(50080b0a8297ca443bb8580dcc1268f8) Importer(2089858483,b0f066a214c2f5e87bad3c948f4d605d) (ScriptedImporter) -> (artifact id: 'f9e5f219bff3d6b2246e84fe981f0226') in 0.2751817 seconds
Number of updated asset objects reloaded before import = 0Number of asset objects unloaded after import = 175

========================================================================
Received Import Request.
  Time since last request: 0.000044 seconds.
  path: Assets/GamerExtremo/Resources/Sounds/audio/Morte_Zumbi_01.ogg
  artifactKey: Guid(9eaaf9f5fcd547d45ba7aeb20ec3a556) Importer(2089858483,b0f066a214c2f5e87bad3c948f4d605d)
Start importing Assets/GamerExtremo/Resources/Sounds/audio/Morte_Zumbi_01.ogg using Guid(9eaaf9f5fcd547d45ba7aeb20ec3a556) Importer(2089858483,b0f066a214c2f5e87bad3c948f4d605d) (ScriptedImporter) -> (artifact id: 'a3057c6654ce41de1f78a582f12ab43e') in 0.020241 seconds
Number of updated asset objects reloaded before import = 0Number of asset objects unloaded after import = 1

========================================================================
Received Import Request.
  Time since last request: 0.000057 seconds.
  path: Assets/GamerExtremo/res/xT.xml
  artifactKey: Guid(21c17fc48302a12418ced5e7859f52b1) Importer(2089858483,b0f066a214c2f5e87bad3c948f4d605d)
Start importing Assets/GamerExtremo/res/xT.xml using Guid(21c17fc48302a12418ced5e7859f52b1) Importer(2089858483,b0f066a214c2f5e87bad3c948f4d605d) (ScriptedImporter) -> (artifact id: 'a15354079d5f50912b64f0aec52c4414') in 0.0059695 seconds
Number of updated asset objects reloaded before import = 0Number of asset objects unloaded after import = 1

========================================================================
Received Import Request.
  Time since last request: 0.000262 seconds.
  path: Assets/GamerExtremo/RIP/Electric Puzzles_1.5/res/_q1.png
  artifactKey: Guid(fe3a4ed5d4cd3d7458b55b07589cf7d7) Importer(2089858483,b0f066a214c2f5e87bad3c948f4d605d)
Start importing Assets/GamerExtremo/RIP/Electric Puzzles_1.5/res/_q1.png using Guid(fe3a4ed5d4cd3d7458b55b07589cf7d7) Importer(2089858483,b0f066a214c2f5e87bad3c948f4d605d) (ScriptedImporter) -> (artifact id: 'bbafbbb36a7e3ee90cae61ac07f9a791') in 0.0097775 seconds
Number of updated asset objects reloaded before import = 0Number of asset objects unloaded after import = 3

========================================================================
Received Import Request.
  Time since last request: 0.000018 seconds.
  path: Assets/GamerExtremo/RIP/Electric Puzzles_1.5/✅ New Folder/SETA PONTO/Fe.png
  artifactKey: Guid(cc2d100368e2f934f9953f0d8a22ebe5) Importer(2089858483,b0f066a214c2f5e87bad3c948f4d605d)
Start importing Assets/GamerExtremo/RIP/Electric Puzzles_1.5/✅ New Folder/SETA PONTO/Fe.png using Guid(cc2d100368e2f934f9953f0d8a22ebe5) Importer(2089858483,b0f066a214c2f5e87bad3c948f4d605d) (ScriptedImporter) -> (artifact id: '72a5a56531de42e9a22fa2dd29e1cf5f') in 0.0133091 seconds
Number of updated asset objects reloaded before import = 0Number of asset objects unloaded after import = 3

========================================================================
Received Import Request.
  Time since last request: 0.000021 seconds.
  path: Assets/GamerExtremo/RIP/Electric Puzzles_1.5/res/t9.png
  artifactKey: Guid(63e13a8e134da3147a00cdcab797c21f) Importer(2089858483,b0f066a214c2f5e87bad3c948f4d605d)
Start importing Assets/GamerExtremo/RIP/Electric Puzzles_1.5/res/t9.png using Guid(63e13a8e134da3147a00cdcab797c21f) Importer(2089858483,b0f066a214c2f5e87bad3c948f4d605d) (ScriptedImporter) -> (artifact id: '02cb5e8e84a4bc0db981c1734f4b4a69') in 0.0122412 seconds
Number of updated asset objects reloaded before import = 0Number of asset objects unloaded after import = 3

========================================================================
Received Import Request.
  Time since last request: 0.000021 seconds.
  path: Assets/GamerExtremo/RIP/Electric Puzzles_1.5/res/ZU.png
  artifactKey: Guid(0207c5cdbd0f72c4a974f27acf9d8bbc) Importer(2089858483,b0f066a214c2f5e87bad3c948f4d605d)
Start importing Assets/GamerExtremo/RIP/Electric Puzzles_1.5/res/ZU.png using Guid(0207c5cdbd0f72c4a974f27acf9d8bbc) Importer(2089858483,b0f066a214c2f5e87bad3c948f4d605d) (ScriptedImporter) -> (artifact id: '429cdc94b741bb47ab4d43c84f271e1d') in 0.0235871 seconds
Number of updated asset objects reloaded before import = 0Number of asset objects unloaded after import = 3

========================================================================
Received Import Request.
  Time since last request: 0.000027 seconds.
  path: Assets/GamerExtremo/RIP/Electric Puzzles_1.5/res/EP.png
  artifactKey: Guid(cf35bb88443e507499aab1f6fe237047) Importer(2089858483,b0f066a214c2f5e87bad3c948f4d605d)
Start importing Assets/GamerExtremo/RIP/Electric Puzzles_1.5/res/EP.png using Guid(cf35bb88443e507499aab1f6fe237047) Importer(2089858483,b0f066a214c2f5e87bad3c948f4d605d) (ScriptedImporter) -> (artifact id: '4eda2e3f1d2398dc07f90090991d3528') in 0.0113126 seconds
Number of updated asset objects reloaded before import = 0Number of asset objects unloaded after import = 3

========================================================================
Received Import Request.
  Time since last request: 0.000687 seconds.
  path: Assets/GamerExtremo/res/4_.xml
  artifactKey: Guid(6b676c9f3735f2a41a8c4aa96352fd23) Importer(2089858483,b0f066a214c2f5e87bad3c948f4d605d)
Start importing Assets/GamerExtremo/res/4_.xml using Guid(6b676c9f3735f2a41a8c4aa96352fd23) Importer(2089858483,b0f066a214c2f5e87bad3c948f4d605d) (ScriptedImporter) -> (artifact id: '75d6d23ba8eb4279e0d9e5523fd3ca04') in 0.0052958 seconds
Number of updated asset objects reloaded before import = 0Number of asset objects unloaded after import = 1

========================================================================
Received Import Request.
  Time since last request: 0.000128 seconds.
  path: Assets/GamerExtremo/RIP/Electric Puzzles_1.5/✅ New Folder/CIRCLE/CIRCLE GRAY EMPTY/iy1.png
  artifactKey: Guid(c064e84168aa1d64dbbdecf512c8296e) Importer(2089858483,b0f066a214c2f5e87bad3c948f4d605d)
Start importing Assets/GamerExtremo/RIP/Electric Puzzles_1.5/✅ New Folder/CIRCLE/CIRCLE GRAY EMPTY/iy1.png using Guid(c064e84168aa1d64dbbdecf512c8296e) Importer(2089858483,b0f066a214c2f5e87bad3c948f4d605d) (ScriptedImporter) -> (artifact id: 'cacc7134ea147c0b9e2c84d1bba9bb71') in 0.0149146 seconds
Number of updated asset objects reloaded before import = 0Number of asset objects unloaded after import = 3

========================================================================
Received Import Request.
  Time since last request: 0.000041 seconds.
  path: Assets/GamerExtremo/res/0w.xml
  artifactKey: Guid(2f51123fae42667449e867e1293c65c7) Importer(2089858483,b0f066a214c2f5e87bad3c948f4d605d)
Start importing Assets/GamerExtremo/res/0w.xml using Guid(2f51123fae42667449e867e1293c65c7) Importer(2089858483,b0f066a214c2f5e87bad3c948f4d605d) (ScriptedImporter) -> (artifact id: 'eeb1c98704733a43ba405f7ca1bd294b') in 0.0067111 seconds
Number of updated asset objects reloaded before import = 0Number of asset objects unloaded after import = 1

========================================================================
Received Import Request.
  Time since last request: 0.000165 seconds.
  path: Assets/GamerExtremo/res/7Q.png
  artifactKey: Guid(d41619ef89cd9e2479a265a3322b5eaa) Importer(2089858483,b0f066a214c2f5e87bad3c948f4d605d)
Start importing Assets/GamerExtremo/res/7Q.png using Guid(d41619ef89cd9e2479a265a3322b5eaa) Importer(2089858483,b0f066a214c2f5e87bad3c948f4d605d) (ScriptedImporter) -> (artifact id: 'd16b8cc3ae6a92f22135c75c3ddefb61') in 0.0107595 seconds
Number of updated asset objects reloaded before import = 0Number of asset objects unloaded after import = 3

========================================================================
Received Import Request.
  Time since last request: 0.000028 seconds.
  path: Assets/GamerExtremo/res/pm.png
  artifactKey: Guid(1b26cd8e09b5a464a9d77af536f5f127) Importer(2089858483,b0f066a214c2f5e87bad3c948f4d605d)
Start importing Assets/GamerExtremo/res/pm.png using Guid(1b26cd8e09b5a464a9d77af536f5f127) Importer(2089858483,b0f066a214c2f5e87bad3c948f4d605d) (ScriptedImporter) -> (artifact id: '972f1f4d5844c56bd8e2d7f6d4576d32') in 0.0083553 seconds
Number of updated asset objects reloaded before import = 0Number of asset objects unloaded after import = 3

========================================================================
Received Import Request.
  Time since last request: 0.000024 seconds.
  path: Assets/GamerExtremo/RIP/Electric Puzzles_1.5/✅ New Folder/XML/hP1.xml
  artifactKey: Guid(7cf2b29a830d8cb478e3e220451c8f4f) Importer(2089858483,b0f066a214c2f5e87bad3c948f4d605d)
Start importing Assets/GamerExtremo/RIP/Electric Puzzles_1.5/✅ New Folder/XML/hP1.xml using Guid(7cf2b29a830d8cb478e3e220451c8f4f) Importer(2089858483,b0f066a214c2f5e87bad3c948f4d605d) (ScriptedImporter) -> (artifact id: '1aa4eb598fd53c85d3fd7076301a3409') in 0.0057263 seconds
Number of updated asset objects reloaded before import = 0Number of asset objects unloaded after import = 1

========================================================================
Received Import Request.
  Time since last request: 0.000090 seconds.
  path: Assets/GamerExtremo/RIP/Electric Puzzles_1.5/res/Tl.xml
  artifactKey: Guid(05516662d8423c64aab35e6db8adaed1) Importer(2089858483,b0f066a214c2f5e87bad3c948f4d605d)
Start importing Assets/GamerExtremo/RIP/Electric Puzzles_1.5/res/Tl.xml using Guid(05516662d8423c64aab35e6db8adaed1) Importer(2089858483,b0f066a214c2f5e87bad3c948f4d605d) (ScriptedImporter) -> (artifact id: '874462d1412a5de0d94b58f7ceb6937a') in 0.0067653 seconds
Number of updated asset objects reloaded before import = 0Number of asset objects unloaded after import = 1

========================================================================
Received Import Request.
  Time since last request: 0.000156 seconds.
  path: Assets/GamerExtremo/RIP/Electric Puzzles_1.5/res/color/abc_background_cache_hint_selector_material_light.xml
  artifactKey: Guid(79752033cda86994cbf11073724cb4b7) Importer(2089858483,b0f066a214c2f5e87bad3c948f4d605d)
Start importing Assets/GamerExtremo/RIP/Electric Puzzles_1.5/res/color/abc_background_cache_hint_selector_material_light.xml using Guid(79752033cda86994cbf11073724cb4b7) Importer(2089858483,b0f066a214c2f5e87bad3c948f4d605d) (ScriptedImporter) -> (artifact id: 'f61594b75dd541fbca4c259aa6e6b962') in 0.0060347 seconds
Number of updated asset objects reloaded before import = 0Number of asset objects unloaded after import = 1

========================================================================
Received Import Request.
  Time since last request: 0.000093 seconds.
  path: Assets/GamerExtremo/RIP/Electric Puzzles_1.5/res/hj.png
  artifactKey: Guid(9670a56c1258a2a41be88fbefee3c0d1) Importer(2089858483,b0f066a214c2f5e87bad3c948f4d605d)
Start importing Assets/GamerExtremo/RIP/Electric Puzzles_1.5/res/hj.png using Guid(9670a56c1258a2a41be88fbefee3c0d1) Importer(2089858483,b0f066a214c2f5e87bad3c948f4d605d) (ScriptedImporter) -> (artifact id: 'c659f8ab1b7e4bd3cbe4d68e68823460') in 0.012603 seconds
Number of updated asset objects reloaded before import = 0Number of asset objects unloaded after import = 3

========================================================================
Received Import Request.
  Time since last request: 0.000016 seconds.
  path: Assets/GamerExtremo/res/qJ.png
  artifactKey: Guid(1459337252c29ce49b929a38d08fc42a) Importer(2089858483,b0f066a214c2f5e87bad3c948f4d605d)
Start importing Assets/GamerExtremo/res/qJ.png using Guid(1459337252c29ce49b929a38d08fc42a) Importer(2089858483,b0f066a214c2f5e87bad3c948f4d605d) (ScriptedImporter) -> (artifact id: 'b22d2b1665e57fd0c4d9c5cbfa011b9c') in 0.008769 seconds
Number of updated asset objects reloaded before import = 0Number of asset objects unloaded after import = 3

========================================================================
Received Import Request.
  Time since last request: 0.000020 seconds.
  path: Assets/GamerExtremo/res/5_.png
  artifactKey: Guid(4a98f199f70c34b468e8769bdce9cae4) Importer(2089858483,b0f066a214c2f5e87bad3c948f4d605d)
Start importing Assets/GamerExtremo/res/5_.png using Guid(4a98f199f70c34b468e8769bdce9cae4) Importer(2089858483,b0f066a214c2f5e87bad3c948f4d605d) (ScriptedImporter) -> (artifact id: 'ad9621b159271209748b4b2674753375') in 0.0105552 seconds
Number of updated asset objects reloaded before import = 0Number of asset objects unloaded after import = 3

========================================================================
Received Import Request.
  Time since last request: 0.000017 seconds.
  path: Assets/GamerExtremo/res/YD.png
  artifactKey: Guid(810a8246efb760d4392b665615fb2e86) Importer(2089858483,b0f066a214c2f5e87bad3c948f4d605d)
Start importing Assets/GamerExtremo/res/YD.png using Guid(810a8246efb760d4392b665615fb2e86) Importer(2089858483,b0f066a214c2f5e87bad3c948f4d605d) (ScriptedImporter) -> (artifact id: 'b342da874e7ccbeb4959fdf188febd72') in 0.0107956 seconds
Number of updated asset objects reloaded before import = 0Number of asset objects unloaded after import = 3

========================================================================
Received Import Request.
  Time since last request: 0.000032 seconds.
  path: Assets/GamerExtremo/RIP/Electric Puzzles_1.5/✅ New Folder/TWO POINTS/DS.png
  artifactKey: Guid(78445db7eb1bc884da5cb5101fe92d9f) Importer(2089858483,b0f066a214c2f5e87bad3c948f4d605d)
Start importing Assets/GamerExtremo/RIP/Electric Puzzles_1.5/✅ New Folder/TWO POINTS/DS.png using Guid(78445db7eb1bc884da5cb5101fe92d9f) Importer(2089858483,b0f066a214c2f5e87bad3c948f4d605d) (ScriptedImporter) -> (artifact id: 'b225c50ecfdbc4314993084a56aaeca6') in 0.0113493 seconds
Number of updated asset objects reloaded before import = 0Number of asset objects unloaded after import = 3

========================================================================
Received Import Request.
  Time since last request: 0.000025 seconds.
  path: Assets/GamerExtremo/RIP/Electric Puzzles_1.5/res/TE.png
  artifactKey: Guid(fdcc1da31b27ba348b0dcd3f92554473) Importer(2089858483,b0f066a214c2f5e87bad3c948f4d605d)
Start importing Assets/GamerExtremo/RIP/Electric Puzzles_1.5/res/TE.png using Guid(fdcc1da31b27ba348b0dcd3f92554473) Importer(2089858483,b0f066a214c2f5e87bad3c948f4d605d) (ScriptedImporter) -> (artifact id: '63c96de54bdf7b1b3f77660eb6ba3924') in 0.0123183 seconds
Number of updated asset objects reloaded before import = 0Number of asset objects unloaded after import = 3

========================================================================
Received Import Request.
  Time since last request: 0.000036 seconds.
  path: Assets/GamerExtremo/RIP/Electric Puzzles_1.5/res/aH.png
  artifactKey: Guid(c683a37d19ccff34ab2a8fa8994424ad) Importer(2089858483,b0f066a214c2f5e87bad3c948f4d605d)
Start importing Assets/GamerExtremo/RIP/Electric Puzzles_1.5/res/aH.png using Guid(c683a37d19ccff34ab2a8fa8994424ad) Importer(2089858483,b0f066a214c2f5e87bad3c948f4d605d) (ScriptedImporter) -> (artifact id: '2be51dfedfe9c44ae422f78f34ee92db') in 0.0119759 seconds
Number of updated asset objects reloaded before import = 0Number of asset objects unloaded after import = 3

========================================================================
Received Import Request.
  Time since last request: 0.000030 seconds.
  path: Assets/GamerExtremo/RIP/Electric Puzzles_1.5/res/YD.png
  artifactKey: Guid(d685ca56a879d6e41bcb7f271df3e723) Importer(2089858483,b0f066a214c2f5e87bad3c948f4d605d)
Start importing Assets/GamerExtremo/RIP/Electric Puzzles_1.5/res/YD.png using Guid(d685ca56a879d6e41bcb7f271df3e723) Importer(2089858483,b0f066a214c2f5e87bad3c948f4d605d) (ScriptedImporter) -> (artifact id: '3d61cc00e89ddef310bdc3feb838d004') in 0.0132947 seconds
Number of updated asset objects reloaded before import = 0Number of asset objects unloaded after import = 3

========================================================================
Received Import Request.
  Time since last request: 0.000032 seconds.
  path: Assets/GamerExtremo/res/wn.png
  artifactKey: Guid(a022fb7cf6d9dbd4eafebf273c940d32) Importer(2089858483,b0f066a214c2f5e87bad3c948f4d605d)
Start importing Assets/GamerExtremo/res/wn.png using Guid(a022fb7cf6d9dbd4eafebf273c940d32) Importer(2089858483,b0f066a214c2f5e87bad3c948f4d605d) (ScriptedImporter) -> (artifact id: 'deb15906efb86ced219dd23213def73c') in 0.015441 seconds
Number of updated asset objects reloaded before import = 0Number of asset objects unloaded after import = 3

========================================================================
Received Import Request.
  Time since last request: 0.000021 seconds.
  path: Assets/GamerExtremo/res/Fe.png
  artifactKey: Guid(a6517c8d40bfa084fb745d21315987aa) Importer(2089858483,b0f066a214c2f5e87bad3c948f4d605d)
Start importing Assets/GamerExtremo/res/Fe.png using Guid(a6517c8d40bfa084fb745d21315987aa) Importer(2089858483,b0f066a214c2f5e87bad3c948f4d605d) (ScriptedImporter) -> (artifact id: '2da0efef275e37a52296ae331ff6ea1a') in 0.0081291 seconds
Number of updated asset objects reloaded before import = 0Number of asset objects unloaded after import = 3

========================================================================
Received Import Request.
  Time since last request: 0.000021 seconds.
  path: Assets/GamerExtremo/Thanks.unity
  artifactKey: Guid(96266c437d955364a88ff395f1472948) Importer(2089858483,b0f066a214c2f5e87bad3c948f4d605d)
Start importing Assets/GamerExtremo/Thanks.unity using Guid(96266c437d955364a88ff395f1472948) Importer(2089858483,b0f066a214c2f5e87bad3c948f4d605d) (ScriptedImporter) -> (artifact id: '33d7ed5fbeb129d2ab2ab0f7d97909ca') in 0.0070117 seconds
Number of updated asset objects reloaded before import = 0Number of asset objects unloaded after import = 1

========================================================================
Received Import Request.
  Time since last request: 0.000143 seconds.
  path: Assets/GamerExtremo/res/62.9.png
  artifactKey: Guid(aeda069f4ff8cbf49844129c8bc16765) Importer(2089858483,b0f066a214c2f5e87bad3c948f4d605d)
Start importing Assets/GamerExtremo/res/62.9.png using Guid(aeda069f4ff8cbf49844129c8bc16765) Importer(2089858483,b0f066a214c2f5e87bad3c948f4d605d) (ScriptedImporter) -> (artifact id: '0fa2c8b2fd422e04bca5e23dc0dc1d3e') in 0.009399 seconds
Number of updated asset objects reloaded before import = 0Number of asset objects unloaded after import = 3

========================================================================
Received Import Request.
  Time since last request: 0.000019 seconds.
  path: Assets/GamerExtremo/res/ta.png
  artifactKey: Guid(9422b1111c0066747ac80a8a86dca237) Importer(2089858483,b0f066a214c2f5e87bad3c948f4d605d)
Start importing Assets/GamerExtremo/res/ta.png using Guid(9422b1111c0066747ac80a8a86dca237) Importer(2089858483,b0f066a214c2f5e87bad3c948f4d605d) (ScriptedImporter) -> (artifact id: 'a802b84cc9a1036832e5ab1abe5777d6') in 0.0106865 seconds
Number of updated asset objects reloaded before import = 0Number of asset objects unloaded after import = 3

========================================================================
Received Import Request.
  Time since last request: 0.000020 seconds.
  path: Assets/GamerExtremo/res/c71.png
  artifactKey: Guid(2f6981f835e72464bb720d0d50f2c4e6) Importer(2089858483,b0f066a214c2f5e87bad3c948f4d605d)
Start importing Assets/GamerExtremo/res/c71.png using Guid(2f6981f835e72464bb720d0d50f2c4e6) Importer(2089858483,b0f066a214c2f5e87bad3c948f4d605d) (ScriptedImporter) -> (artifact id: '7b06e0aac554c36d2facc4e4473a45fc') in 0.0067971 seconds
Number of updated asset objects reloaded before import = 0Number of asset objects unloaded after import = 3

========================================================================
Received Import Request.
  Time since last request: 0.000017 seconds.
  path: Assets/GamerExtremo/RIP/Electric Puzzles_1.5/✅ New Folder/GOTA/2/UR.png
  artifactKey: Guid(3cbb48f8ba691414e84cc1543b212b2f) Importer(2089858483,b0f066a214c2f5e87bad3c948f4d605d)
Start importing Assets/GamerExtremo/RIP/Electric Puzzles_1.5/✅ New Folder/GOTA/2/UR.png using Guid(3cbb48f8ba691414e84cc1543b212b2f) Importer(2089858483,b0f066a214c2f5e87bad3c948f4d605d) (ScriptedImporter) -> (artifact id: '4b8f3fe0e8bf05a550e79a9b9a083928') in 0.0078015 seconds
Number of updated asset objects reloaded before import = 0Number of asset objects unloaded after import = 3

========================================================================
Received Import Request.
  Time since last request: 0.000025 seconds.
  path: Assets/GamerExtremo/Resources/Background/logo.png
  artifactKey: Guid(4db3cd1bd5ba0ba4bbb16e188e677811) Importer(2089858483,b0f066a214c2f5e87bad3c948f4d605d)
Start importing Assets/GamerExtremo/Resources/Background/logo.png using Guid(4db3cd1bd5ba0ba4bbb16e188e677811) Importer(2089858483,b0f066a214c2f5e87bad3c948f4d605d) (ScriptedImporter) -> (artifact id: 'a27986a834a7bb1c5c83af1083e379aa') in 0.0116243 seconds
Number of updated asset objects reloaded before import = 0Number of asset objects unloaded after import = 3

========================================================================
Received Import Request.
  Time since last request: 0.000110 seconds.
  path: Assets/GamerExtremo/res/pU.xml
  artifactKey: Guid(e18bdd240e46eb44394bb1740c957f12) Importer(2089858483,b0f066a214c2f5e87bad3c948f4d605d)
Start importing Assets/GamerExtremo/res/pU.xml using Guid(e18bdd240e46eb44394bb1740c957f12) Importer(2089858483,b0f066a214c2f5e87bad3c948f4d605d) (ScriptedImporter) -> (artifact id: '2912de44e7e91859075a49e5c5cba8df') in 0.003389 seconds
Number of updated asset objects reloaded before import = 0Number of asset objects unloaded after import = 1

========================================================================
Received Import Request.
  Time since last request: 0.000104 seconds.
  path: Assets/GamerExtremo/RIP/Electric Puzzles_1.5/res/sj1.png
  artifactKey: Guid(122dbfdc5da6e7a4bb146a2f97ac570c) Importer(2089858483,b0f066a214c2f5e87bad3c948f4d605d)
Start importing Assets/GamerExtremo/RIP/Electric Puzzles_1.5/res/sj1.png using Guid(122dbfdc5da6e7a4bb146a2f97ac570c) Importer(2089858483,b0f066a214c2f5e87bad3c948f4d605d) (ScriptedImporter) -> (artifact id: '86da198aaa188eeca04aa0578721ab59') in 0.0080698 seconds
Number of updated asset objects reloaded before import = 0Number of asset objects unloaded after import = 3

========================================================================
Received Import Request.
  Time since last request: 0.000058 seconds.
  path: Assets/GamerExtremo/res/k_.xml
  artifactKey: Guid(8ebf61fba7a09a84c8b89021ab3a8c3c) Importer(2089858483,b0f066a214c2f5e87bad3c948f4d605d)
Start importing Assets/GamerExtremo/res/k_.xml using Guid(8ebf61fba7a09a84c8b89021ab3a8c3c) Importer(2089858483,b0f066a214c2f5e87bad3c948f4d605d) (ScriptedImporter) -> (artifact id: '4ebfed024a543286bf08053f2ecb9709') in 0.0037608 seconds
Number of updated asset objects reloaded before import = 0Number of asset objects unloaded after import = 1

========================================================================
Received Import Request.
  Time since last request: 0.000094 seconds.
  path: Assets/GamerExtremo/Resources/Enemy1/skeleton_1_walk (12).png
  artifactKey: Guid(6d564cc84e12d87408ec104b2c31bcde) Importer(2089858483,b0f066a214c2f5e87bad3c948f4d605d)
Start importing Assets/GamerExtremo/Resources/Enemy1/skeleton_1_walk (12).png using Guid(6d564cc84e12d87408ec104b2c31bcde) Importer(2089858483,b0f066a214c2f5e87bad3c948f4d605d) (ScriptedImporter) -> (artifact id: 'a9e071895f9d38373118e3387158038e') in 0.0112513 seconds
Number of updated asset objects reloaded before import = 0Number of asset objects unloaded after import = 3

========================================================================
Received Import Request.
  Time since last request: 0.000020 seconds.
  path: Assets/GamerExtremo/res/pk.png
  artifactKey: Guid(ec0e8c9c549b80b45b39c529adf9d505) Importer(2089858483,b0f066a214c2f5e87bad3c948f4d605d)
Start importing Assets/GamerExtremo/res/pk.png using Guid(ec0e8c9c549b80b45b39c529adf9d505) Importer(2089858483,b0f066a214c2f5e87bad3c948f4d605d) (ScriptedImporter) -> (artifact id: '543636915df4bfa2410c4c4ad89049a4') in 0.0079898 seconds
Number of updated asset objects reloaded before import = 0Number of asset objects unloaded after import = 3

========================================================================
Received Import Request.
  Time since last request: 0.000018 seconds.
  path: Assets/GamerExtremo/res/hh.9.png
  artifactKey: Guid(794664e0d22dcd44d994c31974c8168a) Importer(2089858483,b0f066a214c2f5e87bad3c948f4d605d)
Start importing Assets/GamerExtremo/res/hh.9.png using Guid(794664e0d22dcd44d994c31974c8168a) Importer(2089858483,b0f066a214c2f5e87bad3c948f4d605d) (ScriptedImporter) -> (artifact id: '16f960e4fda674c8bb65664270ec8f88') in 0.0076181 seconds
Number of updated asset objects reloaded before import = 0Number of asset objects unloaded after import = 3

========================================================================
Received Import Request.
  Time since last request: 0.000016 seconds.
  path: Assets/GamerExtremo/RIP/Electric Puzzles_1.5/res/xj.xml
  artifactKey: Guid(34d59f6c049f5a64783469b779229937) Importer(2089858483,b0f066a214c2f5e87bad3c948f4d605d)
Start importing Assets/GamerExtremo/RIP/Electric Puzzles_1.5/res/xj.xml using Guid(34d59f6c049f5a64783469b779229937) Importer(2089858483,b0f066a214c2f5e87bad3c948f4d605d) (ScriptedImporter) -> (artifact id: '765bd33df1f775be3b7a27848a3f267f') in 0.0040873 seconds
Number of updated asset objects reloaded before import = 0Number of asset objects unloaded after import = 1

========================================================================
Received Import Request.
  Time since last request: 0.000111 seconds.
  path: Assets/GamerExtremo/RIP/Electric Puzzles_1.5/✅ New Folder/XML/S8.xml
  artifactKey: Guid(097c27ba9fca43c478a19e112792b389) Importer(2089858483,b0f066a214c2f5e87bad3c948f4d605d)
Start importing Assets/GamerExtremo/RIP/Electric Puzzles_1.5/✅ New Folder/XML/S8.xml using Guid(097c27ba9fca43c478a19e112792b389) Importer(2089858483,b0f066a214c2f5e87bad3c948f4d605d) (ScriptedImporter) -> (artifact id: 'b09b1b5c96906d9a4c3d3157ef3c6c4a') in 0.0038536 seconds
Number of updated asset objects reloaded before import = 0Number of asset objects unloaded after import = 1

========================================================================
Received Import Request.
  Time since last request: 0.000150 seconds.
  path: Assets/GamerExtremo/RIP/Electric Puzzles_1.5/res/1e.png
  artifactKey: Guid(a5c15a35284583641a5ac82ebbd24480) Importer(2089858483,b0f066a214c2f5e87bad3c948f4d605d)
Start importing Assets/GamerExtremo/RIP/Electric Puzzles_1.5/res/1e.png using Guid(a5c15a35284583641a5ac82ebbd24480) Importer(2089858483,b0f066a214c2f5e87bad3c948f4d605d) (ScriptedImporter) -> (artifact id: 'a6a6e907fe75592edbe3144a40cf3a9a') in 0.0085072 seconds
Number of updated asset objects reloaded before import = 0Number of asset objects unloaded after import = 3

========================================================================
Received Import Request.
  Time since last request: 0.000015 seconds.
  path: Assets/GamerExtremo/RIP/Electric Puzzles_1.5/✅ New Folder/XML/7N.xml
  artifactKey: Guid(57c7b57805fb3b6409e7773d6d1bc144) Importer(2089858483,b0f066a214c2f5e87bad3c948f4d605d)
Start importing Assets/GamerExtremo/RIP/Electric Puzzles_1.5/✅ New Folder/XML/7N.xml using Guid(57c7b57805fb3b6409e7773d6d1bc144) Importer(2089858483,b0f066a214c2f5e87bad3c948f4d605d) (ScriptedImporter) -> (artifact id: 'ea2ab5d46fe3432ece002cf2463f6521') in 0.0038193 seconds
Number of updated asset objects reloaded before import = 0Number of asset objects unloaded after import = 1

========================================================================
Received Import Request.
  Time since last request: 0.000089 seconds.
  path: Assets/GamerExtremo/Resources
  artifactKey: Guid(5c0832de7678e934da4fa3e73d13fd02) Importer(2089858483,b0f066a214c2f5e87bad3c948f4d605d)
Start importing Assets/GamerExtremo/Resources using Guid(5c0832de7678e934da4fa3e73d13fd02) Importer(2089858483,b0f066a214c2f5e87bad3c948f4d605d) (ScriptedImporter) -> (artifact id: '18e15ffe1c18899e2ae9fc0044d07a7a') in 0.0027809 seconds
Number of updated asset objects reloaded before import = 0Number of asset objects unloaded after import = 1

========================================================================
Received Import Request.
  Time since last request: 0.000136 seconds.
  path: Assets/GamerExtremo/RIP/Electric Puzzles_1.5/FIOS
  artifactKey: Guid(990aa76a0d7db8e4eb5d413faf61f94f) Importer(2089858483,b0f066a214c2f5e87bad3c948f4d605d)
Start importing Assets/GamerExtremo/RIP/Electric Puzzles_1.5/FIOS using Guid(990aa76a0d7db8e4eb5d413faf61f94f) Importer(2089858483,b0f066a214c2f5e87bad3c948f4d605d) (ScriptedImporter) -> (artifact id: 'f8131db94e089f7fdc64c8b8f662173e') in 0.0042531 seconds
Number of updated asset objects reloaded before import = 0Number of asset objects unloaded after import = 1

========================================================================
Received Import Request.
  Time since last request: 0.000183 seconds.
  path: Assets/GamerExtremo/RIP/Electric Puzzles_1.5/res/py.9.png
  artifactKey: Guid(dcab4061b1bf108429e2a42b4095c74b) Importer(2089858483,b0f066a214c2f5e87bad3c948f4d605d)
Start importing Assets/GamerExtremo/RIP/Electric Puzzles_1.5/res/py.9.png using Guid(dcab4061b1bf108429e2a42b4095c74b) Importer(2089858483,b0f066a214c2f5e87bad3c948f4d605d) (ScriptedImporter) -> (artifact id: '1008bdb3d803b24ec67d95081c14ddc0') in 0.0105163 seconds
Number of updated asset objects reloaded before import = 0Number of asset objects unloaded after import = 3

========================================================================
Received Import Request.
  Time since last request: 0.000021 seconds.
  path: Assets/GamerExtremo/RIP/Electric Puzzles_1.5/res/4L.png
  artifactKey: Guid(bbaf5adc293ce8545a380c685c5641f5) Importer(2089858483,b0f066a214c2f5e87bad3c948f4d605d)
Start importing Assets/GamerExtremo/RIP/Electric Puzzles_1.5/res/4L.png using Guid(bbaf5adc293ce8545a380c685c5641f5) Importer(2089858483,b0f066a214c2f5e87bad3c948f4d605d) (ScriptedImporter) -> (artifact id: '1f9e7de546c897b46190b10748e26901') in 0.0080265 seconds
Number of updated asset objects reloaded before import = 0Number of asset objects unloaded after import = 3

========================================================================
Received Import Request.
  Time since last request: 0.000032 seconds.
  path: Assets/GamerExtremo/res/cW1.png
  artifactKey: Guid(3f5f2dbc4f5ad6c4282d3b9bdd500d33) Importer(2089858483,b0f066a214c2f5e87bad3c948f4d605d)
Start importing Assets/GamerExtremo/res/cW1.png using Guid(3f5f2dbc4f5ad6c4282d3b9bdd500d33) Importer(2089858483,b0f066a214c2f5e87bad3c948f4d605d) (ScriptedImporter) -> (artifact id: '04df95c2325ecc6606d8a29f026c3ad2') in 0.0113409 seconds
Number of updated asset objects reloaded before import = 0Number of asset objects unloaded after import = 3

========================================================================
Received Import Request.
  Time since last request: 0.000017 seconds.
  path: Assets/GamerExtremo/Resources/Sounds/Bonus.wav
  artifactKey: Guid(60c9b02ea3ef203489cf34f4f4e29150) Importer(2089858483,b0f066a214c2f5e87bad3c948f4d605d)
Start importing Assets/GamerExtremo/Resources/Sounds/Bonus.wav using Guid(60c9b02ea3ef203489cf34f4f4e29150) Importer(2089858483,b0f066a214c2f5e87bad3c948f4d605d) (ScriptedImporter) -> (artifact id: '688de8cca05a84df830aa5682e1ace99') in 0.013548 seconds
Number of updated asset objects reloaded before import = 0Number of asset objects unloaded after import = 1

========================================================================
Received Import Request.
  Time since last request: 0.000019 seconds.
  path: Assets/GamerExtremo/res/c6.xml
  artifactKey: Guid(7a5f19ee1ea8fbf409003547fa5473b0) Importer(2089858483,b0f066a214c2f5e87bad3c948f4d605d)
Start importing Assets/GamerExtremo/res/c6.xml using Guid(7a5f19ee1ea8fbf409003547fa5473b0) Importer(2089858483,b0f066a214c2f5e87bad3c948f4d605d) (ScriptedImporter) -> (artifact id: '4ece38150288a0b81b60143019089d0d') in 0.0035889 seconds
Number of updated asset objects reloaded before import = 0Number of asset objects unloaded after import = 1

========================================================================
Received Import Request.
  Time since last request: 0.000141 seconds.
  path: Assets/GamerExtremo/RIP/Electric Puzzles_1.5/✅ New Folder/CIRCLE/CIRCLE ADS/GV.png
  artifactKey: Guid(9ced5744e7d61074385e30c4a078def9) Importer(2089858483,b0f066a214c2f5e87bad3c948f4d605d)
Start importing Assets/GamerExtremo/RIP/Electric Puzzles_1.5/✅ New Folder/CIRCLE/CIRCLE ADS/GV.png using Guid(9ced5744e7d61074385e30c4a078def9) Importer(2089858483,b0f066a214c2f5e87bad3c948f4d605d) (ScriptedImporter) -> (artifact id: '0cb1361d9fbc9401b58911f6745673b4') in 0.0092804 seconds
Number of updated asset objects reloaded before import = 0Number of asset objects unloaded after import = 3

========================================================================
Received Import Request.
  Time since last request: 0.000018 seconds.
  path: Assets/GamerExtremo/Pictures/Paisagens/baixados (3).jpg
  artifactKey: Guid(cfebf5c9021f5d94fb9bf69a0a3aeab4) Importer(2089858483,b0f066a214c2f5e87bad3c948f4d605d)
Start importing Assets/GamerExtremo/Pictures/Paisagens/baixados (3).jpg using Guid(cfebf5c9021f5d94fb9bf69a0a3aeab4) Importer(2089858483,b0f066a214c2f5e87bad3c948f4d605d) (ScriptedImporter) -> (artifact id: '831e227db8a52493b9c51c1cafdc0cbb') in 0.0090722 seconds
Number of updated asset objects reloaded before import = 0Number of asset objects unloaded after import = 3

========================================================================
Received Import Request.
  Time since last request: 0.000016 seconds.
  path: Assets/GamerExtremo/res/c5.xml
  artifactKey: Guid(f016eab14681b0f419bd6731fd970704) Importer(2089858483,b0f066a214c2f5e87bad3c948f4d605d)
Start importing Assets/GamerExtremo/res/c5.xml using Guid(f016eab14681b0f419bd6731fd970704) Importer(2089858483,b0f066a214c2f5e87bad3c948f4d605d) (ScriptedImporter) -> (artifact id: 'd3c8f3f771aeddd464afb76944f389e8') in 0.0038841 seconds
Number of updated asset objects reloaded before import = 0Number of asset objects unloaded after import = 1

========================================================================
Received Import Request.
  Time since last request: 0.000140 seconds.
  path: Assets/GamerExtremo/res/46.xml
  artifactKey: Guid(dc16a609cfab9ef49a6d37034c9c3270) Importer(2089858483,b0f066a214c2f5e87bad3c948f4d605d)
Start importing Assets/GamerExtremo/res/46.xml using Guid(dc16a609cfab9ef49a6d37034c9c3270) Importer(2089858483,b0f066a214c2f5e87bad3c948f4d605d) (ScriptedImporter) -> (artifact id: '96cdcf0e2009dafc5068aea171f3a30f') in 0.0044421 seconds
Number of updated asset objects reloaded before import = 0Number of asset objects unloaded after import = 1

========================================================================
Received Import Request.
  Time since last request: 0.000172 seconds.
  path: Assets/GamerExtremo/Resources/Enemy2/skeleton_2_attack (1).png
  artifactKey: Guid(9996394908c3fd4419f9c7bca991f43b) Importer(2089858483,b0f066a214c2f5e87bad3c948f4d605d)
Start importing Assets/GamerExtremo/Resources/Enemy2/skeleton_2_attack (1).png using Guid(9996394908c3fd4419f9c7bca991f43b) Importer(2089858483,b0f066a214c2f5e87bad3c948f4d605d) (ScriptedImporter) -> (artifact id: 'e346a0a1164bf6140ee60896b347f448') in 0.0103844 seconds
Number of updated asset objects reloaded before import = 0Number of asset objects unloaded after import = 3

========================================================================
Received Import Request.
  Time since last request: 0.000022 seconds.
  path: Assets/GamerExtremo/RIP/Electric Puzzles_1.5/res/color/switch_thumb_material_dark.xml
  artifactKey: Guid(159cabaed5f20404eb039059b7e42884) Importer(2089858483,b0f066a214c2f5e87bad3c948f4d605d)
Start importing Assets/GamerExtremo/RIP/Electric Puzzles_1.5/res/color/switch_thumb_material_dark.xml using Guid(159cabaed5f20404eb039059b7e42884) Importer(2089858483,b0f066a214c2f5e87bad3c948f4d605d) (ScriptedImporter) -> (artifact id: '806964d0e06639aa173d9445ef225458') in 0.0040772 seconds
Number of updated asset objects reloaded before import = 0Number of asset objects unloaded after import = 1

========================================================================
Received Import Request.
  Time since last request: 0.000176 seconds.
  path: Assets/GamerExtremo/res/Th.png
  artifactKey: Guid(b731607018ca50745974599f9ba9354d) Importer(2089858483,b0f066a214c2f5e87bad3c948f4d605d)
Start importing Assets/GamerExtremo/res/Th.png using Guid(b731607018ca50745974599f9ba9354d) Importer(2089858483,b0f066a214c2f5e87bad3c948f4d605d) (ScriptedImporter) -> (artifact id: 'ed3b12238cf4946f04c4e4d3794fd388') in 0.0116636 seconds
Number of updated asset objects reloaded before import = 0Number of asset objects unloaded after import = 3

========================================================================
Received Import Request.
  Time since last request: 0.000019 seconds.
  path: Assets/GamerExtremo/res/7N.xml
  artifactKey: Guid(9956e9c50be98e74ea4fb29c5e432114) Importer(2089858483,b0f066a214c2f5e87bad3c948f4d605d)
Start importing Assets/GamerExtremo/res/7N.xml using Guid(9956e9c50be98e74ea4fb29c5e432114) Importer(2089858483,b0f066a214c2f5e87bad3c948f4d605d) (ScriptedImporter) -> (artifact id: 'b0ade2058b1b10039da43a04eee7ce61') in 0.0033019 seconds
Number of updated asset objects reloaded before import = 0Number of asset objects unloaded after import = 1

========================================================================
Received Import Request.
  Time since last request: 0.000159 seconds.
  path: Assets/GamerExtremo/res/Sq.png
  artifactKey: Guid(be7e5c2aaf8ef3d4184b2b0226060c27) Importer(2089858483,b0f066a214c2f5e87bad3c948f4d605d)
Start importing Assets/GamerExtremo/res/Sq.png using Guid(be7e5c2aaf8ef3d4184b2b0226060c27) Importer(2089858483,b0f066a214c2f5e87bad3c948f4d605d) (ScriptedImporter) -> (artifact id: '3ad27fe6ad754f1c490cd753f0008276') in 0.0079583 seconds
Number of updated asset objects reloaded before import = 0Number of asset objects unloaded after import = 3

========================================================================
Received Import Request.
  Time since last request: 0.000016 seconds.
  path: Assets/GamerExtremo/res/4Z.png
  artifactKey: Guid(e460eedb87cc16945a0b10d79d343bb0) Importer(2089858483,b0f066a214c2f5e87bad3c948f4d605d)
Start importing Assets/GamerExtremo/res/4Z.png using Guid(e460eedb87cc16945a0b10d79d343bb0) Importer(2089858483,b0f066a214c2f5e87bad3c948f4d605d) (ScriptedImporter) -> (artifact id: '640ac09fe5e045b73ebd4aa296060701') in 0.0072499 seconds
Number of updated asset objects reloaded before import = 0Number of asset objects unloaded after import = 3

========================================================================
Received Import Request.
  Time since last request: 0.000026 seconds.
  path: Assets/GamerExtremo/Pictures/Grids/Block2--Black-000000.png
  artifactKey: Guid(54cded2a82ee7f9429848df8c322c1f5) Importer(2089858483,b0f066a214c2f5e87bad3c948f4d605d)
Start importing Assets/GamerExtremo/Pictures/Grids/Block2--Black-000000.png using Guid(54cded2a82ee7f9429848df8c322c1f5) Importer(2089858483,b0f066a214c2f5e87bad3c948f4d605d) (ScriptedImporter) -> (artifact id: '36bd29b5067ec58d84eea674c934d993') in 0.0087965 seconds
Number of updated asset objects reloaded before import = 0Number of asset objects unloaded after import = 3

========================================================================
Received Import Request.
  Time since last request: 0.000019 seconds.
  path: Assets/GamerExtremo/RIP/Electric Puzzles_1.5/res/iR.9.png
  artifactKey: Guid(59d862131eb1fb044a1cf83508bee4b8) Importer(2089858483,b0f066a214c2f5e87bad3c948f4d605d)
Start importing Assets/GamerExtremo/RIP/Electric Puzzles_1.5/res/iR.9.png using Guid(59d862131eb1fb044a1cf83508bee4b8) Importer(2089858483,b0f066a214c2f5e87bad3c948f4d605d) (ScriptedImporter) -> (artifact id: '44f3b70e7dce56f1dde14ceb4783b997') in 0.0083765 seconds
Number of updated asset objects reloaded before import = 0Number of asset objects unloaded after import = 3

========================================================================
Received Import Request.
  Time since last request: 0.000062 seconds.
  path: Assets/GamerExtremo/RIP/Electric Puzzles_1.5/res/cV.xml
  artifactKey: Guid(3152f903e0000e641bfc225e387afcaa) Importer(2089858483,b0f066a214c2f5e87bad3c948f4d605d)
Start importing Assets/GamerExtremo/RIP/Electric Puzzles_1.5/res/cV.xml using Guid(3152f903e0000e641bfc225e387afcaa) Importer(2089858483,b0f066a214c2f5e87bad3c948f4d605d) (ScriptedImporter) -> (artifact id: 'a14f76b45d689efbc9ef4c64685b5ea0') in 0.0031016 seconds
Number of updated asset objects reloaded before import = 0Number of asset objects unloaded after import = 1

========================================================================
Received Import Request.
  Time since last request: 0.000109 seconds.
  path: Assets/GamerExtremo/RIP/Electric Puzzles_1.5/✅ New Folder/XML/0K.xml
  artifactKey: Guid(b5807246a45bc5a4ab04322ebe3eebb4) Importer(2089858483,b0f066a214c2f5e87bad3c948f4d605d)
Start importing Assets/GamerExtremo/RIP/Electric Puzzles_1.5/✅ New Folder/XML/0K.xml using Guid(b5807246a45bc5a4ab04322ebe3eebb4) Importer(2089858483,b0f066a214c2f5e87bad3c948f4d605d) (ScriptedImporter) -> (artifact id: 'e924221b94cbbed45cc18d3330dbb606') in 0.0048212 seconds
Number of updated asset objects reloaded before import = 0Number of asset objects unloaded after import = 1

========================================================================
Received Import Request.
  Time since last request: 0.000065 seconds.
  path: Assets/GamerExtremo/RIP/Electric Puzzles_1.5/✅ New Folder/PHONE/2
  artifactKey: Guid(d081457753bf0e348a044f1dc7678cc0) Importer(2089858483,b0f066a214c2f5e87bad3c948f4d605d)
Start importing Assets/GamerExtremo/RIP/Electric Puzzles_1.5/✅ New Folder/PHONE/2 using Guid(d081457753bf0e348a044f1dc7678cc0) Importer(2089858483,b0f066a214c2f5e87bad3c948f4d605d) (ScriptedImporter) -> (artifact id: 'b7ded3ae8e2f0c3fdbba86538d7eabc2') in 0.0033805 seconds
Number of updated asset objects reloaded before import = 0Number of asset objects unloaded after import = 1

========================================================================
Received Import Request.
  Time since last request: 0.000094 seconds.
  path: Assets/GamerExtremo/Resources/Player/crouch_walk (2).png
  artifactKey: Guid(e0a486592f78e614c9e5a1e572b94b3f) Importer(2089858483,b0f066a214c2f5e87bad3c948f4d605d)
Start importing Assets/GamerExtremo/Resources/Player/crouch_walk (2).png using Guid(e0a486592f78e614c9e5a1e572b94b3f) Importer(2089858483,b0f066a214c2f5e87bad3c948f4d605d) (ScriptedImporter) -> (artifact id: '727dfef3e243d143d738a5591299e8fa') in 0.0090847 seconds
Number of updated asset objects reloaded before import = 0Number of asset objects unloaded after import = 3

========================================================================
Received Import Request.
  Time since last request: 0.000081 seconds.
  path: Assets/GamerExtremo/RIP/Electric Puzzles_1.5/✅ New Folder/TOMADAS/N1.png
  artifactKey: Guid(cbbbab85be0d5e744b859385194ff863) Importer(2089858483,b0f066a214c2f5e87bad3c948f4d605d)
Start importing Assets/GamerExtremo/RIP/Electric Puzzles_1.5/✅ New Folder/TOMADAS/N1.png using Guid(cbbbab85be0d5e744b859385194ff863) Importer(2089858483,b0f066a214c2f5e87bad3c948f4d605d) (ScriptedImporter) -> (artifact id: '703c7a10baf072d1114b252afc7ea5e8') in 0.0069601 seconds
Number of updated asset objects reloaded before import = 0Number of asset objects unloaded after import = 3

========================================================================
Received Import Request.
  Time since last request: 0.000059 seconds.
  path: Assets/GamerExtremo/res/g6.png
  artifactKey: Guid(87ede56afbfc69d439ded27ae30ea889) Importer(2089858483,b0f066a214c2f5e87bad3c948f4d605d)
Start importing Assets/GamerExtremo/res/g6.png using Guid(87ede56afbfc69d439ded27ae30ea889) Importer(2089858483,b0f066a214c2f5e87bad3c948f4d605d) (ScriptedImporter) -> (artifact id: '6dae028f906785d248708f6357c9a69a') in 0.0076803 seconds
Number of updated asset objects reloaded before import = 0Number of asset objects unloaded after import = 3

========================================================================
Received Import Request.
  Time since last request: 0.000017 seconds.
  path: Assets/GamerExtremo/res/IE.png
  artifactKey: Guid(0a8b941a86d24a8468d54828ddd01c3b) Importer(2089858483,b0f066a214c2f5e87bad3c948f4d605d)
Start importing Assets/GamerExtremo/res/IE.png using Guid(0a8b941a86d24a8468d54828ddd01c3b) Importer(2089858483,b0f066a214c2f5e87bad3c948f4d605d) (ScriptedImporter) -> (artifact id: '76bfdcbcc9cc50f207641fc5c1994b4f') in 0.0068837 seconds
Number of updated asset objects reloaded before import = 0Number of asset objects unloaded after import = 3

========================================================================
Received Import Request.
  Time since last request: 0.000015 seconds.
  path: Assets/GamerExtremo/RIP/Electric Puzzles_1.5/✅ New Folder/XML/Fu.xml
  artifactKey: Guid(a9d5fb0f2e3de724ba6ebc1c20db9a53) Importer(2089858483,b0f066a214c2f5e87bad3c948f4d605d)
Start importing Assets/GamerExtremo/RIP/Electric Puzzles_1.5/✅ New Folder/XML/Fu.xml using Guid(a9d5fb0f2e3de724ba6ebc1c20db9a53) Importer(2089858483,b0f066a214c2f5e87bad3c948f4d605d) (ScriptedImporter) -> (artifact id: '22cada676f2128d190a54ae31cbca55f') in 0.004016 seconds
Number of updated asset objects reloaded before import = 0Number of asset objects unloaded after import = 1

========================================================================
Received Import Request.
  Time since last request: 0.000104 seconds.
  path: Assets/GamerExtremo/res/op.9.png
  artifactKey: Guid(0b0b9aab9f78e7b47990cdd44e964e60) Importer(2089858483,b0f066a214c2f5e87bad3c948f4d605d)
Start importing Assets/GamerExtremo/res/op.9.png using Guid(0b0b9aab9f78e7b47990cdd44e964e60) Importer(2089858483,b0f066a214c2f5e87bad3c948f4d605d) (ScriptedImporter) -> (artifact id: '73ed7f9957e641ba9b9e37e0bbe91b13') in 0.0067217 seconds
Number of updated asset objects reloaded before import = 0Number of asset objects unloaded after import = 3

========================================================================
Received Import Request.
  Time since last request: 0.000087 seconds.
  path: Assets/GamerExtremo/RIP/Electric Puzzles_1.5/SQUARE/7 Android face/9w.png
  artifactKey: Guid(512ef26510e6174459e09edf9c1550ab) Importer(2089858483,b0f066a214c2f5e87bad3c948f4d605d)
Start importing Assets/GamerExtremo/RIP/Electric Puzzles_1.5/SQUARE/7 Android face/9w.png using Guid(512ef26510e6174459e09edf9c1550ab) Importer(2089858483,b0f066a214c2f5e87bad3c948f4d605d) (ScriptedImporter) -> (artifact id: 'cb4f75d83af3c9f1513dce688d193db8') in 0.0092212 seconds
Number of updated asset objects reloaded before import = 0Number of asset objects unloaded after import = 3

========================================================================
Received Import Request.
  Time since last request: 0.000018 seconds.
  path: Assets/GamerExtremo/res/DQ.png
  artifactKey: Guid(edb6f37c0486f4e4b9f2e73b913dc453) Importer(2089858483,b0f066a214c2f5e87bad3c948f4d605d)
Start importing Assets/GamerExtremo/res/DQ.png using Guid(edb6f37c0486f4e4b9f2e73b913dc453) Importer(2089858483,b0f066a214c2f5e87bad3c948f4d605d) (ScriptedImporter) -> (artifact id: '16aeba861692a328a186279f0d11f5f8') in 0.0070424 seconds
Number of updated asset objects reloaded before import = 0Number of asset objects unloaded after import = 3

========================================================================
Received Import Request.
  Time since last request: 0.000021 seconds.
  path: Assets/GamerExtremo/RIP/Electric Puzzles_1.5/✅ New Folder/TOMADAS/Iz.png
  artifactKey: Guid(8757cb4818ee9094da9fbcc1fe7d683c) Importer(2089858483,b0f066a214c2f5e87bad3c948f4d605d)
Start importing Assets/GamerExtremo/RIP/Electric Puzzles_1.5/✅ New Folder/TOMADAS/Iz.png using Guid(8757cb4818ee9094da9fbcc1fe7d683c) Importer(2089858483,b0f066a214c2f5e87bad3c948f4d605d) (ScriptedImporter) -> (artifact id: '5120d155715286c05dafb3a131d610cb') in 0.0083301 seconds
Number of updated asset objects reloaded before import = 0Number of asset objects unloaded after import = 3

========================================================================
Received Import Request.
  Time since last request: 0.000025 seconds.
  path: Assets/GamerExtremo/RIP/Electric Puzzles_1.5/res/Rc.png
  artifactKey: Guid(654ad835e977bf940881e13fc16e0303) Importer(2089858483,b0f066a214c2f5e87bad3c948f4d605d)
Start importing Assets/GamerExtremo/RIP/Electric Puzzles_1.5/res/Rc.png using Guid(654ad835e977bf940881e13fc16e0303) Importer(2089858483,b0f066a214c2f5e87bad3c948f4d605d) (ScriptedImporter) -> (artifact id: 'a357e1657bab3647634dc91e2d05d0d5') in 0.0096546 seconds
Number of updated asset objects reloaded before import = 0Number of asset objects unloaded after import = 3

========================================================================
Received Import Request.
  Time since last request: 0.000021 seconds.
  path: Assets/GamerExtremo/RIP/Electric Puzzles_1.5/res/5z.png
  artifactKey: Guid(6a4fc14beb95b8f4e81258fc435bd9be) Importer(2089858483,b0f066a214c2f5e87bad3c948f4d605d)
Start importing Assets/GamerExtremo/RIP/Electric Puzzles_1.5/res/5z.png using Guid(6a4fc14beb95b8f4e81258fc435bd9be) Importer(2089858483,b0f066a214c2f5e87bad3c948f4d605d) (ScriptedImporter) -> (artifact id: 'f2c19c435cecbba9c34c95ab4650bf97') in 0.0103323 seconds
Number of updated asset objects reloaded before import = 0Number of asset objects unloaded after import = 3

========================================================================
Received Import Request.
  Time since last request: 0.000017 seconds.
  path: Assets/GamerExtremo/res/0q.png
  artifactKey: Guid(cdf888ff041f62a429be424fe4e106de) Importer(2089858483,b0f066a214c2f5e87bad3c948f4d605d)
Start importing Assets/GamerExtremo/res/0q.png using Guid(cdf888ff041f62a429be424fe4e106de) Importer(2089858483,b0f066a214c2f5e87bad3c948f4d605d) (ScriptedImporter) -> (artifact id: 'da25e7473659491d812a5db95e2af926') in 0.009213 seconds
Number of updated asset objects reloaded before import = 0Number of asset objects unloaded after import = 3

========================================================================
Received Import Request.
  Time since last request: 0.000017 seconds.
  path: Assets/GamerExtremo/RIP/Electric Puzzles_1.5/res/fZ.png
  artifactKey: Guid(9946f0695de181848be2994e3b39104f) Importer(2089858483,b0f066a214c2f5e87bad3c948f4d605d)
Start importing Assets/GamerExtremo/RIP/Electric Puzzles_1.5/res/fZ.png using Guid(9946f0695de181848be2994e3b39104f) Importer(2089858483,b0f066a214c2f5e87bad3c948f4d605d) (ScriptedImporter) -> (artifact id: '56e69f3b27aefacfc09199839c275c85') in 0.0067494 seconds
Number of updated asset objects reloaded before import = 0Number of asset objects unloaded after import = 3

========================================================================
Received Import Request.
  Time since last request: 0.000146 seconds.
  path: Assets/GamerExtremo/RIP/Electric Puzzles_1.5/res/wN.9.png
  artifactKey: Guid(ebec4e87a930bb94993987371e38de66) Importer(2089858483,b0f066a214c2f5e87bad3c948f4d605d)
Start importing Assets/GamerExtremo/RIP/Electric Puzzles_1.5/res/wN.9.png using Guid(ebec4e87a930bb94993987371e38de66) Importer(2089858483,b0f066a214c2f5e87bad3c948f4d605d) (ScriptedImporter) -> (artifact id: 'c83bd7f2c84d6d6b38ad18988b3ae0e7') in 0.0077994 seconds
Number of updated asset objects reloaded before import = 0Number of asset objects unloaded after import = 3

========================================================================
Received Import Request.
  Time since last request: 0.000019 seconds.
  path: Assets/GamerExtremo/Resources/Player/crouch_attack (4).png
  artifactKey: Guid(5575fb590d918284ebc6ab446f7fcc25) Importer(2089858483,b0f066a214c2f5e87bad3c948f4d605d)
Start importing Assets/GamerExtremo/Resources/Player/crouch_attack (4).png using Guid(5575fb590d918284ebc6ab446f7fcc25) Importer(2089858483,b0f066a214c2f5e87bad3c948f4d605d) (ScriptedImporter) -> (artifact id: 'b788eba3b13aadfcb55c989f352608bb') in 0.0103358 seconds
Number of updated asset objects reloaded before import = 0Number of asset objects unloaded after import = 3

========================================================================
Received Import Request.
  Time since last request: 0.000019 seconds.
  path: Assets/GamerExtremo/RIP/Electric Puzzles_1.5/✅ New Folder/CIRCLE/CIRCLE WHITE/7_.9 - Copia.png
  artifactKey: Guid(f52d6456a53900e45b01059c2c549693) Importer(2089858483,b0f066a214c2f5e87bad3c948f4d605d)
Start importing Assets/GamerExtremo/RIP/Electric Puzzles_1.5/✅ New Folder/CIRCLE/CIRCLE WHITE/7_.9 - Copia.png using Guid(f52d6456a53900e45b01059c2c549693) Importer(2089858483,b0f066a214c2f5e87bad3c948f4d605d) (ScriptedImporter) -> (artifact id: 'af883b894bd602c09b1995db5c4c5385') in 0.0083998 seconds
Number of updated asset objects reloaded before import = 0Number of asset objects unloaded after import = 3

========================================================================
Received Import Request.
  Time since last request: 0.000016 seconds.
  path: Assets/GamerExtremo/RIP/Electric Puzzles_1.5/SQUARE/retangulo azul branco/1C.9.png
  artifactKey: Guid(2851278fd57fa8240971ebfcbb7641a6) Importer(2089858483,b0f066a214c2f5e87bad3c948f4d605d)
Start importing Assets/GamerExtremo/RIP/Electric Puzzles_1.5/SQUARE/retangulo azul branco/1C.9.png using Guid(2851278fd57fa8240971ebfcbb7641a6) Importer(2089858483,b0f066a214c2f5e87bad3c948f4d605d) (ScriptedImporter) -> (artifact id: '53a725e25542fc1bef58b6706ca6f752') in 0.0111958 seconds
Number of updated asset objects reloaded before import = 0Number of asset objects unloaded after import = 3

========================================================================
Received Import Request.
  Time since last request: 0.000018 seconds.
  path: Assets/GamerExtremo/res/mm.9.png
  artifactKey: Guid(c5d9ea171837c8547b3e043b00065453) Importer(2089858483,b0f066a214c2f5e87bad3c948f4d605d)
Start importing Assets/GamerExtremo/res/mm.9.png using Guid(c5d9ea171837c8547b3e043b00065453) Importer(2089858483,b0f066a214c2f5e87bad3c948f4d605d) (ScriptedImporter) -> (artifact id: '71552487477ee2be48b5532a7797e633') in 0.0075508 seconds
Number of updated asset objects reloaded before import = 0Number of asset objects unloaded after import = 3

========================================================================
Received Import Request.
  Time since last request: 0.000037 seconds.
  path: Assets/GamerExtremo/RIP/Electric Puzzles_1.5/✅ New Folder/XML/GR.xml
  artifactKey: Guid(f7cb14c377411f24db4e21e1de48af61) Importer(2089858483,b0f066a214c2f5e87bad3c948f4d605d)
Start importing Assets/GamerExtremo/RIP/Electric Puzzles_1.5/✅ New Folder/XML/GR.xml using Guid(f7cb14c377411f24db4e21e1de48af61) Importer(2089858483,b0f066a214c2f5e87bad3c948f4d605d) (ScriptedImporter) -> (artifact id: '1d4bd9b7307d25ba079dbb4997ff5c6e') in 0.0042117 seconds
Number of updated asset objects reloaded before import = 0Number of asset objects unloaded after import = 1

========================================================================
Received Import Request.
  Time since last request: 0.000132 seconds.
  path: Assets/GamerExtremo/res/CW.png
  artifactKey: Guid(8c7a8ecd9554a654ab9c657658772005) Importer(2089858483,b0f066a214c2f5e87bad3c948f4d605d)
Start importing Assets/GamerExtremo/res/CW.png using Guid(8c7a8ecd9554a654ab9c657658772005) Importer(2089858483,b0f066a214c2f5e87bad3c948f4d605d) (ScriptedImporter) -> (artifact id: 'd7c77324e55a5c11505d7c501d0bb0fb') in 0.0086048 seconds
Number of updated asset objects reloaded before import = 0Number of asset objects unloaded after import = 3

========================================================================
Received Import Request.
  Time since last request: 0.000017 seconds.
  path: Assets/GamerExtremo/res/color-v23/abc_tint_edittext.xml
  artifactKey: Guid(3942ed7ce9b74304e80f7653cd3b6362) Importer(2089858483,b0f066a214c2f5e87bad3c948f4d605d)
Start importing Assets/GamerExtremo/res/color-v23/abc_tint_edittext.xml using Guid(3942ed7ce9b74304e80f7653cd3b6362) Importer(2089858483,b0f066a214c2f5e87bad3c948f4d605d) (ScriptedImporter) -> (artifact id: '02f1d936631ac3c710599db8a5cb4a9d') in 0.0041008 seconds
Number of updated asset objects reloaded before import = 0Number of asset objects unloaded after import = 1

========================================================================
Received Import Request.
  Time since last request: 0.000074 seconds.
  path: Assets/GamerExtremo/res/0P.png
  artifactKey: Guid(75bdcb8cfbcb7e84f818fd791a035994) Importer(2089858483,b0f066a214c2f5e87bad3c948f4d605d)
Start importing Assets/GamerExtremo/res/0P.png using Guid(75bdcb8cfbcb7e84f818fd791a035994) Importer(2089858483,b0f066a214c2f5e87bad3c948f4d605d) (ScriptedImporter) -> (artifact id: '02efcf1fc55b419fe36c5f28421e4a00') in 0.0088574 seconds
Number of updated asset objects reloaded before import = 0Number of asset objects unloaded after import = 3

========================================================================
Received Import Request.
  Time since last request: 0.000018 seconds.
  path: Assets/GamerExtremo/RIP/Electric Puzzles_1.5/res/IX.9.png
  artifactKey: Guid(9c925f2de2ade3341bc518a86f6ab778) Importer(2089858483,b0f066a214c2f5e87bad3c948f4d605d)
Start importing Assets/GamerExtremo/RIP/Electric Puzzles_1.5/res/IX.9.png using Guid(9c925f2de2ade3341bc518a86f6ab778) Importer(2089858483,b0f066a214c2f5e87bad3c948f4d605d) (ScriptedImporter) -> (artifact id: '15f841c62d0d06e1eb3c1488ea9f919b') in 0.0114332 seconds
Number of updated asset objects reloaded before import = 0Number of asset objects unloaded after import = 3

========================================================================
Received Import Request.
  Time since last request: 0.000022 seconds.
  path: Assets/GamerExtremo/RIP/Electric Puzzles_1.5/FIOS/retangulo horizontal/Pasta/Nk.9.png
  artifactKey: Guid(98a4d855209a0054187d3bb620ecf2b5) Importer(2089858483,b0f066a214c2f5e87bad3c948f4d605d)
Start importing Assets/GamerExtremo/RIP/Electric Puzzles_1.5/FIOS/retangulo horizontal/Pasta/Nk.9.png using Guid(98a4d855209a0054187d3bb620ecf2b5) Importer(2089858483,b0f066a214c2f5e87bad3c948f4d605d) (ScriptedImporter) -> (artifact id: 'af5cf65414b13c3744ce1fe94dc2a34f') in 0.0085725 seconds
Number of updated asset objects reloaded before import = 0Number of asset objects unloaded after import = 3

========================================================================
Received Import Request.
  Time since last request: 0.000017 seconds.
  path: Assets/GamerExtremo/res/5z.xml
  artifactKey: Guid(f76caaaae8312714c989a24b68e0c0cf) Importer(2089858483,b0f066a214c2f5e87bad3c948f4d605d)
Start importing Assets/GamerExtremo/res/5z.xml using Guid(f76caaaae8312714c989a24b68e0c0cf) Importer(2089858483,b0f066a214c2f5e87bad3c948f4d605d) (ScriptedImporter) -> (artifact id: '3baa0dc86dae32fe8d95e5a2532ea62c') in 0.0087278 seconds
Number of updated asset objects reloaded before import = 0Number of asset objects unloaded after import = 1

========================================================================
Received Import Request.
  Time since last request: 0.000115 seconds.
  path: Assets/GamerExtremo/RIP/Electric Puzzles_1.5/res/mN.png
  artifactKey: Guid(7c705a0092a3b8a47a4ffffcd161c0a6) Importer(2089858483,b0f066a214c2f5e87bad3c948f4d605d)
Start importing Assets/GamerExtremo/RIP/Electric Puzzles_1.5/res/mN.png using Guid(7c705a0092a3b8a47a4ffffcd161c0a6) Importer(2089858483,b0f066a214c2f5e87bad3c948f4d605d) (ScriptedImporter) -> (artifact id: '2fd1fd9edaf99c72a145a215ceb113f7') in 0.0094292 seconds
Number of updated asset objects reloaded before import = 0Number of asset objects unloaded after import = 3

========================================================================
Received Import Request.
  Time since last request: 0.000027 seconds.
  path: Assets/GamerExtremo/RIP/Electric Puzzles_1.5/res/M1.png
  artifactKey: Guid(49f28c323ca3e324ea389dc88156536d) Importer(2089858483,b0f066a214c2f5e87bad3c948f4d605d)
Start importing Assets/GamerExtremo/RIP/Electric Puzzles_1.5/res/M1.png using Guid(49f28c323ca3e324ea389dc88156536d) Importer(2089858483,b0f066a214c2f5e87bad3c948f4d605d) (ScriptedImporter) -> (artifact id: 'e2dec2fc1cbde8b29f6b7c538e304c00') in 0.0074066 seconds
Number of updated asset objects reloaded before import = 0Number of asset objects unloaded after import = 3

========================================================================
Received Import Request.
  Time since last request: 0.000019 seconds.
  path: Assets/GamerExtremo/RIP/Electric Puzzles_1.5/res/WR.png
  artifactKey: Guid(cb7de738dab50c146981db232fa6caa2) Importer(2089858483,b0f066a214c2f5e87bad3c948f4d605d)
Start importing Assets/GamerExtremo/RIP/Electric Puzzles_1.5/res/WR.png using Guid(cb7de738dab50c146981db232fa6caa2) Importer(2089858483,b0f066a214c2f5e87bad3c948f4d605d) (ScriptedImporter) -> (artifact id: 'ae80f0066e0485b8cf13fffb13048070') in 0.008009 seconds
Number of updated asset objects reloaded before import = 0Number of asset objects unloaded after import = 3

========================================================================
Received Import Request.
  Time since last request: 0.000019 seconds.
  path: Assets/GamerExtremo/res/1e.9.png
  artifactKey: Guid(da27f221266b57344b9c2608dbeec8e3) Importer(2089858483,b0f066a214c2f5e87bad3c948f4d605d)
Start importing Assets/GamerExtremo/res/1e.9.png using Guid(da27f221266b57344b9c2608dbeec8e3) Importer(2089858483,b0f066a214c2f5e87bad3c948f4d605d) (ScriptedImporter) -> (artifact id: '86833d07f24b85fc98c4aabda7843026') in 0.0087938 seconds
Number of updated asset objects reloaded before import = 0Number of asset objects unloaded after import = 3

========================================================================
Received Import Request.
  Time since last request: 0.000018 seconds.
  path: Assets/GamerExtremo/RIP/Electric Puzzles_1.5/res/dB.9.png
  artifactKey: Guid(d4ea7de90c3d2f04396402622047eb3f) Importer(2089858483,b0f066a214c2f5e87bad3c948f4d605d)
Start importing Assets/GamerExtremo/RIP/Electric Puzzles_1.5/res/dB.9.png using Guid(d4ea7de90c3d2f04396402622047eb3f) Importer(2089858483,b0f066a214c2f5e87bad3c948f4d605d) (ScriptedImporter) -> (artifact id: '60d40948169dc00d990eefcca5d717b3') in 0.0082745 seconds
Number of updated asset objects reloaded before import = 0Number of asset objects unloaded after import = 3

========================================================================
Received Import Request.
  Time since last request: 0.000025 seconds.
  path: Assets/GamerExtremo/RIP/Electric Puzzles_1.5/res/8c.png
  artifactKey: Guid(0d8ebb02126fc754898f908a97e19e3c) Importer(2089858483,b0f066a214c2f5e87bad3c948f4d605d)
Start importing Assets/GamerExtremo/RIP/Electric Puzzles_1.5/res/8c.png using Guid(0d8ebb02126fc754898f908a97e19e3c) Importer(2089858483,b0f066a214c2f5e87bad3c948f4d605d) (ScriptedImporter) -> (artifact id: '5226cb3a3098d92864851311ba639bbd') in 0.0107883 seconds
Number of updated asset objects reloaded before import = 0Number of asset objects unloaded after import = 3

========================================================================
Received Import Request.
  Time since last request: 0.000032 seconds.
  path: Assets/GamerExtremo/RIP/Electric Puzzles_1.5/res/ga.png
  artifactKey: Guid(cecf6da173dbf584583d44f2f20bf266) Importer(2089858483,b0f066a214c2f5e87bad3c948f4d605d)
Start importing Assets/GamerExtremo/RIP/Electric Puzzles_1.5/res/ga.png using Guid(cecf6da173dbf584583d44f2f20bf266) Importer(2089858483,b0f066a214c2f5e87bad3c948f4d605d) (ScriptedImporter) -> (artifact id: 'a098f060129e159c705286869b64d86a') in 0.0092778 seconds
Number of updated asset objects reloaded before import = 0Number of asset objects unloaded after import = 3

========================================================================
Received Import Request.
  Time since last request: 0.000058 seconds.
  path: Assets/GamerExtremo/RIP/Electric Puzzles_1.5/✅ New Folder/TOMADAS/t1.png
  artifactKey: Guid(71629847b9cc3f24aac54bf4ea99180b) Importer(2089858483,b0f066a214c2f5e87bad3c948f4d605d)
Start importing Assets/GamerExtremo/RIP/Electric Puzzles_1.5/✅ New Folder/TOMADAS/t1.png using Guid(71629847b9cc3f24aac54bf4ea99180b) Importer(2089858483,b0f066a214c2f5e87bad3c948f4d605d) (ScriptedImporter) -> (artifact id: 'cd300bd6355b2686fb9f96761f3212e2') in 0.0082467 seconds
Number of updated asset objects reloaded before import = 0Number of asset objects unloaded after import = 3

========================================================================
Received Import Request.
  Time since last request: 0.000018 seconds.
  path: Assets/GamerExtremo/res/Ec.png
  artifactKey: Guid(22931aa5c32eb7a4982596b43bcf7bca) Importer(2089858483,b0f066a214c2f5e87bad3c948f4d605d)
Start importing Assets/GamerExtremo/res/Ec.png using Guid(22931aa5c32eb7a4982596b43bcf7bca) Importer(2089858483,b0f066a214c2f5e87bad3c948f4d605d) (ScriptedImporter) -> (artifact id: 'ebbbcff1b4ff0e6a6058f292ace2802a') in 0.0094999 seconds
Number of updated asset objects reloaded before import = 0Number of asset objects unloaded after import = 3

========================================================================
Received Import Request.
  Time since last request: 0.000017 seconds.
  path: Assets/GamerExtremo/RIP/Electric Puzzles_1.5/FIOS/resistor/left/1i.png
  artifactKey: Guid(e58fe276b00b2844482fc35bf850a450) Importer(2089858483,b0f066a214c2f5e87bad3c948f4d605d)
Start importing Assets/GamerExtremo/RIP/Electric Puzzles_1.5/FIOS/resistor/left/1i.png using Guid(e58fe276b00b2844482fc35bf850a450) Importer(2089858483,b0f066a214c2f5e87bad3c948f4d605d) (ScriptedImporter) -> (artifact id: 'b8f9512bc5be8870c0453bce9bcc5c88') in 0.0091377 seconds
Number of updated asset objects reloaded before import = 0Number of asset objects unloaded after import = 3

========================================================================
Received Import Request.
  Time since last request: 0.000016 seconds.
  path: Assets/GamerExtremo/res/sA.9.png
  artifactKey: Guid(a5e76ea1ee73117448cfd813b195b6a8) Importer(2089858483,b0f066a214c2f5e87bad3c948f4d605d)
Start importing Assets/GamerExtremo/res/sA.9.png using Guid(a5e76ea1ee73117448cfd813b195b6a8) Importer(2089858483,b0f066a214c2f5e87bad3c948f4d605d) (ScriptedImporter) -> (artifact id: '4511419b352b2abc40a84b695cf96d3a') in 0.0079727 seconds
Number of updated asset objects reloaded before import = 0Number of asset objects unloaded after import = 3

========================================================================
Received Import Request.
  Time since last request: 0.000020 seconds.
  path: Assets/GamerExtremo/RIP/Electric Puzzles_1.5/✅ New Folder/BULB 2/it.png
  artifactKey: Guid(166fbf37fd5be7242b2e8dd469c16cc6) Importer(2089858483,b0f066a214c2f5e87bad3c948f4d605d)
Start importing Assets/GamerExtremo/RIP/Electric Puzzles_1.5/✅ New Folder/BULB 2/it.png using Guid(166fbf37fd5be7242b2e8dd469c16cc6) Importer(2089858483,b0f066a214c2f5e87bad3c948f4d605d) (ScriptedImporter) -> (artifact id: 'ea90e3699bb9bbc583b75eab1b50ab3c') in 0.0087904 seconds
Number of updated asset objects reloaded before import = 0Number of asset objects unloaded after import = 3

========================================================================
Received Import Request.
  Time since last request: 0.000018 seconds.
  path: Assets/GamerExtremo/RIP/Electric Puzzles_1.5/res/Rh.png
  artifactKey: Guid(8da231698663b7a4cb2c12872ea68fbc) Importer(2089858483,b0f066a214c2f5e87bad3c948f4d605d)
Start importing Assets/GamerExtremo/RIP/Electric Puzzles_1.5/res/Rh.png using Guid(8da231698663b7a4cb2c12872ea68fbc) Importer(2089858483,b0f066a214c2f5e87bad3c948f4d605d) (ScriptedImporter) -> (artifact id: 'e4f8fd4f910903e54ba94745f2ba63bf') in 0.0080154 seconds
Number of updated asset objects reloaded before import = 0Number of asset objects unloaded after import = 3

========================================================================
Received Import Request.
  Time since last request: 0.000018 seconds.
  path: Assets/GamerExtremo/res/1I.9.png
  artifactKey: Guid(2d3bd2a39e14985428894eb53806595c) Importer(2089858483,b0f066a214c2f5e87bad3c948f4d605d)
Start importing Assets/GamerExtremo/res/1I.9.png using Guid(2d3bd2a39e14985428894eb53806595c) Importer(2089858483,b0f066a214c2f5e87bad3c948f4d605d) (ScriptedImporter) -> (artifact id: '83b76c8bf00c1b1dd7dccde704c9ca0a') in 0.0078477 seconds
Number of updated asset objects reloaded before import = 0Number of asset objects unloaded after import = 3

========================================================================
Received Import Request.
  Time since last request: 0.000024 seconds.
  path: Assets/GamerExtremo/RIP/Electric Puzzles_1.5/res/BE.xml
  artifactKey: Guid(2b321bebf5c1c2f45b86c04238907038) Importer(2089858483,b0f066a214c2f5e87bad3c948f4d605d)
Start importing Assets/GamerExtremo/RIP/Electric Puzzles_1.5/res/BE.xml using Guid(2b321bebf5c1c2f45b86c04238907038) Importer(2089858483,b0f066a214c2f5e87bad3c948f4d605d) (ScriptedImporter) -> (artifact id: '3b84e494cb691baeb2e2179b9db079ee') in 0.003233 seconds
Number of updated asset objects reloaded before import = 0Number of asset objects unloaded after import = 1

========================================================================
Received Import Request.
  Time since last request: 0.000137 seconds.
  path: Assets/GamerExtremo/res/color/abc_secondary_text_material_light.xml
  artifactKey: Guid(a9e871e6ba4a43c458055f9255cd383d) Importer(2089858483,b0f066a214c2f5e87bad3c948f4d605d)
Start importing Assets/GamerExtremo/res/color/abc_secondary_text_material_light.xml using Guid(a9e871e6ba4a43c458055f9255cd383d) Importer(2089858483,b0f066a214c2f5e87bad3c948f4d605d) (ScriptedImporter) -> (artifact id: '4b3544c13871473acdd05055fc1c8d37') in 0.0045323 seconds
Number of updated asset objects reloaded before import = 0Number of asset objects unloaded after import = 1

========================================================================
Received Import Request.
  Time since last request: 0.000105 seconds.
  path: Assets/GamerExtremo/RIP/Electric Puzzles_1.5/FIOS/branco/yY.9.png
  artifactKey: Guid(c95c6fa025299a348b2533a7803ee748) Importer(2089858483,b0f066a214c2f5e87bad3c948f4d605d)
Start importing Assets/GamerExtremo/RIP/Electric Puzzles_1.5/FIOS/branco/yY.9.png using Guid(c95c6fa025299a348b2533a7803ee748) Importer(2089858483,b0f066a214c2f5e87bad3c948f4d605d) (ScriptedImporter) -> (artifact id: '93477e0ce775113249cb039462d3b1ca') in 0.0084466 seconds
Number of updated asset objects reloaded before import = 0Number of asset objects unloaded after import = 3

========================================================================
Received Import Request.
  Time since last request: 0.000018 seconds.
  path: Assets/GamerExtremo/RIP/Electric Puzzles_1.5/Pictures/wire_te.png
  artifactKey: Guid(20eec67dbb71bf848ba4ea3ab9fb6a47) Importer(2089858483,b0f066a214c2f5e87bad3c948f4d605d)
Start importing Assets/GamerExtremo/RIP/Electric Puzzles_1.5/Pictures/wire_te.png using Guid(20eec67dbb71bf848ba4ea3ab9fb6a47) Importer(2089858483,b0f066a214c2f5e87bad3c948f4d605d) (ScriptedImporter) -> (artifact id: '5a468589d5117e8586e6dd0cbd27d3c1') in 0.0089369 seconds
Number of updated asset objects reloaded before import = 0Number of asset objects unloaded after import = 3

========================================================================
Received Import Request.
  Time since last request: 0.000015 seconds.
  path: Assets/GamerExtremo/RIP/Electric Puzzles_1.5/res/FT.xml
  artifactKey: Guid(e78142e41f30b0e498dfe56231ab1c39) Importer(2089858483,b0f066a214c2f5e87bad3c948f4d605d)
Start importing Assets/GamerExtremo/RIP/Electric Puzzles_1.5/res/FT.xml using Guid(e78142e41f30b0e498dfe56231ab1c39) Importer(2089858483,b0f066a214c2f5e87bad3c948f4d605d) (ScriptedImporter) -> (artifact id: '0f450dc2c50bcba92c547975086850aa') in 0.0041282 seconds
Number of updated asset objects reloaded before import = 0Number of asset objects unloaded after import = 1

========================================================================
Received Import Request.
  Time since last request: 0.000116 seconds.
  path: Assets/GamerExtremo/Pictures/diodeslevel1.png
  artifactKey: Guid(f5656b2434380e14384d187d99c7a8e1) Importer(2089858483,b0f066a214c2f5e87bad3c948f4d605d)
Start importing Assets/GamerExtremo/Pictures/diodeslevel1.png using Guid(f5656b2434380e14384d187d99c7a8e1) Importer(2089858483,b0f066a214c2f5e87bad3c948f4d605d) (ScriptedImporter) -> (artifact id: '548bd24bc3b03ee5ff58ce388397155d') in 0.0087232 seconds
Number of updated asset objects reloaded before import = 0Number of asset objects unloaded after import = 3

========================================================================
Received Import Request.
  Time since last request: 0.000018 seconds.
  path: Assets/GamerExtremo/RIP/Electric Puzzles_1.5/res/3u.9.png
  artifactKey: Guid(6588f6faf52705f4e86377c7d2a81d0f) Importer(2089858483,b0f066a214c2f5e87bad3c948f4d605d)
Start importing Assets/GamerExtremo/RIP/Electric Puzzles_1.5/res/3u.9.png using Guid(6588f6faf52705f4e86377c7d2a81d0f) Importer(2089858483,b0f066a214c2f5e87bad3c948f4d605d) (ScriptedImporter) -> (artifact id: '899ac6ebb1c054ecf4adf32360e52be9') in 0.006787 seconds
Number of updated asset objects reloaded before import = 0Number of asset objects unloaded after import = 3

========================================================================
Received Import Request.
  Time since last request: 0.000030 seconds.
  path: Assets/GamerExtremo/RIP/Electric Puzzles_1.5/res/t1.png
  artifactKey: Guid(bcd4695f2f1fa5848b626d5b9e2c9588) Importer(2089858483,b0f066a214c2f5e87bad3c948f4d605d)
Start importing Assets/GamerExtremo/RIP/Electric Puzzles_1.5/res/t1.png using Guid(bcd4695f2f1fa5848b626d5b9e2c9588) Importer(2089858483,b0f066a214c2f5e87bad3c948f4d605d) (ScriptedImporter) -> (artifact id: '0d84a4ab7f98b55174a91cc5d64ea475') in 0.0082699 seconds
Number of updated asset objects reloaded before import = 0Number of asset objects unloaded after import = 3

========================================================================
Received Import Request.
  Time since last request: 0.000019 seconds.
  path: Assets/GamerExtremo/res/Nk.9.png
  artifactKey: Guid(17c022481eeb2d246ac5ea6d8fa2250f) Importer(2089858483,b0f066a214c2f5e87bad3c948f4d605d)
Start importing Assets/GamerExtremo/res/Nk.9.png using Guid(17c022481eeb2d246ac5ea6d8fa2250f) Importer(2089858483,b0f066a214c2f5e87bad3c948f4d605d) (ScriptedImporter) -> (artifact id: 'ae0cb624cbc5fe9c2dd76715e324bdec') in 0.0079262 seconds
Number of updated asset objects reloaded before import = 0Number of asset objects unloaded after import = 3

========================================================================
Received Import Request.
  Time since last request: 0.000016 seconds.
  path: Assets/GamerExtremo/res/H-.png
  artifactKey: Guid(d60706b85a6ef7449ac8da3b69899615) Importer(2089858483,b0f066a214c2f5e87bad3c948f4d605d)
Start importing Assets/GamerExtremo/res/H-.png using Guid(d60706b85a6ef7449ac8da3b69899615) Importer(2089858483,b0f066a214c2f5e87bad3c948f4d605d) (ScriptedImporter) -> (artifact id: '01adf0c3f2da40734bef124386aeef32') in 0.0066645 seconds
Number of updated asset objects reloaded before import = 0Number of asset objects unloaded after import = 3

========================================================================
Received Import Request.
  Time since last request: 0.000031 seconds.
  path: Assets/GamerExtremo/RIP/Electric Puzzles_1.5/res/sA.9.png
  artifactKey: Guid(4f29e4ec72dddb74c8521dcedb31f1fd) Importer(2089858483,b0f066a214c2f5e87bad3c948f4d605d)
Start importing Assets/GamerExtremo/RIP/Electric Puzzles_1.5/res/sA.9.png using Guid(4f29e4ec72dddb74c8521dcedb31f1fd) Importer(2089858483,b0f066a214c2f5e87bad3c948f4d605d) (ScriptedImporter) -> (artifact id: 'd5cf62c6b7cccbfcf6f58c07c2132d9d') in 0.009314 seconds
Number of updated asset objects reloaded before import = 0Number of asset objects unloaded after import = 3

========================================================================
Received Import Request.
  Time since last request: 0.000019 seconds.
  path: Assets/GamerExtremo/RIP/Electric Puzzles_1.5/✅ New Folder/XML/_G.xml
  artifactKey: Guid(3174ef9eb0e2e3c4c8ba61790e3648f1) Importer(2089858483,b0f066a214c2f5e87bad3c948f4d605d)
Start importing Assets/GamerExtremo/RIP/Electric Puzzles_1.5/✅ New Folder/XML/_G.xml using Guid(3174ef9eb0e2e3c4c8ba61790e3648f1) Importer(2089858483,b0f066a214c2f5e87bad3c948f4d605d) (ScriptedImporter) -> (artifact id: 'a3305861e3f773d1454c662ae81832f8') in 0.0036147 seconds
Number of updated asset objects reloaded before import = 0Number of asset objects unloaded after import = 1

========================================================================
Received Import Request.
  Time since last request: 0.000019 seconds.
  path: Assets/GamerExtremo/RIP/Electric Puzzles_1.5/FIOS/retangulo horizontal/Pasta/Pa.9.png
  artifactKey: Guid(79ec74d9ab6d57949abb0cf86840b1c1) Importer(2089858483,b0f066a214c2f5e87bad3c948f4d605d)
Start importing Assets/GamerExtremo/RIP/Electric Puzzles_1.5/FIOS/retangulo horizontal/Pasta/Pa.9.png using Guid(79ec74d9ab6d57949abb0cf86840b1c1) Importer(2089858483,b0f066a214c2f5e87bad3c948f4d605d) (ScriptedImporter) -> (artifact id: '327f4075b81250bbe3072b69945512d8') in 0.0090789 seconds
Number of updated asset objects reloaded before import = 0Number of asset objects unloaded after import = 3

========================================================================
Received Import Request.
  Time since last request: 0.000018 seconds.
  path: Assets/GamerExtremo/RIP/Electric Puzzles_1.5/✅ New Folder/GOTA/3
  artifactKey: Guid(1675920ea2280984fbd630cc0de35e69) Importer(2089858483,b0f066a214c2f5e87bad3c948f4d605d)
Start importing Assets/GamerExtremo/RIP/Electric Puzzles_1.5/✅ New Folder/GOTA/3 using Guid(1675920ea2280984fbd630cc0de35e69) Importer(2089858483,b0f066a214c2f5e87bad3c948f4d605d) (ScriptedImporter) -> (artifact id: '0b6c16f888a4c2207a2998383be3829f') in 0.0039794 seconds
Number of updated asset objects reloaded before import = 0Number of asset objects unloaded after import = 1

========================================================================
Received Import Request.
  Time since last request: 0.000117 seconds.
  path: Assets/GamerExtremo/RIP/Electric Puzzles_1.5/SQUARE/Vertical/ZN.9.png
  artifactKey: Guid(6d8eb7c1aa1f90f41ac6a26b83329b80) Importer(2089858483,b0f066a214c2f5e87bad3c948f4d605d)
Start importing Assets/GamerExtremo/RIP/Electric Puzzles_1.5/SQUARE/Vertical/ZN.9.png using Guid(6d8eb7c1aa1f90f41ac6a26b83329b80) Importer(2089858483,b0f066a214c2f5e87bad3c948f4d605d) (ScriptedImporter) -> (artifact id: '509e22af9e5ceb7806ba20e6b1cd2a68') in 0.0092547 seconds
Number of updated asset objects reloaded before import = 0Number of asset objects unloaded after import = 3

========================================================================
Received Import Request.
  Time since last request: 0.000018 seconds.
  path: Assets/GamerExtremo/Pictures/diode.png
  artifactKey: Guid(37e3e490d0ad55047b6b1b4eea9a670a) Importer(2089858483,b0f066a214c2f5e87bad3c948f4d605d)
Start importing Assets/GamerExtremo/Pictures/diode.png using Guid(37e3e490d0ad55047b6b1b4eea9a670a) Importer(2089858483,b0f066a214c2f5e87bad3c948f4d605d) (ScriptedImporter) -> (artifact id: '57b61e4424862c62c962d57ee689600c') in 0.0070945 seconds
Number of updated asset objects reloaded before import = 0Number of asset objects unloaded after import = 3

========================================================================
Received Import Request.
  Time since last request: 0.000019 seconds.
  path: Assets/GamerExtremo/res/u3.png
  artifactKey: Guid(fd95c3368ab030a4ea9bbefaba3c0294) Importer(2089858483,b0f066a214c2f5e87bad3c948f4d605d)
Start importing Assets/GamerExtremo/res/u3.png using Guid(fd95c3368ab030a4ea9bbefaba3c0294) Importer(2089858483,b0f066a214c2f5e87bad3c948f4d605d) (ScriptedImporter) -> (artifact id: '1080cf265cf53e61c3c0c4d8a2904cea') in 0.0064201 seconds
Number of updated asset objects reloaded before import = 0Number of asset objects unloaded after import = 3

========================================================================
Received Import Request.
  Time since last request: 0.000017 seconds.
  path: Assets/GamerExtremo/RIP/Electric Puzzles_1.5/✅ New Folder/XML/q6.xml
  artifactKey: Guid(93d46693fbf93804caf94547e31e248d) Importer(2089858483,b0f066a214c2f5e87bad3c948f4d605d)
Start importing Assets/GamerExtremo/RIP/Electric Puzzles_1.5/✅ New Folder/XML/q6.xml using Guid(93d46693fbf93804caf94547e31e248d) Importer(2089858483,b0f066a214c2f5e87bad3c948f4d605d) (ScriptedImporter) -> (artifact id: 'c97ffdf5c1f7728d6eea92033c991bc4') in 0.0047873 seconds
Number of updated asset objects reloaded before import = 0Number of asset objects unloaded after import = 1

========================================================================
Received Import Request.
  Time since last request: 0.000077 seconds.
  path: Assets/GamerExtremo/RIP/Electric Puzzles_1.5/res/8X.png
  artifactKey: Guid(5a02c5986bef3d743aa9724f1055833d) Importer(2089858483,b0f066a214c2f5e87bad3c948f4d605d)
Start importing Assets/GamerExtremo/RIP/Electric Puzzles_1.5/res/8X.png using Guid(5a02c5986bef3d743aa9724f1055833d) Importer(2089858483,b0f066a214c2f5e87bad3c948f4d605d) (ScriptedImporter) -> (artifact id: '541eb02e2e3ea052b016c8e3a608a1a3') in 0.0096421 seconds
Number of updated asset objects reloaded before import = 0Number of asset objects unloaded after import = 3

========================================================================
Received Import Request.
  Time since last request: 0.000023 seconds.
  path: Assets/GamerExtremo/RIP/Electric Puzzles_1.5/res/o_.9.png
  artifactKey: Guid(8f608e213bd149d4cb950e4f03873a95) Importer(2089858483,b0f066a214c2f5e87bad3c948f4d605d)
Start importing Assets/GamerExtremo/RIP/Electric Puzzles_1.5/res/o_.9.png using Guid(8f608e213bd149d4cb950e4f03873a95) Importer(2089858483,b0f066a214c2f5e87bad3c948f4d605d) (ScriptedImporter) -> (artifact id: 'b4932068f146d13483bc8b041ec543cd') in 0.0081406 seconds
Number of updated asset objects reloaded before import = 0Number of asset objects unloaded after import = 3

========================================================================
Received Import Request.
  Time since last request: 0.000031 seconds.
  path: Assets/GamerExtremo/res/EP.png
  artifactKey: Guid(ed8d1141c5768f745ba96eced8cc9060) Importer(2089858483,b0f066a214c2f5e87bad3c948f4d605d)
Start importing Assets/GamerExtremo/res/EP.png using Guid(ed8d1141c5768f745ba96eced8cc9060) Importer(2089858483,b0f066a214c2f5e87bad3c948f4d605d) (ScriptedImporter) -> (artifact id: '5745916cd3bef51ca5ee1a9a92ac3e2e') in 0.0077162 seconds
Number of updated asset objects reloaded before import = 0Number of asset objects unloaded after import = 3

========================================================================
Received Import Request.
  Time since last request: 0.000025 seconds.
  path: Assets/GamerExtremo/RIP/Electric Puzzles_1.5/res/80.xml
  artifactKey: Guid(2e3d2d1cf2ff14e4494f5f46417e33d8) Importer(2089858483,b0f066a214c2f5e87bad3c948f4d605d)
Start importing Assets/GamerExtremo/RIP/Electric Puzzles_1.5/res/80.xml using Guid(2e3d2d1cf2ff14e4494f5f46417e33d8) Importer(2089858483,b0f066a214c2f5e87bad3c948f4d605d) (ScriptedImporter) -> (artifact id: '420842130b02ac17ba57ce514f5ebb32') in 0.004509 seconds
Number of updated asset objects reloaded before import = 0Number of asset objects unloaded after import = 1

========================================================================
Received Import Request.
  Time since last request: 0.000169 seconds.
  path: Assets/GamerExtremo/RIP/Electric Puzzles_1.5/res/yT.png
  artifactKey: Guid(57382b1620e6afd488fdc7fba070d836) Importer(2089858483,b0f066a214c2f5e87bad3c948f4d605d)
Start importing Assets/GamerExtremo/RIP/Electric Puzzles_1.5/res/yT.png using Guid(57382b1620e6afd488fdc7fba070d836) Importer(2089858483,b0f066a214c2f5e87bad3c948f4d605d) (ScriptedImporter) -> (artifact id: 'fe4e5654d1cda4fce25d2e36042bc702') in 0.0112419 seconds
Number of updated asset objects reloaded before import = 0Number of asset objects unloaded after import = 3

========================================================================
Received Import Request.
  Time since last request: 0.000024 seconds.
  path: Assets/GamerExtremo/RIP/Electric Puzzles_1.5/FIOS/verde/38.png
  artifactKey: Guid(b007013a49342a44ca7053decdc79e6e) Importer(2089858483,b0f066a214c2f5e87bad3c948f4d605d)
Start importing Assets/GamerExtremo/RIP/Electric Puzzles_1.5/FIOS/verde/38.png using Guid(b007013a49342a44ca7053decdc79e6e) Importer(2089858483,b0f066a214c2f5e87bad3c948f4d605d) (ScriptedImporter) -> (artifact id: '40082ed4e6b391b6782b18db07f2a62f') in 0.0081736 seconds
Number of updated asset objects reloaded before import = 0Number of asset objects unloaded after import = 3

========================================================================
Received Import Request.
  Time since last request: 0.000023 seconds.
  path: Assets/GamerExtremo/RIP/Electric Puzzles_1.5/SQUARE/retangulo azul branco/tr.9.png
  artifactKey: Guid(40b71ad8f627c2941bdb0ea0db6fb18e) Importer(2089858483,b0f066a214c2f5e87bad3c948f4d605d)
Start importing Assets/GamerExtremo/RIP/Electric Puzzles_1.5/SQUARE/retangulo azul branco/tr.9.png using Guid(40b71ad8f627c2941bdb0ea0db6fb18e) Importer(2089858483,b0f066a214c2f5e87bad3c948f4d605d) (ScriptedImporter) -> (artifact id: '9700e3e65ed3823c00381fb5d8f2dc08') in 0.0101047 seconds
Number of updated asset objects reloaded before import = 0Number of asset objects unloaded after import = 3

========================================================================
Received Import Request.
  Time since last request: 0.000022 seconds.
  path: Assets/GamerExtremo/RIP/Electric Puzzles_1.5/res/UE.9.png
  artifactKey: Guid(9e8d1d62fe91b1f4a8543e8097369c8f) Importer(2089858483,b0f066a214c2f5e87bad3c948f4d605d)
Start importing Assets/GamerExtremo/RIP/Electric Puzzles_1.5/res/UE.9.png using Guid(9e8d1d62fe91b1f4a8543e8097369c8f) Importer(2089858483,b0f066a214c2f5e87bad3c948f4d605d) (ScriptedImporter) -> (artifact id: '456b8319ba959976377b86bad66b6d83') in 0.0081107 seconds
Number of updated asset objects reloaded before import = 0Number of asset objects unloaded after import = 3

========================================================================
Received Import Request.
  Time since last request: 0.000018 seconds.
  path: Assets/GamerExtremo/RIP/Electric Puzzles_1.5/res/U8.xml
  artifactKey: Guid(04018b8090363cc44b6d25e4a468c40a) Importer(2089858483,b0f066a214c2f5e87bad3c948f4d605d)
Start importing Assets/GamerExtremo/RIP/Electric Puzzles_1.5/res/U8.xml using Guid(04018b8090363cc44b6d25e4a468c40a) Importer(2089858483,b0f066a214c2f5e87bad3c948f4d605d) (ScriptedImporter) -> (artifact id: '6ade7ae680fe2bb153e6912eef379d33') in 0.0037291 seconds
Number of updated asset objects reloaded before import = 0Number of asset objects unloaded after import = 1

========================================================================
Received Import Request.
  Time since last request: 0.000148 seconds.
  path: Assets/GamerExtremo/RIP/Electric Puzzles_1.5/res/F8.xml
  artifactKey: Guid(53c9e9503604ddb468e6d273c666684d) Importer(2089858483,b0f066a214c2f5e87bad3c948f4d605d)
Start importing Assets/GamerExtremo/RIP/Electric Puzzles_1.5/res/F8.xml using Guid(53c9e9503604ddb468e6d273c666684d) Importer(2089858483,b0f066a214c2f5e87bad3c948f4d605d) (ScriptedImporter) -> (artifact id: '24ad9111253feccc78897514bd5e56fa') in 0.0058364 seconds
Number of updated asset objects reloaded before import = 0Number of asset objects unloaded after import = 1

========================================================================
Received Import Request.
  Time since last request: 0.000136 seconds.
  path: Assets/GamerExtremo/RIP/Electric Puzzles_1.5/SQUARE/6 montain/XE.png
  artifactKey: Guid(ea8e65d6c9a3bfa4ba3c27c56c3eb333) Importer(2089858483,b0f066a214c2f5e87bad3c948f4d605d)
Start importing Assets/GamerExtremo/RIP/Electric Puzzles_1.5/SQUARE/6 montain/XE.png using Guid(ea8e65d6c9a3bfa4ba3c27c56c3eb333) Importer(2089858483,b0f066a214c2f5e87bad3c948f4d605d) (ScriptedImporter) -> (artifact id: '4968e5c4cb1697990c32e69c17bdc5b2') in 0.0079068 seconds
Number of updated asset objects reloaded before import = 0Number of asset objects unloaded after import = 3

========================================================================
Received Import Request.
  Time since last request: 0.000020 seconds.
  path: Assets/GamerExtremo/RIP/Electric Puzzles_1.5/✅ New Folder/SETA GREEN/D1.png
  artifactKey: Guid(6b728d7c08ae450489bd609b7c52121e) Importer(2089858483,b0f066a214c2f5e87bad3c948f4d605d)
Start importing Assets/GamerExtremo/RIP/Electric Puzzles_1.5/✅ New Folder/SETA GREEN/D1.png using Guid(6b728d7c08ae450489bd609b7c52121e) Importer(2089858483,b0f066a214c2f5e87bad3c948f4d605d) (ScriptedImporter) -> (artifact id: '62988110dce9c5a9e0b84ba3a71d51ed') in 0.0079317 seconds
Number of updated asset objects reloaded before import = 0Number of asset objects unloaded after import = 3

========================================================================
Received Import Request.
  Time since last request: 0.000016 seconds.
  path: Assets/GamerExtremo/RIP/Electric Puzzles_1.5/✅ New Folder/UPDATE/TIME/Us.png
  artifactKey: Guid(50b6dc89a5c929942a532582f4edfa23) Importer(2089858483,b0f066a214c2f5e87bad3c948f4d605d)
Start importing Assets/GamerExtremo/RIP/Electric Puzzles_1.5/✅ New Folder/UPDATE/TIME/Us.png using Guid(50b6dc89a5c929942a532582f4edfa23) Importer(2089858483,b0f066a214c2f5e87bad3c948f4d605d) (ScriptedImporter) -> (artifact id: 'fb84b0b73d5286657fb8ac8637719bf8') in 0.0150076 seconds
Number of updated asset objects reloaded before import = 0Number of asset objects unloaded after import = 3

========================================================================
Received Import Request.
  Time since last request: 0.000016 seconds.
  path: Assets/GamerExtremo/Pictures/slidinglevel1.png
  artifactKey: Guid(429534fc31c398c4086b96c416110d24) Importer(2089858483,b0f066a214c2f5e87bad3c948f4d605d)
Start importing Assets/GamerExtremo/Pictures/slidinglevel1.png using Guid(429534fc31c398c4086b96c416110d24) Importer(2089858483,b0f066a214c2f5e87bad3c948f4d605d) (ScriptedImporter) -> (artifact id: 'c9a937bc6ae0f350a1e9809aeec0a078') in 0.0093417 seconds
Number of updated asset objects reloaded before import = 0Number of asset objects unloaded after import = 3

========================================================================
Received Import Request.
  Time since last request: 0.000019 seconds.
  path: Assets/GamerExtremo/Resources/Sounds/Retro UI Sounds/Error/ui_error_3.wav
  artifactKey: Guid(5aa4d759d9b478344bd4865c87fa255b) Importer(2089858483,b0f066a214c2f5e87bad3c948f4d605d)
Start importing Assets/GamerExtremo/Resources/Sounds/Retro UI Sounds/Error/ui_error_3.wav using Guid(5aa4d759d9b478344bd4865c87fa255b) Importer(2089858483,b0f066a214c2f5e87bad3c948f4d605d) (ScriptedImporter) -> (artifact id: '0df0410ca92ca8f76dc5a09cb751e5c4') in 0.111502 seconds
Number of updated asset objects reloaded before import = 0Number of asset objects unloaded after import = 1

========================================================================
Received Import Request.
  Time since last request: 0.000173 seconds.
  path: Assets/GamerExtremo/RIP/Electric Puzzles_1.5/✅ New Folder/CIRCLE/CIRCLE ANDROID FACE/8c.png
  artifactKey: Guid(4bdb30f87358e16439a9aedddb457eaa) Importer(2089858483,b0f066a214c2f5e87bad3c948f4d605d)
Start importing Assets/GamerExtremo/RIP/Electric Puzzles_1.5/✅ New Folder/CIRCLE/CIRCLE ANDROID FACE/8c.png using Guid(4bdb30f87358e16439a9aedddb457eaa) Importer(2089858483,b0f066a214c2f5e87bad3c948f4d605d) (ScriptedImporter) -> (artifact id: '23a0fbf52426cf36c96aab911a04581b') in 0.0075362 seconds
Number of updated asset objects reloaded before import = 0Number of asset objects unloaded after import = 3

========================================================================
Received Import Request.
  Time since last request: 0.000015 seconds.
  path: Assets/GamerExtremo/RIP/Electric Puzzles_1.5/✅ New Folder/DISQUETE/J2.png
  artifactKey: Guid(4670fed1c1a901f4aa14f220b8fd4f24) Importer(2089858483,b0f066a214c2f5e87bad3c948f4d605d)
Start importing Assets/GamerExtremo/RIP/Electric Puzzles_1.5/✅ New Folder/DISQUETE/J2.png using Guid(4670fed1c1a901f4aa14f220b8fd4f24) Importer(2089858483,b0f066a214c2f5e87bad3c948f4d605d) (ScriptedImporter) -> (artifact id: '8e81c08887a5f9854576e7ef37b9efe7') in 0.0086035 seconds
Number of updated asset objects reloaded before import = 0Number of asset objects unloaded after import = 3

========================================================================
Received Import Request.
  Time since last request: 0.000016 seconds.
  path: Assets/GamerExtremo/RIP/Electric Puzzles_1.5/✅ New Folder/CAM/OM.png
  artifactKey: Guid(559ef930a3720cc4c9f7724d34f2b0b0) Importer(2089858483,b0f066a214c2f5e87bad3c948f4d605d)
Start importing Assets/GamerExtremo/RIP/Electric Puzzles_1.5/✅ New Folder/CAM/OM.png using Guid(559ef930a3720cc4c9f7724d34f2b0b0) Importer(2089858483,b0f066a214c2f5e87bad3c948f4d605d) (ScriptedImporter) -> (artifact id: '910e829e8a56c44d3348aedbceb662e1') in 0.0088126 seconds
Number of updated asset objects reloaded before import = 0Number of asset objects unloaded after import = 3

========================================================================
Received Import Request.
  Time since last request: 0.000017 seconds.
  path: Assets/GamerExtremo/RIP/Electric Puzzles_1.5/✅ New Folder/TOMADAS/XS.png
  artifactKey: Guid(c310605ca4d0150459a0f63afe959258) Importer(2089858483,b0f066a214c2f5e87bad3c948f4d605d)
Start importing Assets/GamerExtremo/RIP/Electric Puzzles_1.5/✅ New Folder/TOMADAS/XS.png using Guid(c310605ca4d0150459a0f63afe959258) Importer(2089858483,b0f066a214c2f5e87bad3c948f4d605d) (ScriptedImporter) -> (artifact id: '20fa2fc49f741026ebb51973c450890b') in 0.2226491 seconds
Number of updated asset objects reloaded before import = 0Number of asset objects unloaded after import = 3

========================================================================
Received Import Request.
  Time since last request: 0.000022 seconds.
  path: Assets/GamerExtremo/Resources/Bat/eye_bat_dead.png
  artifactKey: Guid(c8cf9216bfccace47be9410a7af43699) Importer(2089858483,b0f066a214c2f5e87bad3c948f4d605d)
Start importing Assets/GamerExtremo/Resources/Bat/eye_bat_dead.png using Guid(c8cf9216bfccace47be9410a7af43699) Importer(2089858483,b0f066a214c2f5e87bad3c948f4d605d) (ScriptedImporter) -> (artifact id: '0b7549de670a478e7869270c93d71588') in 0.0119798 seconds
Number of updated asset objects reloaded before import = 0Number of asset objects unloaded after import = 3

========================================================================
Received Import Request.
  Time since last request: 0.000025 seconds.
  path: Assets/GamerExtremo/res/6i.png
  artifactKey: Guid(277741aaccb042842a7edc53ab47b4c8) Importer(2089858483,b0f066a214c2f5e87bad3c948f4d605d)
Start importing Assets/GamerExtremo/res/6i.png using Guid(277741aaccb042842a7edc53ab47b4c8) Importer(2089858483,b0f066a214c2f5e87bad3c948f4d605d) (ScriptedImporter) -> (artifact id: '532ed3942b21af789da42d84a035ecae') in 0.0090717 seconds
Number of updated asset objects reloaded before import = 0Number of asset objects unloaded after import = 3

========================================================================
Received Import Request.
  Time since last request: 0.000023 seconds.
  path: Assets/GamerExtremo/Resources/Sounds/Retro UI Sounds/Accept/ui_accept_5.wav
  artifactKey: Guid(42c7b5d33b133b847b5997a1e307f1f2) Importer(2089858483,b0f066a214c2f5e87bad3c948f4d605d)
Start importing Assets/GamerExtremo/Resources/Sounds/Retro UI Sounds/Accept/ui_accept_5.wav using Guid(42c7b5d33b133b847b5997a1e307f1f2) Importer(2089858483,b0f066a214c2f5e87bad3c948f4d605d) (ScriptedImporter) -> (artifact id: '604af3cbb4360aed3fce26a5b93c98e4') in 0.1068534 seconds
Number of updated asset objects reloaded before import = 0Number of asset objects unloaded after import = 1

========================================================================
Received Import Request.
  Time since last request: 0.000073 seconds.
  path: Assets/GamerExtremo/RIP/Electric Puzzles_1.5/res/ZL.9.png
  artifactKey: Guid(2a8c159e4048dd64dbb35bc29e484339) Importer(2089858483,b0f066a214c2f5e87bad3c948f4d605d)
Start importing Assets/GamerExtremo/RIP/Electric Puzzles_1.5/res/ZL.9.png using Guid(2a8c159e4048dd64dbb35bc29e484339) Importer(2089858483,b0f066a214c2f5e87bad3c948f4d605d) (ScriptedImporter) -> (artifact id: '561dc0ecfe199c6691ddc5f0e0b66064') in 0.1133365 seconds
Number of updated asset objects reloaded before import = 0Number of asset objects unloaded after import = 3

========================================================================
Received Import Request.
  Time since last request: 0.000022 seconds.
  path: Assets/GamerExtremo/res/o9.9.png
  artifactKey: Guid(33399ed4f31efab4da0ed3a0762d51fd) Importer(2089858483,b0f066a214c2f5e87bad3c948f4d605d)
Start importing Assets/GamerExtremo/res/o9.9.png using Guid(33399ed4f31efab4da0ed3a0762d51fd) Importer(2089858483,b0f066a214c2f5e87bad3c948f4d605d) (ScriptedImporter) -> (artifact id: 'ed2a7a0790988b209655f3f8ca090c40') in 0.0103024 seconds
Number of updated asset objects reloaded before import = 0Number of asset objects unloaded after import = 3

========================================================================
Received Import Request.
  Time since last request: 0.000043 seconds.
  path: Assets/GamerExtremo/Resources/Player/hurt.png
  artifactKey: Guid(05653833287164b44952072694d0afe0) Importer(2089858483,b0f066a214c2f5e87bad3c948f4d605d)
Start importing Assets/GamerExtremo/Resources/Player/hurt.png using Guid(05653833287164b44952072694d0afe0) Importer(2089858483,b0f066a214c2f5e87bad3c948f4d605d) (ScriptedImporter) -> (artifact id: '96a60bac70d6d46814586ef1905fd2fa') in 0.0094602 seconds
Number of updated asset objects reloaded before import = 0Number of asset objects unloaded after import = 3

========================================================================
Received Import Request.
  Time since last request: 0.000017 seconds.
  path: Assets/GamerExtremo/Resources/Enemy2/skeleton_2_hurt.png
  artifactKey: Guid(416362d85f85cc244b7238af890f34e1) Importer(2089858483,b0f066a214c2f5e87bad3c948f4d605d)
Start importing Assets/GamerExtremo/Resources/Enemy2/skeleton_2_hurt.png using Guid(416362d85f85cc244b7238af890f34e1) Importer(2089858483,b0f066a214c2f5e87bad3c948f4d605d) (ScriptedImporter) -> (artifact id: 'f943c4775f4ee9f042b794a9d47faf4a') in 0.0083994 seconds
Number of updated asset objects reloaded before import = 0Number of asset objects unloaded after import = 3

========================================================================
Received Import Request.
  Time since last request: 0.000018 seconds.
  path: Assets/GamerExtremo/RIP/Electric Puzzles_1.5/res/5H.png
  artifactKey: Guid(55c5982796c1dee4a893470539b2f786) Importer(2089858483,b0f066a214c2f5e87bad3c948f4d605d)
Start importing Assets/GamerExtremo/RIP/Electric Puzzles_1.5/res/5H.png using Guid(55c5982796c1dee4a893470539b2f786) Importer(2089858483,b0f066a214c2f5e87bad3c948f4d605d) (ScriptedImporter) -> (artifact id: '4ccb8df3d563d4e6de43bc7e30407456') in 0.1075989 seconds
Number of updated asset objects reloaded before import = 0Number of asset objects unloaded after import = 3

========================================================================
Received Import Request.
  Time since last request: 0.000026 seconds.
  path: Assets/GamerExtremo/RIP/Electric Puzzles_1.5/res/jJ.png
  artifactKey: Guid(2fc9b7137cc5e8647b0273b9233b7e89) Importer(2089858483,b0f066a214c2f5e87bad3c948f4d605d)
Start importing Assets/GamerExtremo/RIP/Electric Puzzles_1.5/res/jJ.png using Guid(2fc9b7137cc5e8647b0273b9233b7e89) Importer(2089858483,b0f066a214c2f5e87bad3c948f4d605d) (ScriptedImporter) -> (artifact id: '113fe98bd2db26ad7044fee1522f62b2') in 0.0087681 seconds
Number of updated asset objects reloaded before import = 0Number of asset objects unloaded after import = 3

========================================================================
Received Import Request.
  Time since last request: 0.000018 seconds.
  path: Assets/GamerExtremo/RIP/Electric Puzzles_1.5/SQUARE/Square V/DY.png
  artifactKey: Guid(d3914caacc98287428d0660a9f147542) Importer(2089858483,b0f066a214c2f5e87bad3c948f4d605d)
Start importing Assets/GamerExtremo/RIP/Electric Puzzles_1.5/SQUARE/Square V/DY.png using Guid(d3914caacc98287428d0660a9f147542) Importer(2089858483,b0f066a214c2f5e87bad3c948f4d605d) (ScriptedImporter) -> (artifact id: '15d7dcb4a67bc9b830865785f1808e94') in 0.2196236 seconds
Number of updated asset objects reloaded before import = 0Number of asset objects unloaded after import = 3

========================================================================
Received Import Request.
  Time since last request: 0.000021 seconds.
  path: Assets/GamerExtremo/RIP/Electric Puzzles_1.5/FIOS/black/vz.9.png
  artifactKey: Guid(c636979743b6d4f4e945877c3f4dac24) Importer(2089858483,b0f066a214c2f5e87bad3c948f4d605d)
Start importing Assets/GamerExtremo/RIP/Electric Puzzles_1.5/FIOS/black/vz.9.png using Guid(c636979743b6d4f4e945877c3f4dac24) Importer(2089858483,b0f066a214c2f5e87bad3c948f4d605d) (ScriptedImporter) -> (artifact id: 'a3a3a55a5f098747012905f5a4a1fb0c') in 0.0070293 seconds
Number of updated asset objects reloaded before import = 0Number of asset objects unloaded after import = 3

========================================================================
Received Import Request.
  Time since last request: 0.000027 seconds.
  path: Assets/GamerExtremo/Resources/Player/crouch_walk (1).png
  artifactKey: Guid(54dbea07edc56704196e0cff7747ffaa) Importer(2089858483,b0f066a214c2f5e87bad3c948f4d605d)
Start importing Assets/GamerExtremo/Resources/Player/crouch_walk (1).png using Guid(54dbea07edc56704196e0cff7747ffaa) Importer(2089858483,b0f066a214c2f5e87bad3c948f4d605d) (ScriptedImporter) -> (artifact id: '2f6956ea8efec65b3240061fad83d27e') in 0.1008673 seconds
Number of updated asset objects reloaded before import = 0Number of asset objects unloaded after import = 3

========================================================================
Received Import Request.
  Time since last request: 0.000018 seconds.
  path: Assets/GamerExtremo/res/8W.png
  artifactKey: Guid(38cc256ba83619c45a05badce14f315d) Importer(2089858483,b0f066a214c2f5e87bad3c948f4d605d)
Start importing Assets/GamerExtremo/res/8W.png using Guid(38cc256ba83619c45a05badce14f315d) Importer(2089858483,b0f066a214c2f5e87bad3c948f4d605d) (ScriptedImporter) -> (artifact id: 'f6e69b354c8572ab57380f714e06a1c2') in 0.0108433 seconds
Number of updated asset objects reloaded before import = 0Number of asset objects unloaded after import = 3

========================================================================
Received Import Request.
  Time since last request: 0.000020 seconds.
  path: Assets/GamerExtremo/RIP/Electric Puzzles_1.5/FIOS/retangulo horizontal/nC.9.png
  artifactKey: Guid(b8eda091836ccf7459086c66bf756fe7) Importer(2089858483,b0f066a214c2f5e87bad3c948f4d605d)
Start importing Assets/GamerExtremo/RIP/Electric Puzzles_1.5/FIOS/retangulo horizontal/nC.9.png using Guid(b8eda091836ccf7459086c66bf756fe7) Importer(2089858483,b0f066a214c2f5e87bad3c948f4d605d) (ScriptedImporter) -> (artifact id: 'a6c7a6cb1e5a8bb0c97d881ed55ba5c6') in 0.0145434 seconds
Number of updated asset objects reloaded before import = 0Number of asset objects unloaded after import = 3

========================================================================
Received Import Request.
  Time since last request: 0.000019 seconds.
  path: Assets/GamerExtremo/RIP/Electric Puzzles_1.5/res/IA.png
  artifactKey: Guid(f8a9f29dd12ee974db84e250366c73ca) Importer(2089858483,b0f066a214c2f5e87bad3c948f4d605d)
Start importing Assets/GamerExtremo/RIP/Electric Puzzles_1.5/res/IA.png using Guid(f8a9f29dd12ee974db84e250366c73ca) Importer(2089858483,b0f066a214c2f5e87bad3c948f4d605d) (ScriptedImporter) -> (artifact id: '610869355ed52b10c66508ab3d67eab5') in 0.0067577 seconds
Number of updated asset objects reloaded before import = 0Number of asset objects unloaded after import = 3

========================================================================
Received Import Request.
  Time since last request: 0.000184 seconds.
  path: Assets/GamerExtremo/res/8h.png
  artifactKey: Guid(5d724abcea7161f4cb4bd55fbf9902ff) Importer(2089858483,b0f066a214c2f5e87bad3c948f4d605d)
Start importing Assets/GamerExtremo/res/8h.png using Guid(5d724abcea7161f4cb4bd55fbf9902ff) Importer(2089858483,b0f066a214c2f5e87bad3c948f4d605d) (ScriptedImporter) -> (artifact id: '91cb79cbb40753a9046ff43cadd8a4f4') in 0.0061032 seconds
Number of updated asset objects reloaded before import = 0Number of asset objects unloaded after import = 3

========================================================================
Received Import Request.
  Time since last request: 0.000016 seconds.
  path: Assets/GamerExtremo/res/sj.png
  artifactKey: Guid(c8cb390ddc754f54ab44943f6c7aac9e) Importer(2089858483,b0f066a214c2f5e87bad3c948f4d605d)
Start importing Assets/GamerExtremo/res/sj.png using Guid(c8cb390ddc754f54ab44943f6c7aac9e) Importer(2089858483,b0f066a214c2f5e87bad3c948f4d605d) (ScriptedImporter) -> (artifact id: '7e27b32102c87341693b6345693b1d62') in 0.0884006 seconds
Number of updated asset objects reloaded before import = 0Number of asset objects unloaded after import = 3

========================================================================
Received Import Request.
  Time since last request: 0.000132 seconds.
  path: Assets/GamerExtremo/RIP/Electric Puzzles_1.5/✅ New Folder/PLAY/NS.png
  artifactKey: Guid(cfb8369848c47af48b19f4f290466d4d) Importer(2089858483,b0f066a214c2f5e87bad3c948f4d605d)
Start importing Assets/GamerExtremo/RIP/Electric Puzzles_1.5/✅ New Folder/PLAY/NS.png using Guid(cfb8369848c47af48b19f4f290466d4d) Importer(2089858483,b0f066a214c2f5e87bad3c948f4d605d) (ScriptedImporter) -> (artifact id: 'e7a8853eb91262f2ee628f483f91aa2a') in 0.0109542 seconds
Number of updated asset objects reloaded before import = 0Number of asset objects unloaded after import = 3

========================================================================
Received Import Request.
  Time since last request: 0.000028 seconds.
  path: Assets/GamerExtremo/RIP/Electric Puzzles_1.5/res/OX.png
  artifactKey: Guid(05ee75f8382f6b7489e1c5dec66ed9c9) Importer(2089858483,b0f066a214c2f5e87bad3c948f4d605d)
Start importing Assets/GamerExtremo/RIP/Electric Puzzles_1.5/res/OX.png using Guid(05ee75f8382f6b7489e1c5dec66ed9c9) Importer(2089858483,b0f066a214c2f5e87bad3c948f4d605d) (ScriptedImporter) -> (artifact id: 'b392a9983b64a3ee0840d9554c8fcd6c') in 0.0098885 seconds
Number of updated asset objects reloaded before import = 0Number of asset objects unloaded after import = 3

========================================================================
Received Import Request.
  Time since last request: 0.000018 seconds.
  path: Assets/GamerExtremo/res/color/abc_hint_foreground_material_light.xml
  artifactKey: Guid(3465872134ae0bb4681a1eee5734cb5e) Importer(2089858483,b0f066a214c2f5e87bad3c948f4d605d)
Start importing Assets/GamerExtremo/res/color/abc_hint_foreground_material_light.xml using Guid(3465872134ae0bb4681a1eee5734cb5e) Importer(2089858483,b0f066a214c2f5e87bad3c948f4d605d) (ScriptedImporter) -> (artifact id: '2644b7ec717bc358848edaa857200f26') in 0.0939616 seconds
Number of updated asset objects reloaded before import = 0Number of asset objects unloaded after import = 1

========================================================================
Received Import Request.
  Time since last request: 0.000205 seconds.
  path: Assets/GamerExtremo/RIP/Electric Puzzles_1.5/res/Uj.mp3
  artifactKey: Guid(dc418e6054b9f9a4689bb9bea47293c3) Importer(2089858483,b0f066a214c2f5e87bad3c948f4d605d)
Start importing Assets/GamerExtremo/RIP/Electric Puzzles_1.5/res/Uj.mp3 using Guid(dc418e6054b9f9a4689bb9bea47293c3) Importer(2089858483,b0f066a214c2f5e87bad3c948f4d605d) (ScriptedImporter) -> (artifact id: '602923a7ca23a3a002425afe9b6c2472') in 0.0349742 seconds
Number of updated asset objects reloaded before import = 0Number of asset objects unloaded after import = 1

========================================================================
Received Import Request.
  Time since last request: 0.000323 seconds.
  path: Assets/GamerExtremo/res/W3.png
  artifactKey: Guid(8c904c8b9b56a1e4ba67f0adf59bd626) Importer(2089858483,b0f066a214c2f5e87bad3c948f4d605d)
Start importing Assets/GamerExtremo/res/W3.png using Guid(8c904c8b9b56a1e4ba67f0adf59bd626) Importer(2089858483,b0f066a214c2f5e87bad3c948f4d605d) (ScriptedImporter) -> (artifact id: 'b681337eba97b0de3f99be8e3d3391f3') in 0.0156032 seconds
Number of updated asset objects reloaded before import = 0Number of asset objects unloaded after import = 3

========================================================================
Received Import Request.
  Time since last request: 0.000022 seconds.
  path: Assets/GamerExtremo/RIP/Electric Puzzles_1.5/✅ New Folder/CHAVE DE BOCA/Ec.png
  artifactKey: Guid(aecdb0755fdd13a4c908b1358a6e52a2) Importer(2089858483,b0f066a214c2f5e87bad3c948f4d605d)
Start importing Assets/GamerExtremo/RIP/Electric Puzzles_1.5/✅ New Folder/CHAVE DE BOCA/Ec.png using Guid(aecdb0755fdd13a4c908b1358a6e52a2) Importer(2089858483,b0f066a214c2f5e87bad3c948f4d605d) (ScriptedImporter) -> (artifact id: '3fa3cd468c2791c2dacbfbaca560c9c9') in 0.094789 seconds
Number of updated asset objects reloaded before import = 0Number of asset objects unloaded after import = 3

========================================================================
Received Import Request.
  Time since last request: 0.000030 seconds.
  path: Assets/GamerExtremo/Pictures/Grids/Block2--2D2D2D 1.png
  artifactKey: Guid(bf6a4789d8b801c49a0348d2e083880a) Importer(2089858483,b0f066a214c2f5e87bad3c948f4d605d)
Start importing Assets/GamerExtremo/Pictures/Grids/Block2--2D2D2D 1.png using Guid(bf6a4789d8b801c49a0348d2e083880a) Importer(2089858483,b0f066a214c2f5e87bad3c948f4d605d) (ScriptedImporter) -> (artifact id: '56afaeac2d898b323dad97fda157fea3') in 0.0222849 seconds
Number of updated asset objects reloaded before import = 0Number of asset objects unloaded after import = 3

========================================================================
Received Import Request.
  Time since last request: 0.000065 seconds.
  path: Assets/GamerExtremo/RIP/Electric Puzzles_1.5/✅ New Folder/GOTA/2/xH.png
  artifactKey: Guid(0601060d80676304882be9b2b8464d8a) Importer(2089858483,b0f066a214c2f5e87bad3c948f4d605d)
Start importing Assets/GamerExtremo/RIP/Electric Puzzles_1.5/✅ New Folder/GOTA/2/xH.png using Guid(0601060d80676304882be9b2b8464d8a) Importer(2089858483,b0f066a214c2f5e87bad3c948f4d605d) (ScriptedImporter) -> (artifact id: '01e66ea1c67b0732a0ad01547baa6517') in 0.0161409 seconds
Number of updated asset objects reloaded before import = 0Number of asset objects unloaded after import = 3

========================================================================
Received Import Request.
  Time since last request: 0.000023 seconds.
  path: Assets/GamerExtremo/RIP/Electric Puzzles_1.5/res/X0.png
  artifactKey: Guid(e539821ef24d0324c9a9facf8202c43d) Importer(2089858483,b0f066a214c2f5e87bad3c948f4d605d)
Start importing Assets/GamerExtremo/RIP/Electric Puzzles_1.5/res/X0.png using Guid(e539821ef24d0324c9a9facf8202c43d) Importer(2089858483,b0f066a214c2f5e87bad3c948f4d605d) (ScriptedImporter) -> (artifact id: 'e6a49237325e62d39b448983c8a53280') in 0.0220214 seconds
Number of updated asset objects reloaded before import = 0Number of asset objects unloaded after import = 3

========================================================================
Received Import Request.
  Time since last request: 0.000023 seconds.
  path: Assets/GamerExtremo/RIP/Electric Puzzles_1.5/res/S4.png
  artifactKey: Guid(1c3efc9ce4795ec47814cf8513e0c684) Importer(2089858483,b0f066a214c2f5e87bad3c948f4d605d)
Start importing Assets/GamerExtremo/RIP/Electric Puzzles_1.5/res/S4.png using Guid(1c3efc9ce4795ec47814cf8513e0c684) Importer(2089858483,b0f066a214c2f5e87bad3c948f4d605d) (ScriptedImporter) -> (artifact id: 'e3f6bcece838565a5e540e7b18f46f19') in 0.1097182 seconds
Number of updated asset objects reloaded before import = 0Number of asset objects unloaded after import = 3

========================================================================
Received Import Request.
  Time since last request: 0.000058 seconds.
  path: Assets/GamerExtremo/RIP/Electric Puzzles_1.5/✅ New Folder
  artifactKey: Guid(8f7fc03819a38b74ea8d203732a32c3f) Importer(2089858483,b0f066a214c2f5e87bad3c948f4d605d)
Start importing Assets/GamerExtremo/RIP/Electric Puzzles_1.5/✅ New Folder using Guid(8f7fc03819a38b74ea8d203732a32c3f) Importer(2089858483,b0f066a214c2f5e87bad3c948f4d605d) (ScriptedImporter) -> (artifact id: '5f11c1cd933026ba343839b870362110') in 0.0079861 seconds
Number of updated asset objects reloaded before import = 0Number of asset objects unloaded after import = 1

========================================================================
Received Import Request.
  Time since last request: 0.000023 seconds.
  path: Assets/GamerExtremo/RIP/Electric Puzzles_1.5/res/L_.xml
  artifactKey: Guid(cf569668e48f9f243ae9105434ab7c93) Importer(2089858483,b0f066a214c2f5e87bad3c948f4d605d)
Start importing Assets/GamerExtremo/RIP/Electric Puzzles_1.5/res/L_.xml using Guid(cf569668e48f9f243ae9105434ab7c93) Importer(2089858483,b0f066a214c2f5e87bad3c948f4d605d) (ScriptedImporter) -> (artifact id: '908d623bdb863d113b1b0fe0409c4d4d') in 0.0865909 seconds
Number of updated asset objects reloaded before import = 0Number of asset objects unloaded after import = 1

========================================================================
Received Import Request.
  Time since last request: 0.000027 seconds.
  path: Assets/GamerExtremo/Resources/Enemy1/skeleton_1_dead (1).png
  artifactKey: Guid(871cb6d78ea4fbc489682c2b25120237) Importer(2089858483,b0f066a214c2f5e87bad3c948f4d605d)
Start importing Assets/GamerExtremo/Resources/Enemy1/skeleton_1_dead (1).png using Guid(871cb6d78ea4fbc489682c2b25120237) Importer(2089858483,b0f066a214c2f5e87bad3c948f4d605d) (ScriptedImporter) -> (artifact id: 'fb977dc77888ea1722ca9c7e510665ed') in 0.1138541 seconds
Number of updated asset objects reloaded before import = 0Number of asset objects unloaded after import = 3

========================================================================
Received Import Request.
  Time since last request: 0.000038 seconds.
  path: Assets/GamerExtremo/res/Uj.mp3
  artifactKey: Guid(fc4a338c5207f224bacf0e7d4b244406) Importer(2089858483,b0f066a214c2f5e87bad3c948f4d605d)
Start importing Assets/GamerExtremo/res/Uj.mp3 using Guid(fc4a338c5207f224bacf0e7d4b244406) Importer(2089858483,b0f066a214c2f5e87bad3c948f4d605d) (ScriptedImporter) -> (artifact id: '1a263cb784f48e7dead79d53bab0e07a') in 0.0358169 seconds
Number of updated asset objects reloaded before import = 0Number of asset objects unloaded after import = 1

========================================================================
Received Import Request.
  Time since last request: 0.000199 seconds.
  path: Assets/GamerExtremo/res/5U.png
  artifactKey: Guid(011ce53593902534683b74579d89577e) Importer(2089858483,b0f066a214c2f5e87bad3c948f4d605d)
Start importing Assets/GamerExtremo/res/5U.png using Guid(011ce53593902534683b74579d89577e) Importer(2089858483,b0f066a214c2f5e87bad3c948f4d605d) (ScriptedImporter) -> (artifact id: '87600c977bd10e08ca4a16281bc4f399') in 0.0616727 seconds
Number of updated asset objects reloaded before import = 0Number of asset objects unloaded after import = 3

========================================================================
Received Import Request.
  Time since last request: 0.000099 seconds.
  path: Assets/GamerExtremo/RIP/Electric Puzzles_1.5/✅ New Folder/XML/Pb.xml
  artifactKey: Guid(43e7e5791f9631b46b7152e8ac3b2adc) Importer(2089858483,b0f066a214c2f5e87bad3c948f4d605d)
Start importing Assets/GamerExtremo/RIP/Electric Puzzles_1.5/✅ New Folder/XML/Pb.xml using Guid(43e7e5791f9631b46b7152e8ac3b2adc) Importer(2089858483,b0f066a214c2f5e87bad3c948f4d605d) (ScriptedImporter) -> (artifact id: 'cc1eee2b464861394745b24421f797a9') in 0.0070426 seconds
Number of updated asset objects reloaded before import = 0Number of asset objects unloaded after import = 1

========================================================================
Received Import Request.
  Time since last request: 0.000131 seconds.
  path: Assets/GamerExtremo/Pictures/nand_gate.png
  artifactKey: Guid(622ca06f5318b4c4faf017c8b7b6e4dc) Importer(2089858483,b0f066a214c2f5e87bad3c948f4d605d)
Start importing Assets/GamerExtremo/Pictures/nand_gate.png using Guid(622ca06f5318b4c4faf017c8b7b6e4dc) Importer(2089858483,b0f066a214c2f5e87bad3c948f4d605d) (ScriptedImporter) -> (artifact id: 'a0160a5d9ddd64531d9bcdf6a51ac3b9') in 0.1230951 seconds
Number of updated asset objects reloaded before import = 0Number of asset objects unloaded after import = 3

========================================================================
Received Import Request.
  Time since last request: 0.000030 seconds.
  path: Assets/GamerExtremo/RIP/Electric Puzzles_1.5/SQUARE/rico diagonal/S4.png
  artifactKey: Guid(907c6674ca89b2c40a3c7e8b154c54c7) Importer(2089858483,b0f066a214c2f5e87bad3c948f4d605d)
Start importing Assets/GamerExtremo/RIP/Electric Puzzles_1.5/SQUARE/rico diagonal/S4.png using Guid(907c6674ca89b2c40a3c7e8b154c54c7) Importer(2089858483,b0f066a214c2f5e87bad3c948f4d605d) (ScriptedImporter) -> (artifact id: 'e70ae9dbafa0ac45d4ca5af37da73019') in 0.1117642 seconds
Number of updated asset objects reloaded before import = 0Number of asset objects unloaded after import = 3

========================================================================
Received Import Request.
  Time since last request: 0.000050 seconds.
  path: Assets/GamerExtremo/RIP/Electric Puzzles_1.5/SQUARE/4 Square verde
  artifactKey: Guid(f54ce7ab2c8c53f46a0b6657d1ec49e2) Importer(2089858483,b0f066a214c2f5e87bad3c948f4d605d)
Start importing Assets/GamerExtremo/RIP/Electric Puzzles_1.5/SQUARE/4 Square verde using Guid(f54ce7ab2c8c53f46a0b6657d1ec49e2) Importer(2089858483,b0f066a214c2f5e87bad3c948f4d605d) (ScriptedImporter) -> (artifact id: '1d8bffc652d70050cab453907700e48c') in 0.005396 seconds
Number of updated asset objects reloaded before import = 0Number of asset objects unloaded after import = 1

========================================================================
Received Import Request.
  Time since last request: 0.000232 seconds.
  path: Assets/GamerExtremo/Resources/UI/title.png
  artifactKey: Guid(d1d0d1da0d9c6564d842b2493bb2d21e) Importer(2089858483,b0f066a214c2f5e87bad3c948f4d605d)
Start importing Assets/GamerExtremo/Resources/UI/title.png using Guid(d1d0d1da0d9c6564d842b2493bb2d21e) Importer(2089858483,b0f066a214c2f5e87bad3c948f4d605d) (ScriptedImporter) -> (artifact id: 'b9fe3cb407bc8652c045d3c8db79353f') in 0.0217364 seconds
Number of updated asset objects reloaded before import = 0Number of asset objects unloaded after import = 3

========================================================================
Received Import Request.
  Time since last request: 0.000023 seconds.
  path: Assets/GamerExtremo/RIP/Electric Puzzles_1.5/Pictures/Paisagens/baixados.jpg
  artifactKey: Guid(b87c11c1fc2c1e749badfb7a9f397a6a) Importer(2089858483,b0f066a214c2f5e87bad3c948f4d605d)
Start importing Assets/GamerExtremo/RIP/Electric Puzzles_1.5/Pictures/Paisagens/baixados.jpg using Guid(b87c11c1fc2c1e749badfb7a9f397a6a) Importer(2089858483,b0f066a214c2f5e87bad3c948f4d605d) (ScriptedImporter) -> (artifact id: '3613bc10008e7e513997811448358e5c') in 0.0364494 seconds
Number of updated asset objects reloaded before import = 0Number of asset objects unloaded after import = 3

========================================================================
Received Import Request.
  Time since last request: 0.000023 seconds.
  path: Assets/GamerExtremo/res/S4.png
  artifactKey: Guid(635c5c03e9819ed4cb5180be78c4d4dc) Importer(2089858483,b0f066a214c2f5e87bad3c948f4d605d)
Start importing Assets/GamerExtremo/res/S4.png using Guid(635c5c03e9819ed4cb5180be78c4d4dc) Importer(2089858483,b0f066a214c2f5e87bad3c948f4d605d) (ScriptedImporter) -> (artifact id: 'b29240c0f0d3bfff3bd32fc64f288b6b') in 0.0219058 seconds
Number of updated asset objects reloaded before import = 0Number of asset objects unloaded after import = 3

========================================================================
Received Import Request.
  Time since last request: 0.000060 seconds.
  path: Assets/GamerExtremo/res/vZ.xml
  artifactKey: Guid(e443806589073b741a06cbd664f6a6a2) Importer(2089858483,b0f066a214c2f5e87bad3c948f4d605d)
Start importing Assets/GamerExtremo/res/vZ.xml using Guid(e443806589073b741a06cbd664f6a6a2) Importer(2089858483,b0f066a214c2f5e87bad3c948f4d605d) (ScriptedImporter) -> (artifact id: '9b4aad838e0b8f95ef51bd2c8113100b') in 0.0072259 seconds
Number of updated asset objects reloaded before import = 0Number of asset objects unloaded after import = 1

========================================================================
Received Import Request.
  Time since last request: 0.000031 seconds.
  path: Assets/GamerExtremo/Pictures/chargeslevel1.png
  artifactKey: Guid(17ee7e98efaa05040ae548c147f9ba7c) Importer(2089858483,b0f066a214c2f5e87bad3c948f4d605d)
Start importing Assets/GamerExtremo/Pictures/chargeslevel1.png using Guid(17ee7e98efaa05040ae548c147f9ba7c) Importer(2089858483,b0f066a214c2f5e87bad3c948f4d605d) (ScriptedImporter) -> (artifact id: '3b5e860e2dce53c68a4ae48e867bc910') in 0.0172775 seconds
Number of updated asset objects reloaded before import = 0Number of asset objects unloaded after import = 3

========================================================================
Received Import Request.
  Time since last request: 0.000157 seconds.
  path: Assets/GamerExtremo/RIP/Electric Puzzles_1.5/✅ New Folder/XML/nT.xml
  artifactKey: Guid(ecefcfc3cf14e344bb2dc724677f00cb) Importer(2089858483,b0f066a214c2f5e87bad3c948f4d605d)
Start importing Assets/GamerExtremo/RIP/Electric Puzzles_1.5/✅ New Folder/XML/nT.xml using Guid(ecefcfc3cf14e344bb2dc724677f00cb) Importer(2089858483,b0f066a214c2f5e87bad3c948f4d605d) (ScriptedImporter) -> (artifact id: 'a9289951b4443c4ff00da91347a4ff2d') in 0.0074339 seconds
Number of updated asset objects reloaded before import = 0Number of asset objects unloaded after import = 1

========================================================================
Received Import Request.
  Time since last request: 0.000473 seconds.
  path: Assets/GamerExtremo/RIP/Electric Puzzles_1.5/res/-u.png
  artifactKey: Guid(69630cf2a41506c48b0f9bd5696bc357) Importer(2089858483,b0f066a214c2f5e87bad3c948f4d605d)
Start importing Assets/GamerExtremo/RIP/Electric Puzzles_1.5/res/-u.png using Guid(69630cf2a41506c48b0f9bd5696bc357) Importer(2089858483,b0f066a214c2f5e87bad3c948f4d605d) (ScriptedImporter) -> (artifact id: 'f958dfdd1f875e3bb9b2f490009f4696') in 0.0164993 seconds
Number of updated asset objects reloaded before import = 0Number of asset objects unloaded after import = 3

========================================================================
Received Import Request.
  Time since last request: 0.000041 seconds.
  path: Assets/GamerExtremo/RIP/Electric Puzzles_1.5/res/Nq.png
  artifactKey: Guid(6ed202e43b8fdf248a8a7690fe7a9122) Importer(2089858483,b0f066a214c2f5e87bad3c948f4d605d)
Start importing Assets/GamerExtremo/RIP/Electric Puzzles_1.5/res/Nq.png using Guid(6ed202e43b8fdf248a8a7690fe7a9122) Importer(2089858483,b0f066a214c2f5e87bad3c948f4d605d) (ScriptedImporter) -> (artifact id: 'e0267bef0224a515e0bcb0ca676915b6') in 0.0147055 seconds
Number of updated asset objects reloaded before import = 0Number of asset objects unloaded after import = 3

========================================================================
Received Import Request.
  Time since last request: 0.000020 seconds.
  path: Assets/GamerExtremo/res/m0.png
  artifactKey: Guid(0ca254cb1b291ca48b1782c0944f5a19) Importer(2089858483,b0f066a214c2f5e87bad3c948f4d605d)
Start importing Assets/GamerExtremo/res/m0.png using Guid(0ca254cb1b291ca48b1782c0944f5a19) Importer(2089858483,b0f066a214c2f5e87bad3c948f4d605d) (ScriptedImporter) -> (artifact id: '08eba62ab44aa4c97dab19374e312e74') in 0.0090111 seconds
Number of updated asset objects reloaded before import = 0Number of asset objects unloaded after import = 3

========================================================================
Received Import Request.
  Time since last request: 0.000028 seconds.
  path: Assets/GamerExtremo/res/IA.png
  artifactKey: Guid(4e9e6bba1644a364c80c8734941ab55c) Importer(2089858483,b0f066a214c2f5e87bad3c948f4d605d)
Start importing Assets/GamerExtremo/res/IA.png using Guid(4e9e6bba1644a364c80c8734941ab55c) Importer(2089858483,b0f066a214c2f5e87bad3c948f4d605d) (ScriptedImporter) -> (artifact id: '9b015750b0ed52457fc062470b177993') in 0.0127058 seconds
Number of updated asset objects reloaded before import = 0Number of asset objects unloaded after import = 3

========================================================================
Received Import Request.
  Time since last request: 0.000021 seconds.
  path: Assets/GamerExtremo/RIP/Electric Puzzles_1.5/✅ New Folder/CHAVE DE BOCA
  artifactKey: Guid(3a7969b312f3a1b498e1a12c59567497) Importer(2089858483,b0f066a214c2f5e87bad3c948f4d605d)
Start importing Assets/GamerExtremo/RIP/Electric Puzzles_1.5/✅ New Folder/CHAVE DE BOCA using Guid(3a7969b312f3a1b498e1a12c59567497) Importer(2089858483,b0f066a214c2f5e87bad3c948f4d605d) (ScriptedImporter) -> (artifact id: '23e52c75113ea02934a32481aeb68f6e') in 0.0056477 seconds
Number of updated asset objects reloaded before import = 0Number of asset objects unloaded after import = 1

========================================================================
Received Import Request.
  Time since last request: 0.000191 seconds.
  path: Assets/GamerExtremo/RIP/Electric Puzzles_1.5/✅ New Folder/TWO POINTS/Az.png
  artifactKey: Guid(0e3abd4b20742994a928b634fb642bc1) Importer(2089858483,b0f066a214c2f5e87bad3c948f4d605d)
Start importing Assets/GamerExtremo/RIP/Electric Puzzles_1.5/✅ New Folder/TWO POINTS/Az.png using Guid(0e3abd4b20742994a928b634fb642bc1) Importer(2089858483,b0f066a214c2f5e87bad3c948f4d605d) (ScriptedImporter) -> (artifact id: '21470d5e07bf5b0f29bce38d8c31241e') in 0.0151135 seconds
Number of updated asset objects reloaded before import = 0Number of asset objects unloaded after import = 3

========================================================================
Received Import Request.
  Time since last request: 0.000028 seconds.
  path: Assets/GamerExtremo/res/Dw1.png
  artifactKey: Guid(220d53ea2d053b244a0daee7ad03c28e) Importer(2089858483,b0f066a214c2f5e87bad3c948f4d605d)
Start importing Assets/GamerExtremo/res/Dw1.png using Guid(220d53ea2d053b244a0daee7ad03c28e) Importer(2089858483,b0f066a214c2f5e87bad3c948f4d605d) (ScriptedImporter) -> (artifact id: '1335f6519310eb9d0c018b17d361618f') in 0.0090626 seconds
Number of updated asset objects reloaded before import = 0Number of asset objects unloaded after import = 3

========================================================================
Received Import Request.
  Time since last request: 0.000055 seconds.
  path: Assets/GamerExtremo/res/71.png
  artifactKey: Guid(17574093c6b2fa84ea9dc01e31bf802f) Importer(2089858483,b0f066a214c2f5e87bad3c948f4d605d)
Start importing Assets/GamerExtremo/res/71.png using Guid(17574093c6b2fa84ea9dc01e31bf802f) Importer(2089858483,b0f066a214c2f5e87bad3c948f4d605d) (ScriptedImporter) -> (artifact id: 'd23fb922b0a0fc6aa4bda286849699a5') in 0.0097098 seconds
Number of updated asset objects reloaded before import = 0Number of asset objects unloaded after import = 3

========================================================================
Received Import Request.
  Time since last request: 0.000033 seconds.
  path: Assets/GamerExtremo/Resources/Sounds/Hit.wav
  artifactKey: Guid(7d8ab1f0982ac8e40ab2fd30c9e4c144) Importer(2089858483,b0f066a214c2f5e87bad3c948f4d605d)
Start importing Assets/GamerExtremo/Resources/Sounds/Hit.wav using Guid(7d8ab1f0982ac8e40ab2fd30c9e4c144) Importer(2089858483,b0f066a214c2f5e87bad3c948f4d605d) (ScriptedImporter) -> (artifact id: '30b25e8f9796763ea19a1b2ba51a5f97') in 0.0202269 seconds
Number of updated asset objects reloaded before import = 0Number of asset objects unloaded after import = 1

========================================================================
Received Import Request.
  Time since last request: 0.000178 seconds.
  path: Assets/GamerExtremo/RIP/Electric Puzzles_1.5/✅ New Folder/CIRCLE/CIRCLE BLUE -MINUS CENTER/xQ.png
  artifactKey: Guid(0340d568142a6534bb2c953a5785c054) Importer(2089858483,b0f066a214c2f5e87bad3c948f4d605d)
Start importing Assets/GamerExtremo/RIP/Electric Puzzles_1.5/✅ New Folder/CIRCLE/CIRCLE BLUE -MINUS CENTER/xQ.png using Guid(0340d568142a6534bb2c953a5785c054) Importer(2089858483,b0f066a214c2f5e87bad3c948f4d605d) (ScriptedImporter) -> (artifact id: 'a254476600a38f2c4834ebc86be19cbf') in 0.0076644 seconds
Number of updated asset objects reloaded before import = 0Number of asset objects unloaded after import = 3

========================================================================
Received Import Request.
  Time since last request: 0.000036 seconds.
  path: Assets/GamerExtremo/RIP/Electric Puzzles_1.5/res/vq.xml
  artifactKey: Guid(4490f029635074646b5873e185fb9ec3) Importer(2089858483,b0f066a214c2f5e87bad3c948f4d605d)
Start importing Assets/GamerExtremo/RIP/Electric Puzzles_1.5/res/vq.xml using Guid(4490f029635074646b5873e185fb9ec3) Importer(2089858483,b0f066a214c2f5e87bad3c948f4d605d) (ScriptedImporter) -> (artifact id: '58bc66e52679a6bd5b530b2fadf5c8c7') in 0.0048486 seconds
Number of updated asset objects reloaded before import = 0Number of asset objects unloaded after import = 1

========================================================================
Received Import Request.
  Time since last request: 0.000148 seconds.
  path: Assets/GamerExtremo/RIP/Electric Puzzles_1.5/✅ New Folder/EYES/E/wm.png
  artifactKey: Guid(f363288f53bb81a48a400cd24221ff5a) Importer(2089858483,b0f066a214c2f5e87bad3c948f4d605d)
Start importing Assets/GamerExtremo/RIP/Electric Puzzles_1.5/✅ New Folder/EYES/E/wm.png using Guid(f363288f53bb81a48a400cd24221ff5a) Importer(2089858483,b0f066a214c2f5e87bad3c948f4d605d) (ScriptedImporter) -> (artifact id: '47f458dcaee32058700bda2718ad5ba8') in 0.0083611 seconds
Number of updated asset objects reloaded before import = 0Number of asset objects unloaded after import = 3

========================================================================
Received Import Request.
  Time since last request: 0.000034 seconds.
  path: Assets/GamerExtremo/res/-u.png
  artifactKey: Guid(40b9fb8495d0e25439a0e98a4b590e96) Importer(2089858483,b0f066a214c2f5e87bad3c948f4d605d)
Start importing Assets/GamerExtremo/res/-u.png using Guid(40b9fb8495d0e25439a0e98a4b590e96) Importer(2089858483,b0f066a214c2f5e87bad3c948f4d605d) (ScriptedImporter) -> (artifact id: '438af76aa8b37c99ad2e02de517db6fb') in 0.0082434 seconds
Number of updated asset objects reloaded before import = 0Number of asset objects unloaded after import = 3

========================================================================
Received Import Request.
  Time since last request: 0.000029 seconds.
  path: Assets/GamerExtremo/RIP/Electric Puzzles_1.5/SQUARE/5 Square verde claro/D5.png
  artifactKey: Guid(1ab92896bbfedc549a14407c3f22269a) Importer(2089858483,b0f066a214c2f5e87bad3c948f4d605d)
Start importing Assets/GamerExtremo/RIP/Electric Puzzles_1.5/SQUARE/5 Square verde claro/D5.png using Guid(1ab92896bbfedc549a14407c3f22269a) Importer(2089858483,b0f066a214c2f5e87bad3c948f4d605d) (ScriptedImporter) -> (artifact id: 'a37053399283ec9588ae4be2d0a89414') in 0.0095165 seconds
Number of updated asset objects reloaded before import = 0Number of asset objects unloaded after import = 3

========================================================================
Received Import Request.
  Time since last request: 0.000018 seconds.
  path: Assets/GamerExtremo/res/cZ.png
  artifactKey: Guid(ad85698998cc57743877c305a5172592) Importer(2089858483,b0f066a214c2f5e87bad3c948f4d605d)
Start importing Assets/GamerExtremo/res/cZ.png using Guid(ad85698998cc57743877c305a5172592) Importer(2089858483,b0f066a214c2f5e87bad3c948f4d605d) (ScriptedImporter) -> (artifact id: 'b23c943756ef0ab4a4c3288077dea91e') in 0.0111358 seconds
Number of updated asset objects reloaded before import = 0Number of asset objects unloaded after import = 3

========================================================================
Received Import Request.
  Time since last request: 0.000018 seconds.
  path: Assets/GamerExtremo/RIP/Electric Puzzles_1.5/✅ New Folder/TWO POINTS
  artifactKey: Guid(e0dc3676ce5b08344b2e86664831fd16) Importer(2089858483,b0f066a214c2f5e87bad3c948f4d605d)
Start importing Assets/GamerExtremo/RIP/Electric Puzzles_1.5/✅ New Folder/TWO POINTS using Guid(e0dc3676ce5b08344b2e86664831fd16) Importer(2089858483,b0f066a214c2f5e87bad3c948f4d605d) (ScriptedImporter) -> (artifact id: '93f2da1a39c296493300046c9544d231') in 0.0030791 seconds
Number of updated asset objects reloaded before import = 0Number of asset objects unloaded after import = 1

========================================================================
Received Import Request.
  Time since last request: 0.000121 seconds.
  path: Assets/GamerExtremo/RIP/Electric Puzzles_1.5/SQUARE/Vertical/W4.9.png
  artifactKey: Guid(743abb2ac8b42f34f8d8c7d689b6dd0c) Importer(2089858483,b0f066a214c2f5e87bad3c948f4d605d)
Start importing Assets/GamerExtremo/RIP/Electric Puzzles_1.5/SQUARE/Vertical/W4.9.png using Guid(743abb2ac8b42f34f8d8c7d689b6dd0c) Importer(2089858483,b0f066a214c2f5e87bad3c948f4d605d) (ScriptedImporter) -> (artifact id: '120ed7f033ee76bd47f46e9e8659f38b') in 0.009748 seconds
Number of updated asset objects reloaded before import = 0Number of asset objects unloaded after import = 3

========================================================================
Received Import Request.
  Time since last request: 0.000016 seconds.
  path: Assets/GamerExtremo/RIP/Electric Puzzles_1.5/✅ New Folder/PHONE/2/zz.png
  artifactKey: Guid(889538fea25ecf84a838669f36f14501) Importer(2089858483,b0f066a214c2f5e87bad3c948f4d605d)
Start importing Assets/GamerExtremo/RIP/Electric Puzzles_1.5/✅ New Folder/PHONE/2/zz.png using Guid(889538fea25ecf84a838669f36f14501) Importer(2089858483,b0f066a214c2f5e87bad3c948f4d605d) (ScriptedImporter) -> (artifact id: 'eef265c947b55884c49c919eb5bb8583') in 0.0096764 seconds
Number of updated asset objects reloaded before import = 0Number of asset objects unloaded after import = 3

========================================================================
Received Import Request.
  Time since last request: 0.000022 seconds.
  path: Assets/GamerExtremo/RIP/Electric Puzzles_1.5/✅ New Folder/GOTA/1/EP.png
  artifactKey: Guid(3c316fce3a4ab2745b9dbb3c9cc7c97c) Importer(2089858483,b0f066a214c2f5e87bad3c948f4d605d)
Start importing Assets/GamerExtremo/RIP/Electric Puzzles_1.5/✅ New Folder/GOTA/1/EP.png using Guid(3c316fce3a4ab2745b9dbb3c9cc7c97c) Importer(2089858483,b0f066a214c2f5e87bad3c948f4d605d) (ScriptedImporter) -> (artifact id: 'aa5cf3ee0c7a74c9541ed46f76b61a0d') in 0.0071947 seconds
Number of updated asset objects reloaded before import = 0Number of asset objects unloaded after import = 3

========================================================================
Received Import Request.
  Time since last request: 0.000055 seconds.
  path: Assets/GamerExtremo/res/M2.png
  artifactKey: Guid(fe7ef70146d10b744ad295070c39b539) Importer(2089858483,b0f066a214c2f5e87bad3c948f4d605d)
Start importing Assets/GamerExtremo/res/M2.png using Guid(fe7ef70146d10b744ad295070c39b539) Importer(2089858483,b0f066a214c2f5e87bad3c948f4d605d) (ScriptedImporter) -> (artifact id: '583941315865d3d563769bd5f488db6d') in 0.0096074 seconds
Number of updated asset objects reloaded before import = 0Number of asset objects unloaded after import = 3

========================================================================
Received Import Request.
  Time since last request: 0.000017 seconds.
  path: Assets/GamerExtremo/RIP/Electric Puzzles_1.5/SQUARE/6 montain/8R.png
  artifactKey: Guid(ddae3ca78dbe5be47b7ffb3575540c60) Importer(2089858483,b0f066a214c2f5e87bad3c948f4d605d)
Start importing Assets/GamerExtremo/RIP/Electric Puzzles_1.5/SQUARE/6 montain/8R.png using Guid(ddae3ca78dbe5be47b7ffb3575540c60) Importer(2089858483,b0f066a214c2f5e87bad3c948f4d605d) (ScriptedImporter) -> (artifact id: 'ada7703acacea2c4162ad8109bca2ee0') in 0.0098192 seconds
Number of updated asset objects reloaded before import = 0Number of asset objects unloaded after import = 3

========================================================================
Received Import Request.
  Time since last request: 0.000051 seconds.
  path: Assets/GamerExtremo/res/FL.png
  artifactKey: Guid(146c9848b4ac0704b89e0cc30de3512d) Importer(2089858483,b0f066a214c2f5e87bad3c948f4d605d)
Start importing Assets/GamerExtremo/res/FL.png using Guid(146c9848b4ac0704b89e0cc30de3512d) Importer(2089858483,b0f066a214c2f5e87bad3c948f4d605d) (ScriptedImporter) -> (artifact id: 'b24c9e646ffa0b5e21299e70ffce7122') in 0.0080175 seconds
Number of updated asset objects reloaded before import = 0Number of asset objects unloaded after import = 3

========================================================================
Received Import Request.
  Time since last request: 0.000033 seconds.
  path: Assets/GamerExtremo/res/5P.png
  artifactKey: Guid(fb17fa71ceb97594e9b5d39167fc7b45) Importer(2089858483,b0f066a214c2f5e87bad3c948f4d605d)
Start importing Assets/GamerExtremo/res/5P.png using Guid(fb17fa71ceb97594e9b5d39167fc7b45) Importer(2089858483,b0f066a214c2f5e87bad3c948f4d605d) (ScriptedImporter) -> (artifact id: 'cd06b2f2d99622fdd5c05b9641535590') in 0.0081432 seconds
Number of updated asset objects reloaded before import = 0Number of asset objects unloaded after import = 3

========================================================================
Received Import Request.
  Time since last request: 0.000022 seconds.
  path: Assets/GamerExtremo/res/Ru.png
  artifactKey: Guid(d201c421e1a7de447988a350392c4917) Importer(2089858483,b0f066a214c2f5e87bad3c948f4d605d)
Start importing Assets/GamerExtremo/res/Ru.png using Guid(d201c421e1a7de447988a350392c4917) Importer(2089858483,b0f066a214c2f5e87bad3c948f4d605d) (ScriptedImporter) -> (artifact id: '76da672373c3fd1eb8be0ee22b7c55a5') in 0.0093048 seconds
Number of updated asset objects reloaded before import = 0Number of asset objects unloaded after import = 3

========================================================================
Received Import Request.
  Time since last request: 0.000022 seconds.
  path: Assets/GamerExtremo/RIP/Electric Puzzles_1.5/✅ New Folder/EYES/W/eM.png
  artifactKey: Guid(ad2e59662f4eb4e4f9297982778dcaed) Importer(2089858483,b0f066a214c2f5e87bad3c948f4d605d)
Start importing Assets/GamerExtremo/RIP/Electric Puzzles_1.5/✅ New Folder/EYES/W/eM.png using Guid(ad2e59662f4eb4e4f9297982778dcaed) Importer(2089858483,b0f066a214c2f5e87bad3c948f4d605d) (ScriptedImporter) -> (artifact id: '7145fc48a37940a31d7fbbd4990d01f3') in 0.0105095 seconds
Number of updated asset objects reloaded before import = 0Number of asset objects unloaded after import = 3

========================================================================
Received Import Request.
  Time since last request: 0.000021 seconds.
  path: Assets/GamerExtremo/res/_G.png
  artifactKey: Guid(0bd3db322991f734d86192e9fa496a7e) Importer(2089858483,b0f066a214c2f5e87bad3c948f4d605d)
Start importing Assets/GamerExtremo/res/_G.png using Guid(0bd3db322991f734d86192e9fa496a7e) Importer(2089858483,b0f066a214c2f5e87bad3c948f4d605d) (ScriptedImporter) -> (artifact id: 'd1af4f906e833a53cae086ada838f5e4') in 0.008691 seconds
Number of updated asset objects reloaded before import = 0Number of asset objects unloaded after import = 3

========================================================================
Received Import Request.
  Time since last request: 0.000016 seconds.
  path: Assets/GamerExtremo/RIP/Electric Puzzles_1.5/✅ New Folder/CAR/ZV.png
  artifactKey: Guid(140553a629995224eae702e9b1c69ff8) Importer(2089858483,b0f066a214c2f5e87bad3c948f4d605d)
Start importing Assets/GamerExtremo/RIP/Electric Puzzles_1.5/✅ New Folder/CAR/ZV.png using Guid(140553a629995224eae702e9b1c69ff8) Importer(2089858483,b0f066a214c2f5e87bad3c948f4d605d) (ScriptedImporter) -> (artifact id: 'be72c8209f8115f3b4e350853a5b5042') in 0.0091538 seconds
Number of updated asset objects reloaded before import = 0Number of asset objects unloaded after import = 3

========================================================================
Received Import Request.
  Time since last request: 0.000016 seconds.
  path: Assets/GamerExtremo/res/oP.xml
  artifactKey: Guid(56c9f9c6d5e74a14592981541a306787) Importer(2089858483,b0f066a214c2f5e87bad3c948f4d605d)
Start importing Assets/GamerExtremo/res/oP.xml using Guid(56c9f9c6d5e74a14592981541a306787) Importer(2089858483,b0f066a214c2f5e87bad3c948f4d605d) (ScriptedImporter) -> (artifact id: 'd8006474cfc6f56559905c4e14c8ab39') in 0.0045895 seconds
Number of updated asset objects reloaded before import = 0Number of asset objects unloaded after import = 1

========================================================================
Received Import Request.
  Time since last request: 0.000088 seconds.
  path: Assets/GamerExtremo/res/EZ.xml
  artifactKey: Guid(b5d8be1ab8b3b4246934e24d9dcd59aa) Importer(2089858483,b0f066a214c2f5e87bad3c948f4d605d)
Start importing Assets/GamerExtremo/res/EZ.xml using Guid(b5d8be1ab8b3b4246934e24d9dcd59aa) Importer(2089858483,b0f066a214c2f5e87bad3c948f4d605d) (ScriptedImporter) -> (artifact id: '3a499b5a0af3768170cb5d8cdb336e6d') in 0.0030061 seconds
Number of updated asset objects reloaded before import = 0Number of asset objects unloaded after import = 1

========================================================================
Received Import Request.
  Time since last request: 0.000139 seconds.
  path: Assets/GamerExtremo/RIP/Electric Puzzles_1.5/✅ New Folder/XML/y6.xml
  artifactKey: Guid(f70fd87c77fc3094389245e31d77583c) Importer(2089858483,b0f066a214c2f5e87bad3c948f4d605d)
Start importing Assets/GamerExtremo/RIP/Electric Puzzles_1.5/✅ New Folder/XML/y6.xml using Guid(f70fd87c77fc3094389245e31d77583c) Importer(2089858483,b0f066a214c2f5e87bad3c948f4d605d) (ScriptedImporter) -> (artifact id: 'd4e46ea5dd601d2aaa44a16bf64e6e08') in 0.003252 seconds
Number of updated asset objects reloaded before import = 0Number of asset objects unloaded after import = 1

========================================================================
Received Import Request.
  Time since last request: 0.000052 seconds.
  path: Assets/GamerExtremo/RIP/Electric Puzzles_1.5/res/Du.png
  artifactKey: Guid(557162717aaa4c0478d9f40be1f28941) Importer(2089858483,b0f066a214c2f5e87bad3c948f4d605d)
Start importing Assets/GamerExtremo/RIP/Electric Puzzles_1.5/res/Du.png using Guid(557162717aaa4c0478d9f40be1f28941) Importer(2089858483,b0f066a214c2f5e87bad3c948f4d605d) (ScriptedImporter) -> (artifact id: 'b23e49aebcbb9f061fa8ee6c044d33ab') in 0.0099597 seconds
Number of updated asset objects reloaded before import = 0Number of asset objects unloaded after import = 3

========================================================================
Received Import Request.
  Time since last request: 0.000019 seconds.
  path: Assets/GamerExtremo/RIP/Electric Puzzles_1.5/✅ New Folder/THREE POINT VETICAL/4N1.png
  artifactKey: Guid(68f65f0c73c751f47b49cf0640a43f3d) Importer(2089858483,b0f066a214c2f5e87bad3c948f4d605d)
Start importing Assets/GamerExtremo/RIP/Electric Puzzles_1.5/✅ New Folder/THREE POINT VETICAL/4N1.png using Guid(68f65f0c73c751f47b49cf0640a43f3d) Importer(2089858483,b0f066a214c2f5e87bad3c948f4d605d) (ScriptedImporter) -> (artifact id: '3f197e0e03c368d6e0509443973de3e9') in 0.0104904 seconds
Number of updated asset objects reloaded before import = 0Number of asset objects unloaded after import = 3

========================================================================
Received Import Request.
  Time since last request: 0.000020 seconds.
  path: Assets/GamerExtremo/RIP/Electric Puzzles_1.5/SQUARE/cinza/X3.9.png
  artifactKey: Guid(94b9c33d02f9bd041bf9122ae27459d0) Importer(2089858483,b0f066a214c2f5e87bad3c948f4d605d)
Start importing Assets/GamerExtremo/RIP/Electric Puzzles_1.5/SQUARE/cinza/X3.9.png using Guid(94b9c33d02f9bd041bf9122ae27459d0) Importer(2089858483,b0f066a214c2f5e87bad3c948f4d605d) (ScriptedImporter) -> (artifact id: '25db1e537654fd70dac77c30fdeb95b1') in 0.0090437 seconds
Number of updated asset objects reloaded before import = 0Number of asset objects unloaded after import = 3

========================================================================
Received Import Request.
  Time since last request: 0.000021 seconds.
  path: Assets/GamerExtremo/res/Tv.png
  artifactKey: Guid(e4f8bd370c1dbae4f9921a7b2ca33685) Importer(2089858483,b0f066a214c2f5e87bad3c948f4d605d)
Start importing Assets/GamerExtremo/res/Tv.png using Guid(e4f8bd370c1dbae4f9921a7b2ca33685) Importer(2089858483,b0f066a214c2f5e87bad3c948f4d605d) (ScriptedImporter) -> (artifact id: 'a6436dc610cd29d6a88b23584bc1a486') in 0.007498 seconds
Number of updated asset objects reloaded before import = 0Number of asset objects unloaded after import = 3

========================================================================
Received Import Request.
  Time since last request: 0.000016 seconds.
  path: Assets/GamerExtremo/res/Yw.9.png
  artifactKey: Guid(702b41ade47cd984eb235006230acf9f) Importer(2089858483,b0f066a214c2f5e87bad3c948f4d605d)
Start importing Assets/GamerExtremo/res/Yw.9.png using Guid(702b41ade47cd984eb235006230acf9f) Importer(2089858483,b0f066a214c2f5e87bad3c948f4d605d) (ScriptedImporter) -> (artifact id: '321843bf3a72f50c36109590a1dd6338') in 0.0099665 seconds
Number of updated asset objects reloaded before import = 0Number of asset objects unloaded after import = 3

========================================================================
Received Import Request.
  Time since last request: 0.000022 seconds.
  path: Assets/GamerExtremo/RIP/Electric Puzzles_1.5/res/MQ.png
  artifactKey: Guid(a0a37bf5d5e676d4db8c1d44f5656c60) Importer(2089858483,b0f066a214c2f5e87bad3c948f4d605d)
Start importing Assets/GamerExtremo/RIP/Electric Puzzles_1.5/res/MQ.png using Guid(a0a37bf5d5e676d4db8c1d44f5656c60) Importer(2089858483,b0f066a214c2f5e87bad3c948f4d605d) (ScriptedImporter) -> (artifact id: 'df229596cd429d29d6d5fc9830bc1623') in 0.0083362 seconds
Number of updated asset objects reloaded before import = 0Number of asset objects unloaded after import = 3

========================================================================
Received Import Request.
  Time since last request: 0.000017 seconds.
  path: Assets/GamerExtremo/res/k4.png
  artifactKey: Guid(81320b1e622083e469c102659d0b9721) Importer(2089858483,b0f066a214c2f5e87bad3c948f4d605d)
Start importing Assets/GamerExtremo/res/k4.png using Guid(81320b1e622083e469c102659d0b9721) Importer(2089858483,b0f066a214c2f5e87bad3c948f4d605d) (ScriptedImporter) -> (artifact id: 'b0fac85c550381a78b85ccfddf54c778') in 0.0065573 seconds
Number of updated asset objects reloaded before import = 0Number of asset objects unloaded after import = 3

========================================================================
Received Import Request.
  Time since last request: 0.000019 seconds.
  path: Assets/GamerExtremo/res/rM.png
  artifactKey: Guid(c83e635e48fa34445bbca73ef2ac4642) Importer(2089858483,b0f066a214c2f5e87bad3c948f4d605d)
Start importing Assets/GamerExtremo/res/rM.png using Guid(c83e635e48fa34445bbca73ef2ac4642) Importer(2089858483,b0f066a214c2f5e87bad3c948f4d605d) (ScriptedImporter) -> (artifact id: '4af4deee8b526efa2309e594826b3723') in 0.0077691 seconds
Number of updated asset objects reloaded before import = 0Number of asset objects unloaded after import = 3

========================================================================
Received Import Request.
  Time since last request: 0.000018 seconds.
  path: Assets/GamerExtremo/RIP/Electric Puzzles_1.5/res/i_.png
  artifactKey: Guid(a437d499c77e455498505ae70a8813fb) Importer(2089858483,b0f066a214c2f5e87bad3c948f4d605d)
Start importing Assets/GamerExtremo/RIP/Electric Puzzles_1.5/res/i_.png using Guid(a437d499c77e455498505ae70a8813fb) Importer(2089858483,b0f066a214c2f5e87bad3c948f4d605d) (ScriptedImporter) -> (artifact id: '6d696568cb472985340b1c7f0af08074') in 0.0069421 seconds
Number of updated asset objects reloaded before import = 0Number of asset objects unloaded after import = 3

========================================================================
Received Import Request.
  Time since last request: 0.000019 seconds.
  path: Assets/GamerExtremo/res/Zg.xml
  artifactKey: Guid(95da9aff513380344bde5494e366a8a6) Importer(2089858483,b0f066a214c2f5e87bad3c948f4d605d)
Start importing Assets/GamerExtremo/res/Zg.xml using Guid(95da9aff513380344bde5494e366a8a6) Importer(2089858483,b0f066a214c2f5e87bad3c948f4d605d) (ScriptedImporter) -> (artifact id: '1e9f59aa7c3fa2702a856e0b61ffad25') in 0.0035081 seconds
Number of updated asset objects reloaded before import = 0Number of asset objects unloaded after import = 1

========================================================================
Received Import Request.
  Time since last request: 0.000122 seconds.
  path: Assets/GamerExtremo/RIP/Electric Puzzles_1.5/SQUARE/Square Branco
  artifactKey: Guid(70383a69fde9df8468f8dd280afe82e7) Importer(2089858483,b0f066a214c2f5e87bad3c948f4d605d)
Start importing Assets/GamerExtremo/RIP/Electric Puzzles_1.5/SQUARE/Square Branco using Guid(70383a69fde9df8468f8dd280afe82e7) Importer(2089858483,b0f066a214c2f5e87bad3c948f4d605d) (ScriptedImporter) -> (artifact id: '6de6a57f9fd3cb1ee6e755a11f3375fc') in 0.0027305 seconds
Number of updated asset objects reloaded before import = 0Number of asset objects unloaded after import = 1

========================================================================
Received Import Request.
  Time since last request: 0.000079 seconds.
  path: Assets/GamerExtremo/RIP/Electric Puzzles_1.5/res/pm.png
  artifactKey: Guid(bda456811878e6b4ea1b1d1fdbf9366c) Importer(2089858483,b0f066a214c2f5e87bad3c948f4d605d)
Start importing Assets/GamerExtremo/RIP/Electric Puzzles_1.5/res/pm.png using Guid(bda456811878e6b4ea1b1d1fdbf9366c) Importer(2089858483,b0f066a214c2f5e87bad3c948f4d605d) (ScriptedImporter) -> (artifact id: '143edaf5f511ee5f9b60baa58c0301d1') in 0.0082574 seconds
Number of updated asset objects reloaded before import = 0Number of asset objects unloaded after import = 3

========================================================================
Received Import Request.
  Time since last request: 0.000027 seconds.
  path: Assets/GamerExtremo/RIP/Electric Puzzles_1.5/res/9z.xml
  artifactKey: Guid(f31c76e31568c3f408581c065c448498) Importer(2089858483,b0f066a214c2f5e87bad3c948f4d605d)
Start importing Assets/GamerExtremo/RIP/Electric Puzzles_1.5/res/9z.xml using Guid(f31c76e31568c3f408581c065c448498) Importer(2089858483,b0f066a214c2f5e87bad3c948f4d605d) (ScriptedImporter) -> (artifact id: '7a0b9e52eb5c5295a78fc8d4e6108e7d') in 0.0040359 seconds
Number of updated asset objects reloaded before import = 0Number of asset objects unloaded after import = 1

========================================================================
Received Import Request.
  Time since last request: 0.000096 seconds.
  path: Assets/GamerExtremo/RIP/Electric Puzzles_1.5/✅ New Folder/CIRCLE/CIRCLE BLUE -MINUS CENTER/tw.png
  artifactKey: Guid(ca21e9e5db25eb04aa6f67466a42b8c6) Importer(2089858483,b0f066a214c2f5e87bad3c948f4d605d)
Start importing Assets/GamerExtremo/RIP/Electric Puzzles_1.5/✅ New Folder/CIRCLE/CIRCLE BLUE -MINUS CENTER/tw.png using Guid(ca21e9e5db25eb04aa6f67466a42b8c6) Importer(2089858483,b0f066a214c2f5e87bad3c948f4d605d) (ScriptedImporter) -> (artifact id: 'b27afcd2b181613968f0cac0e952a151') in 0.0070877 seconds
Number of updated asset objects reloaded before import = 0Number of asset objects unloaded after import = 3

========================================================================
Received Import Request.
  Time since last request: 0.000016 seconds.
  path: Assets/GamerExtremo/RIP/Electric Puzzles_1.5/res/L5.png
  artifactKey: Guid(a14095073081dcc4b97ee47af62d50b5) Importer(2089858483,b0f066a214c2f5e87bad3c948f4d605d)
Start importing Assets/GamerExtremo/RIP/Electric Puzzles_1.5/res/L5.png using Guid(a14095073081dcc4b97ee47af62d50b5) Importer(2089858483,b0f066a214c2f5e87bad3c948f4d605d) (ScriptedImporter) -> (artifact id: '294a4df029fcc57cab383c0c7d4f73cd') in 0.0069111 seconds
Number of updated asset objects reloaded before import = 0Number of asset objects unloaded after import = 3

========================================================================
Received Import Request.
  Time since last request: 0.000029 seconds.
  path: Assets/GamerExtremo/res/VN.xml
  artifactKey: Guid(8f43ef6c6f9e3eb47a039bdee126dae7) Importer(2089858483,b0f066a214c2f5e87bad3c948f4d605d)
Start importing Assets/GamerExtremo/res/VN.xml using Guid(8f43ef6c6f9e3eb47a039bdee126dae7) Importer(2089858483,b0f066a214c2f5e87bad3c948f4d605d) (ScriptedImporter) -> (artifact id: '1a3431164ddf69959f7b4b81155ade3a') in 0.0033308 seconds
Number of updated asset objects reloaded before import = 0Number of asset objects unloaded after import = 1

========================================================================
Received Import Request.
  Time since last request: 0.000159 seconds.
  path: Assets/GamerExtremo/RIP/Electric Puzzles_1.5/✅ New Folder/TRASH/0q.png
  artifactKey: Guid(f9c89132b3efcef4e9dfb21c5ace440b) Importer(2089858483,b0f066a214c2f5e87bad3c948f4d605d)
Start importing Assets/GamerExtremo/RIP/Electric Puzzles_1.5/✅ New Folder/TRASH/0q.png using Guid(f9c89132b3efcef4e9dfb21c5ace440b) Importer(2089858483,b0f066a214c2f5e87bad3c948f4d605d) (ScriptedImporter) -> (artifact id: '761fe231a05df3bdb40beb802f40849c') in 0.0066936 seconds
Number of updated asset objects reloaded before import = 0Number of asset objects unloaded after import = 3

========================================================================
Received Import Request.
  Time since last request: 0.000016 seconds.
  path: Assets/GamerExtremo/RIP/Electric Puzzles_1.5/✅ New Folder/XML/aW.xml
  artifactKey: Guid(24889c09d73d94148abd29a0eab5adcb) Importer(2089858483,b0f066a214c2f5e87bad3c948f4d605d)
Start importing Assets/GamerExtremo/RIP/Electric Puzzles_1.5/✅ New Folder/XML/aW.xml using Guid(24889c09d73d94148abd29a0eab5adcb) Importer(2089858483,b0f066a214c2f5e87bad3c948f4d605d) (ScriptedImporter) -> (artifact id: '6ce4725e31ea500a687331a6abba80d2') in 0.0034726 seconds
Number of updated asset objects reloaded before import = 0Number of asset objects unloaded after import = 1

========================================================================
Received Import Request.
  Time since last request: 0.000125 seconds.
  path: Assets/GamerExtremo/RIP/Electric Puzzles_1.5/FIOS/TL/wn.png
  artifactKey: Guid(0d478c1e25e8806418a206ec6b40d62a) Importer(2089858483,b0f066a214c2f5e87bad3c948f4d605d)
Start importing Assets/GamerExtremo/RIP/Electric Puzzles_1.5/FIOS/TL/wn.png using Guid(0d478c1e25e8806418a206ec6b40d62a) Importer(2089858483,b0f066a214c2f5e87bad3c948f4d605d) (ScriptedImporter) -> (artifact id: 'fca4afa468362223aa72be430e5e933b') in 0.006959 seconds
Number of updated asset objects reloaded before import = 0Number of asset objects unloaded after import = 3

========================================================================
Received Import Request.
  Time since last request: 0.000016 seconds.
  path: Assets/GamerExtremo/RIP/Electric Puzzles_1.5/✅ New Folder/EYES/E/J6.png
  artifactKey: Guid(6a99a469d4a13e246bb9967ad4708bb7) Importer(2089858483,b0f066a214c2f5e87bad3c948f4d605d)
Start importing Assets/GamerExtremo/RIP/Electric Puzzles_1.5/✅ New Folder/EYES/E/J6.png using Guid(6a99a469d4a13e246bb9967ad4708bb7) Importer(2089858483,b0f066a214c2f5e87bad3c948f4d605d) (ScriptedImporter) -> (artifact id: '24222be8bbf3ccb59f6e6ac8081b374b') in 0.0080591 seconds
Number of updated asset objects reloaded before import = 0Number of asset objects unloaded after import = 3

========================================================================
Received Import Request.
  Time since last request: 0.000017 seconds.
  path: Assets/GamerExtremo/res/1e.png
  artifactKey: Guid(899e4270918bec943937607a2ffcbec6) Importer(2089858483,b0f066a214c2f5e87bad3c948f4d605d)
Start importing Assets/GamerExtremo/res/1e.png using Guid(899e4270918bec943937607a2ffcbec6) Importer(2089858483,b0f066a214c2f5e87bad3c948f4d605d) (ScriptedImporter) -> (artifact id: '9910fb7d8f364c7616e06f913b946278') in 0.00679 seconds
Number of updated asset objects reloaded before import = 0Number of asset objects unloaded after import = 3

========================================================================
Received Import Request.
  Time since last request: 0.000017 seconds.
  path: Assets/GamerExtremo/RIP/Electric Puzzles_1.5/✅ New Folder/BULB/MV.png
  artifactKey: Guid(98ed19b4030edc44ea7be0ee00149cf8) Importer(2089858483,b0f066a214c2f5e87bad3c948f4d605d)
Start importing Assets/GamerExtremo/RIP/Electric Puzzles_1.5/✅ New Folder/BULB/MV.png using Guid(98ed19b4030edc44ea7be0ee00149cf8) Importer(2089858483,b0f066a214c2f5e87bad3c948f4d605d) (ScriptedImporter) -> (artifact id: '4edc85ee32b0ef9e602a351438f90204') in 0.0073059 seconds
Number of updated asset objects reloaded before import = 0Number of asset objects unloaded after import = 3

========================================================================
Received Import Request.
  Time since last request: 0.000016 seconds.
  path: Assets/GamerExtremo/RIP/Electric Puzzles_1.5/res/ut.9.png
  artifactKey: Guid(5576a07ea7fea0e4ab50b9e0e0356d50) Importer(2089858483,b0f066a214c2f5e87bad3c948f4d605d)
Start importing Assets/GamerExtremo/RIP/Electric Puzzles_1.5/res/ut.9.png using Guid(5576a07ea7fea0e4ab50b9e0e0356d50) Importer(2089858483,b0f066a214c2f5e87bad3c948f4d605d) (ScriptedImporter) -> (artifact id: '9f9e9fb40ca39a41368ec7c844c077b4') in 0.0072044 seconds
Number of updated asset objects reloaded before import = 0Number of asset objects unloaded after import = 3

========================================================================
Received Import Request.
  Time since last request: 0.000049 seconds.
  path: Assets/GamerExtremo/RIP/Electric Puzzles_1.5/res/2K.9.png
  artifactKey: Guid(fbd5e57c4802256448bc6d9455e5cc78) Importer(2089858483,b0f066a214c2f5e87bad3c948f4d605d)
Start importing Assets/GamerExtremo/RIP/Electric Puzzles_1.5/res/2K.9.png using Guid(fbd5e57c4802256448bc6d9455e5cc78) Importer(2089858483,b0f066a214c2f5e87bad3c948f4d605d) (ScriptedImporter) -> (artifact id: 'b75fdc2b2f4899f6a94c4106037235e1') in 0.006689 seconds
Number of updated asset objects reloaded before import = 0Number of asset objects unloaded after import = 3

========================================================================
Received Import Request.
  Time since last request: 0.000026 seconds.
  path: Assets/GamerExtremo/RIP/Electric Puzzles_1.5/SQUARE/6 montain/8b.png
  artifactKey: Guid(8d1581e5b1534514ba057051edc0349c) Importer(2089858483,b0f066a214c2f5e87bad3c948f4d605d)
Start importing Assets/GamerExtremo/RIP/Electric Puzzles_1.5/SQUARE/6 montain/8b.png using Guid(8d1581e5b1534514ba057051edc0349c) Importer(2089858483,b0f066a214c2f5e87bad3c948f4d605d) (ScriptedImporter) -> (artifact id: 'd534fe59f97df1468a2dad315c1f34cf') in 0.0072058 seconds
Number of updated asset objects reloaded before import = 0Number of asset objects unloaded after import = 3

========================================================================
Received Import Request.
  Time since last request: 0.000021 seconds.
  path: Assets/GamerExtremo/RIP/Electric Puzzles_1.5/SQUARE/L no centro/5D.9.png
  artifactKey: Guid(0cfa70a18f06dc0499a8e3de4e698819) Importer(2089858483,b0f066a214c2f5e87bad3c948f4d605d)
Start importing Assets/GamerExtremo/RIP/Electric Puzzles_1.5/SQUARE/L no centro/5D.9.png using Guid(0cfa70a18f06dc0499a8e3de4e698819) Importer(2089858483,b0f066a214c2f5e87bad3c948f4d605d) (ScriptedImporter) -> (artifact id: '2ca03715d768039587e63c88269398fd') in 0.0084719 seconds
Number of updated asset objects reloaded before import = 0Number of asset objects unloaded after import = 3

========================================================================
Received Import Request.
  Time since last request: 0.000019 seconds.
  path: Assets/GamerExtremo/Resources/Player/walk (6).png
  artifactKey: Guid(c650ca0b2ec5c8f429e18c767b21de7c) Importer(2089858483,b0f066a214c2f5e87bad3c948f4d605d)
Start importing Assets/GamerExtremo/Resources/Player/walk (6).png using Guid(c650ca0b2ec5c8f429e18c767b21de7c) Importer(2089858483,b0f066a214c2f5e87bad3c948f4d605d) (ScriptedImporter) -> (artifact id: 'b15f41f324dce7f5bb7b6bd28b55ad48') in 0.0077417 seconds
Number of updated asset objects reloaded before import = 0Number of asset objects unloaded after import = 3

========================================================================
Received Import Request.
  Time since last request: 0.000023 seconds.
  path: Assets/GamerExtremo/Resources/Enemy1/skeleton_1_walk (1).png
  artifactKey: Guid(5a8aeaa459559b04ca6f2b06194d7742) Importer(2089858483,b0f066a214c2f5e87bad3c948f4d605d)
Start importing Assets/GamerExtremo/Resources/Enemy1/skeleton_1_walk (1).png using Guid(5a8aeaa459559b04ca6f2b06194d7742) Importer(2089858483,b0f066a214c2f5e87bad3c948f4d605d) (ScriptedImporter) -> (artifact id: '7d4ddb36001f57287fc497e0b26dadfa') in 0.0078843 seconds
Number of updated asset objects reloaded before import = 0Number of asset objects unloaded after import = 3

========================================================================
Received Import Request.
  Time since last request: 0.000019 seconds.
  path: Assets/GamerExtremo/RIP/Electric Puzzles_1.5/res/gj.9.png
  artifactKey: Guid(44f1c8204695bef40976fc747f7ac505) Importer(2089858483,b0f066a214c2f5e87bad3c948f4d605d)
Start importing Assets/GamerExtremo/RIP/Electric Puzzles_1.5/res/gj.9.png using Guid(44f1c8204695bef40976fc747f7ac505) Importer(2089858483,b0f066a214c2f5e87bad3c948f4d605d) (ScriptedImporter) -> (artifact id: '1da2dd5a2e64ebf8112e0ca4fb31e900') in 0.0068379 seconds
Number of updated asset objects reloaded before import = 0Number of asset objects unloaded after import = 3

========================================================================
Received Import Request.
  Time since last request: 0.000017 seconds.
  path: Assets/GamerExtremo/res/fZ.png
  artifactKey: Guid(3f6847d670696d145a2719097b784d8d) Importer(2089858483,b0f066a214c2f5e87bad3c948f4d605d)
Start importing Assets/GamerExtremo/res/fZ.png using Guid(3f6847d670696d145a2719097b784d8d) Importer(2089858483,b0f066a214c2f5e87bad3c948f4d605d) (ScriptedImporter) -> (artifact id: '1d5fd7f968db52e1ac90a65a85a817d8') in 0.0064321 seconds
Number of updated asset objects reloaded before import = 0Number of asset objects unloaded after import = 3

========================================================================
Received Import Request.
  Time since last request: 0.000018 seconds.
  path: Assets/GamerExtremo/RIP/Electric Puzzles_1.5/res/D2.png
  artifactKey: Guid(8cf908ad2c1d3c84aaadf41f6bc636ee) Importer(2089858483,b0f066a214c2f5e87bad3c948f4d605d)
Start importing Assets/GamerExtremo/RIP/Electric Puzzles_1.5/res/D2.png using Guid(8cf908ad2c1d3c84aaadf41f6bc636ee) Importer(2089858483,b0f066a214c2f5e87bad3c948f4d605d) (ScriptedImporter) -> (artifact id: 'f16f569593dab2945ab72f721199e8f3') in 0.0087223 seconds
Number of updated asset objects reloaded before import = 0Number of asset objects unloaded after import = 3

========================================================================
Received Import Request.
  Time since last request: 0.000018 seconds.
  path: Assets/GamerExtremo/Resources/Player/walk (4).png
  artifactKey: Guid(18aa602366715914e8d7931c6ec4841a) Importer(2089858483,b0f066a214c2f5e87bad3c948f4d605d)
Start importing Assets/GamerExtremo/Resources/Player/walk (4).png using Guid(18aa602366715914e8d7931c6ec4841a) Importer(2089858483,b0f066a214c2f5e87bad3c948f4d605d) (ScriptedImporter) -> (artifact id: '837357756aaa851b91c9fed13dc45e8d') in 0.007546 seconds
Number of updated asset objects reloaded before import = 0Number of asset objects unloaded after import = 3

========================================================================
Received Import Request.
  Time since last request: 0.000018 seconds.
  path: Assets/GamerExtremo/RIP/Electric Puzzles_1.5/✅ New Folder/XML/NM.xml
  artifactKey: Guid(49bc7dd2441f67141b28d925baffd34a) Importer(2089858483,b0f066a214c2f5e87bad3c948f4d605d)
Start importing Assets/GamerExtremo/RIP/Electric Puzzles_1.5/✅ New Folder/XML/NM.xml using Guid(49bc7dd2441f67141b28d925baffd34a) Importer(2089858483,b0f066a214c2f5e87bad3c948f4d605d) (ScriptedImporter) -> (artifact id: 'cac70f58824eb422ba9a6e2e750f9c0d') in 0.0046855 seconds
Number of updated asset objects reloaded before import = 0Number of asset objects unloaded after import = 1

========================================================================
Received Import Request.
  Time since last request: 0.000140 seconds.
  path: Assets/GamerExtremo/RIP/Electric Puzzles_1.5/res/DY.png
  artifactKey: Guid(7f30e7ae9cb0ee6459aa2b93cea6d6c2) Importer(2089858483,b0f066a214c2f5e87bad3c948f4d605d)
Start importing Assets/GamerExtremo/RIP/Electric Puzzles_1.5/res/DY.png using Guid(7f30e7ae9cb0ee6459aa2b93cea6d6c2) Importer(2089858483,b0f066a214c2f5e87bad3c948f4d605d) (ScriptedImporter) -> (artifact id: '09aa063cf590372900d02285ff722cf6') in 0.0072856 seconds
Number of updated asset objects reloaded before import = 0Number of asset objects unloaded after import = 3

========================================================================
Received Import Request.
  Time since last request: 0.000026 seconds.
  path: Assets/GamerExtremo/res/QZ.xml
  artifactKey: Guid(7613e503f18e5f644a5be8549dd332ed) Importer(2089858483,b0f066a214c2f5e87bad3c948f4d605d)
Start importing Assets/GamerExtremo/res/QZ.xml using Guid(7613e503f18e5f644a5be8549dd332ed) Importer(2089858483,b0f066a214c2f5e87bad3c948f4d605d) (ScriptedImporter) -> (artifact id: 'b7367f58e1ddf14e3dac26ea65844473') in 0.0037739 seconds
Number of updated asset objects reloaded before import = 0Number of asset objects unloaded after import = 1

========================================================================
Received Import Request.
  Time since last request: 0.000128 seconds.
  path: Assets/GamerExtremo/res/Sb.xml
  artifactKey: Guid(08b3aa10eeab4904f9f2609647856e9e) Importer(2089858483,b0f066a214c2f5e87bad3c948f4d605d)
Start importing Assets/GamerExtremo/res/Sb.xml using Guid(08b3aa10eeab4904f9f2609647856e9e) Importer(2089858483,b0f066a214c2f5e87bad3c948f4d605d) (ScriptedImporter) -> (artifact id: '846a94934bceba692e2509513adec05a') in 0.0027634 seconds
Number of updated asset objects reloaded before import = 0Number of asset objects unloaded after import = 1

========================================================================
Received Import Request.
  Time since last request: 0.000091 seconds.
  path: Assets/GamerExtremo/res/Pb.png
  artifactKey: Guid(b0d1d3b46a6b6c5409b23ec81b47e474) Importer(2089858483,b0f066a214c2f5e87bad3c948f4d605d)
Start importing Assets/GamerExtremo/res/Pb.png using Guid(b0d1d3b46a6b6c5409b23ec81b47e474) Importer(2089858483,b0f066a214c2f5e87bad3c948f4d605d) (ScriptedImporter) -> (artifact id: '8e6f499bab50a42c22b4e9c23061d748') in 0.0068964 seconds
Number of updated asset objects reloaded before import = 0Number of asset objects unloaded after import = 3

========================================================================
Received Import Request.
  Time since last request: 0.000019 seconds.
  path: Assets/GamerExtremo/res/0m.png
  artifactKey: Guid(6d443d443c76424499b19958d75964bf) Importer(2089858483,b0f066a214c2f5e87bad3c948f4d605d)
Start importing Assets/GamerExtremo/res/0m.png using Guid(6d443d443c76424499b19958d75964bf) Importer(2089858483,b0f066a214c2f5e87bad3c948f4d605d) (ScriptedImporter) -> (artifact id: 'c753bf5a34d260e258e1ca139cc3d913') in 0.0067047 seconds
Number of updated asset objects reloaded before import = 0Number of asset objects unloaded after import = 3

========================================================================
Received Import Request.
  Time since last request: 0.000017 seconds.
  path: Assets/GamerExtremo/RIP/Electric Puzzles_1.5/✅ New Folder/PLAY/24.png
  artifactKey: Guid(14a6bbd1dde477a41b8e2a828f962556) Importer(2089858483,b0f066a214c2f5e87bad3c948f4d605d)
Start importing Assets/GamerExtremo/RIP/Electric Puzzles_1.5/✅ New Folder/PLAY/24.png using Guid(14a6bbd1dde477a41b8e2a828f962556) Importer(2089858483,b0f066a214c2f5e87bad3c948f4d605d) (ScriptedImporter) -> (artifact id: '80b7a01192439bc2e9bf0552bbbf7d5b') in 0.0074799 seconds
Number of updated asset objects reloaded before import = 0Number of asset objects unloaded after import = 3

========================================================================
Received Import Request.
  Time since last request: 0.000021 seconds.
  path: Assets/GamerExtremo/Resources/Enemy2/skeleton_2_walk (11).png
  artifactKey: Guid(2b779bf5662ba404097dbefe0c926888) Importer(2089858483,b0f066a214c2f5e87bad3c948f4d605d)
Start importing Assets/GamerExtremo/Resources/Enemy2/skeleton_2_walk (11).png using Guid(2b779bf5662ba404097dbefe0c926888) Importer(2089858483,b0f066a214c2f5e87bad3c948f4d605d) (ScriptedImporter) -> (artifact id: '6e1fa0cbb0ccece2f897a53acb5c89a4') in 0.009255 seconds
Number of updated asset objects reloaded before import = 0Number of asset objects unloaded after import = 3

========================================================================
Received Import Request.
  Time since last request: 0.000017 seconds.
  path: Assets/GamerExtremo/RIP/Electric Puzzles_1.5/Pictures/wire_el 1 - Copia.png
  artifactKey: Guid(861fa41006f406845a499224a60d2b22) Importer(2089858483,b0f066a214c2f5e87bad3c948f4d605d)
Start importing Assets/GamerExtremo/RIP/Electric Puzzles_1.5/Pictures/wire_el 1 - Copia.png using Guid(861fa41006f406845a499224a60d2b22) Importer(2089858483,b0f066a214c2f5e87bad3c948f4d605d) (ScriptedImporter) -> (artifact id: 'f2020526399f73cfef17ec67bdcbba6a') in 0.0079528 seconds
Number of updated asset objects reloaded before import = 0Number of asset objects unloaded after import = 3

========================================================================
Received Import Request.
  Time since last request: 0.000016 seconds.
  path: Assets/GamerExtremo/res/ZN.9.png
  artifactKey: Guid(249614f984930fb4883a1f3507ccfeb1) Importer(2089858483,b0f066a214c2f5e87bad3c948f4d605d)
Start importing Assets/GamerExtremo/res/ZN.9.png using Guid(249614f984930fb4883a1f3507ccfeb1) Importer(2089858483,b0f066a214c2f5e87bad3c948f4d605d) (ScriptedImporter) -> (artifact id: 'eb4023cb8359fd6e3d6be3562496f6a3') in 0.0070478 seconds
Number of updated asset objects reloaded before import = 0Number of asset objects unloaded after import = 3

========================================================================
Received Import Request.
  Time since last request: 0.000017 seconds.
  path: Assets/GamerExtremo/res/dB.9.png
  artifactKey: Guid(8938d08b561194f4e9904931ee5833c3) Importer(2089858483,b0f066a214c2f5e87bad3c948f4d605d)
Start importing Assets/GamerExtremo/res/dB.9.png using Guid(8938d08b561194f4e9904931ee5833c3) Importer(2089858483,b0f066a214c2f5e87bad3c948f4d605d) (ScriptedImporter) -> (artifact id: 'de242993e15909d1f1ef1efc5d2875d7') in 0.0070146 seconds
Number of updated asset objects reloaded before import = 0Number of asset objects unloaded after import = 3

========================================================================
Received Import Request.
  Time since last request: 0.000017 seconds.
  path: Assets/GamerExtremo/RIP/Electric Puzzles_1.5/✅ New Folder/XML/VN.xml
  artifactKey: Guid(57a4aa3a7e14e4e4f8cd26528d77ef5e) Importer(2089858483,b0f066a214c2f5e87bad3c948f4d605d)
Start importing Assets/GamerExtremo/RIP/Electric Puzzles_1.5/✅ New Folder/XML/VN.xml using Guid(57a4aa3a7e14e4e4f8cd26528d77ef5e) Importer(2089858483,b0f066a214c2f5e87bad3c948f4d605d) (ScriptedImporter) -> (artifact id: '58f86fb41e8c3fc8f838da5743f43af3') in 0.0036332 seconds
Number of updated asset objects reloaded before import = 0Number of asset objects unloaded after import = 1

========================================================================
Received Import Request.
  Time since last request: 0.000057 seconds.
  path: Assets/GamerExtremo/res/TK.xml
  artifactKey: Guid(f648763a211bc924b8e5de3068a0c90b) Importer(2089858483,b0f066a214c2f5e87bad3c948f4d605d)
Start importing Assets/GamerExtremo/res/TK.xml using Guid(f648763a211bc924b8e5de3068a0c90b) Importer(2089858483,b0f066a214c2f5e87bad3c948f4d605d) (ScriptedImporter) -> (artifact id: '28c519ddc8d2c9637dccc3da2dea3649') in 0.0032478 seconds
Number of updated asset objects reloaded before import = 0Number of asset objects unloaded after import = 1

========================================================================
Received Import Request.
  Time since last request: 0.000116 seconds.
  path: Assets/GamerExtremo/RIP/Electric Puzzles_1.5/res/7k.png
  artifactKey: Guid(25b27196665abd44fbbb6688a486f1c5) Importer(2089858483,b0f066a214c2f5e87bad3c948f4d605d)
Start importing Assets/GamerExtremo/RIP/Electric Puzzles_1.5/res/7k.png using Guid(25b27196665abd44fbbb6688a486f1c5) Importer(2089858483,b0f066a214c2f5e87bad3c948f4d605d) (ScriptedImporter) -> (artifact id: '1c68bdd0c700fd04e7bd5ba3419325e8') in 0.0071671 seconds
Number of updated asset objects reloaded before import = 0Number of asset objects unloaded after import = 3

========================================================================
Received Import Request.
  Time since last request: 0.000016 seconds.
  path: Assets/GamerExtremo/res/VR.png
  artifactKey: Guid(af169916ffc3d5843b91246c115fc114) Importer(2089858483,b0f066a214c2f5e87bad3c948f4d605d)
Start importing Assets/GamerExtremo/res/VR.png using Guid(af169916ffc3d5843b91246c115fc114) Importer(2089858483,b0f066a214c2f5e87bad3c948f4d605d) (ScriptedImporter) -> (artifact id: '3484121930284cf1fbe8d1bde7bdff40') in 0.0084223 seconds
Number of updated asset objects reloaded before import = 0Number of asset objects unloaded after import = 3

========================================================================
Received Import Request.
  Time since last request: 0.000105 seconds.
  path: Assets/GamerExtremo/RIP/Electric Puzzles_1.5/res/hD.png
  artifactKey: Guid(67b7161b3ae49d1488264f672c212c77) Importer(2089858483,b0f066a214c2f5e87bad3c948f4d605d)
Start importing Assets/GamerExtremo/RIP/Electric Puzzles_1.5/res/hD.png using Guid(67b7161b3ae49d1488264f672c212c77) Importer(2089858483,b0f066a214c2f5e87bad3c948f4d605d) (ScriptedImporter) -> (artifact id: '0aa21b5c5a9fea2eff8a7543dc4c2de0') in 0.0071429 seconds
Number of updated asset objects reloaded before import = 0Number of asset objects unloaded after import = 3

========================================================================
Received Import Request.
  Time since last request: 0.000019 seconds.
  path: Assets/GamerExtremo/res/BM.png
  artifactKey: Guid(297e439eabbb2fa45bcc10965d225059) Importer(2089858483,b0f066a214c2f5e87bad3c948f4d605d)
Start importing Assets/GamerExtremo/res/BM.png using Guid(297e439eabbb2fa45bcc10965d225059) Importer(2089858483,b0f066a214c2f5e87bad3c948f4d605d) (ScriptedImporter) -> (artifact id: '325831642e65a900c5f44bbebf747545') in 0.0077584 seconds
Number of updated asset objects reloaded before import = 0Number of asset objects unloaded after import = 3

========================================================================
Received Import Request.
  Time since last request: 0.000016 seconds.
  path: Assets/GamerExtremo/res/cm.xml
  artifactKey: Guid(8e98803214b59bf4391d860e34949ff4) Importer(2089858483,b0f066a214c2f5e87bad3c948f4d605d)
Start importing Assets/GamerExtremo/res/cm.xml using Guid(8e98803214b59bf4391d860e34949ff4) Importer(2089858483,b0f066a214c2f5e87bad3c948f4d605d) (ScriptedImporter) -> (artifact id: '095dba539974ac5edbff6e77c3733cb2') in 0.0034102 seconds
Number of updated asset objects reloaded before import = 0Number of asset objects unloaded after import = 1

========================================================================
Received Import Request.
  Time since last request: 0.000134 seconds.
  path: Assets/GamerExtremo/RIP/Electric Puzzles_1.5/✅ New Folder/THREE POINT VETICAL/pO.png
  artifactKey: Guid(70f7423fa4ad8d649bd6ef6b96af01a7) Importer(2089858483,b0f066a214c2f5e87bad3c948f4d605d)
Start importing Assets/GamerExtremo/RIP/Electric Puzzles_1.5/✅ New Folder/THREE POINT VETICAL/pO.png using Guid(70f7423fa4ad8d649bd6ef6b96af01a7) Importer(2089858483,b0f066a214c2f5e87bad3c948f4d605d) (ScriptedImporter) -> (artifact id: 'd3ef62f329cd95da4f8ed85f14ef7a59') in 0.0071964 seconds
Number of updated asset objects reloaded before import = 0Number of asset objects unloaded after import = 3

========================================================================
Received Import Request.
  Time since last request: 0.000016 seconds.
  path: Assets/GamerExtremo/Pictures/charge_minus.png
  artifactKey: Guid(d475cce542026474fa1c66f5179f922f) Importer(2089858483,b0f066a214c2f5e87bad3c948f4d605d)
Start importing Assets/GamerExtremo/Pictures/charge_minus.png using Guid(d475cce542026474fa1c66f5179f922f) Importer(2089858483,b0f066a214c2f5e87bad3c948f4d605d) (ScriptedImporter) -> (artifact id: '0402f3fef8a83db564a914f307429037') in 0.0073878 seconds
Number of updated asset objects reloaded before import = 0Number of asset objects unloaded after import = 3

========================================================================
Received Import Request.
  Time since last request: 0.000016 seconds.
  path: Assets/GamerExtremo/res/iU.png
  artifactKey: Guid(ee4d9495553e00b48855857b058b8f84) Importer(2089858483,b0f066a214c2f5e87bad3c948f4d605d)
Start importing Assets/GamerExtremo/res/iU.png using Guid(ee4d9495553e00b48855857b058b8f84) Importer(2089858483,b0f066a214c2f5e87bad3c948f4d605d) (ScriptedImporter) -> (artifact id: '69c65dd3ca2eba6d7d8b16703e97337d') in 0.0091382 seconds
Number of updated asset objects reloaded before import = 0Number of asset objects unloaded after import = 3

========================================================================
Received Import Request.
  Time since last request: 0.000017 seconds.
  path: Assets/GamerExtremo/res/5D.9.png
  artifactKey: Guid(b2a2b8aeb8663dd4bad8a55b3fb085bd) Importer(2089858483,b0f066a214c2f5e87bad3c948f4d605d)
Start importing Assets/GamerExtremo/res/5D.9.png using Guid(b2a2b8aeb8663dd4bad8a55b3fb085bd) Importer(2089858483,b0f066a214c2f5e87bad3c948f4d605d) (ScriptedImporter) -> (artifact id: '29a75042c03038163b02144dde67fcdf') in 0.0069711 seconds
Number of updated asset objects reloaded before import = 0Number of asset objects unloaded after import = 3

========================================================================
Received Import Request.
  Time since last request: 0.000017 seconds.
  path: Assets/GamerExtremo/Pictures/switcheslevel1.png
  artifactKey: Guid(c78f225a60c813f419436aaaeb8e18f1) Importer(2089858483,b0f066a214c2f5e87bad3c948f4d605d)
Start importing Assets/GamerExtremo/Pictures/switcheslevel1.png using Guid(c78f225a60c813f419436aaaeb8e18f1) Importer(2089858483,b0f066a214c2f5e87bad3c948f4d605d) (ScriptedImporter) -> (artifact id: '410b670a4aef9ec8863a9d5a619605e3') in 0.0072405 seconds
Number of updated asset objects reloaded before import = 0Number of asset objects unloaded after import = 3

========================================================================
Received Import Request.
  Time since last request: 0.000030 seconds.
  path: Assets/GamerExtremo/RIP/Electric Puzzles_1.5/FIOS/black/Pasta/D_.9.png
  artifactKey: Guid(a775a50ff86486d4caa58016b3c769f8) Importer(2089858483,b0f066a214c2f5e87bad3c948f4d605d)
Start importing Assets/GamerExtremo/RIP/Electric Puzzles_1.5/FIOS/black/Pasta/D_.9.png using Guid(a775a50ff86486d4caa58016b3c769f8) Importer(2089858483,b0f066a214c2f5e87bad3c948f4d605d) (ScriptedImporter) -> (artifact id: 'da58247ff10ceb7bcfbf977e0923add3') in 0.006318 seconds
Number of updated asset objects reloaded before import = 0Number of asset objects unloaded after import = 3

========================================================================
Received Import Request.
  Time since last request: 0.000016 seconds.
  path: Assets/GamerExtremo/Pictures/switcheslevel3.png
  artifactKey: Guid(bca34fdbb57dcb24094af8e70eecc58b) Importer(2089858483,b0f066a214c2f5e87bad3c948f4d605d)
Start importing Assets/GamerExtremo/Pictures/switcheslevel3.png using Guid(bca34fdbb57dcb24094af8e70eecc58b) Importer(2089858483,b0f066a214c2f5e87bad3c948f4d605d) (ScriptedImporter) -> (artifact id: 'e26c537b77014f5844ed2409b5d2e27c') in 0.0067755 seconds
Number of updated asset objects reloaded before import = 0Number of asset objects unloaded after import = 3

========================================================================
Received Import Request.
  Time since last request: 0.000017 seconds.
  path: Assets/GamerExtremo/res/Cg.xml
  artifactKey: Guid(634da1d803e0f6147b7903a803965c91) Importer(2089858483,b0f066a214c2f5e87bad3c948f4d605d)
Start importing Assets/GamerExtremo/res/Cg.xml using Guid(634da1d803e0f6147b7903a803965c91) Importer(2089858483,b0f066a214c2f5e87bad3c948f4d605d) (ScriptedImporter) -> (artifact id: '99e86deb430dc04f97142d7f89900059') in 0.0034775 seconds
Number of updated asset objects reloaded before import = 0Number of asset objects unloaded after import = 1

========================================================================
Received Import Request.
  Time since last request: 0.000119 seconds.
  path: Assets/GamerExtremo/res/nx.png
  artifactKey: Guid(215b4184cbf0e5942968eecbfaf874ba) Importer(2089858483,b0f066a214c2f5e87bad3c948f4d605d)
Start importing Assets/GamerExtremo/res/nx.png using Guid(215b4184cbf0e5942968eecbfaf874ba) Importer(2089858483,b0f066a214c2f5e87bad3c948f4d605d) (ScriptedImporter) -> (artifact id: 'f83841bd6dc04f8be042a98ae766b170') in 0.0083103 seconds
Number of updated asset objects reloaded before import = 0Number of asset objects unloaded after import = 3

========================================================================
Received Import Request.
  Time since last request: 0.000021 seconds.
  path: Assets/GamerExtremo/RIP/Electric Puzzles_1.5/res/oL.png
  artifactKey: Guid(aee03fb8f92c96b4bb88b8001202cdf4) Importer(2089858483,b0f066a214c2f5e87bad3c948f4d605d)
Start importing Assets/GamerExtremo/RIP/Electric Puzzles_1.5/res/oL.png using Guid(aee03fb8f92c96b4bb88b8001202cdf4) Importer(2089858483,b0f066a214c2f5e87bad3c948f4d605d) (ScriptedImporter) -> (artifact id: '9ce1cab0cd6516e20c5b9011d4075361') in 0.0076769 seconds
Number of updated asset objects reloaded before import = 0Number of asset objects unloaded after import = 3

========================================================================
Received Import Request.
  Time since last request: 0.000015 seconds.
  path: Assets/GamerExtremo/res/i6.9.png
  artifactKey: Guid(51f5958e7fecd844bb07b8709a907caa) Importer(2089858483,b0f066a214c2f5e87bad3c948f4d605d)
Start importing Assets/GamerExtremo/res/i6.9.png using Guid(51f5958e7fecd844bb07b8709a907caa) Importer(2089858483,b0f066a214c2f5e87bad3c948f4d605d) (ScriptedImporter) -> (artifact id: '4c55daa1cf1027a23fea7eca43784121') in 0.0067538 seconds
Number of updated asset objects reloaded before import = 0Number of asset objects unloaded after import = 3

========================================================================
Received Import Request.
  Time since last request: 0.000019 seconds.
  path: Assets/GamerExtremo/RIP/Electric Puzzles_1.5/res/-H.png
  artifactKey: Guid(3619587b3eea611478dad242d088086e) Importer(2089858483,b0f066a214c2f5e87bad3c948f4d605d)
Start importing Assets/GamerExtremo/RIP/Electric Puzzles_1.5/res/-H.png using Guid(3619587b3eea611478dad242d088086e) Importer(2089858483,b0f066a214c2f5e87bad3c948f4d605d) (ScriptedImporter) -> (artifact id: '58b603c8ab9e356e02afd99456edcded') in 0.0077108 seconds
Number of updated asset objects reloaded before import = 0Number of asset objects unloaded after import = 3

========================================================================
Received Import Request.
  Time since last request: 0.000017 seconds.
  path: Assets/GamerExtremo/RIP/Electric Puzzles_1.5/res/qp.png
  artifactKey: Guid(a4ae648455a721c4484d7c849062d5b0) Importer(2089858483,b0f066a214c2f5e87bad3c948f4d605d)
Start importing Assets/GamerExtremo/RIP/Electric Puzzles_1.5/res/qp.png using Guid(a4ae648455a721c4484d7c849062d5b0) Importer(2089858483,b0f066a214c2f5e87bad3c948f4d605d) (ScriptedImporter) -> (artifact id: 'a56d89df1da3225224c434fe04814394') in 0.0880161 seconds
Number of updated asset objects reloaded before import = 0Number of asset objects unloaded after import = 3

========================================================================
Received Import Request.
  Time since last request: 0.000051 seconds.
  path: Assets/GamerExtremo/RIP/Electric Puzzles_1.5/res/bX.9.png
  artifactKey: Guid(bd4a7baf97a52554dbbc996beaf8de50) Importer(2089858483,b0f066a214c2f5e87bad3c948f4d605d)
Start importing Assets/GamerExtremo/RIP/Electric Puzzles_1.5/res/bX.9.png using Guid(bd4a7baf97a52554dbbc996beaf8de50) Importer(2089858483,b0f066a214c2f5e87bad3c948f4d605d) (ScriptedImporter) -> (artifact id: '2c341e68032a81a3aaef1e5ca26e104f') in 0.0096155 seconds
Number of updated asset objects reloaded before import = 0Number of asset objects unloaded after import = 3

========================================================================
Received Import Request.
  Time since last request: 0.000017 seconds.
  path: Assets/GamerExtremo/RIP/Electric Puzzles_1.5/✅ New Folder/CIRCLE/CIRCLE RED +PLUSS CENTER/RN.png
  artifactKey: Guid(e86a443d24a75d743b0eadafaea35dc8) Importer(2089858483,b0f066a214c2f5e87bad3c948f4d605d)
Start importing Assets/GamerExtremo/RIP/Electric Puzzles_1.5/✅ New Folder/CIRCLE/CIRCLE RED +PLUSS CENTER/RN.png using Guid(e86a443d24a75d743b0eadafaea35dc8) Importer(2089858483,b0f066a214c2f5e87bad3c948f4d605d) (ScriptedImporter) -> (artifact id: 'f9de1131c07b01b3e85bfc8783fec563') in 0.0092202 seconds
Number of updated asset objects reloaded before import = 0Number of asset objects unloaded after import = 3

========================================================================
Received Import Request.
  Time since last request: 0.000022 seconds.
  path: Assets/GamerExtremo/RIP/Electric Puzzles_1.5/res/color
  artifactKey: Guid(e56db964544a7504cafc2b4a89218ddc) Importer(2089858483,b0f066a214c2f5e87bad3c948f4d605d)
Start importing Assets/GamerExtremo/RIP/Electric Puzzles_1.5/res/color using Guid(e56db964544a7504cafc2b4a89218ddc) Importer(2089858483,b0f066a214c2f5e87bad3c948f4d605d) (ScriptedImporter) -> (artifact id: '7bfd58eb62cacd99cc39ac35569700b0') in 0.0027314 seconds
Number of updated asset objects reloaded before import = 0Number of asset objects unloaded after import = 1

========================================================================
Received Import Request.
  Time since last request: 0.000145 seconds.
  path: Assets/GamerExtremo/res/un.png
  artifactKey: Guid(28a5962b64bd38746b6a8afc35fd3f71) Importer(2089858483,b0f066a214c2f5e87bad3c948f4d605d)
Start importing Assets/GamerExtremo/res/un.png using Guid(28a5962b64bd38746b6a8afc35fd3f71) Importer(2089858483,b0f066a214c2f5e87bad3c948f4d605d) (ScriptedImporter) -> (artifact id: '8f75e6012f11177b3849bb152079ec74') in 0.0071366 seconds
Number of updated asset objects reloaded before import = 0Number of asset objects unloaded after import = 3

========================================================================
Received Import Request.
  Time since last request: 0.000020 seconds.
  path: Assets/GamerExtremo/RIP/Electric Puzzles_1.5/res/w2.9.png
  artifactKey: Guid(9363029b2baf99c4196e9d7c77d0c000) Importer(2089858483,b0f066a214c2f5e87bad3c948f4d605d)
Start importing Assets/GamerExtremo/RIP/Electric Puzzles_1.5/res/w2.9.png using Guid(9363029b2baf99c4196e9d7c77d0c000) Importer(2089858483,b0f066a214c2f5e87bad3c948f4d605d) (ScriptedImporter) -> (artifact id: 'de0ac23c29af46c16e7d9f0cce565675') in 0.0078068 seconds
Number of updated asset objects reloaded before import = 0Number of asset objects unloaded after import = 3

========================================================================
Received Import Request.
  Time since last request: 0.000017 seconds.
  path: Assets/GamerExtremo/RIP/Electric Puzzles_1.5.zip
  artifactKey: Guid(dced055be891d4b44b23a66116568954) Importer(2089858483,b0f066a214c2f5e87bad3c948f4d605d)
Start importing Assets/GamerExtremo/RIP/Electric Puzzles_1.5.zip using Guid(dced055be891d4b44b23a66116568954) Importer(2089858483,b0f066a214c2f5e87bad3c948f4d605d) (ScriptedImporter) -> (artifact id: 'e97c0d99b2e0f95aab1e1cf41f00dd1a') in 0.0027903 seconds
Number of updated asset objects reloaded before import = 0Number of asset objects unloaded after import = 1

========================================================================
Received Import Request.
  Time since last request: 0.000070 seconds.
  path: Assets/GamerExtremo/RIP/Electric Puzzles_1.5/res/JN.png
  artifactKey: Guid(5ddb251c1756e0a4387e1a0c4eb4e4c8) Importer(2089858483,b0f066a214c2f5e87bad3c948f4d605d)
Start importing Assets/GamerExtremo/RIP/Electric Puzzles_1.5/res/JN.png using Guid(5ddb251c1756e0a4387e1a0c4eb4e4c8) Importer(2089858483,b0f066a214c2f5e87bad3c948f4d605d) (ScriptedImporter) -> (artifact id: '5cb6017331ce9228bcaab9de35ee3b7c') in 0.0073059 seconds
Number of updated asset objects reloaded before import = 0Number of asset objects unloaded after import = 3

========================================================================
Received Import Request.
  Time since last request: 0.000020 seconds.
  path: Assets/GamerExtremo/RIP/Electric Puzzles_1.5/FIOS/T
  artifactKey: Guid(8cd06799845ca6f4c926c6886aa4af99) Importer(2089858483,b0f066a214c2f5e87bad3c948f4d605d)
Start importing Assets/GamerExtremo/RIP/Electric Puzzles_1.5/FIOS/T using Guid(8cd06799845ca6f4c926c6886aa4af99) Importer(2089858483,b0f066a214c2f5e87bad3c948f4d605d) (ScriptedImporter) -> (artifact id: 'c23858f7fee3d45382170eaef5d77b2d') in 0.0030295 seconds
Number of updated asset objects reloaded before import = 0Number of asset objects unloaded after import = 1

========================================================================
Received Import Request.
  Time since last request: 0.000150 seconds.
  path: Assets/GamerExtremo/RIP/Electric Puzzles_1.5/res/Mp.xml
  artifactKey: Guid(bd4b34ce56ca2d74fa190da595fc03ca) Importer(2089858483,b0f066a214c2f5e87bad3c948f4d605d)
Start importing Assets/GamerExtremo/RIP/Electric Puzzles_1.5/res/Mp.xml using Guid(bd4b34ce56ca2d74fa190da595fc03ca) Importer(2089858483,b0f066a214c2f5e87bad3c948f4d605d) (ScriptedImporter) -> (artifact id: '47682f96b025b3f8a403032c8cdd233e') in 0.0035938 seconds
Number of updated asset objects reloaded before import = 0Number of asset objects unloaded after import = 1

========================================================================
Received Import Request.
  Time since last request: 0.000167 seconds.
  path: Assets/GamerExtremo/RIP/Electric Puzzles_1.5/✅ New Folder/TOMADAS
  artifactKey: Guid(ebc6096806aa54d41aa7c7fd589c8f9e) Importer(2089858483,b0f066a214c2f5e87bad3c948f4d605d)
Start importing Assets/GamerExtremo/RIP/Electric Puzzles_1.5/✅ New Folder/TOMADAS using Guid(ebc6096806aa54d41aa7c7fd589c8f9e) Importer(2089858483,b0f066a214c2f5e87bad3c948f4d605d) (ScriptedImporter) -> (artifact id: '0c5f684d1a4656bc64fb01a85990db8f') in 0.0038925 seconds
Number of updated asset objects reloaded before import = 0Number of asset objects unloaded after import = 1

========================================================================
Received Import Request.
  Time since last request: 0.000145 seconds.
  path: Assets/GamerExtremo/RIP/Electric Puzzles_1.5/res/Zt.png
  artifactKey: Guid(78c55ca8819e7564989eb23f22658314) Importer(2089858483,b0f066a214c2f5e87bad3c948f4d605d)
Start importing Assets/GamerExtremo/RIP/Electric Puzzles_1.5/res/Zt.png using Guid(78c55ca8819e7564989eb23f22658314) Importer(2089858483,b0f066a214c2f5e87bad3c948f4d605d) (ScriptedImporter) -> (artifact id: 'af8655be13f4e0599dc6ea52f60109bf') in 0.0078645 seconds
Number of updated asset objects reloaded before import = 0Number of asset objects unloaded after import = 3

========================================================================
Received Import Request.
  Time since last request: 0.000017 seconds.
  path: Assets/GamerExtremo/RIP/Electric Puzzles_1.5/res/aU.png
  artifactKey: Guid(daa039ef757439542a1d4314e4d0d0c1) Importer(2089858483,b0f066a214c2f5e87bad3c948f4d605d)
Start importing Assets/GamerExtremo/RIP/Electric Puzzles_1.5/res/aU.png using Guid(daa039ef757439542a1d4314e4d0d0c1) Importer(2089858483,b0f066a214c2f5e87bad3c948f4d605d) (ScriptedImporter) -> (artifact id: 'ef1f3462f8c57948bc589c8ef566c346') in 0.0078606 seconds
Number of updated asset objects reloaded before import = 0Number of asset objects unloaded after import = 3

========================================================================
Received Import Request.
  Time since last request: 0.000016 seconds.
  path: Assets/GamerExtremo/RIP/Electric Puzzles_1.5/res/dO.xml
  artifactKey: Guid(b4612d9c124a71c4080bf7faf1c769bb) Importer(2089858483,b0f066a214c2f5e87bad3c948f4d605d)
Start importing Assets/GamerExtremo/RIP/Electric Puzzles_1.5/res/dO.xml using Guid(b4612d9c124a71c4080bf7faf1c769bb) Importer(2089858483,b0f066a214c2f5e87bad3c948f4d605d) (ScriptedImporter) -> (artifact id: 'a621fa2d6e6a512eb34d814313334953') in 0.0041529 seconds
Number of updated asset objects reloaded before import = 0Number of asset objects unloaded after import = 1

========================================================================
Received Import Request.
  Time since last request: 0.000056 seconds.
  path: Assets/GamerExtremo/RIP/Electric Puzzles_1.5/res/GM.png
  artifactKey: Guid(80eac5afc2e739d4da21ddfe923a421f) Importer(2089858483,b0f066a214c2f5e87bad3c948f4d605d)
Start importing Assets/GamerExtremo/RIP/Electric Puzzles_1.5/res/GM.png using Guid(80eac5afc2e739d4da21ddfe923a421f) Importer(2089858483,b0f066a214c2f5e87bad3c948f4d605d) (ScriptedImporter) -> (artifact id: '91f2317308718b44a49f65d82718afdd') in 0.0068663 seconds
Number of updated asset objects reloaded before import = 0Number of asset objects unloaded after import = 3

========================================================================
Received Import Request.
  Time since last request: 0.000017 seconds.
  path: Assets/GamerExtremo/RIP/Electric Puzzles_1.5/res/Eh.png
  artifactKey: Guid(37dbe9e3ef9f32d4ea325a31693d1d47) Importer(2089858483,b0f066a214c2f5e87bad3c948f4d605d)
Start importing Assets/GamerExtremo/RIP/Electric Puzzles_1.5/res/Eh.png using Guid(37dbe9e3ef9f32d4ea325a31693d1d47) Importer(2089858483,b0f066a214c2f5e87bad3c948f4d605d) (ScriptedImporter) -> (artifact id: '68c795c751bfbd69072c9c0f22e55ddf') in 0.0071256 seconds
Number of updated asset objects reloaded before import = 0Number of asset objects unloaded after import = 3

========================================================================
Received Import Request.
  Time since last request: 0.000017 seconds.
  path: Assets/GamerExtremo/res/mA.png
  artifactKey: Guid(ae7ce18c1aee91f4f8d6f3524ff370e5) Importer(2089858483,b0f066a214c2f5e87bad3c948f4d605d)
Start importing Assets/GamerExtremo/res/mA.png using Guid(ae7ce18c1aee91f4f8d6f3524ff370e5) Importer(2089858483,b0f066a214c2f5e87bad3c948f4d605d) (ScriptedImporter) -> (artifact id: 'ec4c6ebee839128103d63b1c66637837') in 0.00702 seconds
Number of updated asset objects reloaded before import = 0Number of asset objects unloaded after import = 3

========================================================================
Received Import Request.
  Time since last request: 0.000064 seconds.
  path: Assets/GamerExtremo/RIP/Electric Puzzles_1.5/res/Th.png
  artifactKey: Guid(7fb18ef948e807d46a09d6fd472eb896) Importer(2089858483,b0f066a214c2f5e87bad3c948f4d605d)
Start importing Assets/GamerExtremo/RIP/Electric Puzzles_1.5/res/Th.png using Guid(7fb18ef948e807d46a09d6fd472eb896) Importer(2089858483,b0f066a214c2f5e87bad3c948f4d605d) (ScriptedImporter) -> (artifact id: '4b170fad3443f0d926dd7cacbd0dece3') in 0.0075998 seconds
Number of updated asset objects reloaded before import = 0Number of asset objects unloaded after import = 3

========================================================================
Received Import Request.
  Time since last request: 0.000051 seconds.
  path: Assets/GamerExtremo/RIP/Electric Puzzles_1.5/✅ New Folder/TOMADAS/AW.png
  artifactKey: Guid(ce324e6b16b121a418d9bff90cd379a7) Importer(2089858483,b0f066a214c2f5e87bad3c948f4d605d)
Start importing Assets/GamerExtremo/RIP/Electric Puzzles_1.5/✅ New Folder/TOMADAS/AW.png using Guid(ce324e6b16b121a418d9bff90cd379a7) Importer(2089858483,b0f066a214c2f5e87bad3c948f4d605d) (ScriptedImporter) -> (artifact id: '4ea31091943bcb0397387facc8b37096') in 0.0075517 seconds
Number of updated asset objects reloaded before import = 0Number of asset objects unloaded after import = 3

========================================================================
Received Import Request.
  Time since last request: 0.000016 seconds.
  path: Assets/GamerExtremo/Resources/Player/walk (2).png
  artifactKey: Guid(8a1ccf73190de5942b75cb0982e5e0b2) Importer(2089858483,b0f066a214c2f5e87bad3c948f4d605d)
Start importing Assets/GamerExtremo/Resources/Player/walk (2).png using Guid(8a1ccf73190de5942b75cb0982e5e0b2) Importer(2089858483,b0f066a214c2f5e87bad3c948f4d605d) (ScriptedImporter) -> (artifact id: '30920e03515d99e01e4841edb01ee8d9') in 0.0093971 seconds
Number of updated asset objects reloaded before import = 0Number of asset objects unloaded after import = 3

========================================================================
Received Import Request.
  Time since last request: 0.000017 seconds.
  path: Assets/GamerExtremo/res/wL.9.png
  artifactKey: Guid(fcbcccd91687e3840bca41f5faba1166) Importer(2089858483,b0f066a214c2f5e87bad3c948f4d605d)
Start importing Assets/GamerExtremo/res/wL.9.png using Guid(fcbcccd91687e3840bca41f5faba1166) Importer(2089858483,b0f066a214c2f5e87bad3c948f4d605d) (ScriptedImporter) -> (artifact id: 'bd2a309e4f6820a779447028463f1075') in 0.0069035 seconds
Number of updated asset objects reloaded before import = 0Number of asset objects unloaded after import = 3

========================================================================
Received Import Request.
  Time since last request: 0.000030 seconds.
  path: Assets/GamerExtremo/RIP/Electric Puzzles_1.5/✅ New Folder/XML/29.xml
  artifactKey: Guid(e8f3fd0ff39957541bf12a2f1c6bf824) Importer(2089858483,b0f066a214c2f5e87bad3c948f4d605d)
Start importing Assets/GamerExtremo/RIP/Electric Puzzles_1.5/✅ New Folder/XML/29.xml using Guid(e8f3fd0ff39957541bf12a2f1c6bf824) Importer(2089858483,b0f066a214c2f5e87bad3c948f4d605d) (ScriptedImporter) -> (artifact id: '6e3a2b14214aa01f99ba61d7f08babb9') in 0.0032482 seconds
Number of updated asset objects reloaded before import = 0Number of asset objects unloaded after import = 1

========================================================================
Received Import Request.
  Time since last request: 0.000110 seconds.
  path: Assets/GamerExtremo/RIP/Electric Puzzles_1.5/res/6t.png
  artifactKey: Guid(244534e01a6e80c4ea25520ca39f4325) Importer(2089858483,b0f066a214c2f5e87bad3c948f4d605d)
Start importing Assets/GamerExtremo/RIP/Electric Puzzles_1.5/res/6t.png using Guid(244534e01a6e80c4ea25520ca39f4325) Importer(2089858483,b0f066a214c2f5e87bad3c948f4d605d) (ScriptedImporter) -> (artifact id: 'db0c939aeb40ff50ae99280686c9f5d6') in 0.0071996 seconds
Number of updated asset objects reloaded before import = 0Number of asset objects unloaded after import = 3

========================================================================
Received Import Request.
  Time since last request: 0.000016 seconds.
  path: Assets/GamerExtremo/Resources/Sounds/Click.wav
  artifactKey: Guid(2cd3f63983dc18d42872704fdb877abb) Importer(2089858483,b0f066a214c2f5e87bad3c948f4d605d)
Start importing Assets/GamerExtremo/Resources/Sounds/Click.wav using Guid(2cd3f63983dc18d42872704fdb877abb) Importer(2089858483,b0f066a214c2f5e87bad3c948f4d605d) (ScriptedImporter) -> (artifact id: '2c4f36424908f1dadf3dd93f8c0257ec') in 0.0157036 seconds
Number of updated asset objects reloaded before import = 0Number of asset objects unloaded after import = 1

========================================================================
Received Import Request.
  Time since last request: 0.000077 seconds.
  path: Assets/GamerExtremo/res/ex.png
  artifactKey: Guid(f1ebb514b96521e4981da4e42612a283) Importer(2089858483,b0f066a214c2f5e87bad3c948f4d605d)
Start importing Assets/GamerExtremo/res/ex.png using Guid(f1ebb514b96521e4981da4e42612a283) Importer(2089858483,b0f066a214c2f5e87bad3c948f4d605d) (ScriptedImporter) -> (artifact id: '66b2850552bfcc261a3f0f50f7dc49d7') in 0.0073183 seconds
Number of updated asset objects reloaded before import = 0Number of asset objects unloaded after import = 3

========================================================================
Received Import Request.
  Time since last request: 0.000033 seconds.
  path: Assets/GamerExtremo/RIP/Electric Puzzles_1.5/res/vJ.xml
  artifactKey: Guid(955be4ff359178b43aea05e156a54f2f) Importer(2089858483,b0f066a214c2f5e87bad3c948f4d605d)
Start importing Assets/GamerExtremo/RIP/Electric Puzzles_1.5/res/vJ.xml using Guid(955be4ff359178b43aea05e156a54f2f) Importer(2089858483,b0f066a214c2f5e87bad3c948f4d605d) (ScriptedImporter) -> (artifact id: '655add735a1b455a97fb9d6c53f49e14') in 0.0040517 seconds
Number of updated asset objects reloaded before import = 0Number of asset objects unloaded after import = 1

========================================================================
Received Import Request.
  Time since last request: 0.000152 seconds.
  path: Assets/GamerExtremo/RIP/Electric Puzzles_1.5/✅ New Folder/CIRCLE/CIRCCLE BLACK EMPTY/Gf.png
  artifactKey: Guid(18ab18d7dc0648344b4acdcb2c47e6ab) Importer(2089858483,b0f066a214c2f5e87bad3c948f4d605d)
Start importing Assets/GamerExtremo/RIP/Electric Puzzles_1.5/✅ New Folder/CIRCLE/CIRCCLE BLACK EMPTY/Gf.png using Guid(18ab18d7dc0648344b4acdcb2c47e6ab) Importer(2089858483,b0f066a214c2f5e87bad3c948f4d605d) (ScriptedImporter) -> (artifact id: '80104fcd2eaf1c808461b0283e4ff11a') in 0.0066886 seconds
Number of updated asset objects reloaded before import = 0Number of asset objects unloaded after import = 3

========================================================================
Received Import Request.
  Time since last request: 0.000018 seconds.
  path: Assets/GamerExtremo/RIP/Electric Puzzles_1.5/FIOS/branco/ps.9.png
  artifactKey: Guid(d59a731575259914b9402782e7e1e544) Importer(2089858483,b0f066a214c2f5e87bad3c948f4d605d)
Start importing Assets/GamerExtremo/RIP/Electric Puzzles_1.5/FIOS/branco/ps.9.png using Guid(d59a731575259914b9402782e7e1e544) Importer(2089858483,b0f066a214c2f5e87bad3c948f4d605d) (ScriptedImporter) -> (artifact id: 'fd65e93b6f49bfd71f368d960a149452') in 0.0071702 seconds
Number of updated asset objects reloaded before import = 0Number of asset objects unloaded after import = 3

========================================================================
Received Import Request.
  Time since last request: 0.000017 seconds.
  path: Assets/GamerExtremo/RIP/Electric Puzzles_1.5/res/N1.png
  artifactKey: Guid(254781e87c5863d4b9094f8258e0a23b) Importer(2089858483,b0f066a214c2f5e87bad3c948f4d605d)
Start importing Assets/GamerExtremo/RIP/Electric Puzzles_1.5/res/N1.png using Guid(254781e87c5863d4b9094f8258e0a23b) Importer(2089858483,b0f066a214c2f5e87bad3c948f4d605d) (ScriptedImporter) -> (artifact id: 'a45c84ba6c674bf19b8728d6a3f71b59') in 0.0090435 seconds
Number of updated asset objects reloaded before import = 0Number of asset objects unloaded after import = 3

========================================================================
Received Import Request.
  Time since last request: 0.000019 seconds.
  path: Assets/GamerExtremo/res/cr.xml
  artifactKey: Guid(1f70f74e564b0c84a893db10dd74d0b6) Importer(2089858483,b0f066a214c2f5e87bad3c948f4d605d)
Start importing Assets/GamerExtremo/res/cr.xml using Guid(1f70f74e564b0c84a893db10dd74d0b6) Importer(2089858483,b0f066a214c2f5e87bad3c948f4d605d) (ScriptedImporter) -> (artifact id: 'b96fdbe8345801d6dfe2d68740bd0f2d') in 0.0031913 seconds
Number of updated asset objects reloaded before import = 0Number of asset objects unloaded after import = 1

========================================================================
Received Import Request.
  Time since last request: 0.000071 seconds.
  path: Assets/GamerExtremo/RIP/Electric Puzzles_1.5/res/J9.png
  artifactKey: Guid(dfc4d0e7d32139040a305ab7b084fd78) Importer(2089858483,b0f066a214c2f5e87bad3c948f4d605d)
Start importing Assets/GamerExtremo/RIP/Electric Puzzles_1.5/res/J9.png using Guid(dfc4d0e7d32139040a305ab7b084fd78) Importer(2089858483,b0f066a214c2f5e87bad3c948f4d605d) (ScriptedImporter) -> (artifact id: 'f196e526fbc12e810307b42d94f2e080') in 0.0079538 seconds
Number of updated asset objects reloaded before import = 0Number of asset objects unloaded after import = 3

========================================================================
Received Import Request.
  Time since last request: 0.000094 seconds.
  path: Assets/GamerExtremo/RIP/Electric Puzzles_1.5/✅ New Folder/UPDATE/ANTI TIME/m8.png
  artifactKey: Guid(ac9cc67ee669d3748ad7cdcb4bc119c7) Importer(2089858483,b0f066a214c2f5e87bad3c948f4d605d)
Start importing Assets/GamerExtremo/RIP/Electric Puzzles_1.5/✅ New Folder/UPDATE/ANTI TIME/m8.png using Guid(ac9cc67ee669d3748ad7cdcb4bc119c7) Importer(2089858483,b0f066a214c2f5e87bad3c948f4d605d) (ScriptedImporter) -> (artifact id: '763e1b829b53b5054c3bd17d35c4fd76') in 0.0115545 seconds
Number of updated asset objects reloaded before import = 0Number of asset objects unloaded after import = 3

========================================================================
Received Import Request.
  Time since last request: 0.000068 seconds.
  path: Assets/GamerExtremo/RIP/Electric Puzzles_1.5/res/Pb.xml
  artifactKey: Guid(582ecc8c48ff25d4f9448298caf2664e) Importer(2089858483,b0f066a214c2f5e87bad3c948f4d605d)
Start importing Assets/GamerExtremo/RIP/Electric Puzzles_1.5/res/Pb.xml using Guid(582ecc8c48ff25d4f9448298caf2664e) Importer(2089858483,b0f066a214c2f5e87bad3c948f4d605d) (ScriptedImporter) -> (artifact id: 'bb8273b5f552bcbedd5f8eb1eb966e09') in 0.0032053 seconds
Number of updated asset objects reloaded before import = 0Number of asset objects unloaded after import = 1

========================================================================
Received Import Request.
  Time since last request: 0.000144 seconds.
  path: Assets/GamerExtremo/RIP/Electric Puzzles_1.5/✅ New Folder/TRASH/r3.png
  artifactKey: Guid(d68c226d20dbe2f4c89e98a9b0a76c67) Importer(2089858483,b0f066a214c2f5e87bad3c948f4d605d)
Start importing Assets/GamerExtremo/RIP/Electric Puzzles_1.5/✅ New Folder/TRASH/r3.png using Guid(d68c226d20dbe2f4c89e98a9b0a76c67) Importer(2089858483,b0f066a214c2f5e87bad3c948f4d605d) (ScriptedImporter) -> (artifact id: '60cb71c334a831f7461b11a6eaefcb9a') in 0.0071582 seconds
Number of updated asset objects reloaded before import = 0Number of asset objects unloaded after import = 3

========================================================================
Received Import Request.
  Time since last request: 0.000018 seconds.
  path: Assets/GamerExtremo/Resources/Enemy2/skeleton_2_walk (5).png
  artifactKey: Guid(829b3d19e7ab74447aa41f6f4e876fb1) Importer(2089858483,b0f066a214c2f5e87bad3c948f4d605d)
Start importing Assets/GamerExtremo/Resources/Enemy2/skeleton_2_walk (5).png using Guid(829b3d19e7ab74447aa41f6f4e876fb1) Importer(2089858483,b0f066a214c2f5e87bad3c948f4d605d) (ScriptedImporter) -> (artifact id: '363e7ca8615a48f1570887da395c8b5a') in 0.0081827 seconds
Number of updated asset objects reloaded before import = 0Number of asset objects unloaded after import = 3

========================================================================
Received Import Request.
  Time since last request: 0.000018 seconds.
  path: Assets/GamerExtremo/res/Ti.png
  artifactKey: Guid(f7cf0a84ae6748944946d7eae91f4d00) Importer(2089858483,b0f066a214c2f5e87bad3c948f4d605d)
Start importing Assets/GamerExtremo/res/Ti.png using Guid(f7cf0a84ae6748944946d7eae91f4d00) Importer(2089858483,b0f066a214c2f5e87bad3c948f4d605d) (ScriptedImporter) -> (artifact id: '616085595ec62f1f863feabf77bb96b1') in 0.0077947 seconds
Number of updated asset objects reloaded before import = 0Number of asset objects unloaded after import = 3

========================================================================
Received Import Request.
  Time since last request: 0.000023 seconds.
  path: Assets/GamerExtremo/RIP/Electric Puzzles_1.5/res/1I.9.png
  artifactKey: Guid(0abc8ead5cfc61b4fbf1f936b032dad6) Importer(2089858483,b0f066a214c2f5e87bad3c948f4d605d)
Start importing Assets/GamerExtremo/RIP/Electric Puzzles_1.5/res/1I.9.png using Guid(0abc8ead5cfc61b4fbf1f936b032dad6) Importer(2089858483,b0f066a214c2f5e87bad3c948f4d605d) (ScriptedImporter) -> (artifact id: '4f18f7b57fdf7449cd178132d24033f9') in 0.0070049 seconds
Number of updated asset objects reloaded before import = 0Number of asset objects unloaded after import = 3

========================================================================
Received Import Request.
  Time since last request: 0.000028 seconds.
  path: Assets/GamerExtremo/res/w7.png
  artifactKey: Guid(372fd51c99f8331479ab5865a9c3a332) Importer(2089858483,b0f066a214c2f5e87bad3c948f4d605d)
Start importing Assets/GamerExtremo/res/w7.png using Guid(372fd51c99f8331479ab5865a9c3a332) Importer(2089858483,b0f066a214c2f5e87bad3c948f4d605d) (ScriptedImporter) -> (artifact id: '2a57daf2db3f049a945307a6ee5e4816') in 0.0097877 seconds
Number of updated asset objects reloaded before import = 0Number of asset objects unloaded after import = 3

========================================================================
Received Import Request.
  Time since last request: 0.000019 seconds.
  path: Assets/GamerExtremo/RIP/Electric Puzzles_1.5/✅ New Folder/CIRCLE/CIRCCLE BLACK EMPTY/o_.png
  artifactKey: Guid(429d97a5e74a7ed48901901d4a3a4b72) Importer(2089858483,b0f066a214c2f5e87bad3c948f4d605d)
Start importing Assets/GamerExtremo/RIP/Electric Puzzles_1.5/✅ New Folder/CIRCLE/CIRCCLE BLACK EMPTY/o_.png using Guid(429d97a5e74a7ed48901901d4a3a4b72) Importer(2089858483,b0f066a214c2f5e87bad3c948f4d605d) (ScriptedImporter) -> (artifact id: 'ebc071d9f23049ea667c22d0cd2b7adb') in 0.0085735 seconds
Number of updated asset objects reloaded before import = 0Number of asset objects unloaded after import = 3

========================================================================
Received Import Request.
  Time since last request: 0.000069 seconds.
  path: Assets/GamerExtremo/RIP/Electric Puzzles_1.5/FIOS/resistor/left
  artifactKey: Guid(b3f78b717e177534b9d4b111cef1e41d) Importer(2089858483,b0f066a214c2f5e87bad3c948f4d605d)
Start importing Assets/GamerExtremo/RIP/Electric Puzzles_1.5/FIOS/resistor/left using Guid(b3f78b717e177534b9d4b111cef1e41d) Importer(2089858483,b0f066a214c2f5e87bad3c948f4d605d) (ScriptedImporter) -> (artifact id: '08d3133066ee644414d34cbdc2d80c44') in 0.0032593 seconds
Number of updated asset objects reloaded before import = 0Number of asset objects unloaded after import = 1

========================================================================
Received Import Request.
  Time since last request: 0.000146 seconds.
  path: Assets/GamerExtremo/RIP/Electric Puzzles_1.5/res/va.png
  artifactKey: Guid(79db04044e8485b42ae2226bfe655e40) Importer(2089858483,b0f066a214c2f5e87bad3c948f4d605d)
Start importing Assets/GamerExtremo/RIP/Electric Puzzles_1.5/res/va.png using Guid(79db04044e8485b42ae2226bfe655e40) Importer(2089858483,b0f066a214c2f5e87bad3c948f4d605d) (ScriptedImporter) -> (artifact id: '225f32ae28bb64b16940c9a377cb7c16') in 0.0097818 seconds
Number of updated asset objects reloaded before import = 0Number of asset objects unloaded after import = 3

========================================================================
Received Import Request.
  Time since last request: 0.000018 seconds.
  path: Assets/GamerExtremo/RIP/Electric Puzzles_1.5/✅ New Folder/XML/T5.xml
  artifactKey: Guid(84eda3a15629b954c90335555dd9599a) Importer(2089858483,b0f066a214c2f5e87bad3c948f4d605d)
Start importing Assets/GamerExtremo/RIP/Electric Puzzles_1.5/✅ New Folder/XML/T5.xml using Guid(84eda3a15629b954c90335555dd9599a) Importer(2089858483,b0f066a214c2f5e87bad3c948f4d605d) (ScriptedImporter) -> (artifact id: 'd448317c7e36ccf6273ad1cd7a8125af') in 0.0032769 seconds
Number of updated asset objects reloaded before import = 0Number of asset objects unloaded after import = 1

========================================================================
Received Import Request.
  Time since last request: 0.000146 seconds.
  path: Assets/GamerExtremo/RIP/Electric Puzzles_1.5/✅ New Folder/XML/y4.xml
  artifactKey: Guid(61835c21ab3760544816c3d42b60205d) Importer(2089858483,b0f066a214c2f5e87bad3c948f4d605d)
Start importing Assets/GamerExtremo/RIP/Electric Puzzles_1.5/✅ New Folder/XML/y4.xml using Guid(61835c21ab3760544816c3d42b60205d) Importer(2089858483,b0f066a214c2f5e87bad3c948f4d605d) (ScriptedImporter) -> (artifact id: '0a63b1df8f63c013b6ac91f39f47e86d') in 0.0041348 seconds
Number of updated asset objects reloaded before import = 0Number of asset objects unloaded after import = 1

========================================================================
Received Import Request.
  Time since last request: 0.000067 seconds.
  path: Assets/GamerExtremo/Resources/Enemy2/skeleton_2_walk (3).png
  artifactKey: Guid(9722a901025a2824f9a092e5bfc1336f) Importer(2089858483,b0f066a214c2f5e87bad3c948f4d605d)
Start importing Assets/GamerExtremo/Resources/Enemy2/skeleton_2_walk (3).png using Guid(9722a901025a2824f9a092e5bfc1336f) Importer(2089858483,b0f066a214c2f5e87bad3c948f4d605d) (ScriptedImporter) -> (artifact id: '644b0903eb5c2b026b3470255d92b2d2') in 0.0079875 seconds
Number of updated asset objects reloaded before import = 0Number of asset objects unloaded after import = 3

========================================================================
Received Import Request.
  Time since last request: 0.000018 seconds.
  path: Assets/GamerExtremo/res/Eg.xml
  artifactKey: Guid(3659130389aa7a648b37c2d13683bb7d) Importer(2089858483,b0f066a214c2f5e87bad3c948f4d605d)
Start importing Assets/GamerExtremo/res/Eg.xml using Guid(3659130389aa7a648b37c2d13683bb7d) Importer(2089858483,b0f066a214c2f5e87bad3c948f4d605d) (ScriptedImporter) -> (artifact id: '1e7bae08efb364f042700742a8cf2f73') in 0.00421 seconds
Number of updated asset objects reloaded before import = 0Number of asset objects unloaded after import = 1

========================================================================
Received Import Request.
  Time since last request: 0.000117 seconds.
  path: Assets/GamerExtremo/RIP/Electric Puzzles_1.5/res/_y.xml
  artifactKey: Guid(ec524cfacc46a9140a1a862f6f2c42ab) Importer(2089858483,b0f066a214c2f5e87bad3c948f4d605d)
Start importing Assets/GamerExtremo/RIP/Electric Puzzles_1.5/res/_y.xml using Guid(ec524cfacc46a9140a1a862f6f2c42ab) Importer(2089858483,b0f066a214c2f5e87bad3c948f4d605d) (ScriptedImporter) -> (artifact id: '443ed563daa58234f413227f56ae6974') in 0.0038031 seconds
Number of updated asset objects reloaded before import = 0Number of asset objects unloaded after import = 1

========================================================================
Received Import Request.
  Time since last request: 0.000101 seconds.
  path: Assets/GamerExtremo/res/26.png
  artifactKey: Guid(8dc12367eca11ce4a9ec111c9c242920) Importer(2089858483,b0f066a214c2f5e87bad3c948f4d605d)
Start importing Assets/GamerExtremo/res/26.png using Guid(8dc12367eca11ce4a9ec111c9c242920) Importer(2089858483,b0f066a214c2f5e87bad3c948f4d605d) (ScriptedImporter) -> (artifact id: '4e21a0532bf1812051ada7fb88ae4c54') in 0.0069979 seconds
Number of updated asset objects reloaded before import = 0Number of asset objects unloaded after import = 3

========================================================================
Received Import Request.
  Time since last request: 0.000025 seconds.
  path: Assets/GamerExtremo/RIP/Electric Puzzles_1.5/res/5_.png
  artifactKey: Guid(e9c05bfdd2c748d409d4d20d469877e6) Importer(2089858483,b0f066a214c2f5e87bad3c948f4d605d)
Start importing Assets/GamerExtremo/RIP/Electric Puzzles_1.5/res/5_.png using Guid(e9c05bfdd2c748d409d4d20d469877e6) Importer(2089858483,b0f066a214c2f5e87bad3c948f4d605d) (ScriptedImporter) -> (artifact id: 'aa92c3765757e55fa81c377d3b412ef2') in 0.0102129 seconds
Number of updated asset objects reloaded before import = 0Number of asset objects unloaded after import = 3

========================================================================
Received Import Request.
  Time since last request: 0.000018 seconds.
  path: Assets/GamerExtremo/res/-N1.png
  artifactKey: Guid(a13aba07c347e5f449069d3ca2e74566) Importer(2089858483,b0f066a214c2f5e87bad3c948f4d605d)
Start importing Assets/GamerExtremo/res/-N1.png using Guid(a13aba07c347e5f449069d3ca2e74566) Importer(2089858483,b0f066a214c2f5e87bad3c948f4d605d) (ScriptedImporter) -> (artifact id: '746e06983426af7a6e22bca7d1559bb7') in 0.0076645 seconds
Number of updated asset objects reloaded before import = 0Number of asset objects unloaded after import = 3

========================================================================
Received Import Request.
  Time since last request: 0.000019 seconds.
  path: Assets/GamerExtremo/RIP/Electric Puzzles_1.5/FIOS/resistor/left/Rc.png
  artifactKey: Guid(6f7c4f21ccf310748a057dd14d52cb9d) Importer(2089858483,b0f066a214c2f5e87bad3c948f4d605d)
Start importing Assets/GamerExtremo/RIP/Electric Puzzles_1.5/FIOS/resistor/left/Rc.png using Guid(6f7c4f21ccf310748a057dd14d52cb9d) Importer(2089858483,b0f066a214c2f5e87bad3c948f4d605d) (ScriptedImporter) -> (artifact id: 'c44dd85eb1ec83bb7c3063a3bc6bf160') in 0.0071804 seconds
Number of updated asset objects reloaded before import = 0Number of asset objects unloaded after import = 3

========================================================================
Received Import Request.
  Time since last request: 0.000017 seconds.
  path: Assets/GamerExtremo/RIP/Electric Puzzles_1.5/✅ New Folder/INFO
  artifactKey: Guid(5ba6fe3351e187e45a5eb1b027a96f14) Importer(2089858483,b0f066a214c2f5e87bad3c948f4d605d)
Start importing Assets/GamerExtremo/RIP/Electric Puzzles_1.5/✅ New Folder/INFO using Guid(5ba6fe3351e187e45a5eb1b027a96f14) Importer(2089858483,b0f066a214c2f5e87bad3c948f4d605d) (ScriptedImporter) -> (artifact id: 'c1a5f956f3e93af3ef3371732fea5c51') in 0.0028309 seconds
Number of updated asset objects reloaded before import = 0Number of asset objects unloaded after import = 1

========================================================================
Received Import Request.
  Time since last request: 0.000111 seconds.
  path: Assets/GamerExtremo/RIP/Electric Puzzles_1.5/Pictures/wire_te 1 - Copia.png
  artifactKey: Guid(f22424ed7af069542902620409227331) Importer(2089858483,b0f066a214c2f5e87bad3c948f4d605d)
Start importing Assets/GamerExtremo/RIP/Electric Puzzles_1.5/Pictures/wire_te 1 - Copia.png using Guid(f22424ed7af069542902620409227331) Importer(2089858483,b0f066a214c2f5e87bad3c948f4d605d) (ScriptedImporter) -> (artifact id: 'ab0147284ff5d892c1be918475205d6a') in 0.0076169 seconds
Number of updated asset objects reloaded before import = 0Number of asset objects unloaded after import = 3

========================================================================
Received Import Request.
  Time since last request: 0.000016 seconds.
  path: Assets/GamerExtremo/RIP/Electric Puzzles_1.5/✅ New Folder/TOMADAS/Ru.png
  artifactKey: Guid(fe8194d22ca145f44bc070ef7d0f35aa) Importer(2089858483,b0f066a214c2f5e87bad3c948f4d605d)
Start importing Assets/GamerExtremo/RIP/Electric Puzzles_1.5/✅ New Folder/TOMADAS/Ru.png using Guid(fe8194d22ca145f44bc070ef7d0f35aa) Importer(2089858483,b0f066a214c2f5e87bad3c948f4d605d) (ScriptedImporter) -> (artifact id: '809d42de6a7395a12b103bc30481b870') in 0.0074847 seconds
Number of updated asset objects reloaded before import = 0Number of asset objects unloaded after import = 3

========================================================================
Received Import Request.
  Time since last request: 0.000017 seconds.
  path: Assets/GamerExtremo/RIP/Electric Puzzles_1.5/✅ New Folder/SETA PONTO
  artifactKey: Guid(2c505093b4817ff44bf8f0e47588c2a7) Importer(2089858483,b0f066a214c2f5e87bad3c948f4d605d)
Start importing Assets/GamerExtremo/RIP/Electric Puzzles_1.5/✅ New Folder/SETA PONTO using Guid(2c505093b4817ff44bf8f0e47588c2a7) Importer(2089858483,b0f066a214c2f5e87bad3c948f4d605d) (ScriptedImporter) -> (artifact id: 'e157c90f37ec891c2f69d4985577291f') in 0.0034647 seconds
Number of updated asset objects reloaded before import = 0Number of asset objects unloaded after import = 1

========================================================================
Received Import Request.
  Time since last request: 0.000127 seconds.
  path: Assets/GamerExtremo/res/28.png
  artifactKey: Guid(5612d1ed9f9ab3f439e4de28b333e283) Importer(2089858483,b0f066a214c2f5e87bad3c948f4d605d)
Start importing Assets/GamerExtremo/res/28.png using Guid(5612d1ed9f9ab3f439e4de28b333e283) Importer(2089858483,b0f066a214c2f5e87bad3c948f4d605d) (ScriptedImporter) -> (artifact id: 'b3ca8f9abfc126df043830282d1d6329') in 0.0077242 seconds
Number of updated asset objects reloaded before import = 0Number of asset objects unloaded after import = 3

========================================================================
Received Import Request.
  Time since last request: 0.000017 seconds.
  path: Assets/GamerExtremo/Pictures
  artifactKey: Guid(fb53372c5bedc564ba784529d28ac6c6) Importer(2089858483,b0f066a214c2f5e87bad3c948f4d605d)
Start importing Assets/GamerExtremo/Pictures using Guid(fb53372c5bedc564ba784529d28ac6c6) Importer(2089858483,b0f066a214c2f5e87bad3c948f4d605d) (ScriptedImporter) -> (artifact id: '7f4f878c4bedb2f39b393bee07f72157') in 0.0030882 seconds
Number of updated asset objects reloaded before import = 0Number of asset objects unloaded after import = 1

========================================================================
Received Import Request.
  Time since last request: 0.000109 seconds.
  path: Assets/GamerExtremo/RIP/Electric Puzzles_1.5/✅ New Folder/INFO/et.png
  artifactKey: Guid(02235c97574d27748b83c58909aa7398) Importer(2089858483,b0f066a214c2f5e87bad3c948f4d605d)
Start importing Assets/GamerExtremo/RIP/Electric Puzzles_1.5/✅ New Folder/INFO/et.png using Guid(02235c97574d27748b83c58909aa7398) Importer(2089858483,b0f066a214c2f5e87bad3c948f4d605d) (ScriptedImporter) -> (artifact id: '5e002bca1962d63571d91d20b53e8c9e') in 0.0070296 seconds
Number of updated asset objects reloaded before import = 0Number of asset objects unloaded after import = 3

========================================================================
Received Import Request.
  Time since last request: 0.000037 seconds.
  path: Assets/GamerExtremo/res/WR.png
  artifactKey: Guid(62939d28694e5a845bc7a3f19cde082f) Importer(2089858483,b0f066a214c2f5e87bad3c948f4d605d)
Start importing Assets/GamerExtremo/res/WR.png using Guid(62939d28694e5a845bc7a3f19cde082f) Importer(2089858483,b0f066a214c2f5e87bad3c948f4d605d) (ScriptedImporter) -> (artifact id: 'b20b5416f1a8d41a44f74408b35451fd') in 0.0070292 seconds
Number of updated asset objects reloaded before import = 0Number of asset objects unloaded after import = 3

========================================================================
Received Import Request.
  Time since last request: 0.000023 seconds.
  path: Assets/GamerExtremo/Pictures/1001787942.png
  artifactKey: Guid(6bf9bc5029f7ae34fb22d9a7c9a5885d) Importer(2089858483,b0f066a214c2f5e87bad3c948f4d605d)
Start importing Assets/GamerExtremo/Pictures/1001787942.png using Guid(6bf9bc5029f7ae34fb22d9a7c9a5885d) Importer(2089858483,b0f066a214c2f5e87bad3c948f4d605d) (ScriptedImporter) -> (artifact id: '50b2433a3dbd81fff3272f74e6ff982d') in 0.0087367 seconds
Number of updated asset objects reloaded before import = 0Number of asset objects unloaded after import = 3

========================================================================
Received Import Request.
  Time since last request: 0.000016 seconds.
  path: Assets/GamerExtremo/RIP/Electric Puzzles_1.5/✅ New Folder/XML/V7.xml
  artifactKey: Guid(e8324304e8114354c9e9e8be27fb5acf) Importer(2089858483,b0f066a214c2f5e87bad3c948f4d605d)
Start importing Assets/GamerExtremo/RIP/Electric Puzzles_1.5/✅ New Folder/XML/V7.xml using Guid(e8324304e8114354c9e9e8be27fb5acf) Importer(2089858483,b0f066a214c2f5e87bad3c948f4d605d) (ScriptedImporter) -> (artifact id: 'a2e458e73950ce7dca725f7a258d77f8') in 0.0037886 seconds
Number of updated asset objects reloaded before import = 0Number of asset objects unloaded after import = 1

========================================================================
Received Import Request.
  Time since last request: 0.000121 seconds.
  path: Assets/GamerExtremo/RIP/Electric Puzzles_1.5/FIOS/verde/yJ.png
  artifactKey: Guid(2b0e46ae6d16040418c41a6cce07a468) Importer(2089858483,b0f066a214c2f5e87bad3c948f4d605d)
Start importing Assets/GamerExtremo/RIP/Electric Puzzles_1.5/FIOS/verde/yJ.png using Guid(2b0e46ae6d16040418c41a6cce07a468) Importer(2089858483,b0f066a214c2f5e87bad3c948f4d605d) (ScriptedImporter) -> (artifact id: 'b2d5c2f07e2552c506ecf604ba65b31c') in 0.0068323 seconds
Number of updated asset objects reloaded before import = 0Number of asset objects unloaded after import = 3

========================================================================
Received Import Request.
  Time since last request: 0.000017 seconds.
  path: Assets/GamerExtremo/RIP/Electric Puzzles_1.5/res/3J.png
  artifactKey: Guid(a142f289824381444a5474b615684b8d) Importer(2089858483,b0f066a214c2f5e87bad3c948f4d605d)
Start importing Assets/GamerExtremo/RIP/Electric Puzzles_1.5/res/3J.png using Guid(a142f289824381444a5474b615684b8d) Importer(2089858483,b0f066a214c2f5e87bad3c948f4d605d) (ScriptedImporter) -> (artifact id: '6550dda86ec9e0dc6dfb42479aa8d9e3') in 0.0086743 seconds
Number of updated asset objects reloaded before import = 0Number of asset objects unloaded after import = 3

========================================================================
Received Import Request.
  Time since last request: 0.000016 seconds.
  path: Assets/GamerExtremo/res/0k.png
  artifactKey: Guid(f2545895088ed2b43b30f3f393aec42a) Importer(2089858483,b0f066a214c2f5e87bad3c948f4d605d)
Start importing Assets/GamerExtremo/res/0k.png using Guid(f2545895088ed2b43b30f3f393aec42a) Importer(2089858483,b0f066a214c2f5e87bad3c948f4d605d) (ScriptedImporter) -> (artifact id: '9cf23978ecdca912187bc82276a90cb5') in 0.0078586 seconds
Number of updated asset objects reloaded before import = 0Number of asset objects unloaded after import = 3

========================================================================
Received Import Request.
  Time since last request: 0.000017 seconds.
  path: Assets/GamerExtremo/res/w_.png
  artifactKey: Guid(42062b0ea144f8e45b38b448214c60e0) Importer(2089858483,b0f066a214c2f5e87bad3c948f4d605d)
Start importing Assets/GamerExtremo/res/w_.png using Guid(42062b0ea144f8e45b38b448214c60e0) Importer(2089858483,b0f066a214c2f5e87bad3c948f4d605d) (ScriptedImporter) -> (artifact id: '244d398e792e1104c2f405408bd126a5') in 0.0078453 seconds
Number of updated asset objects reloaded before import = 0Number of asset objects unloaded after import = 3

========================================================================
Received Import Request.
  Time since last request: 0.000049 seconds.
  path: Assets/GamerExtremo/RIP/Electric Puzzles_1.5/✅ New Folder/CIRCLE/CIRCLE RED +PLUSS CENTER/lL.png
  artifactKey: Guid(0ccc7fc5891d3ef4099f3f17f1eb70db) Importer(2089858483,b0f066a214c2f5e87bad3c948f4d605d)
Start importing Assets/GamerExtremo/RIP/Electric Puzzles_1.5/✅ New Folder/CIRCLE/CIRCLE RED +PLUSS CENTER/lL.png using Guid(0ccc7fc5891d3ef4099f3f17f1eb70db) Importer(2089858483,b0f066a214c2f5e87bad3c948f4d605d) (ScriptedImporter) -> (artifact id: '8dc9c871812c3b75336fc218d3c9edf6') in 0.0071872 seconds
Number of updated asset objects reloaded before import = 0Number of asset objects unloaded after import = 3

